ligand	receptor	pathway	evidence_weight	interaction_class	source	source_detail	evidence	agonist	antagonist	co_A_receptor	co_I_receptor	version
Tgfb1	Tgfbr1+Tgfbr2	TGFb	1.0	Secreted Signaling	CellChatDB	TGFB1_TGFBR1_TGFBR2	KEGG: mmu04350	TGFb agonist	TGFb antagonist		TGFb inhibition receptor	CellChatDB v1
Tgfb2	Tgfbr1+Tgfbr2	TGFb	1.0	Secreted Signaling	CellChatDB	TGFB2_TGFBR1_TGFBR2	KEGG: mmu04350	TGFb agonist	TGFb antagonist		TGFb inhibition receptor	CellChatDB v1
Tgfb3	Tgfbr1+Tgfbr2	TGFb	1.0	Secreted Signaling	CellChatDB	TGFB3_TGFBR1_TGFBR2	KEGG: mmu04350	TGFb agonist	TGFb antagonist		TGFb inhibition receptor	CellChatDB v1
Tgfb1	Acvr1b+Tgfbr2	TGFb	1.0	Secreted Signaling	CellChatDB	TGFB1_ACVR1B_TGFBR2	PMID: 27449815	TGFb agonist	TGFb antagonist		TGFb inhibition receptor	CellChatDB v1
Tgfb1	Acvr1c+Tgfbr2	TGFb	1.0	Secreted Signaling	CellChatDB	TGFB1_ACVR1C_TGFBR2	PMID: 27449815	TGFb agonist	TGFb antagonist		TGFb inhibition receptor	CellChatDB v1
Tgfb2	Acvr1b+Tgfbr2	TGFb	1.0	Secreted Signaling	CellChatDB	TGFB2_ACVR1B_TGFBR2	PMID: 27449815	TGFb agonist	TGFb antagonist		TGFb inhibition receptor	CellChatDB v1
Tgfb2	Acvr1c+Tgfbr2	TGFb	1.0	Secreted Signaling	CellChatDB	TGFB2_ACVR1C_TGFBR2	PMID: 27449815	TGFb agonist	TGFb antagonist		TGFb inhibition receptor	CellChatDB v1
Tgfb3	Acvr1b+Tgfbr2	TGFb	1.0	Secreted Signaling	CellChatDB	TGFB3_ACVR1B_TGFBR2	PMID: 27449815	TGFb agonist	TGFb antagonist		TGFb inhibition receptor	CellChatDB v1
Tgfb3	Acvr1c+Tgfbr2	TGFb	1.0	Secreted Signaling	CellChatDB	TGFB3_ACVR1C_TGFBR2	PMID: 27449815	TGFb agonist	TGFb antagonist		TGFb inhibition receptor	CellChatDB v1
Tgfb1	Acvr1+Tgfbr1+Tgfbr2	TGFb	1.0	Secreted Signaling	CellChatDB	TGFB1_ACVR1_TGFBR1	PMID: 29376829					CellChatDB v1
Tgfb2	Acvr1+Tgfbr1+Tgfbr2	TGFb	1.0	Secreted Signaling	CellChatDB	TGFB2_ACVR1_TGFBR1	PMID: 29376829					CellChatDB v1
Tgfb3	Acvr1+Tgfbr1+Tgfbr2	TGFb	1.0	Secreted Signaling	CellChatDB	TGFB3_ACVR1_TGFBR1	PMID: 29376829					CellChatDB v1
Bmp2	Bmpr1a+Acvr2a	BMP	1.0	Secreted Signaling	CellChatDB	BMP2_BMPR1A_ACVR2A	KEGG: mmu04350; PMID:26893264		BMP antagonist		BMP inhibition receptor	CellChatDB v1
Bmp2	Bmpr1a+Acvr2b	BMP	1.0	Secreted Signaling	CellChatDB	BMP2_BMPR1A_ACVR2B	KEGG: mmu04350; PMID:26893264		BMP antagonist		BMP inhibition receptor	CellChatDB v1
Bmp2	Bmpr1a+Bmpr2	BMP	1.0	Secreted Signaling	CellChatDB	BMP2_BMPR1A_BMPR2	KEGG: mmu04350; PMID:26893264		BMP antagonist		BMP inhibition receptor	CellChatDB v1
Bmp2	Bmpr1b+Acvr2a	BMP	1.0	Secreted Signaling	CellChatDB	BMP2_BMPR1B_ACVR2A	KEGG: mmu04350; PMID:26893264		BMP antagonist		BMP inhibition receptor	CellChatDB v1
Bmp2	Bmpr1b+Acvr2b	BMP	1.0	Secreted Signaling	CellChatDB	BMP2_BMPR1B_ACVR2B	KEGG: mmu04350; PMID:26893264		BMP antagonist		BMP inhibition receptor	CellChatDB v1
Bmp2	Bmpr1b+Bmpr2	BMP	1.0	Secreted Signaling	CellChatDB	BMP2_BMPR1B_BMPR2	KEGG: mmu04350; PMID:26893264		BMP antagonist		BMP inhibition receptor	CellChatDB v1
Bmp4	Bmpr1a+Acvr2a	BMP	1.0	Secreted Signaling	CellChatDB	BMP4_BMPR1A_ACVR2A	KEGG: mmu04350; PMID:26893264		BMP antagonist		BMP inhibition receptor	CellChatDB v1
Bmp4	Bmpr1a+Acvr2b	BMP	1.0	Secreted Signaling	CellChatDB	BMP4_BMPR1A_ACVR2B	KEGG: mmu04350; PMID:26893264		BMP antagonist		BMP inhibition receptor	CellChatDB v1
Bmp4	Bmpr1a+Bmpr2	BMP	1.0	Secreted Signaling	CellChatDB	BMP4_BMPR1A_BMPR2	KEGG: mmu04350; PMID:26893264		BMP antagonist		BMP inhibition receptor	CellChatDB v1
Bmp4	Bmpr1b+Acvr2a	BMP	1.0	Secreted Signaling	CellChatDB	BMP4_BMPR1B_ACVR2A	KEGG: mmu04350; PMID:26893264		BMP antagonist		BMP inhibition receptor	CellChatDB v1
Bmp4	Bmpr1b+Acvr2b	BMP	1.0	Secreted Signaling	CellChatDB	BMP4_BMPR1B_ACVR2B	KEGG: mmu04350; PMID:26893264		BMP antagonist		BMP inhibition receptor	CellChatDB v1
Bmp4	Bmpr1b+Bmpr2	BMP	1.0	Secreted Signaling	CellChatDB	BMP4_BMPR1B_BMPR2	KEGG: mmu04350; PMID:26893264		BMP antagonist		BMP inhibition receptor	CellChatDB v1
Gdf5	Bmpr1a+Acvr2a	BMP	1.0	Secreted Signaling	CellChatDB	GDF5_BMPR1A_ACVR2A	KEGG: mmu04350; PMID:26893264		BMP antagonist		BMP inhibition receptor	CellChatDB v1
Gdf5	Bmpr1a+Acvr2b	BMP	1.0	Secreted Signaling	CellChatDB	GDF5_BMPR1A_ACVR2B	KEGG: mmu04350; PMID:26893264		BMP antagonist		BMP inhibition receptor	CellChatDB v1
Gdf5	Bmpr1a+Bmpr2	BMP	1.0	Secreted Signaling	CellChatDB	GDF5_BMPR1A_BMPR2	KEGG: mmu04350; PMID:26893264		BMP antagonist		BMP inhibition receptor	CellChatDB v1
Gdf5	Bmpr1b+Acvr2a	BMP	1.0	Secreted Signaling	CellChatDB	GDF5_BMPR1B_ACVR2A	KEGG: mmu04350; PMID:26893264		BMP antagonist		BMP inhibition receptor	CellChatDB v1
Gdf5	Bmpr1b+Acvr2b	BMP	1.0	Secreted Signaling	CellChatDB	GDF5_BMPR1B_ACVR2B	KEGG: mmu04350; PMID:26893264		BMP antagonist		BMP inhibition receptor	CellChatDB v1
Gdf5	Bmpr1b+Bmpr2	BMP	1.0	Secreted Signaling	CellChatDB	GDF5_BMPR1B_BMPR2	KEGG: mmu04350; PMID:26893264		BMP antagonist		BMP inhibition receptor	CellChatDB v1
Gdf6	Bmpr1a+Acvr2a	BMP	1.0	Secreted Signaling	CellChatDB	GDF6_BMPR1A_ACVR2A	KEGG: mmu04350; PMID:26893264		BMP antagonist		BMP inhibition receptor	CellChatDB v1
Gdf6	Bmpr1a+Acvr2b	BMP	1.0	Secreted Signaling	CellChatDB	GDF6_BMPR1A_ACVR2B	KEGG: mmu04350; PMID:26893264		BMP antagonist		BMP inhibition receptor	CellChatDB v1
Gdf6	Bmpr1a+Bmpr2	BMP	1.0	Secreted Signaling	CellChatDB	GDF6_BMPR1A_BMPR2	KEGG: mmu04350; PMID:26893264		BMP antagonist		BMP inhibition receptor	CellChatDB v1
Gdf6	Bmpr1b+Acvr2a	BMP	1.0	Secreted Signaling	CellChatDB	GDF6_BMPR1B_ACVR2A	KEGG: mmu04350; PMID:26893264		BMP antagonist		BMP inhibition receptor	CellChatDB v1
Gdf6	Bmpr1b+Acvr2b	BMP	1.0	Secreted Signaling	CellChatDB	GDF6_BMPR1B_ACVR2B	KEGG: mmu04350; PMID:26893264		BMP antagonist		BMP inhibition receptor	CellChatDB v1
Gdf6	Bmpr1b+Bmpr2	BMP	1.0	Secreted Signaling	CellChatDB	GDF6_BMPR1B_BMPR2	KEGG: mmu04350; PMID:26893264		BMP antagonist		BMP inhibition receptor	CellChatDB v1
Gdf7	Bmpr1a+Acvr2a	BMP	1.0	Secreted Signaling	CellChatDB	GDF7_BMPR1A_ACVR2A	KEGG: mmu04350; PMID:26893264		BMP antagonist		BMP inhibition receptor	CellChatDB v1
Gdf7	Bmpr1a+Acvr2b	BMP	1.0	Secreted Signaling	CellChatDB	GDF7_BMPR1A_ACVR2B	KEGG: mmu04350; PMID:26893264		BMP antagonist		BMP inhibition receptor	CellChatDB v1
Gdf7	Bmpr1a+Bmpr2	BMP	1.0	Secreted Signaling	CellChatDB	GDF7_BMPR1A_BMPR2	KEGG: mmu04350; PMID:26893264		BMP antagonist		BMP inhibition receptor	CellChatDB v1
Gdf7	Bmpr1b+Acvr2a	BMP	1.0	Secreted Signaling	CellChatDB	GDF7_BMPR1B_ACVR2A	KEGG: mmu04350; PMID:26893264		BMP antagonist		BMP inhibition receptor	CellChatDB v1
Gdf7	Bmpr1b+Acvr2b	BMP	1.0	Secreted Signaling	CellChatDB	GDF7_BMPR1B_ACVR2B	KEGG: mmu04350; PMID:26893264		BMP antagonist		BMP inhibition receptor	CellChatDB v1
Gdf7	Bmpr1b+Bmpr2	BMP	1.0	Secreted Signaling	CellChatDB	GDF7_BMPR1B_BMPR2	KEGG: mmu04350; PMID:26893264		BMP antagonist		BMP inhibition receptor	CellChatDB v1
Bmp15	Bmpr1b+Bmpr2	BMP	1.0	Secreted Signaling	CellChatDB	BMP15_BMPR1B_BMPR2	KEGG: mmu04350; PMID:26893264		BMP antagonist		BMP inhibition receptor	CellChatDB v1
Bmp5	Acvr1+Acvr2a	BMP	1.0	Secreted Signaling	CellChatDB	BMP5_ACVR1_ACVR2A	KEGG: mmu04350; PMID:26893264		BMP antagonist		BMP inhibition receptor	CellChatDB v1
Bmp5	Acvr1+Acvr2b	BMP	1.0	Secreted Signaling	CellChatDB	BMP5_ACVR1_ACVR2B	KEGG: mmu04350; PMID:26893264		BMP antagonist		BMP inhibition receptor	CellChatDB v1
Bmp5	Acvr1+Bmpr2	BMP	1.0	Secreted Signaling	CellChatDB	BMP5_ACVR1_BMPR2	KEGG: mmu04350; PMID:26893264		BMP antagonist		BMP inhibition receptor	CellChatDB v1
Bmp5	Bmpr1a+Acvr2a	BMP	1.0	Secreted Signaling	CellChatDB	BMP5_BMPR1A_ACVR2A	KEGG: mmu04350; PMID:26893264		BMP antagonist		BMP inhibition receptor	CellChatDB v1
Bmp5	Bmpr1a+Acvr2b	BMP	1.0	Secreted Signaling	CellChatDB	BMP5_BMPR1A_ACVR2B	KEGG: mmu04350; PMID:26893264		BMP antagonist		BMP inhibition receptor	CellChatDB v1
Bmp5	Bmpr1a+Bmpr2	BMP	1.0	Secreted Signaling	CellChatDB	BMP5_BMPR1A_BMPR2	KEGG: mmu04350; PMID:26893264		BMP antagonist		BMP inhibition receptor	CellChatDB v1
Bmp5	Bmpr1b+Acvr2a	BMP	1.0	Secreted Signaling	CellChatDB	BMP5_BMPR1B_ACVR2A	KEGG: mmu04350; PMID:26893264		BMP antagonist		BMP inhibition receptor	CellChatDB v1
Bmp5	Bmpr1b+Acvr2b	BMP	1.0	Secreted Signaling	CellChatDB	BMP5_BMPR1B_ACVR2B	KEGG: mmu04350; PMID:26893264		BMP antagonist		BMP inhibition receptor	CellChatDB v1
Bmp5	Bmpr1b+Bmpr2	BMP	1.0	Secreted Signaling	CellChatDB	BMP5_BMPR1B_BMPR2	KEGG: mmu04350; PMID:26893264		BMP antagonist		BMP inhibition receptor	CellChatDB v1
Bmp6	Acvr1+Acvr2a	BMP	1.0	Secreted Signaling	CellChatDB	BMP6_ACVR1_ACVR2A	KEGG: mmu04350; PMID:26893264		BMP antagonist		BMP inhibition receptor	CellChatDB v1
Bmp6	Acvr1+Acvr2b	BMP	1.0	Secreted Signaling	CellChatDB	BMP6_ACVR1_ACVR2B	KEGG: mmu04350; PMID:26893264		BMP antagonist		BMP inhibition receptor	CellChatDB v1
Bmp6	Acvr1+Bmpr2	BMP	1.0	Secreted Signaling	CellChatDB	BMP6_ACVR1_BMPR2	KEGG: mmu04350; PMID:26893264		BMP antagonist		BMP inhibition receptor	CellChatDB v1
Bmp6	Bmpr1a+Acvr2a	BMP	1.0	Secreted Signaling	CellChatDB	BMP6_BMPR1A_ACVR2A	KEGG: mmu04350; PMID:26893264		BMP antagonist		BMP inhibition receptor	CellChatDB v1
Bmp6	Bmpr1a+Acvr2b	BMP	1.0	Secreted Signaling	CellChatDB	BMP6_BMPR1A_ACVR2B	KEGG: mmu04350; PMID:26893264		BMP antagonist		BMP inhibition receptor	CellChatDB v1
Bmp6	Bmpr1a+Bmpr2	BMP	1.0	Secreted Signaling	CellChatDB	BMP6_BMPR1A_BMPR2	KEGG: mmu04350; PMID:26893264		BMP antagonist		BMP inhibition receptor	CellChatDB v1
Bmp6	Bmpr1b+Acvr2a	BMP	1.0	Secreted Signaling	CellChatDB	BMP6_BMPR1B_ACVR2A	KEGG: mmu04350; PMID:26893264		BMP antagonist		BMP inhibition receptor	CellChatDB v1
Bmp6	Bmpr1b+Acvr2b	BMP	1.0	Secreted Signaling	CellChatDB	BMP6_BMPR1B_ACVR2B	KEGG: mmu04350; PMID:26893264		BMP antagonist		BMP inhibition receptor	CellChatDB v1
Bmp6	Bmpr1b+Bmpr2	BMP	1.0	Secreted Signaling	CellChatDB	BMP6_BMPR1B_BMPR2	KEGG: mmu04350; PMID:26893264		BMP antagonist		BMP inhibition receptor	CellChatDB v1
Bmp7	Acvr1+Acvr2a	BMP	1.0	Secreted Signaling	CellChatDB	BMP7_ACVR1_ACVR2A	KEGG: mmu04350; PMID:26893264		BMP antagonist		BMP inhibition receptor	CellChatDB v1
Bmp7	Acvr1+Acvr2b	BMP	1.0	Secreted Signaling	CellChatDB	BMP7_ACVR1_ACVR2B	KEGG: mmu04350; PMID:26893264		BMP antagonist		BMP inhibition receptor	CellChatDB v1
Bmp7	Acvr1+Bmpr2	BMP	1.0	Secreted Signaling	CellChatDB	BMP7_ACVR1_BMPR2	KEGG: mmu04350; PMID:26893264		BMP antagonist		BMP inhibition receptor	CellChatDB v1
Bmp7	Bmpr1a+Acvr2a	BMP	1.0	Secreted Signaling	CellChatDB	BMP7_BMPR1A_ACVR2A	KEGG: mmu04350; PMID:26893264		BMP antagonist		BMP inhibition receptor	CellChatDB v1
Bmp7	Bmpr1a+Acvr2b	BMP	1.0	Secreted Signaling	CellChatDB	BMP7_BMPR1A_ACVR2B	KEGG: mmu04350; PMID:26893264		BMP antagonist		BMP inhibition receptor	CellChatDB v1
Bmp7	Bmpr1a+Bmpr2	BMP	1.0	Secreted Signaling	CellChatDB	BMP7_BMPR1A_BMPR2	KEGG: mmu04350; PMID:26893264		BMP antagonist		BMP inhibition receptor	CellChatDB v1
Bmp7	Bmpr1b+Acvr2a	BMP	1.0	Secreted Signaling	CellChatDB	BMP7_BMPR1B_ACVR2A	KEGG: mmu04350; PMID:26893264		BMP antagonist		BMP inhibition receptor	CellChatDB v1
Bmp7	Bmpr1b+Acvr2b	BMP	1.0	Secreted Signaling	CellChatDB	BMP7_BMPR1B_ACVR2B	KEGG: mmu04350; PMID:26893264		BMP antagonist		BMP inhibition receptor	CellChatDB v1
Bmp7	Bmpr1b+Bmpr2	BMP	1.0	Secreted Signaling	CellChatDB	BMP7_BMPR1B_BMPR2	KEGG: mmu04350; PMID:26893264		BMP antagonist		BMP inhibition receptor	CellChatDB v1
Bmp8a	Acvr1+Acvr2a	BMP	1.0	Secreted Signaling	CellChatDB	BMP8A_ACVR1_ACVR2A	KEGG: mmu04350; PMID:26893264		BMP antagonist		BMP inhibition receptor	CellChatDB v1
Bmp8a	Acvr1+Acvr2b	BMP	1.0	Secreted Signaling	CellChatDB	BMP8A_ACVR1_ACVR2B	KEGG: mmu04350; PMID:26893264		BMP antagonist		BMP inhibition receptor	CellChatDB v1
Bmp8a	Acvr1+Bmpr2	BMP	1.0	Secreted Signaling	CellChatDB	BMP8A_ACVR1_BMPR2	KEGG: mmu04350; PMID:26893264		BMP antagonist		BMP inhibition receptor	CellChatDB v1
Bmp8a	Bmpr1a+Acvr2a	BMP	1.0	Secreted Signaling	CellChatDB	BMP8A_BMPR1A_ACVR2A	KEGG: mmu04350; PMID:26893264		BMP antagonist		BMP inhibition receptor	CellChatDB v1
Bmp8a	Bmpr1a+Acvr2b	BMP	1.0	Secreted Signaling	CellChatDB	BMP8A_BMPR1A_ACVR2B	KEGG: mmu04350; PMID:26893264		BMP antagonist		BMP inhibition receptor	CellChatDB v1
Bmp8a	Bmpr1a+Bmpr2	BMP	1.0	Secreted Signaling	CellChatDB	BMP8A_BMPR1A_BMPR2	KEGG: mmu04350; PMID:26893264		BMP antagonist		BMP inhibition receptor	CellChatDB v1
Bmp8a	Bmpr1b+Acvr2a	BMP	1.0	Secreted Signaling	CellChatDB	BMP8A_BMPR1B_ACVR2A	KEGG: mmu04350; PMID:26893264		BMP antagonist		BMP inhibition receptor	CellChatDB v1
Bmp8a	Bmpr1b+Acvr2b	BMP	1.0	Secreted Signaling	CellChatDB	BMP8A_BMPR1B_ACVR2B	KEGG: mmu04350; PMID:26893264		BMP antagonist		BMP inhibition receptor	CellChatDB v1
Bmp8a	Bmpr1b+Bmpr2	BMP	1.0	Secreted Signaling	CellChatDB	BMP8A_BMPR1B_BMPR2	KEGG: mmu04350; PMID:26893264		BMP antagonist		BMP inhibition receptor	CellChatDB v1
Bmp8b	Acvr1+Acvr2a	BMP	1.0	Secreted Signaling	CellChatDB	BMP8B_ACVR1_ACVR2A	KEGG: mmu04350; PMID:26893264		BMP antagonist		BMP inhibition receptor	CellChatDB v1
Bmp8b	Acvr1+Acvr2b	BMP	1.0	Secreted Signaling	CellChatDB	BMP8B_ACVR1_ACVR2B	KEGG: mmu04350; PMID:26893264		BMP antagonist		BMP inhibition receptor	CellChatDB v1
Bmp8b	Acvr1+Bmpr2	BMP	1.0	Secreted Signaling	CellChatDB	BMP8B_ACVR1_BMPR2	KEGG: mmu04350; PMID:26893264		BMP antagonist		BMP inhibition receptor	CellChatDB v1
Bmp8b	Bmpr1a+Acvr2a	BMP	1.0	Secreted Signaling	CellChatDB	BMP8B_BMPR1A_ACVR2A	KEGG: mmu04350; PMID:26893264		BMP antagonist		BMP inhibition receptor	CellChatDB v1
Bmp8b	Bmpr1a+Acvr2b	BMP	1.0	Secreted Signaling	CellChatDB	BMP8B_BMPR1A_ACVR2B	KEGG: mmu04350; PMID:26893264		BMP antagonist		BMP inhibition receptor	CellChatDB v1
Bmp8b	Bmpr1a+Bmpr2	BMP	1.0	Secreted Signaling	CellChatDB	BMP8B_BMPR1A_BMPR2	KEGG: mmu04350; PMID:26893264		BMP antagonist		BMP inhibition receptor	CellChatDB v1
Bmp8b	Bmpr1b+Acvr2a	BMP	1.0	Secreted Signaling	CellChatDB	BMP8B_BMPR1B_ACVR2A	KEGG: mmu04350; PMID:26893264		BMP antagonist		BMP inhibition receptor	CellChatDB v1
Bmp8b	Bmpr1b+Acvr2b	BMP	1.0	Secreted Signaling	CellChatDB	BMP8B_BMPR1B_ACVR2B	KEGG: mmu04350; PMID:26893264		BMP antagonist		BMP inhibition receptor	CellChatDB v1
Bmp8b	Bmpr1b+Bmpr2	BMP	1.0	Secreted Signaling	CellChatDB	BMP8B_BMPR1B_BMPR2	KEGG: mmu04350; PMID:26893264		BMP antagonist		BMP inhibition receptor	CellChatDB v1
Bmp10	Acvrl1+Bmpr2	BMP10	1.0	Secreted Signaling	CellChatDB	BMP10_ACVRL1_BMPR2	KEGG: mmu04350; PMID:26893264; PMID: 25620979			BMP10 activation receptor		CellChatDB v1
Bmp10	Acvrl1+Acvr2a	BMP10	1.0	Secreted Signaling	CellChatDB	BMP10_ACVRL1_ACVR2A	KEGG: mmu04350; PMID:26893264; PMID: 25620979			BMP10 activation receptor		CellChatDB v1
Gdf2	Acvrl1+Bmpr2	BMP10	1.0	Secreted Signaling	CellChatDB	GDF2_ACVRL1_BMPR2	KEGG: mmu04350; PMID:26893264			BMP10 activation receptor		CellChatDB v1
Gdf2	Acvrl1+Acvr2a	BMP10	1.0	Secreted Signaling	CellChatDB	GDF2_ACVRL1_ACVR2A	KEGG: mmu04350; PMID:26893264			BMP10 activation receptor		CellChatDB v1
Gdf9	Acvr1b+Bmpr2	GDF	1.0	Secreted Signaling	CellChatDB	GDF9_ACVR1B_BMPR2	KEGG: mmu04350					CellChatDB v1
Gdf10	Acvr1b+Acvr2a	GDF	1.0	Secreted Signaling	CellChatDB	GDF10_ACVR1B_ACVR2A	KEGG: mmu04350					CellChatDB v1
Gdf11	Tgfbr1+Acvr2a	GDF	1.0	Secreted Signaling	CellChatDB	GDF11_TGFBR1_ACVR2A	KEGG: mmu04350					CellChatDB v1
Gdf11	Tgfbr1+Acvr2b	GDF	1.0	Secreted Signaling	CellChatDB	GDF11_TGFBR1_ACVR2B	KEGG: mmu04350					CellChatDB v1
Gdf11	Acvr1b+Acvr2b	GDF	1.0	Secreted Signaling	CellChatDB	GDF11_ACVR1B_ACVR2B	KEGG: mmu04350					CellChatDB v1
Gdf15	Tgfbr2	GDF	1.0	Secreted Signaling	CellChatDB	GDF15_TGFBR2	KEGG: mmu04350					CellChatDB v1
Mstn	Tgfbr1+Acvr2b	MSTN	1.0	Secreted Signaling	CellChatDB	MSTN_TGFBR1_ACVR2B	KEGG: mmu04060					CellChatDB v1
Mstn	Acvr1b+Acvr2b	MSTN	1.0	Secreted Signaling	CellChatDB	MSTN_ACVR1B_ACVR2B	KEGG: mmu04060					CellChatDB v1
Mstn	Acvr1b+Acvr2a	MSTN	1.0	Secreted Signaling	CellChatDB	MSTN_ACVR1B_ACVR2A	KEGG: mmu04060					CellChatDB v1
Mstn	Tgfbr1+Acvr2a	MSTN	1.0	Secreted Signaling	CellChatDB	MSTN_TGFBR1_ACVR2A	KEGG: mmu04060					CellChatDB v1
Amh	Amhr2+Acvr1	AMH	1.0	Secreted Signaling	CellChatDB	AMH_AMHR2_ACVR1	KEGG: mmu04060					CellChatDB v1
Amh	Amhr2+Bmpr1a	AMH	1.0	Secreted Signaling	CellChatDB	AMH_AMHR2_BMPR1A	KEGG: mmu04060					CellChatDB v1
Gdnf	Gfra1+Ret	GDNF	1.0	Secreted Signaling	CellChatDB	GDNF_GFRA1	PMID: 11544105					CellChatDB v1
Nrtn	Gfra2+Ret	GDNF	1.0	Secreted Signaling	CellChatDB	NRTN_GFRA2	PMID: 11544105					CellChatDB v1
Artn	Gfra3+Ret	GDNF	1.0	Secreted Signaling	CellChatDB	ARTN_GFRA3	PMID: 11544105					CellChatDB v1
Pspn	Gfra4+Ret	GDNF	1.0	Secreted Signaling	CellChatDB	PSPN_GFRA4	PMID: 11544105					CellChatDB v1
Artn	Gfra1+Ret	GDNF	1.0	Secreted Signaling	CellChatDB	ARTN_GFRA1	PMID: 11544105					CellChatDB v1
Nodal	Acvr1b+Acvr2a+Cfc1	NODAL	1.0	Secreted Signaling	CellChatDB	NODAL_ACVR1B_ACVR2A	KEGG: mmu04350; PMID: 17287255	NODAL agonist	NODAL antagonist			CellChatDB v1
Nodal	Acvr1c+Acvr2a+Cfc1	NODAL	1.0	Secreted Signaling	CellChatDB	NODAL_ACVR1C_ACVR2A	KEGG: mmu04350; PMID: 17287255	NODAL agonist	NODAL antagonist			CellChatDB v1
Nodal	Acvr1b+Acvr2b+Cfc1	NODAL	1.0	Secreted Signaling	CellChatDB	NODAL_ACVR1B_ACVR2B	KEGG: mmu04350; PMID: 17287255	NODAL agonist	NODAL antagonist			CellChatDB v1
Nodal	Acvr1c+Acvr2b+Cfc1	NODAL	1.0	Secreted Signaling	CellChatDB	NODAL_ACVR1C_ACVR2B	KEGG: mmu04350; PMID: 17287255	NODAL agonist	NODAL antagonist			CellChatDB v1
Gdf1	Acvr1b+Acvr2a+Cfc1	NODAL	1.0	Secreted Signaling	CellChatDB	GDF1_ACVR1B_ACVR2A	KEGG: mmu04350; PMID: 17287255	NODAL agonist	NODAL antagonist			CellChatDB v1
Gdf1	Acvr1b+Acvr2b+Cfc1	NODAL	1.0	Secreted Signaling	CellChatDB	GDF1_ACVR1B_ACVR2B	KEGG: mmu04350; PMID: 17287255	NODAL agonist	NODAL antagonist			CellChatDB v1
Gdf1	Acvr1c+Acvr2a+Cfc1	NODAL	1.0	Secreted Signaling	CellChatDB	GDF1_ACVR1C_ACVR2A	KEGG: mmu04350; PMID: 17287255	NODAL agonist	NODAL antagonist			CellChatDB v1
Gdf1	Acvr1c+Acvr2b+Cfc1	NODAL	1.0	Secreted Signaling	CellChatDB	GDF1_ACVR1C_ACVR2B	KEGG: mmu04350; PMID: 17287255	NODAL agonist	NODAL antagonist			CellChatDB v1
Gdf3	Acvr1b+Acvr2a+Cfc1	NODAL	1.0	Secreted Signaling	CellChatDB	GDF3_ACVR1B_ACVR2A	KEGG: mmu04350; PMID: 17287255	NODAL agonist	NODAL antagonist			CellChatDB v1
Gdf3	Acvr1b+Acvr2b+Cfc1	NODAL	1.0	Secreted Signaling	CellChatDB	GDF3_ACVR1B_ACVR2B	KEGG: mmu04350; PMID: 17287255	NODAL agonist	NODAL antagonist			CellChatDB v1
Gdf3	Acvr1c+Acvr2a+Cfc1	NODAL	1.0	Secreted Signaling	CellChatDB	GDF3_ACVR1C_ACVR2A	KEGG: mmu04350; PMID: 17287255	NODAL agonist	NODAL antagonist			CellChatDB v1
Gdf3	Acvr1c+Acvr2b+Cfc1	NODAL	1.0	Secreted Signaling	CellChatDB	GDF3_ACVR1C_ACVR2B	KEGG: mmu04350; PMID: 17287255	NODAL agonist	NODAL antagonist			CellChatDB v1
Inhba	Acvr1b+Acvr2a	ACTIVIN	1.0	Secreted Signaling	CellChatDB	INHBA_ACVR1B_ACVR2A	KEGG: mmu04350		ACTIVIN antagonist		ACTIVIN inhibition receptor	CellChatDB v1
Inhba	Acvr1b+Acvr2b	ACTIVIN	1.0	Secreted Signaling	CellChatDB	INHBA_ACVR1B_ACVR2B	KEGG: mmu04350		ACTIVIN antagonist		ACTIVIN inhibition receptor	CellChatDB v1
Inhbb	Acvr1b+Acvr2a	ACTIVIN	1.0	Secreted Signaling	CellChatDB	INHBB_ACVR1B_ACVR2A	KEGG: mmu04350		ACTIVIN antagonist		ACTIVIN inhibition receptor	CellChatDB v1
Inhbb	Acvr1b+Acvr2b	ACTIVIN	1.0	Secreted Signaling	CellChatDB	INHBB_ACVR1B_ACVR2B	KEGG: mmu04350		ACTIVIN antagonist		ACTIVIN inhibition receptor	CellChatDB v1
Inhbb	Acvr1c+Acvr2a	ACTIVIN	1.0	Secreted Signaling	CellChatDB	INHBB_ACVR1C_ACVR2A	KEGG: mmu04350		ACTIVIN antagonist		ACTIVIN inhibition receptor	CellChatDB v1
Inhbb	Acvr1c+Acvr2b	ACTIVIN	1.0	Secreted Signaling	CellChatDB	INHBB_ACVR1C_ACVR2B	KEGG: mmu04350		ACTIVIN antagonist		ACTIVIN inhibition receptor	CellChatDB v1
Inhbc	Acvr1b+Acvr2a	ACTIVIN	1.0	Secreted Signaling	CellChatDB	INHBC_ACVR1B_ACVR2A	KEGG: mmu04350		ACTIVIN antagonist		ACTIVIN inhibition receptor	CellChatDB v1
Inhbc	Acvr1b+Acvr2b	ACTIVIN	1.0	Secreted Signaling	CellChatDB	INHBC_ACVR1B_ACVR2B	KEGG: mmu04350		ACTIVIN antagonist		ACTIVIN inhibition receptor	CellChatDB v1
Inhbc	Acvr1c+Acvr2a	ACTIVIN	1.0	Secreted Signaling	CellChatDB	INHBC_ACVR1C_ACVR2A	KEGG: mmu04350		ACTIVIN antagonist		ACTIVIN inhibition receptor	CellChatDB v1
Inhbc	Acvr1c+Acvr2b	ACTIVIN	1.0	Secreted Signaling	CellChatDB	INHBC_ACVR1C_ACVR2B	KEGG: mmu04350		ACTIVIN antagonist		ACTIVIN inhibition receptor	CellChatDB v1
Inhbe	Acvr1b+Acvr2a	ACTIVIN	1.0	Secreted Signaling	CellChatDB	INHBE_ACVR1B_ACVR2A	KEGG: mmu04350		ACTIVIN antagonist		ACTIVIN inhibition receptor	CellChatDB v1
Inhbe	Acvr1b+Acvr2b	ACTIVIN	1.0	Secreted Signaling	CellChatDB	INHBE_ACVR1B_ACVR2B	KEGG: mmu04350		ACTIVIN antagonist		ACTIVIN inhibition receptor	CellChatDB v1
Inhbe	Acvr1c+Acvr2a	ACTIVIN	1.0	Secreted Signaling	CellChatDB	INHBE_ACVR1C_ACVR2A	KEGG: mmu04350		ACTIVIN antagonist		ACTIVIN inhibition receptor	CellChatDB v1
Inhbe	Acvr1c+Acvr2b	ACTIVIN	1.0	Secreted Signaling	CellChatDB	INHBE_ACVR1C_ACVR2B	KEGG: mmu04350		ACTIVIN antagonist		ACTIVIN inhibition receptor	CellChatDB v1
Inhba+Inhbb	Acvr1b+Acvr2a	ACTIVIN	1.0	Secreted Signaling	CellChatDB	INHBABB_ACVR1B_ACVR2A	PMID: 2457849; PMID: 22991378		ACTIVIN antagonist		ACTIVIN inhibition receptor	CellChatDB v1
Inhba+Inhbb	Acvr1b+Acvr2b	ACTIVIN	1.0	Secreted Signaling	CellChatDB	INHBABB_ACVR1B_ACVR2B	PMID: 2457849; PMID: 22991378		ACTIVIN antagonist		ACTIVIN inhibition receptor	CellChatDB v1
Inhba+Inhbb	Acvr1c+Acvr2a	ACTIVIN	1.0	Secreted Signaling	CellChatDB	INHBABB_ACVR1C_ACVR2A	PMID: 2457849; PMID: 22991378		ACTIVIN antagonist		ACTIVIN inhibition receptor	CellChatDB v1
Inhba+Inhbb	Acvr1c+Acvr2b	ACTIVIN	1.0	Secreted Signaling	CellChatDB	INHB_ACVR1C_ACVR2B	PMID: 2457849; PMID: 22991378		ACTIVIN antagonist		ACTIVIN inhibition receptor	CellChatDB v1
Inha+Inhba	Acvr2a	ACTIVIN	1.0	Secreted Signaling	CellChatDB	INHABA_ACVR2A	PMID: 15027884		ACTIVIN antagonist		ACTIVIN inhibition receptor	CellChatDB v1
Inha+Inhbb	Acvr2b	ACTIVIN	1.0	Secreted Signaling	CellChatDB	INHABB_ACVR2B	PMID: 15027884		ACTIVIN antagonist		ACTIVIN inhibition receptor	CellChatDB v1
Wnt1	Fzd1+Lrp5	WNT	1.0	Secreted Signaling	CellChatDB	WNT1_FZD1_LRP5	KEGG: mmu04310; PMID: 23209147	WNT agonist	WNT antagonist	WNT activation receptor	WNT inhibition receptor	CellChatDB v1
Wnt1	Fzd10+Lrp5	WNT	1.0	Secreted Signaling	CellChatDB	WNT1_FZD10_LRP5	KEGG: mmu04310; PMID: 23209147	WNT agonist	WNT antagonist	WNT activation receptor	WNT inhibition receptor	CellChatDB v1
Wnt1	Fzd2+Lrp5	WNT	1.0	Secreted Signaling	CellChatDB	WNT1_FZD2_LRP5	KEGG: mmu04310; PMID: 23209147	WNT agonist	WNT antagonist	WNT activation receptor	WNT inhibition receptor	CellChatDB v1
Wnt1	Fzd3+Lrp5	WNT	1.0	Secreted Signaling	CellChatDB	WNT1_FZD3_LRP5	KEGG: mmu04310; PMID: 23209147	WNT agonist	WNT antagonist	WNT activation receptor	WNT inhibition receptor	CellChatDB v1
Wnt1	Fzd4+Lrp5	WNT	1.0	Secreted Signaling	CellChatDB	WNT1_FZD4_LRP5	KEGG: mmu04310; PMID: 23209147	WNT agonist	WNT antagonist	WNT activation receptor	WNT inhibition receptor	CellChatDB v1
Wnt1	Fzd5+Lrp5	WNT	1.0	Secreted Signaling	CellChatDB	WNT1_FZD5_LRP5	KEGG: mmu04310; PMID: 23209147	WNT agonist	WNT antagonist	WNT activation receptor	WNT inhibition receptor	CellChatDB v1
Wnt1	Fzd6+Lrp5	WNT	1.0	Secreted Signaling	CellChatDB	WNT1_FZD6_LRP5	KEGG: mmu04310; PMID: 23209147	WNT agonist	WNT antagonist	WNT activation receptor	WNT inhibition receptor	CellChatDB v1
Wnt1	Fzd7+Lrp5	WNT	1.0	Secreted Signaling	CellChatDB	WNT1_FZD7_LRP5	KEGG: mmu04310; PMID: 23209147	WNT agonist	WNT antagonist	WNT activation receptor	WNT inhibition receptor	CellChatDB v1
Wnt1	Fzd8+Lrp5	WNT	1.0	Secreted Signaling	CellChatDB	WNT1_FZD8_LRP5	KEGG: mmu04310; PMID: 23209147	WNT agonist	WNT antagonist	WNT activation receptor	WNT inhibition receptor	CellChatDB v1
Wnt1	Fzd9+Lrp5	WNT	1.0	Secreted Signaling	CellChatDB	WNT1_FZD9_LRP5	KEGG: mmu04310; PMID: 23209147	WNT agonist	WNT antagonist	WNT activation receptor	WNT inhibition receptor	CellChatDB v1
Wnt10a	Fzd1+Lrp5	WNT	1.0	Secreted Signaling	CellChatDB	WNT10A_FZD1_LRP5	KEGG: mmu04310; PMID: 23209147	WNT agonist	WNT antagonist	WNT activation receptor	WNT inhibition receptor	CellChatDB v1
Wnt10a	Fzd10+Lrp5	WNT	1.0	Secreted Signaling	CellChatDB	WNT10A_FZD10_LRP5	KEGG: mmu04310; PMID: 23209147	WNT agonist	WNT antagonist	WNT activation receptor	WNT inhibition receptor	CellChatDB v1
Wnt10a	Fzd2+Lrp5	WNT	1.0	Secreted Signaling	CellChatDB	WNT10A_FZD2_LRP5	KEGG: mmu04310; PMID: 23209147	WNT agonist	WNT antagonist	WNT activation receptor	WNT inhibition receptor	CellChatDB v1
Wnt10a	Fzd3+Lrp5	WNT	1.0	Secreted Signaling	CellChatDB	WNT10A_FZD3_LRP5	KEGG: mmu04310; PMID: 23209147	WNT agonist	WNT antagonist	WNT activation receptor	WNT inhibition receptor	CellChatDB v1
Wnt10a	Fzd4+Lrp5	WNT	1.0	Secreted Signaling	CellChatDB	WNT10A_FZD4_LRP5	KEGG: mmu04310; PMID: 23209147	WNT agonist	WNT antagonist	WNT activation receptor	WNT inhibition receptor	CellChatDB v1
Wnt10a	Fzd5+Lrp5	WNT	1.0	Secreted Signaling	CellChatDB	WNT10A_FZD5_LRP5	KEGG: mmu04310; PMID: 23209147	WNT agonist	WNT antagonist	WNT activation receptor	WNT inhibition receptor	CellChatDB v1
Wnt10a	Fzd6+Lrp5	WNT	1.0	Secreted Signaling	CellChatDB	WNT10A_FZD6_LRP5	KEGG: mmu04310; PMID: 23209147	WNT agonist	WNT antagonist	WNT activation receptor	WNT inhibition receptor	CellChatDB v1
Wnt10a	Fzd7+Lrp5	WNT	1.0	Secreted Signaling	CellChatDB	WNT10A_FZD7_LRP5	KEGG: mmu04310; PMID: 23209147	WNT agonist	WNT antagonist	WNT activation receptor	WNT inhibition receptor	CellChatDB v1
Wnt10a	Fzd8+Lrp5	WNT	1.0	Secreted Signaling	CellChatDB	WNT10A_FZD8_LRP5	KEGG: mmu04310; PMID: 23209147	WNT agonist	WNT antagonist	WNT activation receptor	WNT inhibition receptor	CellChatDB v1
Wnt10a	Fzd9+Lrp5	WNT	1.0	Secreted Signaling	CellChatDB	WNT10A_FZD9_LRP5	KEGG: mmu04310; PMID: 23209147	WNT agonist	WNT antagonist	WNT activation receptor	WNT inhibition receptor	CellChatDB v1
Wnt10b	Fzd1+Lrp5	WNT	1.0	Secreted Signaling	CellChatDB	WNT10B_FZD1_LRP5	KEGG: mmu04310; PMID: 23209147	WNT agonist	WNT antagonist	WNT activation receptor	WNT inhibition receptor	CellChatDB v1
Wnt10b	Fzd10+Lrp5	WNT	1.0	Secreted Signaling	CellChatDB	WNT10B_FZD10_LRP5	KEGG: mmu04310; PMID: 23209147	WNT agonist	WNT antagonist	WNT activation receptor	WNT inhibition receptor	CellChatDB v1
Wnt10b	Fzd2+Lrp5	WNT	1.0	Secreted Signaling	CellChatDB	WNT10B_FZD2_LRP5	KEGG: mmu04310; PMID: 23209147	WNT agonist	WNT antagonist	WNT activation receptor	WNT inhibition receptor	CellChatDB v1
Wnt10b	Fzd3+Lrp5	WNT	1.0	Secreted Signaling	CellChatDB	WNT10B_FZD3_LRP5	KEGG: mmu04310; PMID: 23209147	WNT agonist	WNT antagonist	WNT activation receptor	WNT inhibition receptor	CellChatDB v1
Wnt10b	Fzd4+Lrp5	WNT	1.0	Secreted Signaling	CellChatDB	WNT10B_FZD4_LRP5	KEGG: mmu04310; PMID: 23209147	WNT agonist	WNT antagonist	WNT activation receptor	WNT inhibition receptor	CellChatDB v1
Wnt10b	Fzd5+Lrp5	WNT	1.0	Secreted Signaling	CellChatDB	WNT10B_FZD5_LRP5	KEGG: mmu04310; PMID: 23209147	WNT agonist	WNT antagonist	WNT activation receptor	WNT inhibition receptor	CellChatDB v1
Wnt10b	Fzd6+Lrp5	WNT	1.0	Secreted Signaling	CellChatDB	WNT10B_FZD6_LRP5	KEGG: mmu04310; PMID: 23209147	WNT agonist	WNT antagonist	WNT activation receptor	WNT inhibition receptor	CellChatDB v1
Wnt10b	Fzd7+Lrp5	WNT	1.0	Secreted Signaling	CellChatDB	WNT10B_FZD7_LRP5	KEGG: mmu04310; PMID: 23209147	WNT agonist	WNT antagonist	WNT activation receptor	WNT inhibition receptor	CellChatDB v1
Wnt10b	Fzd8+Lrp5	WNT	1.0	Secreted Signaling	CellChatDB	WNT10B_FZD8_LRP5	KEGG: mmu04310; PMID: 23209147	WNT agonist	WNT antagonist	WNT activation receptor	WNT inhibition receptor	CellChatDB v1
Wnt10b	Fzd9+Lrp5	WNT	1.0	Secreted Signaling	CellChatDB	WNT10B_FZD9_LRP5	KEGG: mmu04310; PMID: 23209147	WNT agonist	WNT antagonist	WNT activation receptor	WNT inhibition receptor	CellChatDB v1
Wnt16	Fzd1+Lrp5	WNT	1.0	Secreted Signaling	CellChatDB	WNT16_FZD1_LRP5	KEGG: mmu04310; PMID: 23209147	WNT agonist	WNT antagonist	WNT activation receptor	WNT inhibition receptor	CellChatDB v1
Wnt16	Fzd10+Lrp5	WNT	1.0	Secreted Signaling	CellChatDB	WNT16_FZD10_LRP5	KEGG: mmu04310; PMID: 23209147	WNT agonist	WNT antagonist	WNT activation receptor	WNT inhibition receptor	CellChatDB v1
Wnt16	Fzd2+Lrp5	WNT	1.0	Secreted Signaling	CellChatDB	WNT16_FZD2_LRP5	KEGG: mmu04310; PMID: 23209147	WNT agonist	WNT antagonist	WNT activation receptor	WNT inhibition receptor	CellChatDB v1
Wnt16	Fzd3+Lrp5	WNT	1.0	Secreted Signaling	CellChatDB	WNT16_FZD3_LRP5	KEGG: mmu04310; PMID: 23209147	WNT agonist	WNT antagonist	WNT activation receptor	WNT inhibition receptor	CellChatDB v1
Wnt16	Fzd4+Lrp5	WNT	1.0	Secreted Signaling	CellChatDB	WNT16_FZD4_LRP5	KEGG: mmu04310; PMID: 23209147	WNT agonist	WNT antagonist	WNT activation receptor	WNT inhibition receptor	CellChatDB v1
Wnt16	Fzd5+Lrp5	WNT	1.0	Secreted Signaling	CellChatDB	WNT16_FZD5_LRP5	KEGG: mmu04310; PMID: 23209147	WNT agonist	WNT antagonist	WNT activation receptor	WNT inhibition receptor	CellChatDB v1
Wnt16	Fzd6+Lrp5	WNT	1.0	Secreted Signaling	CellChatDB	WNT16_FZD6_LRP5	KEGG: mmu04310; PMID: 23209147	WNT agonist	WNT antagonist	WNT activation receptor	WNT inhibition receptor	CellChatDB v1
Wnt16	Fzd7+Lrp5	WNT	1.0	Secreted Signaling	CellChatDB	WNT16_FZD7_LRP5	KEGG: mmu04310; PMID: 23209147	WNT agonist	WNT antagonist	WNT activation receptor	WNT inhibition receptor	CellChatDB v1
Wnt16	Fzd8+Lrp5	WNT	1.0	Secreted Signaling	CellChatDB	WNT16_FZD8_LRP5	KEGG: mmu04310; PMID: 23209147	WNT agonist	WNT antagonist	WNT activation receptor	WNT inhibition receptor	CellChatDB v1
Wnt16	Fzd9+Lrp5	WNT	1.0	Secreted Signaling	CellChatDB	WNT16_FZD9_LRP5	KEGG: mmu04310; PMID: 23209147	WNT agonist	WNT antagonist	WNT activation receptor	WNT inhibition receptor	CellChatDB v1
Wnt2	Fzd1+Lrp5	WNT	1.0	Secreted Signaling	CellChatDB	WNT2_FZD1_LRP5	KEGG: mmu04310; PMID: 23209147	WNT agonist	WNT antagonist	WNT activation receptor	WNT inhibition receptor	CellChatDB v1
Wnt2	Fzd10+Lrp5	WNT	1.0	Secreted Signaling	CellChatDB	WNT2_FZD10_LRP5	KEGG: mmu04310; PMID: 23209147	WNT agonist	WNT antagonist	WNT activation receptor	WNT inhibition receptor	CellChatDB v1
Wnt2	Fzd2+Lrp5	WNT	1.0	Secreted Signaling	CellChatDB	WNT2_FZD2_LRP5	KEGG: mmu04310; PMID: 23209147	WNT agonist	WNT antagonist	WNT activation receptor	WNT inhibition receptor	CellChatDB v1
Wnt2	Fzd3+Lrp5	WNT	1.0	Secreted Signaling	CellChatDB	WNT2_FZD3_LRP5	KEGG: mmu04310; PMID: 23209147	WNT agonist	WNT antagonist	WNT activation receptor	WNT inhibition receptor	CellChatDB v1
Wnt2	Fzd4+Lrp5	WNT	1.0	Secreted Signaling	CellChatDB	WNT2_FZD4_LRP5	KEGG: mmu04310; PMID: 23209147	WNT agonist	WNT antagonist	WNT activation receptor	WNT inhibition receptor	CellChatDB v1
Wnt2	Fzd5+Lrp5	WNT	1.0	Secreted Signaling	CellChatDB	WNT2_FZD5_LRP5	KEGG: mmu04310; PMID: 23209147	WNT agonist	WNT antagonist	WNT activation receptor	WNT inhibition receptor	CellChatDB v1
Wnt2	Fzd6+Lrp5	WNT	1.0	Secreted Signaling	CellChatDB	WNT2_FZD6_LRP5	KEGG: mmu04310; PMID: 23209147	WNT agonist	WNT antagonist	WNT activation receptor	WNT inhibition receptor	CellChatDB v1
Wnt2	Fzd7+Lrp5	WNT	1.0	Secreted Signaling	CellChatDB	WNT2_FZD7_LRP5	KEGG: mmu04310; PMID: 23209147	WNT agonist	WNT antagonist	WNT activation receptor	WNT inhibition receptor	CellChatDB v1
Wnt2	Fzd8+Lrp5	WNT	1.0	Secreted Signaling	CellChatDB	WNT2_FZD8_LRP5	KEGG: mmu04310; PMID: 23209147	WNT agonist	WNT antagonist	WNT activation receptor	WNT inhibition receptor	CellChatDB v1
Wnt2	Fzd9+Lrp5	WNT	1.0	Secreted Signaling	CellChatDB	WNT2_FZD9_LRP5	KEGG: mmu04310; PMID: 23209147	WNT agonist	WNT antagonist	WNT activation receptor	WNT inhibition receptor	CellChatDB v1
Wnt2b	Fzd1+Lrp5	WNT	1.0	Secreted Signaling	CellChatDB	WNT2B_FZD1_LRP5	KEGG: mmu04310; PMID: 23209147	WNT agonist	WNT antagonist	WNT activation receptor	WNT inhibition receptor	CellChatDB v1
Wnt2b	Fzd10+Lrp5	WNT	1.0	Secreted Signaling	CellChatDB	WNT2B_FZD10_LRP5	KEGG: mmu04310; PMID: 23209147	WNT agonist	WNT antagonist	WNT activation receptor	WNT inhibition receptor	CellChatDB v1
Wnt2b	Fzd2+Lrp5	WNT	1.0	Secreted Signaling	CellChatDB	WNT2B_FZD2_LRP5	KEGG: mmu04310; PMID: 23209147	WNT agonist	WNT antagonist	WNT activation receptor	WNT inhibition receptor	CellChatDB v1
Wnt2b	Fzd3+Lrp5	WNT	1.0	Secreted Signaling	CellChatDB	WNT2B_FZD3_LRP5	KEGG: mmu04310; PMID: 23209147	WNT agonist	WNT antagonist	WNT activation receptor	WNT inhibition receptor	CellChatDB v1
Wnt2b	Fzd4+Lrp5	WNT	1.0	Secreted Signaling	CellChatDB	WNT2B_FZD4_LRP5	KEGG: mmu04310; PMID: 23209147	WNT agonist	WNT antagonist	WNT activation receptor	WNT inhibition receptor	CellChatDB v1
Wnt2b	Fzd5+Lrp5	WNT	1.0	Secreted Signaling	CellChatDB	WNT2B_FZD5_LRP5	KEGG: mmu04310; PMID: 23209147	WNT agonist	WNT antagonist	WNT activation receptor	WNT inhibition receptor	CellChatDB v1
Wnt2b	Fzd6+Lrp5	WNT	1.0	Secreted Signaling	CellChatDB	WNT2B_FZD6_LRP5	KEGG: mmu04310; PMID: 23209147	WNT agonist	WNT antagonist	WNT activation receptor	WNT inhibition receptor	CellChatDB v1
Wnt2b	Fzd7+Lrp5	WNT	1.0	Secreted Signaling	CellChatDB	WNT2B_FZD7_LRP5	KEGG: mmu04310; PMID: 23209147	WNT agonist	WNT antagonist	WNT activation receptor	WNT inhibition receptor	CellChatDB v1
Wnt2b	Fzd8+Lrp5	WNT	1.0	Secreted Signaling	CellChatDB	WNT2B_FZD8_LRP5	KEGG: mmu04310; PMID: 23209147	WNT agonist	WNT antagonist	WNT activation receptor	WNT inhibition receptor	CellChatDB v1
Wnt2b	Fzd9+Lrp5	WNT	1.0	Secreted Signaling	CellChatDB	WNT2B_FZD9_LRP5	KEGG: mmu04310; PMID: 23209147	WNT agonist	WNT antagonist	WNT activation receptor	WNT inhibition receptor	CellChatDB v1
Wnt3	Fzd1+Lrp5	WNT	1.0	Secreted Signaling	CellChatDB	WNT3_FZD1_LRP5	KEGG: mmu04310; PMID: 23209147	WNT agonist	WNT antagonist	WNT activation receptor	WNT inhibition receptor	CellChatDB v1
Wnt3	Fzd10+Lrp5	WNT	1.0	Secreted Signaling	CellChatDB	WNT3_FZD10_LRP5	KEGG: mmu04310; PMID: 23209147	WNT agonist	WNT antagonist	WNT activation receptor	WNT inhibition receptor	CellChatDB v1
Wnt3	Fzd2+Lrp5	WNT	1.0	Secreted Signaling	CellChatDB	WNT3_FZD2_LRP5	KEGG: mmu04310; PMID: 23209147	WNT agonist	WNT antagonist	WNT activation receptor	WNT inhibition receptor	CellChatDB v1
Wnt3	Fzd3+Lrp5	WNT	1.0	Secreted Signaling	CellChatDB	WNT3_FZD3_LRP5	KEGG: mmu04310; PMID: 23209147	WNT agonist	WNT antagonist	WNT activation receptor	WNT inhibition receptor	CellChatDB v1
Wnt3	Fzd4+Lrp5	WNT	1.0	Secreted Signaling	CellChatDB	WNT3_FZD4_LRP5	KEGG: mmu04310; PMID: 23209147	WNT agonist	WNT antagonist	WNT activation receptor	WNT inhibition receptor	CellChatDB v1
Wnt3	Fzd5+Lrp5	WNT	1.0	Secreted Signaling	CellChatDB	WNT3_FZD5_LRP5	KEGG: mmu04310; PMID: 23209147	WNT agonist	WNT antagonist	WNT activation receptor	WNT inhibition receptor	CellChatDB v1
Wnt3	Fzd6+Lrp5	WNT	1.0	Secreted Signaling	CellChatDB	WNT3_FZD6_LRP5	KEGG: mmu04310; PMID: 23209147	WNT agonist	WNT antagonist	WNT activation receptor	WNT inhibition receptor	CellChatDB v1
Wnt3	Fzd7+Lrp5	WNT	1.0	Secreted Signaling	CellChatDB	WNT3_FZD7_LRP5	KEGG: mmu04310; PMID: 23209147	WNT agonist	WNT antagonist	WNT activation receptor	WNT inhibition receptor	CellChatDB v1
Wnt3	Fzd8+Lrp5	WNT	1.0	Secreted Signaling	CellChatDB	WNT3_FZD8_LRP5	KEGG: mmu04310; PMID: 23209147	WNT agonist	WNT antagonist	WNT activation receptor	WNT inhibition receptor	CellChatDB v1
Wnt3	Fzd9+Lrp5	WNT	1.0	Secreted Signaling	CellChatDB	WNT3_FZD9_LRP5	KEGG: mmu04310; PMID: 23209147	WNT agonist	WNT antagonist	WNT activation receptor	WNT inhibition receptor	CellChatDB v1
Wnt3a	Fzd1+Lrp5	WNT	1.0	Secreted Signaling	CellChatDB	WNT3A_FZD1_LRP5	KEGG: mmu04310; PMID: 23209147	WNT agonist	WNT antagonist	WNT activation receptor	WNT inhibition receptor	CellChatDB v1
Wnt3a	Fzd10+Lrp5	WNT	1.0	Secreted Signaling	CellChatDB	WNT3A_FZD10_LRP5	KEGG: mmu04310; PMID: 23209147	WNT agonist	WNT antagonist	WNT activation receptor	WNT inhibition receptor	CellChatDB v1
Wnt3a	Fzd2+Lrp5	WNT	1.0	Secreted Signaling	CellChatDB	WNT3A_FZD2_LRP5	KEGG: mmu04310; PMID: 23209147	WNT agonist	WNT antagonist	WNT activation receptor	WNT inhibition receptor	CellChatDB v1
Wnt3a	Fzd3+Lrp5	WNT	1.0	Secreted Signaling	CellChatDB	WNT3A_FZD3_LRP5	KEGG: mmu04310; PMID: 23209147	WNT agonist	WNT antagonist	WNT activation receptor	WNT inhibition receptor	CellChatDB v1
Wnt3a	Fzd4+Lrp5	WNT	1.0	Secreted Signaling	CellChatDB	WNT3A_FZD4_LRP5	KEGG: mmu04310; PMID: 23209147	WNT agonist	WNT antagonist	WNT activation receptor	WNT inhibition receptor	CellChatDB v1
Wnt3a	Fzd5+Lrp5	WNT	1.0	Secreted Signaling	CellChatDB	WNT3A_FZD5_LRP5	KEGG: mmu04310; PMID: 23209147	WNT agonist	WNT antagonist	WNT activation receptor	WNT inhibition receptor	CellChatDB v1
Wnt3a	Fzd6+Lrp5	WNT	1.0	Secreted Signaling	CellChatDB	WNT3A_FZD6_LRP5	KEGG: mmu04310; PMID: 23209147	WNT agonist	WNT antagonist	WNT activation receptor	WNT inhibition receptor	CellChatDB v1
Wnt3a	Fzd7+Lrp5	WNT	1.0	Secreted Signaling	CellChatDB	WNT3A_FZD7_LRP5	KEGG: mmu04310; PMID: 23209147	WNT agonist	WNT antagonist	WNT activation receptor	WNT inhibition receptor	CellChatDB v1
Wnt3a	Fzd8+Lrp5	WNT	1.0	Secreted Signaling	CellChatDB	WNT3A_FZD8_LRP5	KEGG: mmu04310; PMID: 23209147	WNT agonist	WNT antagonist	WNT activation receptor	WNT inhibition receptor	CellChatDB v1
Wnt3a	Fzd9+Lrp5	WNT	1.0	Secreted Signaling	CellChatDB	WNT3A_FZD9_LRP5	KEGG: mmu04310; PMID: 23209147	WNT agonist	WNT antagonist	WNT activation receptor	WNT inhibition receptor	CellChatDB v1
Wnt4	Fzd1+Lrp5	WNT	1.0	Secreted Signaling	CellChatDB	WNT4_FZD1_LRP5	KEGG: mmu04310; PMID: 23209147	WNT agonist	WNT antagonist	WNT activation receptor	WNT inhibition receptor	CellChatDB v1
Wnt4	Fzd10+Lrp5	WNT	1.0	Secreted Signaling	CellChatDB	WNT4_FZD10_LRP5	KEGG: mmu04310; PMID: 23209147	WNT agonist	WNT antagonist	WNT activation receptor	WNT inhibition receptor	CellChatDB v1
Wnt4	Fzd2+Lrp5	WNT	1.0	Secreted Signaling	CellChatDB	WNT4_FZD2_LRP5	KEGG: mmu04310; PMID: 23209147	WNT agonist	WNT antagonist	WNT activation receptor	WNT inhibition receptor	CellChatDB v1
Wnt4	Fzd3+Lrp5	WNT	1.0	Secreted Signaling	CellChatDB	WNT4_FZD3_LRP5	KEGG: mmu04310; PMID: 23209147	WNT agonist	WNT antagonist	WNT activation receptor	WNT inhibition receptor	CellChatDB v1
Wnt4	Fzd4+Lrp5	WNT	1.0	Secreted Signaling	CellChatDB	WNT4_FZD4_LRP5	KEGG: mmu04310; PMID: 23209147	WNT agonist	WNT antagonist	WNT activation receptor	WNT inhibition receptor	CellChatDB v1
Wnt4	Fzd5+Lrp5	WNT	1.0	Secreted Signaling	CellChatDB	WNT4_FZD5_LRP5	KEGG: mmu04310; PMID: 23209147	WNT agonist	WNT antagonist	WNT activation receptor	WNT inhibition receptor	CellChatDB v1
Wnt4	Fzd6+Lrp5	WNT	1.0	Secreted Signaling	CellChatDB	WNT4_FZD6_LRP5	KEGG: mmu04310; PMID: 23209147	WNT agonist	WNT antagonist	WNT activation receptor	WNT inhibition receptor	CellChatDB v1
Wnt4	Fzd7+Lrp5	WNT	1.0	Secreted Signaling	CellChatDB	WNT4_FZD7_LRP5	KEGG: mmu04310; PMID: 23209147	WNT agonist	WNT antagonist	WNT activation receptor	WNT inhibition receptor	CellChatDB v1
Wnt4	Fzd8+Lrp5	WNT	1.0	Secreted Signaling	CellChatDB	WNT4_FZD8_LRP5	KEGG: mmu04310; PMID: 23209147	WNT agonist	WNT antagonist	WNT activation receptor	WNT inhibition receptor	CellChatDB v1
Wnt4	Fzd9+Lrp5	WNT	1.0	Secreted Signaling	CellChatDB	WNT4_FZD9_LRP5	KEGG: mmu04310; PMID: 23209147	WNT agonist	WNT antagonist	WNT activation receptor	WNT inhibition receptor	CellChatDB v1
Wnt6	Fzd1+Lrp5	WNT	1.0	Secreted Signaling	CellChatDB	WNT6_FZD1_LRP5	KEGG: mmu04310; PMID: 23209147	WNT agonist	WNT antagonist	WNT activation receptor	WNT inhibition receptor	CellChatDB v1
Wnt6	Fzd10+Lrp5	WNT	1.0	Secreted Signaling	CellChatDB	WNT6_FZD10_LRP5	KEGG: mmu04310; PMID: 23209147	WNT agonist	WNT antagonist	WNT activation receptor	WNT inhibition receptor	CellChatDB v1
Wnt6	Fzd2+Lrp5	WNT	1.0	Secreted Signaling	CellChatDB	WNT6_FZD2_LRP5	KEGG: mmu04310; PMID: 23209147	WNT agonist	WNT antagonist	WNT activation receptor	WNT inhibition receptor	CellChatDB v1
Wnt6	Fzd3+Lrp5	WNT	1.0	Secreted Signaling	CellChatDB	WNT6_FZD3_LRP5	KEGG: mmu04310; PMID: 23209147	WNT agonist	WNT antagonist	WNT activation receptor	WNT inhibition receptor	CellChatDB v1
Wnt6	Fzd4+Lrp5	WNT	1.0	Secreted Signaling	CellChatDB	WNT6_FZD4_LRP5	KEGG: mmu04310; PMID: 23209147	WNT agonist	WNT antagonist	WNT activation receptor	WNT inhibition receptor	CellChatDB v1
Wnt6	Fzd5+Lrp5	WNT	1.0	Secreted Signaling	CellChatDB	WNT6_FZD5_LRP5	KEGG: mmu04310; PMID: 23209147	WNT agonist	WNT antagonist	WNT activation receptor	WNT inhibition receptor	CellChatDB v1
Wnt6	Fzd6+Lrp5	WNT	1.0	Secreted Signaling	CellChatDB	WNT6_FZD6_LRP5	KEGG: mmu04310; PMID: 23209147	WNT agonist	WNT antagonist	WNT activation receptor	WNT inhibition receptor	CellChatDB v1
Wnt6	Fzd7+Lrp5	WNT	1.0	Secreted Signaling	CellChatDB	WNT6_FZD7_LRP5	KEGG: mmu04310; PMID: 23209147	WNT agonist	WNT antagonist	WNT activation receptor	WNT inhibition receptor	CellChatDB v1
Wnt6	Fzd8+Lrp5	WNT	1.0	Secreted Signaling	CellChatDB	WNT6_FZD8_LRP5	KEGG: mmu04310; PMID: 23209147	WNT agonist	WNT antagonist	WNT activation receptor	WNT inhibition receptor	CellChatDB v1
Wnt6	Fzd9+Lrp5	WNT	1.0	Secreted Signaling	CellChatDB	WNT6_FZD9_LRP5	KEGG: mmu04310; PMID: 23209147	WNT agonist	WNT antagonist	WNT activation receptor	WNT inhibition receptor	CellChatDB v1
Wnt7a	Fzd1+Lrp5	WNT	1.0	Secreted Signaling	CellChatDB	WNT7A_FZD1_LRP5	KEGG: mmu04310; PMID: 23209147	WNT agonist	WNT antagonist	WNT activation receptor	WNT inhibition receptor	CellChatDB v1
Wnt7a	Fzd10+Lrp5	WNT	1.0	Secreted Signaling	CellChatDB	WNT7A_FZD10_LRP5	KEGG: mmu04310; PMID: 23209147	WNT agonist	WNT antagonist	WNT activation receptor	WNT inhibition receptor	CellChatDB v1
Wnt7a	Fzd2+Lrp5	WNT	1.0	Secreted Signaling	CellChatDB	WNT7A_FZD2_LRP5	KEGG: mmu04310; PMID: 23209147	WNT agonist	WNT antagonist	WNT activation receptor	WNT inhibition receptor	CellChatDB v1
Wnt7a	Fzd3+Lrp5	WNT	1.0	Secreted Signaling	CellChatDB	WNT7A_FZD3_LRP5	KEGG: mmu04310; PMID: 23209147	WNT agonist	WNT antagonist	WNT activation receptor	WNT inhibition receptor	CellChatDB v1
Wnt7a	Fzd4+Lrp5	WNT	1.0	Secreted Signaling	CellChatDB	WNT7A_FZD4_LRP5	KEGG: mmu04310; PMID: 23209147	WNT agonist	WNT antagonist	WNT activation receptor	WNT inhibition receptor	CellChatDB v1
Wnt7a	Fzd5+Lrp5	WNT	1.0	Secreted Signaling	CellChatDB	WNT7A_FZD5_LRP5	KEGG: mmu04310; PMID: 23209147	WNT agonist	WNT antagonist	WNT activation receptor	WNT inhibition receptor	CellChatDB v1
Wnt7a	Fzd6+Lrp5	WNT	1.0	Secreted Signaling	CellChatDB	WNT7A_FZD6_LRP5	KEGG: mmu04310; PMID: 23209147	WNT agonist	WNT antagonist	WNT activation receptor	WNT inhibition receptor	CellChatDB v1
Wnt7a	Fzd7+Lrp5	WNT	1.0	Secreted Signaling	CellChatDB	WNT7A_FZD7_LRP5	KEGG: mmu04310; PMID: 23209147	WNT agonist	WNT antagonist	WNT activation receptor	WNT inhibition receptor	CellChatDB v1
Wnt7a	Fzd8+Lrp5	WNT	1.0	Secreted Signaling	CellChatDB	WNT7A_FZD8_LRP5	KEGG: mmu04310; PMID: 23209147	WNT agonist	WNT antagonist	WNT activation receptor	WNT inhibition receptor	CellChatDB v1
Wnt7a	Fzd9+Lrp5	WNT	1.0	Secreted Signaling	CellChatDB	WNT7A_FZD9_LRP5	KEGG: mmu04310; PMID: 23209147	WNT agonist	WNT antagonist	WNT activation receptor	WNT inhibition receptor	CellChatDB v1
Wnt7b	Fzd1+Lrp5	WNT	1.0	Secreted Signaling	CellChatDB	WNT7B_FZD1_LRP5	KEGG: mmu04310; PMID: 23209147	WNT agonist	WNT antagonist	WNT activation receptor	WNT inhibition receptor	CellChatDB v1
Wnt7b	Fzd10+Lrp5	WNT	1.0	Secreted Signaling	CellChatDB	WNT7B_FZD10_LRP5	KEGG: mmu04310; PMID: 23209147	WNT agonist	WNT antagonist	WNT activation receptor	WNT inhibition receptor	CellChatDB v1
Wnt7b	Fzd2+Lrp5	WNT	1.0	Secreted Signaling	CellChatDB	WNT7B_FZD2_LRP5	KEGG: mmu04310; PMID: 23209147	WNT agonist	WNT antagonist	WNT activation receptor	WNT inhibition receptor	CellChatDB v1
Wnt7b	Fzd3+Lrp5	WNT	1.0	Secreted Signaling	CellChatDB	WNT7B_FZD3_LRP5	KEGG: mmu04310; PMID: 23209147	WNT agonist	WNT antagonist	WNT activation receptor	WNT inhibition receptor	CellChatDB v1
Wnt7b	Fzd4+Lrp5	WNT	1.0	Secreted Signaling	CellChatDB	WNT7B_FZD4_LRP5	KEGG: mmu04310; PMID: 23209147	WNT agonist	WNT antagonist	WNT activation receptor	WNT inhibition receptor	CellChatDB v1
Wnt7b	Fzd5+Lrp5	WNT	1.0	Secreted Signaling	CellChatDB	WNT7B_FZD5_LRP5	KEGG: mmu04310; PMID: 23209147	WNT agonist	WNT antagonist	WNT activation receptor	WNT inhibition receptor	CellChatDB v1
Wnt7b	Fzd6+Lrp5	WNT	1.0	Secreted Signaling	CellChatDB	WNT7B_FZD6_LRP5	KEGG: mmu04310; PMID: 23209147	WNT agonist	WNT antagonist	WNT activation receptor	WNT inhibition receptor	CellChatDB v1
Wnt7b	Fzd7+Lrp5	WNT	1.0	Secreted Signaling	CellChatDB	WNT7B_FZD7_LRP5	KEGG: mmu04310; PMID: 23209147	WNT agonist	WNT antagonist	WNT activation receptor	WNT inhibition receptor	CellChatDB v1
Wnt7b	Fzd8+Lrp5	WNT	1.0	Secreted Signaling	CellChatDB	WNT7B_FZD8_LRP5	KEGG: mmu04310; PMID: 23209147	WNT agonist	WNT antagonist	WNT activation receptor	WNT inhibition receptor	CellChatDB v1
Wnt7b	Fzd9+Lrp5	WNT	1.0	Secreted Signaling	CellChatDB	WNT7B_FZD9_LRP5	KEGG: mmu04310; PMID: 23209147	WNT agonist	WNT antagonist	WNT activation receptor	WNT inhibition receptor	CellChatDB v1
Wnt8a	Fzd1+Lrp5	WNT	1.0	Secreted Signaling	CellChatDB	WNT8A_FZD1_LRP5	KEGG: mmu04310; PMID: 23209147	WNT agonist	WNT antagonist	WNT activation receptor	WNT inhibition receptor	CellChatDB v1
Wnt8a	Fzd10+Lrp5	WNT	1.0	Secreted Signaling	CellChatDB	WNT8A_FZD10_LRP5	KEGG: mmu04310; PMID: 23209147	WNT agonist	WNT antagonist	WNT activation receptor	WNT inhibition receptor	CellChatDB v1
Wnt8a	Fzd2+Lrp5	WNT	1.0	Secreted Signaling	CellChatDB	WNT8A_FZD2_LRP5	KEGG: mmu04310; PMID: 23209147	WNT agonist	WNT antagonist	WNT activation receptor	WNT inhibition receptor	CellChatDB v1
Wnt8a	Fzd3+Lrp5	WNT	1.0	Secreted Signaling	CellChatDB	WNT8A_FZD3_LRP5	KEGG: mmu04310; PMID: 23209147	WNT agonist	WNT antagonist	WNT activation receptor	WNT inhibition receptor	CellChatDB v1
Wnt8a	Fzd4+Lrp5	WNT	1.0	Secreted Signaling	CellChatDB	WNT8A_FZD4_LRP5	KEGG: mmu04310; PMID: 23209147	WNT agonist	WNT antagonist	WNT activation receptor	WNT inhibition receptor	CellChatDB v1
Wnt8a	Fzd5+Lrp5	WNT	1.0	Secreted Signaling	CellChatDB	WNT8A_FZD5_LRP5	KEGG: mmu04310; PMID: 23209147	WNT agonist	WNT antagonist	WNT activation receptor	WNT inhibition receptor	CellChatDB v1
Wnt8a	Fzd6+Lrp5	WNT	1.0	Secreted Signaling	CellChatDB	WNT8A_FZD6_LRP5	KEGG: mmu04310; PMID: 23209147	WNT agonist	WNT antagonist	WNT activation receptor	WNT inhibition receptor	CellChatDB v1
Wnt8a	Fzd7+Lrp5	WNT	1.0	Secreted Signaling	CellChatDB	WNT8A_FZD7_LRP5	KEGG: mmu04310; PMID: 23209147	WNT agonist	WNT antagonist	WNT activation receptor	WNT inhibition receptor	CellChatDB v1
Wnt8a	Fzd8+Lrp5	WNT	1.0	Secreted Signaling	CellChatDB	WNT8A_FZD8_LRP5	KEGG: mmu04310; PMID: 23209147	WNT agonist	WNT antagonist	WNT activation receptor	WNT inhibition receptor	CellChatDB v1
Wnt8a	Fzd9+Lrp5	WNT	1.0	Secreted Signaling	CellChatDB	WNT8A_FZD9_LRP5	KEGG: mmu04310; PMID: 23209147	WNT agonist	WNT antagonist	WNT activation receptor	WNT inhibition receptor	CellChatDB v1
Wnt8b	Fzd1+Lrp5	WNT	1.0	Secreted Signaling	CellChatDB	WNT8B_FZD1_LRP5	KEGG: mmu04310; PMID: 23209147	WNT agonist	WNT antagonist	WNT activation receptor	WNT inhibition receptor	CellChatDB v1
Wnt8b	Fzd10+Lrp5	WNT	1.0	Secreted Signaling	CellChatDB	WNT8B_FZD10_LRP5	KEGG: mmu04310; PMID: 23209147	WNT agonist	WNT antagonist	WNT activation receptor	WNT inhibition receptor	CellChatDB v1
Wnt8b	Fzd2+Lrp5	WNT	1.0	Secreted Signaling	CellChatDB	WNT8B_FZD2_LRP5	KEGG: mmu04310; PMID: 23209147	WNT agonist	WNT antagonist	WNT activation receptor	WNT inhibition receptor	CellChatDB v1
Wnt8b	Fzd3+Lrp5	WNT	1.0	Secreted Signaling	CellChatDB	WNT8B_FZD3_LRP5	KEGG: mmu04310; PMID: 23209147	WNT agonist	WNT antagonist	WNT activation receptor	WNT inhibition receptor	CellChatDB v1
Wnt8b	Fzd4+Lrp5	WNT	1.0	Secreted Signaling	CellChatDB	WNT8B_FZD4_LRP5	KEGG: mmu04310; PMID: 23209147	WNT agonist	WNT antagonist	WNT activation receptor	WNT inhibition receptor	CellChatDB v1
Wnt8b	Fzd5+Lrp5	WNT	1.0	Secreted Signaling	CellChatDB	WNT8B_FZD5_LRP5	KEGG: mmu04310; PMID: 23209147	WNT agonist	WNT antagonist	WNT activation receptor	WNT inhibition receptor	CellChatDB v1
Wnt8b	Fzd6+Lrp5	WNT	1.0	Secreted Signaling	CellChatDB	WNT8B_FZD6_LRP5	KEGG: mmu04310; PMID: 23209147	WNT agonist	WNT antagonist	WNT activation receptor	WNT inhibition receptor	CellChatDB v1
Wnt8b	Fzd7+Lrp5	WNT	1.0	Secreted Signaling	CellChatDB	WNT8B_FZD7_LRP5	KEGG: mmu04310; PMID: 23209147	WNT agonist	WNT antagonist	WNT activation receptor	WNT inhibition receptor	CellChatDB v1
Wnt8b	Fzd8+Lrp5	WNT	1.0	Secreted Signaling	CellChatDB	WNT8B_FZD8_LRP5	KEGG: mmu04310; PMID: 23209147	WNT agonist	WNT antagonist	WNT activation receptor	WNT inhibition receptor	CellChatDB v1
Wnt8b	Fzd9+Lrp5	WNT	1.0	Secreted Signaling	CellChatDB	WNT8B_FZD9_LRP5	KEGG: mmu04310; PMID: 23209147	WNT agonist	WNT antagonist	WNT activation receptor	WNT inhibition receptor	CellChatDB v1
Wnt9a	Fzd1+Lrp5	WNT	1.0	Secreted Signaling	CellChatDB	WNT9A_FZD1_LRP5	KEGG: mmu04310; PMID: 23209147	WNT agonist	WNT antagonist	WNT activation receptor	WNT inhibition receptor	CellChatDB v1
Wnt9a	Fzd10+Lrp5	WNT	1.0	Secreted Signaling	CellChatDB	WNT9A_FZD10_LRP5	KEGG: mmu04310; PMID: 23209147	WNT agonist	WNT antagonist	WNT activation receptor	WNT inhibition receptor	CellChatDB v1
Wnt9a	Fzd2+Lrp5	WNT	1.0	Secreted Signaling	CellChatDB	WNT9A_FZD2_LRP5	KEGG: mmu04310; PMID: 23209147	WNT agonist	WNT antagonist	WNT activation receptor	WNT inhibition receptor	CellChatDB v1
Wnt9a	Fzd3+Lrp5	WNT	1.0	Secreted Signaling	CellChatDB	WNT9A_FZD3_LRP5	KEGG: mmu04310; PMID: 23209147	WNT agonist	WNT antagonist	WNT activation receptor	WNT inhibition receptor	CellChatDB v1
Wnt9a	Fzd4+Lrp5	WNT	1.0	Secreted Signaling	CellChatDB	WNT9A_FZD4_LRP5	KEGG: mmu04310; PMID: 23209147	WNT agonist	WNT antagonist	WNT activation receptor	WNT inhibition receptor	CellChatDB v1
Wnt9a	Fzd5+Lrp5	WNT	1.0	Secreted Signaling	CellChatDB	WNT9A_FZD5_LRP5	KEGG: mmu04310; PMID: 23209147	WNT agonist	WNT antagonist	WNT activation receptor	WNT inhibition receptor	CellChatDB v1
Wnt9a	Fzd6+Lrp5	WNT	1.0	Secreted Signaling	CellChatDB	WNT9A_FZD6_LRP5	KEGG: mmu04310; PMID: 23209147	WNT agonist	WNT antagonist	WNT activation receptor	WNT inhibition receptor	CellChatDB v1
Wnt9a	Fzd7+Lrp5	WNT	1.0	Secreted Signaling	CellChatDB	WNT9A_FZD7_LRP5	KEGG: mmu04310; PMID: 23209147	WNT agonist	WNT antagonist	WNT activation receptor	WNT inhibition receptor	CellChatDB v1
Wnt9a	Fzd8+Lrp5	WNT	1.0	Secreted Signaling	CellChatDB	WNT9A_FZD8_LRP5	KEGG: mmu04310; PMID: 23209147	WNT agonist	WNT antagonist	WNT activation receptor	WNT inhibition receptor	CellChatDB v1
Wnt9a	Fzd9+Lrp5	WNT	1.0	Secreted Signaling	CellChatDB	WNT9A_FZD9_LRP5	KEGG: mmu04310; PMID: 23209147	WNT agonist	WNT antagonist	WNT activation receptor	WNT inhibition receptor	CellChatDB v1
Wnt9b	Fzd1+Lrp5	WNT	1.0	Secreted Signaling	CellChatDB	WNT9B_FZD1_LRP5	KEGG: mmu04310; PMID: 23209147	WNT agonist	WNT antagonist	WNT activation receptor	WNT inhibition receptor	CellChatDB v1
Wnt9b	Fzd10+Lrp5	WNT	1.0	Secreted Signaling	CellChatDB	WNT9B_FZD10_LRP5	KEGG: mmu04310; PMID: 23209147	WNT agonist	WNT antagonist	WNT activation receptor	WNT inhibition receptor	CellChatDB v1
Wnt9b	Fzd2+Lrp5	WNT	1.0	Secreted Signaling	CellChatDB	WNT9B_FZD2_LRP5	KEGG: mmu04310; PMID: 23209147	WNT agonist	WNT antagonist	WNT activation receptor	WNT inhibition receptor	CellChatDB v1
Wnt9b	Fzd3+Lrp5	WNT	1.0	Secreted Signaling	CellChatDB	WNT9B_FZD3_LRP5	KEGG: mmu04310; PMID: 23209147	WNT agonist	WNT antagonist	WNT activation receptor	WNT inhibition receptor	CellChatDB v1
Wnt9b	Fzd4+Lrp5	WNT	1.0	Secreted Signaling	CellChatDB	WNT9B_FZD4_LRP5	KEGG: mmu04310; PMID: 23209147	WNT agonist	WNT antagonist	WNT activation receptor	WNT inhibition receptor	CellChatDB v1
Wnt9b	Fzd5+Lrp5	WNT	1.0	Secreted Signaling	CellChatDB	WNT9B_FZD5_LRP5	KEGG: mmu04310; PMID: 23209147	WNT agonist	WNT antagonist	WNT activation receptor	WNT inhibition receptor	CellChatDB v1
Wnt9b	Fzd6+Lrp5	WNT	1.0	Secreted Signaling	CellChatDB	WNT9B_FZD6_LRP5	KEGG: mmu04310; PMID: 23209147	WNT agonist	WNT antagonist	WNT activation receptor	WNT inhibition receptor	CellChatDB v1
Wnt9b	Fzd7+Lrp5	WNT	1.0	Secreted Signaling	CellChatDB	WNT9B_FZD7_LRP5	KEGG: mmu04310; PMID: 23209147	WNT agonist	WNT antagonist	WNT activation receptor	WNT inhibition receptor	CellChatDB v1
Wnt9b	Fzd8+Lrp5	WNT	1.0	Secreted Signaling	CellChatDB	WNT9B_FZD8_LRP5	KEGG: mmu04310; PMID: 23209147	WNT agonist	WNT antagonist	WNT activation receptor	WNT inhibition receptor	CellChatDB v1
Wnt9b	Fzd9+Lrp5	WNT	1.0	Secreted Signaling	CellChatDB	WNT9B_FZD9_LRP5	KEGG: mmu04310; PMID: 23209147	WNT agonist	WNT antagonist	WNT activation receptor	WNT inhibition receptor	CellChatDB v1
Wnt1	Fzd1+Lrp6	WNT	1.0	Secreted Signaling	CellChatDB	WNT1_FZD1_LRP6	KEGG: mmu04310; PMID: 23209147	WNT agonist	WNT antagonist	WNT activation receptor	WNT inhibition receptor	CellChatDB v1
Wnt1	Fzd10+Lrp6	WNT	1.0	Secreted Signaling	CellChatDB	WNT1_FZD10_LRP6	KEGG: mmu04310; PMID: 23209147	WNT agonist	WNT antagonist	WNT activation receptor	WNT inhibition receptor	CellChatDB v1
Wnt1	Fzd2+Lrp6	WNT	1.0	Secreted Signaling	CellChatDB	WNT1_FZD2_LRP6	KEGG: mmu04310; PMID: 23209147	WNT agonist	WNT antagonist	WNT activation receptor	WNT inhibition receptor	CellChatDB v1
Wnt1	Fzd3+Lrp6	WNT	1.0	Secreted Signaling	CellChatDB	WNT1_FZD3_LRP6	KEGG: mmu04310; PMID: 23209147	WNT agonist	WNT antagonist	WNT activation receptor	WNT inhibition receptor	CellChatDB v1
Wnt1	Fzd4+Lrp6	WNT	1.0	Secreted Signaling	CellChatDB	WNT1_FZD4_LRP6	KEGG: mmu04310; PMID: 23209147	WNT agonist	WNT antagonist	WNT activation receptor	WNT inhibition receptor	CellChatDB v1
Wnt1	Fzd5+Lrp6	WNT	1.0	Secreted Signaling	CellChatDB	WNT1_FZD5_LRP6	KEGG: mmu04310; PMID: 23209147	WNT agonist	WNT antagonist	WNT activation receptor	WNT inhibition receptor	CellChatDB v1
Wnt1	Fzd6+Lrp6	WNT	1.0	Secreted Signaling	CellChatDB	WNT1_FZD6_LRP6	KEGG: mmu04310; PMID: 23209147	WNT agonist	WNT antagonist	WNT activation receptor	WNT inhibition receptor	CellChatDB v1
Wnt1	Fzd7+Lrp6	WNT	1.0	Secreted Signaling	CellChatDB	WNT1_FZD7_LRP6	KEGG: mmu04310; PMID: 23209147	WNT agonist	WNT antagonist	WNT activation receptor	WNT inhibition receptor	CellChatDB v1
Wnt1	Fzd8+Lrp6	WNT	1.0	Secreted Signaling	CellChatDB	WNT1_FZD8_LRP6	KEGG: mmu04310; PMID: 23209147	WNT agonist	WNT antagonist	WNT activation receptor	WNT inhibition receptor	CellChatDB v1
Wnt1	Fzd9+Lrp6	WNT	1.0	Secreted Signaling	CellChatDB	WNT1_FZD9_LRP6	KEGG: mmu04310; PMID: 23209147	WNT agonist	WNT antagonist	WNT activation receptor	WNT inhibition receptor	CellChatDB v1
Wnt10a	Fzd1+Lrp6	WNT	1.0	Secreted Signaling	CellChatDB	WNT10A_FZD1_LRP6	KEGG: mmu04310; PMID: 23209147	WNT agonist	WNT antagonist	WNT activation receptor	WNT inhibition receptor	CellChatDB v1
Wnt10a	Fzd10+Lrp6	WNT	1.0	Secreted Signaling	CellChatDB	WNT10A_FZD10_LRP6	KEGG: mmu04310; PMID: 23209147	WNT agonist	WNT antagonist	WNT activation receptor	WNT inhibition receptor	CellChatDB v1
Wnt10a	Fzd2+Lrp6	WNT	1.0	Secreted Signaling	CellChatDB	WNT10A_FZD2_LRP6	KEGG: mmu04310; PMID: 23209147	WNT agonist	WNT antagonist	WNT activation receptor	WNT inhibition receptor	CellChatDB v1
Wnt10a	Fzd3+Lrp6	WNT	1.0	Secreted Signaling	CellChatDB	WNT10A_FZD3_LRP6	KEGG: mmu04310; PMID: 23209147	WNT agonist	WNT antagonist	WNT activation receptor	WNT inhibition receptor	CellChatDB v1
Wnt10a	Fzd4+Lrp6	WNT	1.0	Secreted Signaling	CellChatDB	WNT10A_FZD4_LRP6	KEGG: mmu04310; PMID: 23209147	WNT agonist	WNT antagonist	WNT activation receptor	WNT inhibition receptor	CellChatDB v1
Wnt10a	Fzd5+Lrp6	WNT	1.0	Secreted Signaling	CellChatDB	WNT10A_FZD5_LRP6	KEGG: mmu04310; PMID: 23209147	WNT agonist	WNT antagonist	WNT activation receptor	WNT inhibition receptor	CellChatDB v1
Wnt10a	Fzd6+Lrp6	WNT	1.0	Secreted Signaling	CellChatDB	WNT10A_FZD6_LRP6	KEGG: mmu04310; PMID: 23209147	WNT agonist	WNT antagonist	WNT activation receptor	WNT inhibition receptor	CellChatDB v1
Wnt10a	Fzd7+Lrp6	WNT	1.0	Secreted Signaling	CellChatDB	WNT10A_FZD7_LRP6	KEGG: mmu04310; PMID: 23209147	WNT agonist	WNT antagonist	WNT activation receptor	WNT inhibition receptor	CellChatDB v1
Wnt10a	Fzd8+Lrp6	WNT	1.0	Secreted Signaling	CellChatDB	WNT10A_FZD8_LRP6	KEGG: mmu04310; PMID: 23209147	WNT agonist	WNT antagonist	WNT activation receptor	WNT inhibition receptor	CellChatDB v1
Wnt10a	Fzd9+Lrp6	WNT	1.0	Secreted Signaling	CellChatDB	WNT10A_FZD9_LRP6	KEGG: mmu04310; PMID: 23209147	WNT agonist	WNT antagonist	WNT activation receptor	WNT inhibition receptor	CellChatDB v1
Wnt10b	Fzd1+Lrp6	WNT	1.0	Secreted Signaling	CellChatDB	WNT10B_FZD1_LRP6	KEGG: mmu04310; PMID: 23209147	WNT agonist	WNT antagonist	WNT activation receptor	WNT inhibition receptor	CellChatDB v1
Wnt10b	Fzd10+Lrp6	WNT	1.0	Secreted Signaling	CellChatDB	WNT10B_FZD10_LRP6	KEGG: mmu04310; PMID: 23209147	WNT agonist	WNT antagonist	WNT activation receptor	WNT inhibition receptor	CellChatDB v1
Wnt10b	Fzd2+Lrp6	WNT	1.0	Secreted Signaling	CellChatDB	WNT10B_FZD2_LRP6	KEGG: mmu04310; PMID: 23209147	WNT agonist	WNT antagonist	WNT activation receptor	WNT inhibition receptor	CellChatDB v1
Wnt10b	Fzd3+Lrp6	WNT	1.0	Secreted Signaling	CellChatDB	WNT10B_FZD3_LRP6	KEGG: mmu04310; PMID: 23209147	WNT agonist	WNT antagonist	WNT activation receptor	WNT inhibition receptor	CellChatDB v1
Wnt10b	Fzd4+Lrp6	WNT	1.0	Secreted Signaling	CellChatDB	WNT10B_FZD4_LRP6	KEGG: mmu04310; PMID: 23209147	WNT agonist	WNT antagonist	WNT activation receptor	WNT inhibition receptor	CellChatDB v1
Wnt10b	Fzd5+Lrp6	WNT	1.0	Secreted Signaling	CellChatDB	WNT10B_FZD5_LRP6	KEGG: mmu04310; PMID: 23209147	WNT agonist	WNT antagonist	WNT activation receptor	WNT inhibition receptor	CellChatDB v1
Wnt10b	Fzd6+Lrp6	WNT	1.0	Secreted Signaling	CellChatDB	WNT10B_FZD6_LRP6	KEGG: mmu04310; PMID: 23209147	WNT agonist	WNT antagonist	WNT activation receptor	WNT inhibition receptor	CellChatDB v1
Wnt10b	Fzd7+Lrp6	WNT	1.0	Secreted Signaling	CellChatDB	WNT10B_FZD7_LRP6	KEGG: mmu04310; PMID: 23209147	WNT agonist	WNT antagonist	WNT activation receptor	WNT inhibition receptor	CellChatDB v1
Wnt10b	Fzd8+Lrp6	WNT	1.0	Secreted Signaling	CellChatDB	WNT10B_FZD8_LRP6	KEGG: mmu04310; PMID: 23209147	WNT agonist	WNT antagonist	WNT activation receptor	WNT inhibition receptor	CellChatDB v1
Wnt10b	Fzd9+Lrp6	WNT	1.0	Secreted Signaling	CellChatDB	WNT10B_FZD9_LRP6	KEGG: mmu04310; PMID: 23209147	WNT agonist	WNT antagonist	WNT activation receptor	WNT inhibition receptor	CellChatDB v1
Wnt16	Fzd1+Lrp6	WNT	1.0	Secreted Signaling	CellChatDB	WNT16_FZD1_LRP6	KEGG: mmu04310; PMID: 23209147	WNT agonist	WNT antagonist	WNT activation receptor	WNT inhibition receptor	CellChatDB v1
Wnt16	Fzd10+Lrp6	WNT	1.0	Secreted Signaling	CellChatDB	WNT16_FZD10_LRP6	KEGG: mmu04310; PMID: 23209147	WNT agonist	WNT antagonist	WNT activation receptor	WNT inhibition receptor	CellChatDB v1
Wnt16	Fzd2+Lrp6	WNT	1.0	Secreted Signaling	CellChatDB	WNT16_FZD2_LRP6	KEGG: mmu04310; PMID: 23209147	WNT agonist	WNT antagonist	WNT activation receptor	WNT inhibition receptor	CellChatDB v1
Wnt16	Fzd3+Lrp6	WNT	1.0	Secreted Signaling	CellChatDB	WNT16_FZD3_LRP6	KEGG: mmu04310; PMID: 23209147	WNT agonist	WNT antagonist	WNT activation receptor	WNT inhibition receptor	CellChatDB v1
Wnt16	Fzd4+Lrp6	WNT	1.0	Secreted Signaling	CellChatDB	WNT16_FZD4_LRP6	KEGG: mmu04310; PMID: 23209147	WNT agonist	WNT antagonist	WNT activation receptor	WNT inhibition receptor	CellChatDB v1
Wnt16	Fzd5+Lrp6	WNT	1.0	Secreted Signaling	CellChatDB	WNT16_FZD5_LRP6	KEGG: mmu04310; PMID: 23209147	WNT agonist	WNT antagonist	WNT activation receptor	WNT inhibition receptor	CellChatDB v1
Wnt16	Fzd6+Lrp6	WNT	1.0	Secreted Signaling	CellChatDB	WNT16_FZD6_LRP6	KEGG: mmu04310; PMID: 23209147	WNT agonist	WNT antagonist	WNT activation receptor	WNT inhibition receptor	CellChatDB v1
Wnt16	Fzd7+Lrp6	WNT	1.0	Secreted Signaling	CellChatDB	WNT16_FZD7_LRP6	KEGG: mmu04310; PMID: 23209147	WNT agonist	WNT antagonist	WNT activation receptor	WNT inhibition receptor	CellChatDB v1
Wnt16	Fzd8+Lrp6	WNT	1.0	Secreted Signaling	CellChatDB	WNT16_FZD8_LRP6	KEGG: mmu04310; PMID: 23209147	WNT agonist	WNT antagonist	WNT activation receptor	WNT inhibition receptor	CellChatDB v1
Wnt16	Fzd9+Lrp6	WNT	1.0	Secreted Signaling	CellChatDB	WNT16_FZD9_LRP6	KEGG: mmu04310; PMID: 23209147	WNT agonist	WNT antagonist	WNT activation receptor	WNT inhibition receptor	CellChatDB v1
Wnt2	Fzd1+Lrp6	WNT	1.0	Secreted Signaling	CellChatDB	WNT2_FZD1_LRP6	KEGG: mmu04310; PMID: 23209147	WNT agonist	WNT antagonist	WNT activation receptor	WNT inhibition receptor	CellChatDB v1
Wnt2	Fzd10+Lrp6	WNT	1.0	Secreted Signaling	CellChatDB	WNT2_FZD10_LRP6	KEGG: mmu04310; PMID: 23209147	WNT agonist	WNT antagonist	WNT activation receptor	WNT inhibition receptor	CellChatDB v1
Wnt2	Fzd2+Lrp6	WNT	1.0	Secreted Signaling	CellChatDB	WNT2_FZD2_LRP6	KEGG: mmu04310; PMID: 23209147	WNT agonist	WNT antagonist	WNT activation receptor	WNT inhibition receptor	CellChatDB v1
Wnt2	Fzd3+Lrp6	WNT	1.0	Secreted Signaling	CellChatDB	WNT2_FZD3_LRP6	KEGG: mmu04310; PMID: 23209147	WNT agonist	WNT antagonist	WNT activation receptor	WNT inhibition receptor	CellChatDB v1
Wnt2	Fzd4+Lrp6	WNT	1.0	Secreted Signaling	CellChatDB	WNT2_FZD4_LRP6	KEGG: mmu04310; PMID: 23209147	WNT agonist	WNT antagonist	WNT activation receptor	WNT inhibition receptor	CellChatDB v1
Wnt2	Fzd5+Lrp6	WNT	1.0	Secreted Signaling	CellChatDB	WNT2_FZD5_LRP6	KEGG: mmu04310; PMID: 23209147	WNT agonist	WNT antagonist	WNT activation receptor	WNT inhibition receptor	CellChatDB v1
Wnt2	Fzd6+Lrp6	WNT	1.0	Secreted Signaling	CellChatDB	WNT2_FZD6_LRP6	KEGG: mmu04310; PMID: 23209147	WNT agonist	WNT antagonist	WNT activation receptor	WNT inhibition receptor	CellChatDB v1
Wnt2	Fzd7+Lrp6	WNT	1.0	Secreted Signaling	CellChatDB	WNT2_FZD7_LRP6	KEGG: mmu04310; PMID: 23209147	WNT agonist	WNT antagonist	WNT activation receptor	WNT inhibition receptor	CellChatDB v1
Wnt2	Fzd8+Lrp6	WNT	1.0	Secreted Signaling	CellChatDB	WNT2_FZD8_LRP6	KEGG: mmu04310; PMID: 23209147	WNT agonist	WNT antagonist	WNT activation receptor	WNT inhibition receptor	CellChatDB v1
Wnt2	Fzd9+Lrp6	WNT	1.0	Secreted Signaling	CellChatDB	WNT2_FZD9_LRP6	KEGG: mmu04310; PMID: 23209147	WNT agonist	WNT antagonist	WNT activation receptor	WNT inhibition receptor	CellChatDB v1
Wnt2b	Fzd1+Lrp6	WNT	1.0	Secreted Signaling	CellChatDB	WNT2B_FZD1_LRP6	KEGG: mmu04310; PMID: 23209147	WNT agonist	WNT antagonist	WNT activation receptor	WNT inhibition receptor	CellChatDB v1
Wnt2b	Fzd10+Lrp6	WNT	1.0	Secreted Signaling	CellChatDB	WNT2B_FZD10_LRP6	KEGG: mmu04310; PMID: 23209147	WNT agonist	WNT antagonist	WNT activation receptor	WNT inhibition receptor	CellChatDB v1
Wnt2b	Fzd2+Lrp6	WNT	1.0	Secreted Signaling	CellChatDB	WNT2B_FZD2_LRP6	KEGG: mmu04310; PMID: 23209147	WNT agonist	WNT antagonist	WNT activation receptor	WNT inhibition receptor	CellChatDB v1
Wnt2b	Fzd3+Lrp6	WNT	1.0	Secreted Signaling	CellChatDB	WNT2B_FZD3_LRP6	KEGG: mmu04310; PMID: 23209147	WNT agonist	WNT antagonist	WNT activation receptor	WNT inhibition receptor	CellChatDB v1
Wnt2b	Fzd4+Lrp6	WNT	1.0	Secreted Signaling	CellChatDB	WNT2B_FZD4_LRP6	KEGG: mmu04310; PMID: 23209147	WNT agonist	WNT antagonist	WNT activation receptor	WNT inhibition receptor	CellChatDB v1
Wnt2b	Fzd5+Lrp6	WNT	1.0	Secreted Signaling	CellChatDB	WNT2B_FZD5_LRP6	KEGG: mmu04310; PMID: 23209147	WNT agonist	WNT antagonist	WNT activation receptor	WNT inhibition receptor	CellChatDB v1
Wnt2b	Fzd6+Lrp6	WNT	1.0	Secreted Signaling	CellChatDB	WNT2B_FZD6_LRP6	KEGG: mmu04310; PMID: 23209147	WNT agonist	WNT antagonist	WNT activation receptor	WNT inhibition receptor	CellChatDB v1
Wnt2b	Fzd7+Lrp6	WNT	1.0	Secreted Signaling	CellChatDB	WNT2B_FZD7_LRP6	KEGG: mmu04310; PMID: 23209147	WNT agonist	WNT antagonist	WNT activation receptor	WNT inhibition receptor	CellChatDB v1
Wnt2b	Fzd8+Lrp6	WNT	1.0	Secreted Signaling	CellChatDB	WNT2B_FZD8_LRP6	KEGG: mmu04310; PMID: 23209147	WNT agonist	WNT antagonist	WNT activation receptor	WNT inhibition receptor	CellChatDB v1
Wnt2b	Fzd9+Lrp6	WNT	1.0	Secreted Signaling	CellChatDB	WNT2B_FZD9_LRP6	KEGG: mmu04310; PMID: 23209147	WNT agonist	WNT antagonist	WNT activation receptor	WNT inhibition receptor	CellChatDB v1
Wnt3	Fzd1+Lrp6	WNT	1.0	Secreted Signaling	CellChatDB	WNT3_FZD1_LRP6	KEGG: mmu04310; PMID: 23209147	WNT agonist	WNT antagonist	WNT activation receptor	WNT inhibition receptor	CellChatDB v1
Wnt3	Fzd10+Lrp6	WNT	1.0	Secreted Signaling	CellChatDB	WNT3_FZD10_LRP6	KEGG: mmu04310; PMID: 23209147	WNT agonist	WNT antagonist	WNT activation receptor	WNT inhibition receptor	CellChatDB v1
Wnt3	Fzd2+Lrp6	WNT	1.0	Secreted Signaling	CellChatDB	WNT3_FZD2_LRP6	KEGG: mmu04310; PMID: 23209147	WNT agonist	WNT antagonist	WNT activation receptor	WNT inhibition receptor	CellChatDB v1
Wnt3	Fzd3+Lrp6	WNT	1.0	Secreted Signaling	CellChatDB	WNT3_FZD3_LRP6	KEGG: mmu04310; PMID: 23209147	WNT agonist	WNT antagonist	WNT activation receptor	WNT inhibition receptor	CellChatDB v1
Wnt3	Fzd4+Lrp6	WNT	1.0	Secreted Signaling	CellChatDB	WNT3_FZD4_LRP6	KEGG: mmu04310; PMID: 23209147	WNT agonist	WNT antagonist	WNT activation receptor	WNT inhibition receptor	CellChatDB v1
Wnt3	Fzd5+Lrp6	WNT	1.0	Secreted Signaling	CellChatDB	WNT3_FZD5_LRP6	KEGG: mmu04310; PMID: 23209147	WNT agonist	WNT antagonist	WNT activation receptor	WNT inhibition receptor	CellChatDB v1
Wnt3	Fzd6+Lrp6	WNT	1.0	Secreted Signaling	CellChatDB	WNT3_FZD6_LRP6	KEGG: mmu04310; PMID: 23209147	WNT agonist	WNT antagonist	WNT activation receptor	WNT inhibition receptor	CellChatDB v1
Wnt3	Fzd7+Lrp6	WNT	1.0	Secreted Signaling	CellChatDB	WNT3_FZD7_LRP6	KEGG: mmu04310; PMID: 23209147	WNT agonist	WNT antagonist	WNT activation receptor	WNT inhibition receptor	CellChatDB v1
Wnt3	Fzd8+Lrp6	WNT	1.0	Secreted Signaling	CellChatDB	WNT3_FZD8_LRP6	KEGG: mmu04310; PMID: 23209147	WNT agonist	WNT antagonist	WNT activation receptor	WNT inhibition receptor	CellChatDB v1
Wnt3	Fzd9+Lrp6	WNT	1.0	Secreted Signaling	CellChatDB	WNT3_FZD9_LRP6	KEGG: mmu04310; PMID: 23209147	WNT agonist	WNT antagonist	WNT activation receptor	WNT inhibition receptor	CellChatDB v1
Wnt3a	Fzd1+Lrp6	WNT	1.0	Secreted Signaling	CellChatDB	WNT3A_FZD1_LRP6	KEGG: mmu04310; PMID: 23209147	WNT agonist	WNT antagonist	WNT activation receptor	WNT inhibition receptor	CellChatDB v1
Wnt3a	Fzd10+Lrp6	WNT	1.0	Secreted Signaling	CellChatDB	WNT3A_FZD10_LRP6	KEGG: mmu04310; PMID: 23209147	WNT agonist	WNT antagonist	WNT activation receptor	WNT inhibition receptor	CellChatDB v1
Wnt3a	Fzd2+Lrp6	WNT	1.0	Secreted Signaling	CellChatDB	WNT3A_FZD2_LRP6	KEGG: mmu04310; PMID: 23209147	WNT agonist	WNT antagonist	WNT activation receptor	WNT inhibition receptor	CellChatDB v1
Wnt3a	Fzd3+Lrp6	WNT	1.0	Secreted Signaling	CellChatDB	WNT3A_FZD3_LRP6	KEGG: mmu04310; PMID: 23209147	WNT agonist	WNT antagonist	WNT activation receptor	WNT inhibition receptor	CellChatDB v1
Wnt3a	Fzd4+Lrp6	WNT	1.0	Secreted Signaling	CellChatDB	WNT3A_FZD4_LRP6	KEGG: mmu04310; PMID: 23209147	WNT agonist	WNT antagonist	WNT activation receptor	WNT inhibition receptor	CellChatDB v1
Wnt3a	Fzd5+Lrp6	WNT	1.0	Secreted Signaling	CellChatDB	WNT3A_FZD5_LRP6	KEGG: mmu04310; PMID: 23209147	WNT agonist	WNT antagonist	WNT activation receptor	WNT inhibition receptor	CellChatDB v1
Wnt3a	Fzd6+Lrp6	WNT	1.0	Secreted Signaling	CellChatDB	WNT3A_FZD6_LRP6	KEGG: mmu04310; PMID: 23209147	WNT agonist	WNT antagonist	WNT activation receptor	WNT inhibition receptor	CellChatDB v1
Wnt3a	Fzd7+Lrp6	WNT	1.0	Secreted Signaling	CellChatDB	WNT3A_FZD7_LRP6	KEGG: mmu04310; PMID: 23209147	WNT agonist	WNT antagonist	WNT activation receptor	WNT inhibition receptor	CellChatDB v1
Wnt3a	Fzd8+Lrp6	WNT	1.0	Secreted Signaling	CellChatDB	WNT3A_FZD8_LRP6	KEGG: mmu04310; PMID: 23209147	WNT agonist	WNT antagonist	WNT activation receptor	WNT inhibition receptor	CellChatDB v1
Wnt3a	Fzd9+Lrp6	WNT	1.0	Secreted Signaling	CellChatDB	WNT3A_FZD9_LRP6	KEGG: mmu04310; PMID: 23209147	WNT agonist	WNT antagonist	WNT activation receptor	WNT inhibition receptor	CellChatDB v1
Wnt4	Fzd1+Lrp6	WNT	1.0	Secreted Signaling	CellChatDB	WNT4_FZD1_LRP6	KEGG: mmu04310; PMID: 23209147	WNT agonist	WNT antagonist	WNT activation receptor	WNT inhibition receptor	CellChatDB v1
Wnt4	Fzd10+Lrp6	WNT	1.0	Secreted Signaling	CellChatDB	WNT4_FZD10_LRP6	KEGG: mmu04310; PMID: 23209147	WNT agonist	WNT antagonist	WNT activation receptor	WNT inhibition receptor	CellChatDB v1
Wnt4	Fzd2+Lrp6	WNT	1.0	Secreted Signaling	CellChatDB	WNT4_FZD2_LRP6	KEGG: mmu04310; PMID: 23209147	WNT agonist	WNT antagonist	WNT activation receptor	WNT inhibition receptor	CellChatDB v1
Wnt4	Fzd3+Lrp6	WNT	1.0	Secreted Signaling	CellChatDB	WNT4_FZD3_LRP6	KEGG: mmu04310; PMID: 23209147	WNT agonist	WNT antagonist	WNT activation receptor	WNT inhibition receptor	CellChatDB v1
Wnt4	Fzd4+Lrp6	WNT	1.0	Secreted Signaling	CellChatDB	WNT4_FZD4_LRP6	KEGG: mmu04310; PMID: 23209147	WNT agonist	WNT antagonist	WNT activation receptor	WNT inhibition receptor	CellChatDB v1
Wnt4	Fzd5+Lrp6	WNT	1.0	Secreted Signaling	CellChatDB	WNT4_FZD5_LRP6	KEGG: mmu04310; PMID: 23209147	WNT agonist	WNT antagonist	WNT activation receptor	WNT inhibition receptor	CellChatDB v1
Wnt4	Fzd6+Lrp6	WNT	1.0	Secreted Signaling	CellChatDB	WNT4_FZD6_LRP6	KEGG: mmu04310; PMID: 23209147	WNT agonist	WNT antagonist	WNT activation receptor	WNT inhibition receptor	CellChatDB v1
Wnt4	Fzd7+Lrp6	WNT	1.0	Secreted Signaling	CellChatDB	WNT4_FZD7_LRP6	KEGG: mmu04310; PMID: 23209147	WNT agonist	WNT antagonist	WNT activation receptor	WNT inhibition receptor	CellChatDB v1
Wnt4	Fzd8+Lrp6	WNT	1.0	Secreted Signaling	CellChatDB	WNT4_FZD8_LRP6	KEGG: mmu04310; PMID: 23209147	WNT agonist	WNT antagonist	WNT activation receptor	WNT inhibition receptor	CellChatDB v1
Wnt4	Fzd9+Lrp6	WNT	1.0	Secreted Signaling	CellChatDB	WNT4_FZD9_LRP6	KEGG: mmu04310; PMID: 23209147	WNT agonist	WNT antagonist	WNT activation receptor	WNT inhibition receptor	CellChatDB v1
Wnt6	Fzd1+Lrp6	WNT	1.0	Secreted Signaling	CellChatDB	WNT6_FZD1_LRP6	KEGG: mmu04310; PMID: 23209147	WNT agonist	WNT antagonist	WNT activation receptor	WNT inhibition receptor	CellChatDB v1
Wnt6	Fzd10+Lrp6	WNT	1.0	Secreted Signaling	CellChatDB	WNT6_FZD10_LRP6	KEGG: mmu04310; PMID: 23209147	WNT agonist	WNT antagonist	WNT activation receptor	WNT inhibition receptor	CellChatDB v1
Wnt6	Fzd2+Lrp6	WNT	1.0	Secreted Signaling	CellChatDB	WNT6_FZD2_LRP6	KEGG: mmu04310; PMID: 23209147	WNT agonist	WNT antagonist	WNT activation receptor	WNT inhibition receptor	CellChatDB v1
Wnt6	Fzd3+Lrp6	WNT	1.0	Secreted Signaling	CellChatDB	WNT6_FZD3_LRP6	KEGG: mmu04310; PMID: 23209147	WNT agonist	WNT antagonist	WNT activation receptor	WNT inhibition receptor	CellChatDB v1
Wnt6	Fzd4+Lrp6	WNT	1.0	Secreted Signaling	CellChatDB	WNT6_FZD4_LRP6	KEGG: mmu04310; PMID: 23209147	WNT agonist	WNT antagonist	WNT activation receptor	WNT inhibition receptor	CellChatDB v1
Wnt6	Fzd5+Lrp6	WNT	1.0	Secreted Signaling	CellChatDB	WNT6_FZD5_LRP6	KEGG: mmu04310; PMID: 23209147	WNT agonist	WNT antagonist	WNT activation receptor	WNT inhibition receptor	CellChatDB v1
Wnt6	Fzd6+Lrp6	WNT	1.0	Secreted Signaling	CellChatDB	WNT6_FZD6_LRP6	KEGG: mmu04310; PMID: 23209147	WNT agonist	WNT antagonist	WNT activation receptor	WNT inhibition receptor	CellChatDB v1
Wnt6	Fzd7+Lrp6	WNT	1.0	Secreted Signaling	CellChatDB	WNT6_FZD7_LRP6	KEGG: mmu04310; PMID: 23209147	WNT agonist	WNT antagonist	WNT activation receptor	WNT inhibition receptor	CellChatDB v1
Wnt6	Fzd8+Lrp6	WNT	1.0	Secreted Signaling	CellChatDB	WNT6_FZD8_LRP6	KEGG: mmu04310; PMID: 23209147	WNT agonist	WNT antagonist	WNT activation receptor	WNT inhibition receptor	CellChatDB v1
Wnt6	Fzd9+Lrp6	WNT	1.0	Secreted Signaling	CellChatDB	WNT6_FZD9_LRP6	KEGG: mmu04310; PMID: 23209147	WNT agonist	WNT antagonist	WNT activation receptor	WNT inhibition receptor	CellChatDB v1
Wnt7a	Fzd1+Lrp6	WNT	1.0	Secreted Signaling	CellChatDB	WNT7A_FZD1_LRP6	KEGG: mmu04310; PMID: 23209147	WNT agonist	WNT antagonist	WNT activation receptor	WNT inhibition receptor	CellChatDB v1
Wnt7a	Fzd10+Lrp6	WNT	1.0	Secreted Signaling	CellChatDB	WNT7A_FZD10_LRP6	KEGG: mmu04310; PMID: 23209147	WNT agonist	WNT antagonist	WNT activation receptor	WNT inhibition receptor	CellChatDB v1
Wnt7a	Fzd2+Lrp6	WNT	1.0	Secreted Signaling	CellChatDB	WNT7A_FZD2_LRP6	KEGG: mmu04310; PMID: 23209147	WNT agonist	WNT antagonist	WNT activation receptor	WNT inhibition receptor	CellChatDB v1
Wnt7a	Fzd3+Lrp6	WNT	1.0	Secreted Signaling	CellChatDB	WNT7A_FZD3_LRP6	KEGG: mmu04310; PMID: 23209147	WNT agonist	WNT antagonist	WNT activation receptor	WNT inhibition receptor	CellChatDB v1
Wnt7a	Fzd4+Lrp6	WNT	1.0	Secreted Signaling	CellChatDB	WNT7A_FZD4_LRP6	KEGG: mmu04310; PMID: 23209147	WNT agonist	WNT antagonist	WNT activation receptor	WNT inhibition receptor	CellChatDB v1
Wnt7a	Fzd5+Lrp6	WNT	1.0	Secreted Signaling	CellChatDB	WNT7A_FZD5_LRP6	KEGG: mmu04310; PMID: 23209147	WNT agonist	WNT antagonist	WNT activation receptor	WNT inhibition receptor	CellChatDB v1
Wnt7a	Fzd6+Lrp6	WNT	1.0	Secreted Signaling	CellChatDB	WNT7A_FZD6_LRP6	KEGG: mmu04310; PMID: 23209147	WNT agonist	WNT antagonist	WNT activation receptor	WNT inhibition receptor	CellChatDB v1
Wnt7a	Fzd7+Lrp6	WNT	1.0	Secreted Signaling	CellChatDB	WNT7A_FZD7_LRP6	KEGG: mmu04310; PMID: 23209147	WNT agonist	WNT antagonist	WNT activation receptor	WNT inhibition receptor	CellChatDB v1
Wnt7a	Fzd8+Lrp6	WNT	1.0	Secreted Signaling	CellChatDB	WNT7A_FZD8_LRP6	KEGG: mmu04310; PMID: 23209147	WNT agonist	WNT antagonist	WNT activation receptor	WNT inhibition receptor	CellChatDB v1
Wnt7a	Fzd9+Lrp6	WNT	1.0	Secreted Signaling	CellChatDB	WNT7A_FZD9_LRP6	KEGG: mmu04310; PMID: 23209147	WNT agonist	WNT antagonist	WNT activation receptor	WNT inhibition receptor	CellChatDB v1
Wnt7b	Fzd1+Lrp6	WNT	1.0	Secreted Signaling	CellChatDB	WNT7B_FZD1_LRP6	KEGG: mmu04310; PMID: 23209147	WNT agonist	WNT antagonist	WNT activation receptor	WNT inhibition receptor	CellChatDB v1
Wnt7b	Fzd10+Lrp6	WNT	1.0	Secreted Signaling	CellChatDB	WNT7B_FZD10_LRP6	KEGG: mmu04310; PMID: 23209147	WNT agonist	WNT antagonist	WNT activation receptor	WNT inhibition receptor	CellChatDB v1
Wnt7b	Fzd2+Lrp6	WNT	1.0	Secreted Signaling	CellChatDB	WNT7B_FZD2_LRP6	KEGG: mmu04310; PMID: 23209147	WNT agonist	WNT antagonist	WNT activation receptor	WNT inhibition receptor	CellChatDB v1
Wnt7b	Fzd3+Lrp6	WNT	1.0	Secreted Signaling	CellChatDB	WNT7B_FZD3_LRP6	KEGG: mmu04310; PMID: 23209147	WNT agonist	WNT antagonist	WNT activation receptor	WNT inhibition receptor	CellChatDB v1
Wnt7b	Fzd4+Lrp6	WNT	1.0	Secreted Signaling	CellChatDB	WNT7B_FZD4_LRP6	KEGG: mmu04310; PMID: 23209147	WNT agonist	WNT antagonist	WNT activation receptor	WNT inhibition receptor	CellChatDB v1
Wnt7b	Fzd5+Lrp6	WNT	1.0	Secreted Signaling	CellChatDB	WNT7B_FZD5_LRP6	KEGG: mmu04310; PMID: 23209147	WNT agonist	WNT antagonist	WNT activation receptor	WNT inhibition receptor	CellChatDB v1
Wnt7b	Fzd6+Lrp6	WNT	1.0	Secreted Signaling	CellChatDB	WNT7B_FZD6_LRP6	KEGG: mmu04310; PMID: 23209147	WNT agonist	WNT antagonist	WNT activation receptor	WNT inhibition receptor	CellChatDB v1
Wnt7b	Fzd7+Lrp6	WNT	1.0	Secreted Signaling	CellChatDB	WNT7B_FZD7_LRP6	KEGG: mmu04310; PMID: 23209147	WNT agonist	WNT antagonist	WNT activation receptor	WNT inhibition receptor	CellChatDB v1
Wnt7b	Fzd8+Lrp6	WNT	1.0	Secreted Signaling	CellChatDB	WNT7B_FZD8_LRP6	KEGG: mmu04310; PMID: 23209147	WNT agonist	WNT antagonist	WNT activation receptor	WNT inhibition receptor	CellChatDB v1
Wnt7b	Fzd9+Lrp6	WNT	1.0	Secreted Signaling	CellChatDB	WNT7B_FZD9_LRP6	KEGG: mmu04310; PMID: 23209147	WNT agonist	WNT antagonist	WNT activation receptor	WNT inhibition receptor	CellChatDB v1
Wnt8a	Fzd1+Lrp6	WNT	1.0	Secreted Signaling	CellChatDB	WNT8A_FZD1_LRP6	KEGG: mmu04310; PMID: 23209147	WNT agonist	WNT antagonist	WNT activation receptor	WNT inhibition receptor	CellChatDB v1
Wnt8a	Fzd10+Lrp6	WNT	1.0	Secreted Signaling	CellChatDB	WNT8A_FZD10_LRP6	KEGG: mmu04310; PMID: 23209147	WNT agonist	WNT antagonist	WNT activation receptor	WNT inhibition receptor	CellChatDB v1
Wnt8a	Fzd2+Lrp6	WNT	1.0	Secreted Signaling	CellChatDB	WNT8A_FZD2_LRP6	KEGG: mmu04310; PMID: 23209147	WNT agonist	WNT antagonist	WNT activation receptor	WNT inhibition receptor	CellChatDB v1
Wnt8a	Fzd3+Lrp6	WNT	1.0	Secreted Signaling	CellChatDB	WNT8A_FZD3_LRP6	KEGG: mmu04310; PMID: 23209147	WNT agonist	WNT antagonist	WNT activation receptor	WNT inhibition receptor	CellChatDB v1
Wnt8a	Fzd4+Lrp6	WNT	1.0	Secreted Signaling	CellChatDB	WNT8A_FZD4_LRP6	KEGG: mmu04310; PMID: 23209147	WNT agonist	WNT antagonist	WNT activation receptor	WNT inhibition receptor	CellChatDB v1
Wnt8a	Fzd5+Lrp6	WNT	1.0	Secreted Signaling	CellChatDB	WNT8A_FZD5_LRP6	KEGG: mmu04310; PMID: 23209147	WNT agonist	WNT antagonist	WNT activation receptor	WNT inhibition receptor	CellChatDB v1
Wnt8a	Fzd6+Lrp6	WNT	1.0	Secreted Signaling	CellChatDB	WNT8A_FZD6_LRP6	KEGG: mmu04310; PMID: 23209147	WNT agonist	WNT antagonist	WNT activation receptor	WNT inhibition receptor	CellChatDB v1
Wnt8a	Fzd7+Lrp6	WNT	1.0	Secreted Signaling	CellChatDB	WNT8A_FZD7_LRP6	KEGG: mmu04310; PMID: 23209147	WNT agonist	WNT antagonist	WNT activation receptor	WNT inhibition receptor	CellChatDB v1
Wnt8a	Fzd8+Lrp6	WNT	1.0	Secreted Signaling	CellChatDB	WNT8A_FZD8_LRP6	KEGG: mmu04310; PMID: 23209147	WNT agonist	WNT antagonist	WNT activation receptor	WNT inhibition receptor	CellChatDB v1
Wnt8a	Fzd9+Lrp6	WNT	1.0	Secreted Signaling	CellChatDB	WNT8A_FZD9_LRP6	KEGG: mmu04310; PMID: 23209147	WNT agonist	WNT antagonist	WNT activation receptor	WNT inhibition receptor	CellChatDB v1
Wnt8b	Fzd1+Lrp6	WNT	1.0	Secreted Signaling	CellChatDB	WNT8B_FZD1_LRP6	KEGG: mmu04310; PMID: 23209147	WNT agonist	WNT antagonist	WNT activation receptor	WNT inhibition receptor	CellChatDB v1
Wnt8b	Fzd10+Lrp6	WNT	1.0	Secreted Signaling	CellChatDB	WNT8B_FZD10_LRP6	KEGG: mmu04310; PMID: 23209147	WNT agonist	WNT antagonist	WNT activation receptor	WNT inhibition receptor	CellChatDB v1
Wnt8b	Fzd2+Lrp6	WNT	1.0	Secreted Signaling	CellChatDB	WNT8B_FZD2_LRP6	KEGG: mmu04310; PMID: 23209147	WNT agonist	WNT antagonist	WNT activation receptor	WNT inhibition receptor	CellChatDB v1
Wnt8b	Fzd3+Lrp6	WNT	1.0	Secreted Signaling	CellChatDB	WNT8B_FZD3_LRP6	KEGG: mmu04310; PMID: 23209147	WNT agonist	WNT antagonist	WNT activation receptor	WNT inhibition receptor	CellChatDB v1
Wnt8b	Fzd4+Lrp6	WNT	1.0	Secreted Signaling	CellChatDB	WNT8B_FZD4_LRP6	KEGG: mmu04310; PMID: 23209147	WNT agonist	WNT antagonist	WNT activation receptor	WNT inhibition receptor	CellChatDB v1
Wnt8b	Fzd5+Lrp6	WNT	1.0	Secreted Signaling	CellChatDB	WNT8B_FZD5_LRP6	KEGG: mmu04310; PMID: 23209147	WNT agonist	WNT antagonist	WNT activation receptor	WNT inhibition receptor	CellChatDB v1
Wnt8b	Fzd6+Lrp6	WNT	1.0	Secreted Signaling	CellChatDB	WNT8B_FZD6_LRP6	KEGG: mmu04310; PMID: 23209147	WNT agonist	WNT antagonist	WNT activation receptor	WNT inhibition receptor	CellChatDB v1
Wnt8b	Fzd7+Lrp6	WNT	1.0	Secreted Signaling	CellChatDB	WNT8B_FZD7_LRP6	KEGG: mmu04310; PMID: 23209147	WNT agonist	WNT antagonist	WNT activation receptor	WNT inhibition receptor	CellChatDB v1
Wnt8b	Fzd8+Lrp6	WNT	1.0	Secreted Signaling	CellChatDB	WNT8B_FZD8_LRP6	KEGG: mmu04310; PMID: 23209147	WNT agonist	WNT antagonist	WNT activation receptor	WNT inhibition receptor	CellChatDB v1
Wnt8b	Fzd9+Lrp6	WNT	1.0	Secreted Signaling	CellChatDB	WNT8B_FZD9_LRP6	KEGG: mmu04310; PMID: 23209147	WNT agonist	WNT antagonist	WNT activation receptor	WNT inhibition receptor	CellChatDB v1
Wnt9a	Fzd1+Lrp6	WNT	1.0	Secreted Signaling	CellChatDB	WNT9A_FZD1_LRP6	KEGG: mmu04310; PMID: 23209147	WNT agonist	WNT antagonist	WNT activation receptor	WNT inhibition receptor	CellChatDB v1
Wnt9a	Fzd10+Lrp6	WNT	1.0	Secreted Signaling	CellChatDB	WNT9A_FZD10_LRP6	KEGG: mmu04310; PMID: 23209147	WNT agonist	WNT antagonist	WNT activation receptor	WNT inhibition receptor	CellChatDB v1
Wnt9a	Fzd2+Lrp6	WNT	1.0	Secreted Signaling	CellChatDB	WNT9A_FZD2_LRP6	KEGG: mmu04310; PMID: 23209147	WNT agonist	WNT antagonist	WNT activation receptor	WNT inhibition receptor	CellChatDB v1
Wnt9a	Fzd3+Lrp6	WNT	1.0	Secreted Signaling	CellChatDB	WNT9A_FZD3_LRP6	KEGG: mmu04310; PMID: 23209147	WNT agonist	WNT antagonist	WNT activation receptor	WNT inhibition receptor	CellChatDB v1
Wnt9a	Fzd4+Lrp6	WNT	1.0	Secreted Signaling	CellChatDB	WNT9A_FZD4_LRP6	KEGG: mmu04310; PMID: 23209147	WNT agonist	WNT antagonist	WNT activation receptor	WNT inhibition receptor	CellChatDB v1
Wnt9a	Fzd5+Lrp6	WNT	1.0	Secreted Signaling	CellChatDB	WNT9A_FZD5_LRP6	KEGG: mmu04310; PMID: 23209147	WNT agonist	WNT antagonist	WNT activation receptor	WNT inhibition receptor	CellChatDB v1
Wnt9a	Fzd6+Lrp6	WNT	1.0	Secreted Signaling	CellChatDB	WNT9A_FZD6_LRP6	KEGG: mmu04310; PMID: 23209147	WNT agonist	WNT antagonist	WNT activation receptor	WNT inhibition receptor	CellChatDB v1
Wnt9a	Fzd7+Lrp6	WNT	1.0	Secreted Signaling	CellChatDB	WNT9A_FZD7_LRP6	KEGG: mmu04310; PMID: 23209147	WNT agonist	WNT antagonist	WNT activation receptor	WNT inhibition receptor	CellChatDB v1
Wnt9a	Fzd8+Lrp6	WNT	1.0	Secreted Signaling	CellChatDB	WNT9A_FZD8_LRP6	KEGG: mmu04310; PMID: 23209147	WNT agonist	WNT antagonist	WNT activation receptor	WNT inhibition receptor	CellChatDB v1
Wnt9a	Fzd9+Lrp6	WNT	1.0	Secreted Signaling	CellChatDB	WNT9A_FZD9_LRP6	KEGG: mmu04310; PMID: 23209147	WNT agonist	WNT antagonist	WNT activation receptor	WNT inhibition receptor	CellChatDB v1
Wnt9b	Fzd1+Lrp6	WNT	1.0	Secreted Signaling	CellChatDB	WNT9B_FZD1_LRP6	KEGG: mmu04310; PMID: 23209147	WNT agonist	WNT antagonist	WNT activation receptor	WNT inhibition receptor	CellChatDB v1
Wnt9b	Fzd10+Lrp6	WNT	1.0	Secreted Signaling	CellChatDB	WNT9B_FZD10_LRP6	KEGG: mmu04310; PMID: 23209147	WNT agonist	WNT antagonist	WNT activation receptor	WNT inhibition receptor	CellChatDB v1
Wnt9b	Fzd2+Lrp6	WNT	1.0	Secreted Signaling	CellChatDB	WNT9B_FZD2_LRP6	KEGG: mmu04310; PMID: 23209147	WNT agonist	WNT antagonist	WNT activation receptor	WNT inhibition receptor	CellChatDB v1
Wnt9b	Fzd3+Lrp6	WNT	1.0	Secreted Signaling	CellChatDB	WNT9B_FZD3_LRP6	KEGG: mmu04310; PMID: 23209147	WNT agonist	WNT antagonist	WNT activation receptor	WNT inhibition receptor	CellChatDB v1
Wnt9b	Fzd4+Lrp6	WNT	1.0	Secreted Signaling	CellChatDB	WNT9B_FZD4_LRP6	KEGG: mmu04310; PMID: 23209147	WNT agonist	WNT antagonist	WNT activation receptor	WNT inhibition receptor	CellChatDB v1
Wnt9b	Fzd5+Lrp6	WNT	1.0	Secreted Signaling	CellChatDB	WNT9B_FZD5_LRP6	KEGG: mmu04310; PMID: 23209147	WNT agonist	WNT antagonist	WNT activation receptor	WNT inhibition receptor	CellChatDB v1
Wnt9b	Fzd6+Lrp6	WNT	1.0	Secreted Signaling	CellChatDB	WNT9B_FZD6_LRP6	KEGG: mmu04310; PMID: 23209147	WNT agonist	WNT antagonist	WNT activation receptor	WNT inhibition receptor	CellChatDB v1
Wnt9b	Fzd7+Lrp6	WNT	1.0	Secreted Signaling	CellChatDB	WNT9B_FZD7_LRP6	KEGG: mmu04310; PMID: 23209147	WNT agonist	WNT antagonist	WNT activation receptor	WNT inhibition receptor	CellChatDB v1
Wnt9b	Fzd8+Lrp6	WNT	1.0	Secreted Signaling	CellChatDB	WNT9B_FZD8_LRP6	KEGG: mmu04310; PMID: 23209147	WNT agonist	WNT antagonist	WNT activation receptor	WNT inhibition receptor	CellChatDB v1
Wnt9b	Fzd9+Lrp6	WNT	1.0	Secreted Signaling	CellChatDB	WNT9B_FZD9_LRP6	KEGG: mmu04310; PMID: 23209147	WNT agonist	WNT antagonist	WNT activation receptor	WNT inhibition receptor	CellChatDB v1
Wnt5a	Fzd1	ncWNT	1.0	Secreted Signaling	CellChatDB	WNT5A_FZD1	KEGG: mmu04310			ncWNT activation receptor		CellChatDB v1
Wnt5a	Fzd10	ncWNT	1.0	Secreted Signaling	CellChatDB	WNT5A_FZD10	KEGG: mmu04310			ncWNT activation receptor		CellChatDB v1
Wnt5a	Fzd2	ncWNT	1.0	Secreted Signaling	CellChatDB	WNT5A_FZD2	KEGG: mmu04310			ncWNT activation receptor		CellChatDB v1
Wnt5a	Fzd3	ncWNT	1.0	Secreted Signaling	CellChatDB	WNT5A_FZD3	KEGG: mmu04310			ncWNT activation receptor		CellChatDB v1
Wnt5a	Fzd4	ncWNT	1.0	Secreted Signaling	CellChatDB	WNT5A_FZD4	KEGG: mmu04310			ncWNT activation receptor		CellChatDB v1
Wnt5a	Fzd5	ncWNT	1.0	Secreted Signaling	CellChatDB	WNT5A_FZD5	KEGG: mmu04310			ncWNT activation receptor		CellChatDB v1
Wnt5a	Fzd6	ncWNT	1.0	Secreted Signaling	CellChatDB	WNT5A_FZD6	KEGG: mmu04310			ncWNT activation receptor		CellChatDB v1
Wnt5a	Fzd7	ncWNT	1.0	Secreted Signaling	CellChatDB	WNT5A_FZD7	KEGG: mmu04310			ncWNT activation receptor		CellChatDB v1
Wnt5a	Fzd8	ncWNT	1.0	Secreted Signaling	CellChatDB	WNT5A_FZD8	KEGG: mmu04310			ncWNT activation receptor		CellChatDB v1
Wnt5a	Fzd9	ncWNT	1.0	Secreted Signaling	CellChatDB	WNT5A_FZD9	KEGG: mmu04310			ncWNT activation receptor		CellChatDB v1
Wnt5a	Mcam	ncWNT	1.0	Secreted Signaling	CellChatDB	WNT5A_MCAM	PMID: 24335906					CellChatDB v1
Wnt5b	Fzd1	ncWNT	1.0	Secreted Signaling	CellChatDB	WNT5B_FZD1	KEGG: mmu04310			ncWNT activation receptor		CellChatDB v1
Wnt5b	Fzd10	ncWNT	1.0	Secreted Signaling	CellChatDB	WNT5B_FZD10	KEGG: mmu04310			ncWNT activation receptor		CellChatDB v1
Wnt5b	Fzd2	ncWNT	1.0	Secreted Signaling	CellChatDB	WNT5B_FZD2	KEGG: mmu04310			ncWNT activation receptor		CellChatDB v1
Wnt5b	Fzd3	ncWNT	1.0	Secreted Signaling	CellChatDB	WNT5B_FZD3	KEGG: mmu04310			ncWNT activation receptor		CellChatDB v1
Wnt5b	Fzd4	ncWNT	1.0	Secreted Signaling	CellChatDB	WNT5B_FZD4	KEGG: mmu04310			ncWNT activation receptor		CellChatDB v1
Wnt5b	Fzd5	ncWNT	1.0	Secreted Signaling	CellChatDB	WNT5B_FZD5	KEGG: mmu04310			ncWNT activation receptor		CellChatDB v1
Wnt5b	Fzd6	ncWNT	1.0	Secreted Signaling	CellChatDB	WNT5B_FZD6	KEGG: mmu04310			ncWNT activation receptor		CellChatDB v1
Wnt5b	Fzd7	ncWNT	1.0	Secreted Signaling	CellChatDB	WNT5B_FZD7	KEGG: mmu04310			ncWNT activation receptor		CellChatDB v1
Wnt5b	Fzd8	ncWNT	1.0	Secreted Signaling	CellChatDB	WNT5B_FZD8	KEGG: mmu04310			ncWNT activation receptor		CellChatDB v1
Wnt5b	Fzd9	ncWNT	1.0	Secreted Signaling	CellChatDB	WNT5B_FZD9	KEGG: mmu04310			ncWNT activation receptor		CellChatDB v1
Wnt11	Fzd1	ncWNT	1.0	Secreted Signaling	CellChatDB	WNT11_FZD1	KEGG: mmu04310			ncWNT activation receptor		CellChatDB v1
Wnt11	Fzd10	ncWNT	1.0	Secreted Signaling	CellChatDB	WNT11_FZD10	KEGG: mmu04310			ncWNT activation receptor		CellChatDB v1
Wnt11	Fzd2	ncWNT	1.0	Secreted Signaling	CellChatDB	WNT11_FZD2	KEGG: mmu04310			ncWNT activation receptor		CellChatDB v1
Wnt11	Fzd3	ncWNT	1.0	Secreted Signaling	CellChatDB	WNT11_FZD3	KEGG: mmu04310			ncWNT activation receptor		CellChatDB v1
Wnt11	Fzd4	ncWNT	1.0	Secreted Signaling	CellChatDB	WNT11_FZD4	KEGG: mmu04310			ncWNT activation receptor		CellChatDB v1
Wnt11	Fzd5	ncWNT	1.0	Secreted Signaling	CellChatDB	WNT11_FZD5	KEGG: mmu04310			ncWNT activation receptor		CellChatDB v1
Wnt11	Fzd6	ncWNT	1.0	Secreted Signaling	CellChatDB	WNT11_FZD6	KEGG: mmu04310			ncWNT activation receptor		CellChatDB v1
Wnt11	Fzd7	ncWNT	1.0	Secreted Signaling	CellChatDB	WNT11_FZD7	KEGG: mmu04310			ncWNT activation receptor		CellChatDB v1
Wnt11	Fzd8	ncWNT	1.0	Secreted Signaling	CellChatDB	WNT11_FZD8	KEGG: mmu04310			ncWNT activation receptor		CellChatDB v1
Wnt11	Fzd9	ncWNT	1.0	Secreted Signaling	CellChatDB	WNT11_FZD9	KEGG: mmu04310			ncWNT activation receptor		CellChatDB v1
Egf	Egfr	EGF	1.0	Secreted Signaling	CellChatDB	EGF_EGFR	KEGG: mmu04012					CellChatDB v1
Egf	Egfr+Erbb2	EGF	1.0	Secreted Signaling	CellChatDB	EGF_EGFR_ERBB2	KEGG: mmu04012					CellChatDB v1
Tgfa	Egfr	EGF	1.0	Secreted Signaling	CellChatDB	TGFA_EGFR	KEGG: mmu04012					CellChatDB v1
Tgfa	Egfr+Erbb2	EGF	1.0	Secreted Signaling	CellChatDB	TGFA_EGFR_ERBB2	KEGG: mmu04012					CellChatDB v1
Areg	Egfr	EGF	1.0	Secreted Signaling	CellChatDB	AREG_EGFR	KEGG: mmu04012					CellChatDB v1
Areg	Egfr+Erbb2	EGF	1.0	Secreted Signaling	CellChatDB	AREG_EGFR_ERBB2	KEGG: mmu04012					CellChatDB v1
Btc	Egfr	EGF	1.0	Secreted Signaling	CellChatDB	BTC_EGFR	KEGG: mmu04012					CellChatDB v1
Btc	Egfr+Erbb2	EGF	1.0	Secreted Signaling	CellChatDB	BTC_EGFR_ERBB2	KEGG: mmu04012					CellChatDB v1
Btc	Erbb4	EGF	1.0	Secreted Signaling	CellChatDB	BTC_ERBB4	KEGG: mmu04012					CellChatDB v1
Btc	Erbb2+Erbb4	EGF	1.0	Secreted Signaling	CellChatDB	BTC_ERBB2_ERBB4	KEGG: mmu04012					CellChatDB v1
Hbegf	Egfr	EGF	1.0	Secreted Signaling	CellChatDB	HBEGF_EGFR	KEGG: mmu04012					CellChatDB v1
Hbegf	Egfr+Erbb2	EGF	1.0	Secreted Signaling	CellChatDB	HBEGF_EGFR_ERBB2	KEGG: mmu04012					CellChatDB v1
Hbegf	Erbb4	EGF	1.0	Secreted Signaling	CellChatDB	HBEGF_ERBB4	KEGG: mmu04012					CellChatDB v1
Hbegf	Erbb2+Erbb4	EGF	1.0	Secreted Signaling	CellChatDB	HBEGF_ERBB2_ERBB4	KEGG: mmu04012					CellChatDB v1
Ereg	Egfr	EGF	1.0	Secreted Signaling	CellChatDB	EREG_EGFR	KEGG: mmu04012					CellChatDB v1
Ereg	Egfr+Erbb2	EGF	1.0	Secreted Signaling	CellChatDB	EREG_EGFR_ERBB2	KEGG: mmu04012					CellChatDB v1
Ereg	Erbb4	EGF	1.0	Secreted Signaling	CellChatDB	EREG_ERBB4	KEGG: mmu04012					CellChatDB v1
Ereg	Erbb2+Erbb4	EGF	1.0	Secreted Signaling	CellChatDB	EREG_ERBB2_ERBB4	KEGG: mmu04012					CellChatDB v1
Nrg1	Erbb3	NRG	1.0	Secreted Signaling	CellChatDB	NRG1_ERBB3	KEGG: mmu04012					CellChatDB v1
Nrg1	Erbb2+Erbb3	NRG	1.0	Secreted Signaling	CellChatDB	NRG1_ERBB2_ERBB3	KEGG: mmu04012					CellChatDB v1
Nrg1	Erbb4	NRG	1.0	Secreted Signaling	CellChatDB	NRG1_ERBB4	KEGG: mmu04012					CellChatDB v1
Nrg1	Erbb2+Erbb4	NRG	1.0	Secreted Signaling	CellChatDB	NRG1_ERBB2_ERBB4	KEGG: mmu04012					CellChatDB v1
Nrg2	Erbb3	NRG	1.0	Secreted Signaling	CellChatDB	NRG2_ERBB3	KEGG: mmu04012					CellChatDB v1
Nrg2	Erbb2+Erbb3	NRG	1.0	Secreted Signaling	CellChatDB	NRG2_ERBB2_ERBB3	KEGG: mmu04012					CellChatDB v1
Nrg2	Erbb4	NRG	1.0	Secreted Signaling	CellChatDB	NRG2_ERBB4	KEGG: mmu04012					CellChatDB v1
Nrg2	Erbb2+Erbb4	NRG	1.0	Secreted Signaling	CellChatDB	NRG2_ERBB2_ERBB4	KEGG: mmu04012					CellChatDB v1
Nrg3	Erbb4	NRG	1.0	Secreted Signaling	CellChatDB	NRG3_ERBB4	KEGG: mmu04012					CellChatDB v1
Nrg3	Erbb2+Erbb4	NRG	1.0	Secreted Signaling	CellChatDB	NRG3_ERBB2_ERBB4	KEGG: mmu04012					CellChatDB v1
Nrg4	Erbb4	NRG	1.0	Secreted Signaling	CellChatDB	NRG4_ERBB4	KEGG: mmu04012					CellChatDB v1
Nrg4	Erbb2+Erbb4	NRG	1.0	Secreted Signaling	CellChatDB	NRG4_ERBB2_ERBB4	KEGG: mmu04012					CellChatDB v1
Nrg1	Itgav+Itgb3	NRG	1.0	Secreted Signaling	CellChatDB	NRG1_ITGAV_ITGB3	PMID: 20682778					CellChatDB v1
Fgf1	Fgfr1	FGF	1.0	Secreted Signaling	CellChatDB	FGF1_FGFR1	PMC: 4393358				FGF inhibition receptor	CellChatDB v1
Fgf1	Fgfr2	FGF	1.0	Secreted Signaling	CellChatDB	FGF1_FGFR2	PMC: 4393358				FGF inhibition receptor	CellChatDB v1
Fgf1	Fgfr3	FGF	1.0	Secreted Signaling	CellChatDB	FGF1_FGFR3	PMC: 4393358				FGF inhibition receptor	CellChatDB v1
Fgf1	Fgfr4	FGF	1.0	Secreted Signaling	CellChatDB	FGF1_FGFR4	PMC: 4393358				FGF inhibition receptor	CellChatDB v1
Fgf2	Fgfr1	FGF	1.0	Secreted Signaling	CellChatDB	FGF2_FGFR1	PMC: 4393358				FGF inhibition receptor	CellChatDB v1
Fgf2	Fgfr2	FGF	1.0	Secreted Signaling	CellChatDB	FGF2_FGFR2	PMC: 4393358				FGF inhibition receptor	CellChatDB v1
Fgf2	Fgfr3	FGF	1.0	Secreted Signaling	CellChatDB	FGF2_FGFR3	PMC: 4393358				FGF inhibition receptor	CellChatDB v1
Fgf2	Fgfr4	FGF	1.0	Secreted Signaling	CellChatDB	FGF2_FGFR4	PMC: 4393358				FGF inhibition receptor	CellChatDB v1
Fgf4	Fgfr1	FGF	1.0	Secreted Signaling	CellChatDB	FGF4_FGFR1	PMC: 4393358				FGF inhibition receptor	CellChatDB v1
Fgf4	Fgfr2	FGF	1.0	Secreted Signaling	CellChatDB	FGF4_FGFR2	PMC: 4393358				FGF inhibition receptor	CellChatDB v1
Fgf4	Fgfr3	FGF	1.0	Secreted Signaling	CellChatDB	FGF4_FGFR3	PMC: 4393358				FGF inhibition receptor	CellChatDB v1
Fgf4	Fgfr4	FGF	1.0	Secreted Signaling	CellChatDB	FGF4_FGFR4	PMC: 4393358				FGF inhibition receptor	CellChatDB v1
Fgf5	Fgfr1	FGF	1.0	Secreted Signaling	CellChatDB	FGF5_FGFR1	PMC: 4393358				FGF inhibition receptor	CellChatDB v1
Fgf5	Fgfr2	FGF	1.0	Secreted Signaling	CellChatDB	FGF5_FGFR2	PMC: 4393358				FGF inhibition receptor	CellChatDB v1
Fgf5	Fgfr3	FGF	1.0	Secreted Signaling	CellChatDB	FGF5_FGFR3	PMC: 4393358				FGF inhibition receptor	CellChatDB v1
Fgf5	Fgfr4	FGF	1.0	Secreted Signaling	CellChatDB	FGF5_FGFR4	PMC: 4393358				FGF inhibition receptor	CellChatDB v1
Fgf6	Fgfr1	FGF	1.0	Secreted Signaling	CellChatDB	FGF6_FGFR1	PMC: 4393358				FGF inhibition receptor	CellChatDB v1
Fgf6	Fgfr2	FGF	1.0	Secreted Signaling	CellChatDB	FGF6_FGFR2	PMC: 4393358				FGF inhibition receptor	CellChatDB v1
Fgf6	Fgfr3	FGF	1.0	Secreted Signaling	CellChatDB	FGF6_FGFR3	PMC: 4393358				FGF inhibition receptor	CellChatDB v1
Fgf6	Fgfr4	FGF	1.0	Secreted Signaling	CellChatDB	FGF6_FGFR4	PMC: 4393358				FGF inhibition receptor	CellChatDB v1
Fgf7	Fgfr1	FGF	1.0	Secreted Signaling	CellChatDB	FGF7_FGFR1	PMC: 4393358				FGF inhibition receptor	CellChatDB v1
Fgf7	Fgfr2	FGF	1.0	Secreted Signaling	CellChatDB	FGF7_FGFR2	PMC: 4393358				FGF inhibition receptor	CellChatDB v1
Fgf3	Fgfr1	FGF	1.0	Secreted Signaling	CellChatDB	FGF3_FGFR1	PMC: 4393358				FGF inhibition receptor	CellChatDB v1
Fgf3	Fgfr2	FGF	1.0	Secreted Signaling	CellChatDB	FGF3_FGFR2	PMC: 4393358				FGF inhibition receptor	CellChatDB v1
Fgf10	Fgfr1	FGF	1.0	Secreted Signaling	CellChatDB	FGF10_FGFR1	PMC: 4393358				FGF inhibition receptor	CellChatDB v1
Fgf10	Fgfr2	FGF	1.0	Secreted Signaling	CellChatDB	FGF10_FGFR2	PMC: 4393358				FGF inhibition receptor	CellChatDB v1
Fgf22	Fgfr2	FGF	1.0	Secreted Signaling	CellChatDB	FGF22_FGFR2	PMC: 4393358				FGF inhibition receptor	CellChatDB v1
Fgf8	Fgfr1	FGF	1.0	Secreted Signaling	CellChatDB	FGF8_FGFR1	PMC: 4393358				FGF inhibition receptor	CellChatDB v1
Fgf8	Fgfr2	FGF	1.0	Secreted Signaling	CellChatDB	FGF8_FGFR2	PMC: 4393358				FGF inhibition receptor	CellChatDB v1
Fgf8	Fgfr3	FGF	1.0	Secreted Signaling	CellChatDB	FGF8_FGFR3	PMC: 4393358				FGF inhibition receptor	CellChatDB v1
Fgf8	Fgfr4	FGF	1.0	Secreted Signaling	CellChatDB	FGF8_FGFR4	PMC: 4393358				FGF inhibition receptor	CellChatDB v1
Fgf17	Fgfr1	FGF	1.0	Secreted Signaling	CellChatDB	FGF17_FGFR1	PMC: 4393358				FGF inhibition receptor	CellChatDB v1
Fgf17	Fgfr2	FGF	1.0	Secreted Signaling	CellChatDB	FGF17_FGFR2	PMC: 4393358				FGF inhibition receptor	CellChatDB v1
Fgf17	Fgfr3	FGF	1.0	Secreted Signaling	CellChatDB	FGF17_FGFR3	PMC: 4393358				FGF inhibition receptor	CellChatDB v1
Fgf17	Fgfr4	FGF	1.0	Secreted Signaling	CellChatDB	FGF17_FGFR4	PMC: 4393358				FGF inhibition receptor	CellChatDB v1
Fgf18	Fgfr1	FGF	1.0	Secreted Signaling	CellChatDB	FGF18_FGFR1	PMC: 4393358				FGF inhibition receptor	CellChatDB v1
Fgf18	Fgfr2	FGF	1.0	Secreted Signaling	CellChatDB	FGF18_FGFR2	PMC: 4393358				FGF inhibition receptor	CellChatDB v1
Fgf18	Fgfr3	FGF	1.0	Secreted Signaling	CellChatDB	FGF18_FGFR3	PMC: 4393358				FGF inhibition receptor	CellChatDB v1
Fgf18	Fgfr4	FGF	1.0	Secreted Signaling	CellChatDB	FGF18_FGFR4	PMC: 4393358				FGF inhibition receptor	CellChatDB v1
Fgf9	Fgfr1	FGF	1.0	Secreted Signaling	CellChatDB	FGF9_FGFR1	PMC: 4393358				FGF inhibition receptor	CellChatDB v1
Fgf9	Fgfr2	FGF	1.0	Secreted Signaling	CellChatDB	FGF9_FGFR2	PMC: 4393358				FGF inhibition receptor	CellChatDB v1
Fgf9	Fgfr3	FGF	1.0	Secreted Signaling	CellChatDB	FGF9_FGFR3	PMC: 4393358				FGF inhibition receptor	CellChatDB v1
Fgf9	Fgfr4	FGF	1.0	Secreted Signaling	CellChatDB	FGF9_FGFR4	PMC: 4393358				FGF inhibition receptor	CellChatDB v1
Fgf20	Fgfr1	FGF	1.0	Secreted Signaling	CellChatDB	FGF20_FGFR1	PMC: 4393358				FGF inhibition receptor	CellChatDB v1
Fgf20	Fgfr2	FGF	1.0	Secreted Signaling	CellChatDB	FGF20_FGFR2	PMC: 4393358				FGF inhibition receptor	CellChatDB v1
Fgf20	Fgfr3	FGF	1.0	Secreted Signaling	CellChatDB	FGF20_FGFR3	PMC: 4393358				FGF inhibition receptor	CellChatDB v1
Fgf20	Fgfr4	FGF	1.0	Secreted Signaling	CellChatDB	FGF20_FGFR4	PMC: 4393358				FGF inhibition receptor	CellChatDB v1
Fgf16	Fgfr1	FGF	1.0	Secreted Signaling	CellChatDB	FGF16_FGFR1	PMC: 4393358				FGF inhibition receptor	CellChatDB v1
Fgf16	Fgfr2	FGF	1.0	Secreted Signaling	CellChatDB	FGF16_FGFR2	PMC: 4393358				FGF inhibition receptor	CellChatDB v1
Fgf16	Fgfr3	FGF	1.0	Secreted Signaling	CellChatDB	FGF16_FGFR3	PMC: 4393358				FGF inhibition receptor	CellChatDB v1
Fgf16	Fgfr4	FGF	1.0	Secreted Signaling	CellChatDB	FGF16_FGFR4	PMC: 4393358				FGF inhibition receptor	CellChatDB v1
Fgf15	Fgfr1	FGF	1.0	Secreted Signaling	CellChatDB	FGF15_FGFR1	PMC: 4393358			FGF activation receptor 2		CellChatDB v1
Fgf15	Fgfr2	FGF	1.0	Secreted Signaling	CellChatDB	FGF15_FGFR2	PMC: 4393358			FGF activation receptor 2		CellChatDB v1
Fgf15	Fgfr3	FGF	1.0	Secreted Signaling	CellChatDB	FGF15_FGFR3	PMC: 4393358			FGF activation receptor 2		CellChatDB v1
Fgf15	Fgfr4	FGF	1.0	Secreted Signaling	CellChatDB	FGF15_FGFR4	PMC: 4393358			FGF activation receptor 2		CellChatDB v1
Fgf21	Fgfr1	FGF	1.0	Secreted Signaling	CellChatDB	FGF21_FGFR1	PMC: 4393358			FGF activation receptor 2		CellChatDB v1
Fgf21	Fgfr3	FGF	1.0	Secreted Signaling	CellChatDB	FGF21_FGFR3	PMC: 4393358			FGF activation receptor 2		CellChatDB v1
Fgf23	Fgfr1	FGF	1.0	Secreted Signaling	CellChatDB	FGF23_FGFR1	PMC: 4393358			FGF activation receptor 3		CellChatDB v1
Fgf23	Fgfr3	FGF	1.0	Secreted Signaling	CellChatDB	FGF23_FGFR3	PMC: 4393358			FGF activation receptor 3		CellChatDB v1
Fgf23	Fgfr4	FGF	1.0	Secreted Signaling	CellChatDB	FGF23_FGFR4	PMC: 4393358			FGF activation receptor 3		CellChatDB v1
Pdgfa	Pdgfra	PDGF	1.0	Secreted Signaling	CellChatDB	PDGFA_PDGFRA	PMID: 15207812		PDGF antagonist			CellChatDB v1
Pdgfa	Pdgfrb	PDGF	1.0	Secreted Signaling	CellChatDB	PDGFA_PDGFRB	PMID: 15207812		PDGF antagonist			CellChatDB v1
Pdgfb	Pdgfra	PDGF	1.0	Secreted Signaling	CellChatDB	PDGFB_PDGFRA	PMID: 15207812		PDGF antagonist			CellChatDB v1
Pdgfb	Pdgfrb	PDGF	1.0	Secreted Signaling	CellChatDB	PDGFB_PDGFRB	PMID: 15207812		PDGF antagonist			CellChatDB v1
Pdgfc	Pdgfra	PDGF	1.0	Secreted Signaling	CellChatDB	PDGFC_PDGFRA	PMID: 15207812		PDGF antagonist			CellChatDB v1
Pdgfd	Pdgfrb	PDGF	1.0	Secreted Signaling	CellChatDB	PDGFD_PDGFRB	PMID: 15207812		PDGF antagonist			CellChatDB v1
Vegfa	Flt1	VEGF	1.0	Secreted Signaling	CellChatDB	VEGFA_VEGFR1	KEGG: mmu04370; PMID: 16633338					CellChatDB v1
Vegfa	Kdr	VEGF	1.0	Secreted Signaling	CellChatDB	VEGFA_VEGFR2	KEGG: mmu04370; PMID: 16633338			VEGF activation receptor		CellChatDB v1
Vegfb	Flt1	VEGF	1.0	Secreted Signaling	CellChatDB	VEGFB_VEGFR1	KEGG: mmu04370; PMID: 16633338					CellChatDB v1
Vegfc	Flt4	VEGF	1.0	Secreted Signaling	CellChatDB	VEGFC_VEGFR3	KEGG: mmu04370; PMID: 16633338					CellChatDB v1
Vegfc	Kdr	VEGF	1.0	Secreted Signaling	CellChatDB	VEGFC_VEGFR2	KEGG: mmu04370; PMID: 16633338			VEGF activation receptor		CellChatDB v1
Vegfd	Flt4	VEGF	1.0	Secreted Signaling	CellChatDB	VEGFD_VEGFR3	KEGG: mmu04370; PMID: 16633338					CellChatDB v1
Vegfd	Kdr	VEGF	1.0	Secreted Signaling	CellChatDB	VEGFD_VEGFR2	KEGG: mmu04370; PMID: 16633338			VEGF activation receptor		CellChatDB v1
Pgf	Flt1	VEGF	1.0	Secreted Signaling	CellChatDB	PGF_VEGFR1	KEGG: mmu04370; PMID: 16633338					CellChatDB v1
Vegfa	Flt1+Kdr	VEGF	1.0	Secreted Signaling	CellChatDB	VEGFA_VEGFR1R2	PMID: 16633338			VEGF activation receptor		CellChatDB v1
Vegfc	Flt4+Kdr	VEGF	1.0	Secreted Signaling	CellChatDB	VEGFC_VEGFR2R3	PMID: 16633339			VEGF activation receptor		CellChatDB v1
Vegfd	Flt4+Kdr	VEGF	1.0	Secreted Signaling	CellChatDB	VEGFD_VEGFR2R3	PMID: 16633340			VEGF activation receptor		CellChatDB v1
Igf1	Igf1r	IGF	1.0	Secreted Signaling	CellChatDB	IGF1_IGF1R	PMID: 14604834		IGF antagonist			CellChatDB v1
Igf2	Igf1r	IGF	1.0	Secreted Signaling	CellChatDB	IGF2_IGF1R	PMID: 14604834		IGF antagonist			CellChatDB v1
Igf2	Igf2r	IGF	1.0	Secreted Signaling	CellChatDB	IGF2_IGF2R	PMID: 14604834		IGF antagonist			CellChatDB v1
Igf1	Itgav+Itgb3	IGF	1.0	Secreted Signaling	CellChatDB	IGF1_ITGAV_ITGB3	PMID: 28190785; PMID: 28873464		IGF antagonist			CellChatDB v1
Igf1	Itga6+Itgb4	IGF	1.0	Secreted Signaling	CellChatDB	IGF1_ITGA6_ITGB4	PMID: 28190785; PMID: 28873464		IGF antagonist			CellChatDB v1
Igf2	Itgav+Itgb3	IGF	1.0	Secreted Signaling	CellChatDB	IGF2_ITGAV_ITGB3	PMID: 28190785; PMID: 28873464		IGF antagonist			CellChatDB v1
Igf2	Itga6+Itgb4	IGF	1.0	Secreted Signaling	CellChatDB	IGF2_ITGA6_ITGB4	PMID: 28190785; PMID: 28873464		IGF antagonist			CellChatDB v1
Igfl3	Igflr1	IGF	1.0	Secreted Signaling	CellChatDB	IGFL3_IGFLR1	PMID: 21454693		IGF antagonist			CellChatDB v1
Ins1	Insr	INSULIN	1.0	Secreted Signaling	CellChatDB	INS1_INSSR	KEGG: mmu04910; PMID: 24633815	INSULIN agonist			INSULIN inhibition receptor	CellChatDB v1
Ins2	Insr	INSULIN	1.0	Secreted Signaling	CellChatDB	INS2_INSSR	KEGG: mmu04911; PMID: 24633815	INSULIN agonist			INSULIN inhibition receptor	CellChatDB v1
Apln	Aplnr	APELIN	1.0	Secreted Signaling	CellChatDB	APLN_APLNR	KEGG: mmu04371					CellChatDB v1
Dhh	Ptch1+Smo	HH	1.0	Secreted Signaling	CellChatDB	DHH_PTCH1	KEGG: mmu04340; PMID: 25701396			HH activation receptor	HH inhibition receptor	CellChatDB v1
Ihh	Ptch1+Smo	HH	1.0	Secreted Signaling	CellChatDB	IHH_PTCH1	KEGG: mmu04340; PMID: 25701396			HH activation receptor	HH inhibition receptor	CellChatDB v1
Shh	Ptch1+Smo	HH	1.0	Secreted Signaling	CellChatDB	SHH_PTCH1	KEGG: mmu04340; PMID: 25701396			HH activation receptor	HH inhibition receptor	CellChatDB v1
Dhh	Ptch2+Smo	HH	1.0	Secreted Signaling	CellChatDB	DHH_PTCH2	KEGG: mmu04340; PMID: 25701396			HH activation receptor	HH inhibition receptor	CellChatDB v1
Ihh	Ptch2+Smo	HH	1.0	Secreted Signaling	CellChatDB	IHH_PTCH2	KEGG: mmu04340; PMID: 25701396			HH activation receptor	HH inhibition receptor	CellChatDB v1
Shh	Ptch2+Smo	HH	1.0	Secreted Signaling	CellChatDB	SHH_PTCH2	KEGG: mmu04340; PMID: 25701396			HH activation receptor	HH inhibition receptor	CellChatDB v1
Ccl5	Ccr1	CCL	1.0	Secreted Signaling	CellChatDB	CCL5_CCR1	KEGG: mmu04060					CellChatDB v1
Ccl3	Ccr1	CCL	1.0	Secreted Signaling	CellChatDB	CCL3_CCR1	KEGG: mmu04060					CellChatDB v1
Ccl8	Ccr1	CCL	1.0	Secreted Signaling	CellChatDB	CCL8_CCR1	KEGG: mmu04060					CellChatDB v1
Ccl9	Ccr1	CCL	1.0	Secreted Signaling	CellChatDB	CCL9_CCR1	KEGG: mmu04060					CellChatDB v1
Ccl6	Ccr1	CCL	1.0	Secreted Signaling	CellChatDB	CCL6_CCR1	KEGG: mmu04060					CellChatDB v1
Ccl7	Ccr1	CCL	1.0	Secreted Signaling	CellChatDB	CCL7_CCR1	KEGG: mmu04060					CellChatDB v1
Ccl5	Ccr1l1	CCL	1.0	Secreted Signaling	CellChatDB	CCL5_CCR1L1	KEGG: mmu04060					CellChatDB v1
Ccl3	Ccr1l1	CCL	1.0	Secreted Signaling	CellChatDB	CCL3_CCR1L1	KEGG: mmu04060					CellChatDB v1
Ccl8	Ccr1l1	CCL	1.0	Secreted Signaling	CellChatDB	CCL8_CCR1L1	KEGG: mmu04060					CellChatDB v1
Ccl9	Ccr1l1	CCL	1.0	Secreted Signaling	CellChatDB	CCL9_CCR1L1	KEGG: mmu04060					CellChatDB v1
Ccl6	Ccr1l1	CCL	1.0	Secreted Signaling	CellChatDB	CCL6_CCR1L1	KEGG: mmu04060					CellChatDB v1
Ccl7	Ccr1l1	CCL	1.0	Secreted Signaling	CellChatDB	CCL7_CCR1L1	KEGG: mmu04060					CellChatDB v1
Ccl8	Ccr2	CCL	1.0	Secreted Signaling	CellChatDB	CCL8_CCR2	KEGG: mmu04060					CellChatDB v1
Ccl6	Ccr2	CCL	1.0	Secreted Signaling	CellChatDB	CCL6_CCR2	KEGG: mmu04060					CellChatDB v1
Ccl7	Ccr2	CCL	1.0	Secreted Signaling	CellChatDB	CCL7_CCR2	KEGG: mmu04060					CellChatDB v1
Ccl2	Ccr2	CCL	1.0	Secreted Signaling	CellChatDB	CCL2_CCR2	KEGG: mmu04060					CellChatDB v1
Ccl12	Ccr2	CCL	1.0	Secreted Signaling	CellChatDB	CCL12_CCR2	KEGG: mmu04060					CellChatDB v1
Ccl27a	Ccr2	CCL	1.0	Secreted Signaling	CellChatDB	CCL27A_CCR2	KEGG: mmu04060					CellChatDB v1
Ccl27b	Ccr2	CCL	1.0	Secreted Signaling	CellChatDB	CCL27B_CCR2	KEGG: mmu04060					CellChatDB v1
Ccl5	Ccr3	CCL	1.0	Secreted Signaling	CellChatDB	CCL5_CCR3	KEGG: mmu04060					CellChatDB v1
Ccl6	Ccr3	CCL	1.0	Secreted Signaling	CellChatDB	CCL6_CCR3	KEGG: mmu04060					CellChatDB v1
Ccl7	Ccr3	CCL	1.0	Secreted Signaling	CellChatDB	CCL7_CCR3	KEGG: mmu04060					CellChatDB v1
Ccl11	Ccr3	CCL	1.0	Secreted Signaling	CellChatDB	CCL11_CCR3	KEGG: mmu04060					CellChatDB v1
Ccl24	Ccr3	CCL	1.0	Secreted Signaling	CellChatDB	CCL24_CCR3	KEGG: mmu04060					CellChatDB v1
Ccl26	Ccr3	CCL	1.0	Secreted Signaling	CellChatDB	CCL26_CCR3	KEGG: mmu04060					CellChatDB v1
Ccl28	Ccr3	CCL	1.0	Secreted Signaling	CellChatDB	CCL28_CCR3	KEGG: mmu04060					CellChatDB v1
Ccl27a	Ccr3	CCL	1.0	Secreted Signaling	CellChatDB	CCL27A_CCR3	KEGG: mmu04060					CellChatDB v1
Ccl27b	Ccr3	CCL	1.0	Secreted Signaling	CellChatDB	CCL27B_CCR3	KEGG: mmu04060					CellChatDB v1
Ccl17	Ccr4	CCL	1.0	Secreted Signaling	CellChatDB	CCL17_CCR4	KEGG: mmu04060					CellChatDB v1
Ccl22	Ccr4	CCL	1.0	Secreted Signaling	CellChatDB	CCL22_CCR4	KEGG: mmu04060					CellChatDB v1
Ccl5	Ccr4	CCL	1.0	Secreted Signaling	CellChatDB	CCL5_CCR4	KEGG: mmu04060					CellChatDB v1
Ccl4	Ccr5	CCL	1.0	Secreted Signaling	CellChatDB	CCL4_CCR5	KEGG: mmu04060					CellChatDB v1
Ccl5	Ccr5	CCL	1.0	Secreted Signaling	CellChatDB	CCL5_CCR5	KEGG: mmu04060					CellChatDB v1
Ccl3	Ccr5	CCL	1.0	Secreted Signaling	CellChatDB	CCL3_CCR5	KEGG: mmu04060					CellChatDB v1
Ccl8	Ccr5	CCL	1.0	Secreted Signaling	CellChatDB	CCL8_CCR5	KEGG: mmu04060					CellChatDB v1
Ccl20	Ccr6	CCL	1.0	Secreted Signaling	CellChatDB	CCL20_CCR6	KEGG: mmu04060					CellChatDB v1
Ccl19	Ccr7	CCL	1.0	Secreted Signaling	CellChatDB	CCL19_CCR7	KEGG: mmu04060					CellChatDB v1
Ccl21	Ccr7	CCL	1.0	Secreted Signaling	CellChatDB	CCL21_CCR7	KEGG: mmu04060					CellChatDB v1
Ccl21a	Ccr7	CCL	1.0	Secreted Signaling	CellChatDB	CCL21A_CCR7	KEGG: mmu04060					CellChatDB v1
Ccl21b	Ccr7	CCL	1.0	Secreted Signaling	CellChatDB	CCL21B_CCR7	KEGG: mmu04060					CellChatDB v1
Ccl21d	Ccr7	CCL	1.0	Secreted Signaling	CellChatDB	CCL21D_CCR7	KEGG: mmu04060					CellChatDB v1
Ccl21f	Ccr7	CCL	1.0	Secreted Signaling	CellChatDB	CCL21F_CCR7	KEGG: mmu04060					CellChatDB v1
Ccl21e	Ccr7	CCL	1.0	Secreted Signaling	CellChatDB	CCL21E_CCR7	KEGG: mmu04060					CellChatDB v1
Ccl19	Ackr4	CCL	1.0	Secreted Signaling	CellChatDB	CCL19_ACKR4	KEGG: mmu04060					CellChatDB v1
Ccl21	Ackr4	CCL	1.0	Secreted Signaling	CellChatDB	CCL21_ACKR4	KEGG: mmu04060					CellChatDB v1
Ccl21a	Ackr4	CCL	1.0	Secreted Signaling	CellChatDB	CCL21A_ACKR4	KEGG: mmu04060					CellChatDB v1
Ccl21b	Ackr4	CCL	1.0	Secreted Signaling	CellChatDB	CCL21B_ACKR4	KEGG: mmu04060					CellChatDB v1
Ccl21d	Ackr4	CCL	1.0	Secreted Signaling	CellChatDB	CCL21D_ACKR4	KEGG: mmu04060					CellChatDB v1
Ccl21f	Ackr4	CCL	1.0	Secreted Signaling	CellChatDB	CCL21F_ACKR4	KEGG: mmu04060					CellChatDB v1
Ccl21e	Ackr4	CCL	1.0	Secreted Signaling	CellChatDB	CCL21E_ACKR4	KEGG: mmu04060					CellChatDB v1
Ccl1	Ccr8	CCL	1.0	Secreted Signaling	CellChatDB	CCL1_CCR8	KEGG: mmu04060					CellChatDB v1
Ccl25	Ccr9	CCL	1.0	Secreted Signaling	CellChatDB	CCL25_CCR9	KEGG: mmu04060					CellChatDB v1
Ccl25	Ackr4	CCL	1.0	Secreted Signaling	CellChatDB	CCL25_ACKR4	KEGG: mmu04060					CellChatDB v1
Ccl28	Ccr10	CCL	1.0	Secreted Signaling	CellChatDB	CCL28_CCR10	KEGG: mmu04060					CellChatDB v1
Ccl27a	Ccr10	CCL	1.0	Secreted Signaling	CellChatDB	CCL27A_CCR10	KEGG: mmu04060					CellChatDB v1
Ccl27b	Ccr10	CCL	1.0	Secreted Signaling	CellChatDB	CCL27B_CCR10	KEGG: mmu04060					CellChatDB v1
Ccl1	Ackr4	CCL	1.0	Secreted Signaling	CellChatDB	CCL1_ACKR4	KEGG: mmu04060					CellChatDB v1
Ccl8	Ackr4	CCL	1.0	Secreted Signaling	CellChatDB	CCL8_ACKR4	KEGG: mmu04060					CellChatDB v1
Ccl1	Ackr1	CCL	1.0	Secreted Signaling	CellChatDB	CCL1_ACKR1	PMID: 26740381					CellChatDB v1
Ccl2	Ackr1	CCL	1.0	Secreted Signaling	CellChatDB	CCL2_ACKR1	PMID: 26740381					CellChatDB v1
Ccl2	Ackr2	CCL	1.0	Secreted Signaling	CellChatDB	CCL2_ACKR2	PMID: 26740381					CellChatDB v1
Ccl3	Ackr2	CCL	1.0	Secreted Signaling	CellChatDB	CCL3_ACKR2	PMID: 26740381					CellChatDB v1
Ccl4	Ackr2	CCL	1.0	Secreted Signaling	CellChatDB	CCL4_ACKR2	PMID: 26740381					CellChatDB v1
Ccl5	Ackr1	CCL	1.0	Secreted Signaling	CellChatDB	CCL5_ACKR1	PMID: 26740381					CellChatDB v1
Ccl5	Ackr2	CCL	1.0	Secreted Signaling	CellChatDB	CCL5_ACKR2	PMID: 26740381					CellChatDB v1
Ccl7	Ackr1	CCL	1.0	Secreted Signaling	CellChatDB	CCL7_ACKR1	PMID: 26740381					CellChatDB v1
Ccl8	Ackr1	CCL	1.0	Secreted Signaling	CellChatDB	CCL8_ACKR1	PMID: 26740381					CellChatDB v1
Ccl11	Ackr1	CCL	1.0	Secreted Signaling	CellChatDB	CCL11_ACKR1	PMID: 26740381					CellChatDB v1
Ccl11	Ackr2	CCL	1.0	Secreted Signaling	CellChatDB	CCL11_ACKR2	PMID: 26740381					CellChatDB v1
Ccl22	Ackr2	CCL	1.0	Secreted Signaling	CellChatDB	CCL22_ACKR2	PMID: 26740381					CellChatDB v1
Ccl24	Ackr2	CCL	1.0	Secreted Signaling	CellChatDB	CCL24_ACKR2	PMID: 26740381					CellChatDB v1
Ccl26	Ackr2	CCL	1.0	Secreted Signaling	CellChatDB	CCL26_ACKR2	PMID: 26740381					CellChatDB v1
Ccl17	Ackr1	CCL	1.0	Secreted Signaling	CellChatDB	CCL17_ACKR1	PMID: 26740381					CellChatDB v1
Ccl17	Ackr2	CCL	1.0	Secreted Signaling	CellChatDB	CCL17_ACKR2	PMID: 26740381					CellChatDB v1
Cxcl1	Cxcr1	CXCL	1.0	Secreted Signaling	CellChatDB	CXCL1_CXCR1	KEGG: mmu04060					CellChatDB v1
Cxcl5	Cxcr1	CXCL	1.0	Secreted Signaling	CellChatDB	CXCL5_CXCR1	KEGG: mmu04060					CellChatDB v1
Cxcl2	Cxcr1	CXCL	1.0	Secreted Signaling	CellChatDB	CXCL2_CXCR1	KEGG: mmu04060					CellChatDB v1
Cxcl3	Cxcr1	CXCL	1.0	Secreted Signaling	CellChatDB	CXCL3_CXCR1	KEGG: mmu04060					CellChatDB v1
Cxcl1	Cxcr2	CXCL	1.0	Secreted Signaling	CellChatDB	CXCL1_CXCR2	KEGG: mmu04060					CellChatDB v1
Cxcl5	Cxcr2	CXCL	1.0	Secreted Signaling	CellChatDB	CXCL5_CXCR2	KEGG: mmu04060					CellChatDB v1
Cxcl2	Cxcr2	CXCL	1.0	Secreted Signaling	CellChatDB	CXCL2_CXCR2	KEGG: mmu04060					CellChatDB v1
Cxcl3	Cxcr2	CXCL	1.0	Secreted Signaling	CellChatDB	CXCL3_CXCR2	KEGG: mmu04060					CellChatDB v1
Ppbp	Cxcr2	CXCL	1.0	Secreted Signaling	CellChatDB	PPBP_CXCR2	KEGG: mmu04060					CellChatDB v1
Pf4	Cxcr3	CXCL	1.0	Secreted Signaling	CellChatDB	CXCL4_CXCR3	KEGG: mmu04060					CellChatDB v1
Cxcl9	Cxcr3	CXCL	1.0	Secreted Signaling	CellChatDB	CXCL9_CXCR3	KEGG: mmu04060					CellChatDB v1
Cxcl10	Cxcr3	CXCL	1.0	Secreted Signaling	CellChatDB	CXCL10_CXCR3	KEGG: mmu04060					CellChatDB v1
Cxcl11	Cxcr3	CXCL	1.0	Secreted Signaling	CellChatDB	CXCL11_CXCR3	KEGG: mmu04060					CellChatDB v1
Cxcl13	Cxcr3	CXCL	1.0	Secreted Signaling	CellChatDB	CXCL13_CXCR3	KEGG: mmu04060					CellChatDB v1
Cxcl12	Cxcr4	CXCL	1.0	Secreted Signaling	CellChatDB	CXCL12_CXCR4	KEGG: mmu04060					CellChatDB v1
Cxcl12	Ackr3	CXCL	1.0	Secreted Signaling	CellChatDB	CXCL12_ACKR3	KEGG: mmu04060					CellChatDB v1
Cxcl13	Cxcr5	CXCL	1.0	Secreted Signaling	CellChatDB	CXCL13_CXCR5	KEGG: mmu04060					CellChatDB v1
Cxcl16	Cxcr6	CXCL	1.0	Secreted Signaling	CellChatDB	CXCL16_CXCR6	KEGG: mmu04060					CellChatDB v1
Cxcl1	Ackr1	CXCL	1.0	Secreted Signaling	CellChatDB	CXCL1_ACKR1	KEGG: mmu04060					CellChatDB v1
Cxcl2	Ackr1	CXCL	1.0	Secreted Signaling	CellChatDB	CXCL2_ACKR1	KEGG: mmu04060					CellChatDB v1
Cxcl3	Ackr1	CXCL	1.0	Secreted Signaling	CellChatDB	CXCL3_ACKR1	KEGG: mmu04060					CellChatDB v1
Cxcl5	Ackr1	CXCL	1.0	Secreted Signaling	CellChatDB	CXCL5_ACKR1	KEGG: mmu04060					CellChatDB v1
Cxcl9	Ackr1	CXCL	1.0	Secreted Signaling	CellChatDB	CXCL9_ACKR1	KEGG: mmu04060					CellChatDB v1
Cxcl10	Ackr1	CXCL	1.0	Secreted Signaling	CellChatDB	CXCL10_ACKR1	KEGG: mmu04060					CellChatDB v1
Cxcl11	Ackr1	CXCL	1.0	Secreted Signaling	CellChatDB	CXCL11_ACKR1	KEGG: mmu04060					CellChatDB v1
Cxcl11	Ackr3	CXCL	1.0	Secreted Signaling	CellChatDB	CXCL11_ACKR3	KEGG: mmu04060					CellChatDB v1
Cxcl13	Ackr1	CXCL	1.0	Secreted Signaling	CellChatDB	CXCL13_ACKR1	KEGG: mmu04060					CellChatDB v1
Mif	Cd74+Cxcr4	MIF	1.0	Secreted Signaling	CellChatDB	MIF_CD74_CXCR4	PMID: 29637711; PMID: 24760155					CellChatDB v1
Mif	Cd74+Cd44	MIF	1.0	Secreted Signaling	CellChatDB	MIF_CD74_CD44	PMID: 29637711; PMID: 26175090					CellChatDB v1
Mif	Cd74+Cxcr2	MIF	1.0	Secreted Signaling	CellChatDB	MIF_CD74_CXCR2	PMID: 29637711; PMID: 26175090					CellChatDB v1
Mif	Ackr3	MIF	1.0	Secreted Signaling	CellChatDB	MIF_ACKR3	PMID: 26175090					CellChatDB v1
Cx3cl1	Cx3cr1	CX3C	1.0	Secreted Signaling	CellChatDB	CX3CL1_CX3CR1	KEGG: mmu04060					CellChatDB v1
Xcl1	Xcr1	XCR	1.0	Secreted Signaling	CellChatDB	XCL1_XCR1	KEGG: mmu04060					CellChatDB v1
Il2	Il2ra+Il2rb+Il2rg	IL2	1.0	Secreted Signaling	CellChatDB	IL2_IL2RA_IL2RB	KEGG: mmu04060					CellChatDB v1
Il2	Il2rb+Il2rg	IL2	1.0	Secreted Signaling	CellChatDB	IL2_IL2RB_IL2RG	KEGG: mmu04060					CellChatDB v1
Il4	Il4ra+Il2rg	IL2	1.0	Secreted Signaling	CellChatDB	IL4_IL4R_IL2RG	KEGG: mmu04060					CellChatDB v1
Il7	Il7r+Il2rg	IL2	1.0	Secreted Signaling	CellChatDB	IL7_IL7R_IL2RG	KEGG: mmu04060					CellChatDB v1
Il9	Il9r+Il2rg	IL2	1.0	Secreted Signaling	CellChatDB	IL9_IL9R_IL2RG	KEGG: mmu04060					CellChatDB v1
Il15	Il15ra+Il2rb+Il2rg	IL2	1.0	Secreted Signaling	CellChatDB	IL15_IL15RA_IL2RB	KEGG: mmu04060					CellChatDB v1
Il21	Il21r+Il2rg	IL2	1.0	Secreted Signaling	CellChatDB	IL21_IL21R_IL2RG	KEGG: mmu04060					CellChatDB v1
Tslp	Il7r+Crlf2	IL2	1.0	Secreted Signaling	CellChatDB	TSLP_IL7R_CRLF2	KEGG: mmu04060					CellChatDB v1
Il3	Il3ra+Csf2rb	IL4	1.0	Secreted Signaling	CellChatDB	IL3_IL3RA_CSF2RB	KEGG: mmu04060					CellChatDB v1
Il5	Il5ra+Csf2rb	IL4	1.0	Secreted Signaling	CellChatDB	IL5_IL5RA_CSF2RB	KEGG: mmu04060					CellChatDB v1
Csf2	Csf2ra+Csf2rb	IL4	1.0	Secreted Signaling	CellChatDB	CSF2_CSF2RA_CSF2RB	KEGG: mmu04060					CellChatDB v1
Il4	Il4ra	IL4	1.0	Secreted Signaling	CellChatDB	IL4_IL4R	KEGG: mmu04060					CellChatDB v1
Il4	Il4ra+Il13ra1	IL4	1.0	Secreted Signaling	CellChatDB	IL4_IL4R_IL13RA1	KEGG: mmu04060					CellChatDB v1
Il4	Il4ra+Il13ra2	IL4	1.0	Secreted Signaling	CellChatDB	IL4_IL4R_IL13RA2	KEGG: mmu04060					CellChatDB v1
Il13	Il4ra+Il13ra1	IL4	1.0	Secreted Signaling	CellChatDB	IL13_IL4R_IL13RA1	KEGG: mmu04060					CellChatDB v1
Il13	Il4ra+Il13ra2	IL4	1.0	Secreted Signaling	CellChatDB	IL13_IL4R_IL13RA2	KEGG: mmu04060					CellChatDB v1
Il13	Il13ra1	IL4	1.0	Secreted Signaling	CellChatDB	IL13_IL13RA1	KEGG: mmu04060					CellChatDB v1
Il13	Il13ra2	IL4	1.0	Secreted Signaling	CellChatDB	IL13_IL13RA2	KEGG: mmu04060					CellChatDB v1
Il6	Il6ra+Il6st	IL6	1.0	Secreted Signaling	CellChatDB	IL6_IL6R_IL6ST	KEGG: mmu04060					CellChatDB v1
Il11	Il11ra1+Il6st	IL6	1.0	Secreted Signaling	CellChatDB	IL11_IL11RA1_IL6ST	KEGG: mmu04060					CellChatDB v1
Il11	Il11ra2+Il6st	IL6	1.0	Secreted Signaling	CellChatDB	IL11_IL11RA2_IL6ST	KEGG: mmu04060					CellChatDB v1
Il12a+Il12b	Il12rb1+Il12rb2	IL12	1.0	Secreted Signaling	CellChatDB	IL12B_IL12RB1_IL12RB2	PMID: 26918147					CellChatDB v1
Il12b+Il23a	Il23r+Il12rb1	IL12	1.0	Secreted Signaling	CellChatDB	IL23A_IL23R_IL12RB1	PMID: 11114383					CellChatDB v1
Il27+Ebi3	Il27ra+Il6st	IL12	1.0	Secreted Signaling	CellChatDB	EBI3_IL27RA_IL6ST	PMID: 25861977					CellChatDB v1
Il31	Il31ra+Osmr	IL6	1.0	Secreted Signaling	CellChatDB	IL31_IL31RA_OSMR	KEGG: mmu04060					CellChatDB v1
Cntf	Cntfr+Lifr+Il6st	LIFR	1.0	Secreted Signaling	CellChatDB	CNTF_CNTFR_LIFR	KEGG: mmu04060					CellChatDB v1
Clcf1	Cntfr+Lifr+Il6st	LIFR	1.0	Secreted Signaling	CellChatDB	CLCF1_CNTFR_LIFR	KEGG: mmu04060					CellChatDB v1
Ctf1	Lifr+Il6st	LIFR	1.0	Secreted Signaling	CellChatDB	CTF1_LIFR_IL6ST	KEGG: mmu04060					CellChatDB v1
Lif	Lifr+Il6st	LIFR	1.0	Secreted Signaling	CellChatDB	LIF_LIFR_IL6ST	KEGG: mmu04060					CellChatDB v1
Osm	Lifr+Il6st	OSM	1.0	Secreted Signaling	CellChatDB	OSM_LIFR_IL6ST	KEGG: mmu04060					CellChatDB v1
Osm	Osmr+Il6st	OSM	1.0	Secreted Signaling	CellChatDB	OSM_OSMR_IL6ST	KEGG: mmu04060					CellChatDB v1
Il10	Il10ra+Il10rb	IL10	1.0	Secreted Signaling	CellChatDB	IL10_IL10RA_IL10RB	KEGG: mmu04060					CellChatDB v1
Il19	Il20ra+Il20rb	IL10	1.0	Secreted Signaling	CellChatDB	IL19_IL20RA_IL20RB	KEGG: mmu04060					CellChatDB v1
Il20	Il20ra+Il20rb	IL10	1.0	Secreted Signaling	CellChatDB	IL20_IL20RA_IL20RB	KEGG: mmu04060					CellChatDB v1
Il24	Il20ra+Il20rb	IL10	1.0	Secreted Signaling	CellChatDB	IL24_IL20RA_IL20RB	KEGG: mmu04060					CellChatDB v1
Il20	Il22ra1+Il20rb	IL10	1.0	Secreted Signaling	CellChatDB	IL20_IL22RA1_IL20RB	KEGG: mmu04060					CellChatDB v1
Il24	Il22ra1+Il20rb	IL10	1.0	Secreted Signaling	CellChatDB	IL24_IL22RA1_IL20RB	KEGG: mmu04060					CellChatDB v1
Il22	Il22ra1+Il10rb	IL10	1.0	Secreted Signaling	CellChatDB	IL22_IL22RA1_IL10RB	KEGG: mmu04060					CellChatDB v1
Il1a	Il1r1+Il1rap	IL1	1.0	Secreted Signaling	CellChatDB	IL1A_IL1R1_IL1RAP	KEGG: mmu04060		IL antagonist		IL1 inhibition receptor	CellChatDB v1
Il1b	Il1r1+Il1rap	IL1	1.0	Secreted Signaling	CellChatDB	IL1B_IL1R1_IL1RAP	KEGG: mmu04060		IL antagonist		IL1 inhibition receptor	CellChatDB v1
Il36a	Il1rl2+Il1rap	IL1	1.0	Secreted Signaling	CellChatDB	IL36A_IL1RL2_IL1RAP	KEGG: mmu04060		IL36 antagonist			CellChatDB v1
Il36b	Il1rl2+Il1rap	IL1	1.0	Secreted Signaling	CellChatDB	IL36B_IL1RL2_IL1RAP	KEGG: mmu04060		IL36 antagonist			CellChatDB v1
Il36g	Il1rl2+Il1rap	IL1	1.0	Secreted Signaling	CellChatDB	IL36G_IL1RL2_IL1RAP	KEGG: mmu04060		IL36 antagonist			CellChatDB v1
Il1f10	Il1rl2+Il1rap	IL1	1.0	Secreted Signaling	CellChatDB	IL1F10_IL1RL2_IL1RAP	KEGG: mmu04060					CellChatDB v1
Il18	Il18r1+Il18rap	IL1	1.0	Secreted Signaling	CellChatDB	IL18_IL18R1_IL18RAP	KEGG: mmu04060					CellChatDB v1
Il33	Il1rl1+Il1rap	IL1	1.0	Secreted Signaling	CellChatDB	IL33_IL1RL1_IL1RAP	KEGG: mmu04060					CellChatDB v1
Il17a	Il17ra+Il17rc	IL17	1.0	Secreted Signaling	CellChatDB	IL17A_IL17RA_IL17RC	KEGG: mmu04060					CellChatDB v1
Il17f	Il17ra+Il17rc	IL17	1.0	Secreted Signaling	CellChatDB	IL17F_IL17RA_IL17RC	KEGG: mmu04060					CellChatDB v1
Il17a+Il17f	Il17ra+Il17rc	IL17	1.0	Secreted Signaling	CellChatDB	IL17AF_IL17RA_IL17RC	PMID: 24813051					CellChatDB v1
Il17b	Il17rb	IL17	1.0	Secreted Signaling	CellChatDB	IL17B_IL17RB	KEGG: mmu04060					CellChatDB v1
Il17c	Il17ra+Il17re	IL17	1.0	Secreted Signaling	CellChatDB	IL17C_IL17RA_IL17RE	KEGG: mmu04060					CellChatDB v1
Il25	Il17ra+Il17rb	IL17	1.0	Secreted Signaling	CellChatDB	IL25_IL17RA_IL17RB	KEGG: mmu04060					CellChatDB v1
Il34	Csf1r	CSF	1.0	Secreted Signaling	CellChatDB	IL34_CSF1R	KEGG: mmu04060					CellChatDB v1
Csf1	Csf1r	CSF	1.0	Secreted Signaling	CellChatDB	CSF1_CSF1R	KEGG: mmu04060					CellChatDB v1
Il16	Cd4	IL16	1.0	Secreted Signaling	CellChatDB	IL16_CD4	KEGG: mmu04060					CellChatDB v1
Epo	Epor	EPO	1.0	Secreted Signaling	CellChatDB	EPO_EPOR	KEGG: mmu04060					CellChatDB v1
Gh	Ghr	GH	1.0	Secreted Signaling	CellChatDB	GH1_GHR	KEGG: mmu04060					CellChatDB v1
Prl	Prlr	PRL	1.0	Secreted Signaling	CellChatDB	PRL_PRLR	KEGG: mmu04060; PMID: 23192981					CellChatDB v1
Thpo	Mpl	THPO	1.0	Secreted Signaling	CellChatDB	THPO_MPL	KEGG: mmu04060					CellChatDB v1
Csf3	Csf3r	CSF3	1.0	Secreted Signaling	CellChatDB	CSF3_CSF3R	KEGG: mmu04060					CellChatDB v1
Ifnb1	Ifnar1+Ifnar2	IFN-I	1.0	Secreted Signaling	CellChatDB	IFNB1_IFNAR1_IFNAR2	KEGG: mmu04060					CellChatDB v1
Ifnk	Ifnar1+Ifnar2	IFN-I	1.0	Secreted Signaling	CellChatDB	IFNK_IFNAR1_IFNAR2	KEGG: mmu04060					CellChatDB v1
Ifne	Ifnar1+Ifnar2	IFN-I	1.0	Secreted Signaling	CellChatDB	IFNE_IFNAR1_IFNAR2	KEGG: mmu04060					CellChatDB v1
Ifna11	Ifnar1+Ifnar2	IFN-I	1.0	Secreted Signaling	CellChatDB	IFNA11_IFNAR1_IFNAR2	KEGG: mmu04060					CellChatDB v1
Ifna1	Ifnar1+Ifnar2	IFN-I	1.0	Secreted Signaling	CellChatDB	IFNA1_IFNAR1_IFNAR2	KEGG: mmu04060					CellChatDB v1
Ifna2	Ifnar1+Ifnar2	IFN-I	1.0	Secreted Signaling	CellChatDB	IFNA2_IFNAR1_IFNAR2	KEGG: mmu04060					CellChatDB v1
Ifna4	Ifnar1+Ifnar2	IFN-I	1.0	Secreted Signaling	CellChatDB	IFNA4_IFNAR1_IFNAR2	KEGG: mmu04060					CellChatDB v1
Ifna5	Ifnar1+Ifnar2	IFN-I	1.0	Secreted Signaling	CellChatDB	IFNA5_IFNAR1_IFNAR2	KEGG: mmu04060					CellChatDB v1
Ifna6	Ifnar1+Ifnar2	IFN-I	1.0	Secreted Signaling	CellChatDB	IFNA6_IFNAR1_IFNAR2	KEGG: mmu04060					CellChatDB v1
Ifna7	Ifnar1+Ifnar2	IFN-I	1.0	Secreted Signaling	CellChatDB	IFNA7_IFNAR1_IFNAR2	KEGG: mmu04060					CellChatDB v1
Ifna9	Ifnar1+Ifnar2	IFN-I	1.0	Secreted Signaling	CellChatDB	IFNA9_IFNAR1_IFNAR2	KEGG: mmu04060					CellChatDB v1
Ifnab	Ifnar1+Ifnar2	IFN-I	1.0	Secreted Signaling	CellChatDB	IFNAB_IFNAR1_IFNAR2	KEGG: mmu04060					CellChatDB v1
Ifna12	Ifnar1+Ifnar2	IFN-I	1.0	Secreted Signaling	CellChatDB	IFNA12_IFNAR1_IFNAR2	KEGG: mmu04060					CellChatDB v1
Ifna13	Ifnar1+Ifnar2	IFN-I	1.0	Secreted Signaling	CellChatDB	IFNA13_IFNAR1_IFNAR2	KEGG: mmu04060					CellChatDB v1
Ifna14	Ifnar1+Ifnar2	IFN-I	1.0	Secreted Signaling	CellChatDB	IFNA14_IFNAR1_IFNAR2	KEGG: mmu04060					CellChatDB v1
Ifna15	Ifnar1+Ifnar2	IFN-I	1.0	Secreted Signaling	CellChatDB	IFNA15_IFNAR1_IFNAR2	KEGG: mmu04060					CellChatDB v1
Ifng	Ifngr1+Ifngr2	IFN-II	1.0	Secreted Signaling	CellChatDB	IFNG_IFNGR1_IFNGR2	KEGG: mmu04060					CellChatDB v1
Ifnl2	Ifnlr1+Il10rb	IFN-lII	1.0	Secreted Signaling	CellChatDB	IFNL2_IFNLR1_IL10RB	PMID: 28293236					CellChatDB v1
Ifnl3	Ifnlr1+Il10rb	IFN-lII	1.0	Secreted Signaling	CellChatDB	IFNL3_IFNLR1_IL10RB	PMID: 28293236					CellChatDB v1
Tnf	Tnfrsf1a	TNF	1.0	Secreted Signaling	CellChatDB	TNF_TNFRSF1A	KEGG: mmu04060					CellChatDB v1
Tnf	Tnfrsf1b	TNF	1.0	Secreted Signaling	CellChatDB	TNF_TNFRSF1B	KEGG: mmu04060					CellChatDB v1
Lta	Tnfrsf1a	LT	1.0	Secreted Signaling	CellChatDB	LTA_TNFRSF1A	KEGG: mmu04060					CellChatDB v1
Lta	Tnfrsf1b	LT	1.0	Secreted Signaling	CellChatDB	LTA_TNFRSF1B	KEGG: mmu04060					CellChatDB v1
Lta	Tnfrsf14	LT	1.0	Secreted Signaling	CellChatDB	LTA_TNFRSF14	KEGG: mmu04060					CellChatDB v1
Lta+Ltb	Ltbr	LT	1.0	Secreted Signaling	CellChatDB	LTA_LTB_LTBR	PMID: 24248355					CellChatDB v1
Tnfsf14	Ltbr	LIGHT	1.0	Secreted Signaling	CellChatDB	TNFSF14_LTBR	KEGG: mmu04060					CellChatDB v1
Tnfsf14	Tnfrsf14	LIGHT	1.0	Secreted Signaling	CellChatDB	TNFSF14_TNFRSF14	KEGG: mmu04060					CellChatDB v1
Fasl	Fas	FASLG	1.0	Secreted Signaling	CellChatDB	FASL_FAS	KEGG: mmu04060					CellChatDB v1
Tnfsf15	Tnfrsf25	VEGI	1.0	Secreted Signaling	CellChatDB	TNFSF15_TNFRSF25	KEGG: mmu04060					CellChatDB v1
Tnfsf10	Tnfrsf10b	TRAIL	1.0	Secreted Signaling	CellChatDB	TNFSF10_TNFRSF10B	KEGG: mmu04060					CellChatDB v1
Eda	Edar	EDA	1.0	Secreted Signaling	CellChatDB	EDA_EDAR	KEGG: mmu04060					CellChatDB v1
Eda	Eda2r	EDA	1.0	Secreted Signaling	CellChatDB	EDA_EDA2R	KEGG: mmu04060					CellChatDB v1
Ngf	Ngfr	NGF	1.0	Secreted Signaling	CellChatDB	NGF_NGFR	KEGG: mmu04060					CellChatDB v1
Klk1b4	Ngfr	NGF	1.0	Secreted Signaling	CellChatDB	KLK1B4_NGFR	KEGG: mmu04060					CellChatDB v1
Tnfsf11	Tnfrsf11a	RANKL	1.0	Secreted Signaling	CellChatDB	TNFSF11_TNFRSF11A	KEGG: mmu04060					CellChatDB v1
Tnfsf11	Tnfrsf11b	RANKL	1.0	Secreted Signaling	CellChatDB	TNFSF11_TNFRSF11B	KEGG: mmu04060					CellChatDB v1
Tnfsf12	Tnfrsf12a	TWEAK	1.0	Secreted Signaling	CellChatDB	TNFSF12_TNFRSF12A	KEGG: mmu04060					CellChatDB v1
Cd70	Cd27	CD70	1.0	Secreted Signaling	CellChatDB	CD70_CD27	KEGG: mmu04060					CellChatDB v1
Tnfsf8	Tnfrsf8	CD30	1.0	Secreted Signaling	CellChatDB	TNFSF8_TNFRSF8	KEGG: mmu04060					CellChatDB v1
Tnfsf9	Tnfrsf9	CD137	1.0	Secreted Signaling	CellChatDB	TNFSF9_TNFRSF9	KEGG: mmu04060					CellChatDB v1
Tnfsf4	Tnfrsf4	OX40	1.0	Secreted Signaling	CellChatDB	TNFSF4_TNFRSF4	KEGG: mmu04060					CellChatDB v1
Tnfsf18	Tnfrsf18	GITRL	1.0	Secreted Signaling	CellChatDB	TNFSF18_TNFRSF18	KEGG: mmu04060					CellChatDB v1
Tnfsf13	Tnfrsf17	APRIL	1.0	Secreted Signaling	CellChatDB	TNFSF13_TNFRSF17	KEGG: mmu04060					CellChatDB v1
Tnfsf13	Tnfrsf13b	APRIL	1.0	Secreted Signaling	CellChatDB	TNFSF13_TNFRSF13B	KEGG: mmu04060					CellChatDB v1
Tnfsf13b	Tnfrsf17	BAFF	1.0	Secreted Signaling	CellChatDB	TNFSF13B_TNFRSF17	KEGG: mmu04060					CellChatDB v1
Tnfsf13b	Tnfrsf13b	BAFF	1.0	Secreted Signaling	CellChatDB	TNFSF13B_TNFRSF13B	KEGG: mmu04060					CellChatDB v1
Tnfsf13b	Tnfrsf13c	BAFF	1.0	Secreted Signaling	CellChatDB	TNFSF13B_TNFRSF13C	KEGG: mmu04060					CellChatDB v1
Cd40lg	Itga2b+Itgb3	CD40	1.0	Secreted Signaling	CellChatDB	CD40LG_ITGA2B_ITGB3	PMID: 28676852					CellChatDB v1
Cd40lg	Itga5+Itgb1	CD40	1.0	Secreted Signaling	CellChatDB	CD40LG_ITGA5_ITGB1	PMID: 28676852					CellChatDB v1
Cd40lg	Itgam+Itgb2	CD40	1.0	Secreted Signaling	CellChatDB	CD40LG_ITGAM_ITGB2	PMID: 28676852					CellChatDB v1
Spp1	Cd44	SPP1	1.0	Secreted Signaling	CellChatDB	SPP1_CD44	PMID: 21907263					CellChatDB v1
Spp1	Itgav+Itgb3	SPP1	1.0	Secreted Signaling	CellChatDB	SPP1_ITGAV_ITGB3	PMID: 21907263					CellChatDB v1
Spp1	Itgav+Itgb1	SPP1	1.0	Secreted Signaling	CellChatDB	SPP1_ITGAV_ITGB1	PMID: 21907263					CellChatDB v1
Spp1	Itgav+Itgb5	SPP1	1.0	Secreted Signaling	CellChatDB	SPP1_ITGAV_ITGB5	PMID: 21907263					CellChatDB v1
Spp1	Itgav+Itgb6	SPP1	1.0	Secreted Signaling	CellChatDB	SPP1_ITGAV_ITGB6	PMID: 21907263					CellChatDB v1
Spp1	Itga4+Itgb1	SPP1	1.0	Secreted Signaling	CellChatDB	SPP1_ITGA4_ITGB1	PMID: 21907263					CellChatDB v1
Spp1	Itga9+Itgb1	SPP1	1.0	Secreted Signaling	CellChatDB	SPP1_ITGA9_ITGB1	PMID: 21907263					CellChatDB v1
Spp1	Itga8+Itgb1	SPP1	1.0	Secreted Signaling	CellChatDB	SPP1_ITGA8_ITGB1	PMID: 21907263					CellChatDB v1
Spp1	Itga5+Itgb1	SPP1	1.0	Secreted Signaling	CellChatDB	SPP1_ITGA5_ITGB1	PMID: 21907263					CellChatDB v1
Adipoq	Adipor1	ADIPONECTIN	1.0	Secreted Signaling	CellChatDB	ADIPOQ_ADIPOR1	PMID: 21284979					CellChatDB v1
Adipoq	Adipor2	ADIPONECTIN	1.0	Secreted Signaling	CellChatDB	ADIPOQ_ADIPOR2	PMID: 21284979					CellChatDB v1
Retn	Tlr4	RESISTIN	1.0	Secreted Signaling	CellChatDB	RETN_TLR4	PMID: 30809105					CellChatDB v1
Retn	Cap1	RESISTIN	1.0	Secreted Signaling	CellChatDB	RETN_CAP1	PMID: 30809105					CellChatDB v1
Nampt	Itga5+Itgb1	VISFATIN	1.0	Secreted Signaling	CellChatDB	NAMPT_ITGA5_ITGB1	PMID: 28490838					CellChatDB v1
Angptl1	Itga1+Itgb1	ANGPTL	1.0	Secreted Signaling	CellChatDB	ANGPTL1_ITGA1_ITGB1	PMID: 24478758					CellChatDB v1
Angptl2	Itga5+Itgb1	ANGPTL	1.0	Secreted Signaling	CellChatDB	ANGPTL2_ITGA5_ITGB1	PMID: 24478758					CellChatDB v1
Angptl2	Tlr4	ANGPTL	1.0	Secreted Signaling	CellChatDB	ANGPTL2_TLR4	PMID: 24478758					CellChatDB v1
Angptl2	Pirb	ANGPTL	1.0	Secreted Signaling	CellChatDB	ANGPTL2_PIRB	PMID: 24478758					CellChatDB v1
Angptl1	Pirb	ANGPTL	1.0	Secreted Signaling	CellChatDB	ANGPTL1_PIRB	PMID: 24478758					CellChatDB v1
Angptl7	Pirb	ANGPTL	1.0	Secreted Signaling	CellChatDB	ANGPTL7_PIRB	PMID: 24478758					CellChatDB v1
Angptl4	Itga5+Itgb1	ANGPTL	1.0	Secreted Signaling	CellChatDB	ANGPTL4_ITGA5_ITGB1	PMID: 30049845					CellChatDB v1
Angptl4	Itgav+Itgb3	ANGPTL	1.0	Secreted Signaling	CellChatDB	ANGPTL4_ITGAV_ITGB3	PMID: 30049845					CellChatDB v1
Angptl4	Cdh5	ANGPTL	1.0	Secreted Signaling	CellChatDB	ANGPTL4_CDH5	PMID: 30049845					CellChatDB v1
Angptl4	Cdh11	ANGPTL	1.0	Secreted Signaling	CellChatDB	ANGPTL4_CDH11	PMID: 30049845					CellChatDB v1
Angptl4	Sdc1	ANGPTL	1.0	Secreted Signaling	CellChatDB	ANGPTL4_SDC1	PMID: 29017031					CellChatDB v1
Angptl4	Sdc2	ANGPTL	1.0	Secreted Signaling	CellChatDB	ANGPTL4_SDC2	PMID: 29017031					CellChatDB v1
Angptl4	Sdc3	ANGPTL	1.0	Secreted Signaling	CellChatDB	ANGPTL4_SDC3	PMID: 29017031					CellChatDB v1
Angptl4	Sdc4	ANGPTL	1.0	Secreted Signaling	CellChatDB	ANGPTL4_SDC4	PMID: 29017031					CellChatDB v1
Angptl3	Itgav+Itgb3	ANGPTL	1.0	Secreted Signaling	CellChatDB	ANGPTL3_ITGAV_ITGB3	PMID: 11877390					CellChatDB v1
Angpt1	Tek	ANGPT	1.0	Secreted Signaling	CellChatDB	ANGPT1_TEK	PMID: 20651738				ANGPT inhibition receptor 1	CellChatDB v1
Angpt2	Tek	ANGPT	1.0	Secreted Signaling	CellChatDB	ANGPT2_TEK	PMID: 20651738				ANGPT inhibition receptor 1	CellChatDB v1
Angpt2	Itga5+Itgb1	ANGPT	1.0	Secreted Signaling	CellChatDB	ANGPT2_ITGA5_ITGB1	PMID: 20651738; PMID: 25635707				ANGPT inhibition receptor 2	CellChatDB v1
Mdk	Sdc1	MK	1.0	Secreted Signaling	CellChatDB	MDK_SDC1	PMID: 28356350					CellChatDB v1
Mdk	Sdc2	MK	1.0	Secreted Signaling	CellChatDB	MDK_SDC2	PMID: 28356350					CellChatDB v1
Mdk	Sdc4	MK	1.0	Secreted Signaling	CellChatDB	MDK_SDC4	PMID: 28356350					CellChatDB v1
Mdk	Ptprz1	MK	1.0	Secreted Signaling	CellChatDB	MDK_PTPRZ1	PMID: 28356350					CellChatDB v1
Mdk	Itga4+Itgb1	MK	1.0	Secreted Signaling	CellChatDB	MDK_ITGA4_ITGB1	PMID: 28356350					CellChatDB v1
Mdk	Itga6+Itgb1	MK	1.0	Secreted Signaling	CellChatDB	MDK_ITGA6_ITGB1	PMID: 28356350					CellChatDB v1
Mdk	Lrp1	MK	1.0	Secreted Signaling	CellChatDB	MDK_LRP1	PMID: 28356350					CellChatDB v1
Mdk	Ncl	MK	1.0	Secreted Signaling	CellChatDB	MDK_NCL	PMID: 28356350					CellChatDB v1
Mdk	Alk	MK	1.0	Secreted Signaling	CellChatDB	MDK_ALK	PMID: 19459784					CellChatDB v1
Ptn	Ptprz1	PTN	1.0	Secreted Signaling	CellChatDB	PTN_PTPRZ1	PMID: 28356350; PMID: 25620911					CellChatDB v1
Ptn	Sdc1	PTN	1.0	Secreted Signaling	CellChatDB	PTN_SDC1	PMID: 28356350; PMID: 25620911					CellChatDB v1
Ptn	Sdc2	PTN	1.0	Secreted Signaling	CellChatDB	PTN_SDC2	PMID: 28356350; PMID: 25620911					CellChatDB v1
Ptn	Sdc3	PTN	1.0	Secreted Signaling	CellChatDB	PTN_SDC3	PMID: 28356350; PMID: 25620911					CellChatDB v1
Ptn	Sdc4	PTN	1.0	Secreted Signaling	CellChatDB	PTN_SDC4	PMID: 28356350; PMID: 25620911					CellChatDB v1
Ptn	Itgav+Itgb3	PTN	1.0	Secreted Signaling	CellChatDB	PTN_ITGAV_ITGB3	PMID: 28356350; PMID: 25620911					CellChatDB v1
Ptn	Ncl	PTN	1.0	Secreted Signaling	CellChatDB	PTN_NCL	PMID: 28356350; PMID: 25620911					CellChatDB v1
Ptn	Alk	PTN	1.0	Secreted Signaling	CellChatDB	PTN_ALK	PMID: 28356350; PMID: 25620911					CellChatDB v1
Postn	Itgav+Itgb3	PERIOSTIN	1.0	Secreted Signaling	CellChatDB	POSTN_ITGAV_ITGB3	PMID: 26721738					CellChatDB v1
Postn	Itgav+Itgb5	PERIOSTIN	1.0	Secreted Signaling	CellChatDB	POSTN_ITGAV_ITGB5	PMID: 26721738					CellChatDB v1
Agt	Agtr1a	AGT	1.0	Secreted Signaling	CellChatDB	AGT_AGTR1A	KEGG: mmu04080					CellChatDB v1
Agt	Agtr1b	AGT	1.0	Secreted Signaling	CellChatDB	AGT_AGTR1B	KEGG: mmu04080					CellChatDB v1
Grp	Grpr	GPR	1.0	Secreted Signaling	CellChatDB	GRP_GRPR	KEGG: mmu04080					CellChatDB v1
Nmb	Nmbr	GPR	1.0	Secreted Signaling	CellChatDB	NMB_NMBR	KEGG: mmu04080					CellChatDB v1
Kng1	Bdkrb1	BRADYKININ	1.0	Secreted Signaling	CellChatDB	KNG1_BDKRB1	KEGG: mmu04080					CellChatDB v1
Kng1	Bdkrb2	BRADYKININ	1.0	Secreted Signaling	CellChatDB	KNG1_BDKRB2	KEGG: mmu04080					CellChatDB v1
Kng2	Bdkrb1	BRADYKININ	1.0	Secreted Signaling	CellChatDB	KNG2_BDKRB1	KEGG: mmu04080					CellChatDB v1
Kng2	Bdkrb2	BRADYKININ	1.0	Secreted Signaling	CellChatDB	KNG2_BDKRB2	KEGG: mmu04080					CellChatDB v1
C3	C3ar1	COMPLEMENT	1.0	Secreted Signaling	CellChatDB	C3_C3AR1	KEGG: mmu04080					CellChatDB v1
C3	Cr2	COMPLEMENT	1.0	Secreted Signaling	CellChatDB	C3_CR2	PMID: 16234578					CellChatDB v1
C3	Itgam+Itgb2	COMPLEMENT	1.0	Secreted Signaling	CellChatDB	C3_ITGAM_ITGB2	PMID: 16234578					CellChatDB v1
C3	Itgax+Itgb2	COMPLEMENT	1.0	Secreted Signaling	CellChatDB	C3_ITGAX_ITGB2	PMID: 16234578					CellChatDB v1
C4a	C3ar1	COMPLEMENT	1.0	Secreted Signaling	CellChatDB	C4A_C3AR1	PMID: 16234578					CellChatDB v1
C4b	Cr2	COMPLEMENT	1.0	Secreted Signaling	CellChatDB	C4B_CR2	PMID: 16234578					CellChatDB v1
Hc	C5ar1	COMPLEMENT	1.0	Secreted Signaling	CellChatDB	HC_C5AR1	KEGG: mmu04080					CellChatDB v1
Cck	Cckar	CCK	1.0	Secreted Signaling	CellChatDB	CCK_CCKAR	KEGG: mmu04080					CellChatDB v1
Cck	Cckbr	CCK	1.0	Secreted Signaling	CellChatDB	CCK_CCKBR	KEGG: mmu04080					CellChatDB v1
Edn1	Ednra	EDN	1.0	Secreted Signaling	CellChatDB	EDN1_EDNRA	KEGG: mmu04080					CellChatDB v1
Edn2	Ednra	EDN	1.0	Secreted Signaling	CellChatDB	EDN2_EDNRA	KEGG: mmu04080					CellChatDB v1
Edn3	Ednra	EDN	1.0	Secreted Signaling	CellChatDB	EDN3_EDNRA	KEGG: mmu04080					CellChatDB v1
Edn1	Ednrb	EDN	1.0	Secreted Signaling	CellChatDB	EDN1_EDNRB	KEGG: mmu04080					CellChatDB v1
Edn2	Ednrb	EDN	1.0	Secreted Signaling	CellChatDB	EDN2_EDNRB	KEGG: mmu04080					CellChatDB v1
Edn3	Ednrb	EDN	1.0	Secreted Signaling	CellChatDB	EDN3_EDNRB	KEGG: mmu04080					CellChatDB v1
Gal	Galr1	GALANIN	1.0	Secreted Signaling	CellChatDB	GAL_GALR1	KEGG: mmu04080					CellChatDB v1
Gal	Galr2	GALANIN	1.0	Secreted Signaling	CellChatDB	GAL_GALR2	KEGG: mmu04080					CellChatDB v1
Gal	Galr3	GALANIN	1.0	Secreted Signaling	CellChatDB	GAL_GALR3	KEGG: mmu04080					CellChatDB v1
Galp	Galr1	GALANIN	1.0	Secreted Signaling	CellChatDB	GALP_GALR1	PMID: 23233848					CellChatDB v1
Galp	Galr2	GALANIN	1.0	Secreted Signaling	CellChatDB	GALP_GALR2	PMID: 23233848					CellChatDB v1
Ghrl	Ghsr	GHRELIN	1.0	Secreted Signaling	CellChatDB	GHRL_GHSR	KEGG: mmu04080; PMID: 29233536		GHRL antagonist			CellChatDB v1
Kiss1	Kiss1r	KISS1	1.0	Secreted Signaling	CellChatDB	KISS1_KISS1R	KEGG: mmu04080					CellChatDB v1
Pomc	Mc1r	MELANOCORTIN	1.0	Secreted Signaling	CellChatDB	POMC_MC1R	KEGG: mmu04080					CellChatDB v1
Pomc	Mc2r	MELANOCORTIN	1.0	Secreted Signaling	CellChatDB	POMC_MC2R	KEGG: mmu04080					CellChatDB v1
Pomc	Mc3r	MELANOCORTIN	1.0	Secreted Signaling	CellChatDB	POMC_MC3R	KEGG: mmu04080; PMID: 11024027		POMC antagonist			CellChatDB v1
Pomc	Mc4r	MELANOCORTIN	1.0	Secreted Signaling	CellChatDB	POMC_MC4R	KEGG: mmu04080; PMID: 11024027		POMC antagonist			CellChatDB v1
Pomc	Mc5r	MELANOCORTIN	1.0	Secreted Signaling	CellChatDB	POMC_MC5R	KEGG: mmu04080					CellChatDB v1
Nmu	Nmur1	NMU	1.0	Secreted Signaling	CellChatDB	NMU_NMUR1	KEGG: mmu04080					CellChatDB v1
Nmu	Nmur2	NMU	1.0	Secreted Signaling	CellChatDB	NMU_NMUR2	KEGG: mmu04080					CellChatDB v1
Nms	Nmur1	NMU	1.0	Secreted Signaling	CellChatDB	NMS_NMUR1	PMID: 29288685					CellChatDB v1
Nms	Nmur2	NMU	1.0	Secreted Signaling	CellChatDB	NMS_NMUR2	PMID: 29288685					CellChatDB v1
Npff	Npffr1	NPFF	1.0	Secreted Signaling	CellChatDB	NPFF_NPFFR1	KEGG: mmu04080					CellChatDB v1
Npff	Npffr2	NPFF	1.0	Secreted Signaling	CellChatDB	NPFF_NPFFR2	KEGG: mmu04080					CellChatDB v1
Npy	Npy1r	NPY	1.0	Secreted Signaling	CellChatDB	NPY_NPY1R	KEGG: mmu04080					CellChatDB v1
Npy	Npy2r	NPY	1.0	Secreted Signaling	CellChatDB	NPY_NPY2R	KEGG: mmu04080					CellChatDB v1
Npy	Npy4r	NPY	1.0	Secreted Signaling	CellChatDB	NPY_NPY4R	KEGG: mmu04080					CellChatDB v1
Npy	Npy5r	NPY	1.0	Secreted Signaling	CellChatDB	NPY_NPY5R	KEGG: mmu04080					CellChatDB v1
Npy	Npy6r	NPY	1.0	Secreted Signaling	CellChatDB	NPY_NPY6R	KEGG: mmu04080					CellChatDB v1
Npy	Gpr83	NPY	1.0	Secreted Signaling	CellChatDB	NPY_GPR83	KEGG: mmu04080					CellChatDB v1
Npy	Pgr15l	NPY	1.0	Secreted Signaling	CellChatDB	NPY_PGR15L	KEGG: mmu04080					CellChatDB v1
Ppy	Npy1r	NPY	1.0	Secreted Signaling	CellChatDB	PPY_NPY1R	KEGG: mmu04080					CellChatDB v1
Ppy	Npy2r	NPY	1.0	Secreted Signaling	CellChatDB	PPY_NPY2R	KEGG: mmu04080					CellChatDB v1
Ppy	Npy4r	NPY	1.0	Secreted Signaling	CellChatDB	PPY_NPY4R	KEGG: mmu04080					CellChatDB v1
Ppy	Npy5r	NPY	1.0	Secreted Signaling	CellChatDB	PPY_NPY5R	KEGG: mmu04080					CellChatDB v1
Ppy	Npy6r	NPY	1.0	Secreted Signaling	CellChatDB	PPY_NPY6R	KEGG: mmu04080					CellChatDB v1
Ppy	Gpr83	NPY	1.0	Secreted Signaling	CellChatDB	PPY_GPR83	KEGG: mmu04080					CellChatDB v1
Ppy	Pgr15l	NPY	1.0	Secreted Signaling	CellChatDB	PPY_PGR15L	KEGG: mmu04080					CellChatDB v1
Pyy	Npy1r	NPY	1.0	Secreted Signaling	CellChatDB	PYY_NPY1R	KEGG: mmu04080					CellChatDB v1
Pyy	Npy2r	NPY	1.0	Secreted Signaling	CellChatDB	PYY_NPY2R	KEGG: mmu04080					CellChatDB v1
Pyy	Npy4r	NPY	1.0	Secreted Signaling	CellChatDB	PYY_NPY4R	KEGG: mmu04080					CellChatDB v1
Pyy	Npy5r	NPY	1.0	Secreted Signaling	CellChatDB	PYY_NPY5R	KEGG: mmu04080					CellChatDB v1
Pyy	Npy6r	NPY	1.0	Secreted Signaling	CellChatDB	PYY_NPY6R	KEGG: mmu04080					CellChatDB v1
Pyy	Gpr83	NPY	1.0	Secreted Signaling	CellChatDB	PYY_GPR83	KEGG: mmu04080					CellChatDB v1
Pyy	Pgr15l	NPY	1.0	Secreted Signaling	CellChatDB	PYY_PGR15L	KEGG: mmu04080					CellChatDB v1
Npb	Npbwr1	NPW-B	1.0	Secreted Signaling	CellChatDB	NPB_NPBWR1	KEGG: mmu04080					CellChatDB v1
Npw	Npbwr1	NPW-B	1.0	Secreted Signaling	CellChatDB	NPW_NPBWR1	KEGG: mmu04080					CellChatDB v1
Nts	Ntsr1	NTS	1.0	Secreted Signaling	CellChatDB	NTS_NTSR1	KEGG: mmu04080					CellChatDB v1
Nts	Ntsr2	NTS	1.0	Secreted Signaling	CellChatDB	NTS_NTSR2	KEGG: mmu04080					CellChatDB v1
Pdyn	Oprd1	OPIOID	1.0	Secreted Signaling	CellChatDB	PDYN_OPRD1	KEGG: mmu04080					CellChatDB v1
Pdyn	Oprk1	OPIOID	1.0	Secreted Signaling	CellChatDB	PDYN_OPRK1	KEGG: mmu04080					CellChatDB v1
Pdyn	Oprl1	OPIOID	1.0	Secreted Signaling	CellChatDB	PDYN_OPRL1	KEGG: mmu04080					CellChatDB v1
Pdyn	Oprm1	OPIOID	1.0	Secreted Signaling	CellChatDB	PDYN_OPRM1	KEGG: mmu04080					CellChatDB v1
Penk	Oprd1	OPIOID	1.0	Secreted Signaling	CellChatDB	PENK_OPRD1	KEGG: mmu04080					CellChatDB v1
Penk	Oprk1	OPIOID	1.0	Secreted Signaling	CellChatDB	PENK_OPRK1	KEGG: mmu04080					CellChatDB v1
Penk	Oprl1	OPIOID	1.0	Secreted Signaling	CellChatDB	PENK_OPRL1	KEGG: mmu04080					CellChatDB v1
Penk	Oprm1	OPIOID	1.0	Secreted Signaling	CellChatDB	PENK_OPRM1	KEGG: mmu04080					CellChatDB v1
Pomc	Oprd1	OPIOID	1.0	Secreted Signaling	CellChatDB	POMC_OPRD1	KEGG: mmu04080					CellChatDB v1
Pomc	Oprk1	OPIOID	1.0	Secreted Signaling	CellChatDB	POMC_OPRK1	KEGG: mmu04080					CellChatDB v1
Pomc	Oprl1	OPIOID	1.0	Secreted Signaling	CellChatDB	POMC_OPRL1	KEGG: mmu04080					CellChatDB v1
Pomc	Oprm1	OPIOID	1.0	Secreted Signaling	CellChatDB	POMC_OPRM1	KEGG: mmu04080					CellChatDB v1
Hcrt	Hcrtr1	HCRT	1.0	Secreted Signaling	CellChatDB	HCRT_HCRTR1	KEGG: mmu04080					CellChatDB v1
Hcrt	Hcrtr2	HCRT	1.0	Secreted Signaling	CellChatDB	HCRT_HCRTR2	KEGG: mmu04080					CellChatDB v1
Oxt	Oxtr	OXT	1.0	Secreted Signaling	CellChatDB	OXT_OXTR	KEGG: mmu04080					CellChatDB v1
Sst	Sstr1	SOMATOSTATIN	1.0	Secreted Signaling	CellChatDB	SST_SSTR1	KEGG: mmu04080					CellChatDB v1
Sst	Sstr2	SOMATOSTATIN	1.0	Secreted Signaling	CellChatDB	SST_SSTR2	KEGG: mmu04080					CellChatDB v1
Sst	Sstr3	SOMATOSTATIN	1.0	Secreted Signaling	CellChatDB	SST_SSTR3	KEGG: mmu04080					CellChatDB v1
Sst	Sstr4	SOMATOSTATIN	1.0	Secreted Signaling	CellChatDB	SST_SSTR4	KEGG: mmu04080					CellChatDB v1
Sst	Sstr5	SOMATOSTATIN	1.0	Secreted Signaling	CellChatDB	SST_SSTR5	KEGG: mmu04080					CellChatDB v1
Cort	Sstr1	SOMATOSTATIN	1.0	Secreted Signaling	CellChatDB	CORT_SSTR1	KEGG: mmu04080					CellChatDB v1
Cort	Sstr2	SOMATOSTATIN	1.0	Secreted Signaling	CellChatDB	CORT_SSTR2	KEGG: mmu04080					CellChatDB v1
Cort	Sstr3	SOMATOSTATIN	1.0	Secreted Signaling	CellChatDB	CORT_SSTR3	KEGG: mmu04080					CellChatDB v1
Cort	Sstr4	SOMATOSTATIN	1.0	Secreted Signaling	CellChatDB	CORT_SSTR4	KEGG: mmu04080					CellChatDB v1
Cort	Sstr5	SOMATOSTATIN	1.0	Secreted Signaling	CellChatDB	CORT_SSTR5	KEGG: mmu04080					CellChatDB v1
Tac1	Tacr1	TAC	1.0	Secreted Signaling	CellChatDB	TAC1_TACR1	KEGG: mmu04080					CellChatDB v1
Tac4	Tacr1	TAC	1.0	Secreted Signaling	CellChatDB	TAC4_TACR1	KEGG: mmu04080					CellChatDB v1
Tac1	Tacr2	TAC	1.0	Secreted Signaling	CellChatDB	TAC1_TACR2	KEGG: mmu04080					CellChatDB v1
Tac2	Tacr3	TAC	1.0	Secreted Signaling	CellChatDB	TAC2_TACR3	KEGG: mmu04080					CellChatDB v1
Uts2	Uts2r	UTS2	1.0	Secreted Signaling	CellChatDB	UTS2_UTS2R	KEGG: mmu04080					CellChatDB v1
Avp	Avpr2	AVP	1.0	Secreted Signaling	CellChatDB	AVP_AVPR2	KEGG: mmu04080					CellChatDB v1
Avp	Avpr1a	AVP	1.0	Secreted Signaling	CellChatDB	AVP_AVPR1A	KEGG: mmu04080					CellChatDB v1
Avp	Avpr1b	AVP	1.0	Secreted Signaling	CellChatDB	AVP_AVPR1B	KEGG: mmu04080					CellChatDB v1
Prlh	Prlhr	PRLH	1.0	Secreted Signaling	CellChatDB	PRLH_PRLHR	KEGG: mmu04080					CellChatDB v1
Prss3l	F2r	PARs	1.0	Secreted Signaling	CellChatDB	GM10334_F2R	KEGG: mmu04080					CellChatDB v1
Try5	F2r	PARs	1.0	Secreted Signaling	CellChatDB	TRY5_F2R	KEGG: mmu04080					CellChatDB v1
Ctsg	F2r	PARs	1.0	Secreted Signaling	CellChatDB	CTSG_F2R	KEGG: mmu04080					CellChatDB v1
F2	F2r	PARs	1.0	Secreted Signaling	CellChatDB	F2_F2R	KEGG: mmu04080					CellChatDB v1
Gzma	F2r	PARs	1.0	Secreted Signaling	CellChatDB	GZMA_F2R	KEGG: mmu04080					CellChatDB v1
Prss2	F2r	PARs	1.0	Secreted Signaling	CellChatDB	PRSS2_F2R	KEGG: mmu04080					CellChatDB v1
Try4	F2r	PARs	1.0	Secreted Signaling	CellChatDB	TRY4_F2R	KEGG: mmu04080					CellChatDB v1
Try10	F2r	PARs	1.0	Secreted Signaling	CellChatDB	TRY10_F2R	KEGG: mmu04080					CellChatDB v1
Prss3l	F2rl1	PARs	1.0	Secreted Signaling	CellChatDB	GM10334_F2RL1	KEGG: mmu04080					CellChatDB v1
Try5	F2rl1	PARs	1.0	Secreted Signaling	CellChatDB	TRY5_F2RL1	KEGG: mmu04080					CellChatDB v1
Ctsg	F2rl1	PARs	1.0	Secreted Signaling	CellChatDB	CTSG_F2RL1	KEGG: mmu04080					CellChatDB v1
F2	F2rl1	PARs	1.0	Secreted Signaling	CellChatDB	F2_F2RL1	KEGG: mmu04080					CellChatDB v1
Gzma	F2rl1	PARs	1.0	Secreted Signaling	CellChatDB	GZMA_F2RL1	KEGG: mmu04080					CellChatDB v1
Prss2	F2rl1	PARs	1.0	Secreted Signaling	CellChatDB	PRSS2_F2RL1	KEGG: mmu04080					CellChatDB v1
Try4	F2rl1	PARs	1.0	Secreted Signaling	CellChatDB	TRY4_F2RL1	KEGG: mmu04080					CellChatDB v1
Try10	F2rl1	PARs	1.0	Secreted Signaling	CellChatDB	TRY10_F2RL1	KEGG: mmu04080					CellChatDB v1
Prss3l	F2rl2	PARs	1.0	Secreted Signaling	CellChatDB	GM10334_F2RL2	KEGG: mmu04080					CellChatDB v1
Try5	F2rl2	PARs	1.0	Secreted Signaling	CellChatDB	TRY5_F2RL2	KEGG: mmu04080					CellChatDB v1
Ctsg	F2rl2	PARs	1.0	Secreted Signaling	CellChatDB	CTSG_F2RL2	KEGG: mmu04080					CellChatDB v1
F2	F2rl2	PARs	1.0	Secreted Signaling	CellChatDB	F2_F2RL2	KEGG: mmu04080					CellChatDB v1
Gzma	F2rl2	PARs	1.0	Secreted Signaling	CellChatDB	GZMA_F2RL2	KEGG: mmu04080					CellChatDB v1
Prss2	F2rl2	PARs	1.0	Secreted Signaling	CellChatDB	PRSS2_F2RL2	KEGG: mmu04080					CellChatDB v1
Try4	F2rl2	PARs	1.0	Secreted Signaling	CellChatDB	TRY4_F2RL2	KEGG: mmu04080					CellChatDB v1
Try10	F2rl2	PARs	1.0	Secreted Signaling	CellChatDB	TRY10_F2RL2	KEGG: mmu04080					CellChatDB v1
Prss3l	F2rl3	PARs	1.0	Secreted Signaling	CellChatDB	GM10334_F2RL3	KEGG: mmu04080					CellChatDB v1
Try5	F2rl3	PARs	1.0	Secreted Signaling	CellChatDB	TRY5_F2RL3	KEGG: mmu04080					CellChatDB v1
Ctsg	F2rl3	PARs	1.0	Secreted Signaling	CellChatDB	CTSG_F2RL3	KEGG: mmu04080					CellChatDB v1
F2	F2rl3	PARs	1.0	Secreted Signaling	CellChatDB	F2_F2RL3	KEGG: mmu04080					CellChatDB v1
Gzma	F2rl3	PARs	1.0	Secreted Signaling	CellChatDB	GZMA_F2RL3	KEGG: mmu04080					CellChatDB v1
Plg	F2rl3	PARs	1.0	Secreted Signaling	CellChatDB	PLG_F2RL3	KEGG: mmu04080					CellChatDB v1
Prss2	F2rl3	PARs	1.0	Secreted Signaling	CellChatDB	PRSS2_F2RL3	KEGG: mmu04080					CellChatDB v1
Try4	F2rl3	PARs	1.0	Secreted Signaling	CellChatDB	TRY4_F2RL3	KEGG: mmu04080					CellChatDB v1
Try10	F2rl3	PARs	1.0	Secreted Signaling	CellChatDB	TRY10_F2RL3	KEGG: mmu04080					CellChatDB v1
Prss3l	Pard3	PARs	1.0	Secreted Signaling	CellChatDB	GM10334_PARD3	KEGG: mmu04080					CellChatDB v1
Try5	Pard3	PARs	1.0	Secreted Signaling	CellChatDB	TRY5_PARD3	KEGG: mmu04080					CellChatDB v1
Ctsg	Pard3	PARs	1.0	Secreted Signaling	CellChatDB	CTSG_PARD3	KEGG: mmu04080					CellChatDB v1
F2	Pard3	PARs	1.0	Secreted Signaling	CellChatDB	F2_PARD3	KEGG: mmu04080					CellChatDB v1
Gzma	Pard3	PARs	1.0	Secreted Signaling	CellChatDB	GZMA_PARD3	KEGG: mmu04080					CellChatDB v1
Plg	Pard3	PARs	1.0	Secreted Signaling	CellChatDB	PLG_PARD3	KEGG: mmu04080					CellChatDB v1
Prss2	Pard3	PARs	1.0	Secreted Signaling	CellChatDB	PRSS2_PARD3	KEGG: mmu04080					CellChatDB v1
Try4	Pard3	PARs	1.0	Secreted Signaling	CellChatDB	TRY4_PARD3	KEGG: mmu04080					CellChatDB v1
Try10	Pard3	PARs	1.0	Secreted Signaling	CellChatDB	TRY10_PARD3	KEGG: mmu04080					CellChatDB v1
Pmch	Mchr1	PMCH	1.0	Secreted Signaling	CellChatDB	PMCH_MCHR1	KEGG: mmu04080					CellChatDB v1
Prok1	Prokr2	PROK	1.0	Secreted Signaling	CellChatDB	PROK1_PROKR2	PMID: 24496457					CellChatDB v1
Prok1	Prokr1	PROK	1.0	Secreted Signaling	CellChatDB	PROK1_PROKR1	PMID: 24496457					CellChatDB v1
Prok2	Prokr1	PROK	1.0	Secreted Signaling	CellChatDB	PROK2_PROKR1	PMID: 24496457					CellChatDB v1
Prok2	Prokr2	PROK	1.0	Secreted Signaling	CellChatDB	PROK2_PROKR2	PMID: 24496457					CellChatDB v1
Adcyap1	Adcyap1r1	PACAP	1.0	Secreted Signaling	CellChatDB	ADCYAP1_ADCYAP1R1	PMID: 21350482					CellChatDB v1
Vip	Vipr1	VIP	1.0	Secreted Signaling	CellChatDB	VIP_VIPR1	PMID: 10655512					CellChatDB v1
Vip	Vipr2	VIP	1.0	Secreted Signaling	CellChatDB	VIP_VIPR2	KEGG: mmu04080					CellChatDB v1
Nppa	Npr1	NPR1	1.0	Secreted Signaling	CellChatDB	NPPA_NPR1	KEGG: mmu04080; PMID:29934640					CellChatDB v1
Nppb	Npr1	NPR1	1.0	Secreted Signaling	CellChatDB	NPPB_NPR1	KEGG: mmu04080; PMID:29934640					CellChatDB v1
Nppc	Npr2	NPR2	1.0	Secreted Signaling	CellChatDB	NPPC_NPR2	KEGG: mmu04080; PMID:29934640					CellChatDB v1
Kitl	Kit	KIT	1.0	Secreted Signaling	CellChatDB	KITL_KIT	KEGG: mmu04080					CellChatDB v1
Gcg	Gipr	GIPR	1.0	Secreted Signaling	CellChatDB	GCG_GIPR	KEGG: mmu04080					CellChatDB v1
Gip	Gipr	GIPR	1.0	Secreted Signaling	CellChatDB	GIP_GIPR	KEGG: mmu04080					CellChatDB v1
Fshb	Fshr	FSH	1.0	Secreted Signaling	CellChatDB	FSHB_FSHR	KEGG: mmu04080					CellChatDB v1
Cga	Fshr	FSH	1.0	Secreted Signaling	CellChatDB	CGA_FSHR	KEGG: mmu04080					CellChatDB v1
Lhb	Lhcgr	LHB	1.0	Secreted Signaling	CellChatDB	LHB_LHCGR	KEGG: mmu04080					CellChatDB v1
Cga	Lhcgr	LHB	1.0	Secreted Signaling	CellChatDB	CGA_LHCGR	KEGG: mmu04080					CellChatDB v1
Tshb	Tshr	TSH	1.0	Secreted Signaling	CellChatDB	TSHB_TSHR	KEGG: mmu04080					CellChatDB v1
Cga	Tshr	TSH	1.0	Secreted Signaling	CellChatDB	CGA_TSHR	KEGG: mmu04080					CellChatDB v1
Bdnf	Ntrk2	NT	1.0	Secreted Signaling	CellChatDB	BDNF_NTRK2	PMID: 27908981			NGFR activation receptor		CellChatDB v1
Ngf	Ntrk1	NT	1.0	Secreted Signaling	CellChatDB	NGF_NTRK1	PMID: 27908981			NGFR activation receptor		CellChatDB v1
Flt3l	Flt3	FLT3	1.0	Secreted Signaling	CellChatDB	FLT3L_FLT3	PMID: 25992210					CellChatDB v1
Hgf	Met	HGF	1.0	Secreted Signaling	CellChatDB	HGF_MET	PMID: 28475121					CellChatDB v1
Klk1b4	Ntrk1	NT	1.0	Secreted Signaling	CellChatDB	NGFA_NTRK1	PMID: 27908981			NGFR activation receptor		CellChatDB v1
Ntf3	Ntrk1	NT	1.0	Secreted Signaling	CellChatDB	NTF3_NTRK1	PMID: 27908981			NGFR activation receptor		CellChatDB v1
Ntf3	Ntrk2	NT	1.0	Secreted Signaling	CellChatDB	NTF3_NTRK2	PMID: 27908981			NGFR activation receptor		CellChatDB v1
Ntf3	Ntrk3	NT	1.0	Secreted Signaling	CellChatDB	NTF3_NTRK3	PMID: 27908981			NGFR activation receptor		CellChatDB v1
Ntf5	Ntrk2	NT	1.0	Secreted Signaling	CellChatDB	NTF5_NTRK2	PMID: 27908981			NGFR activation receptor		CellChatDB v1
Sema3a	Nrp1+Plxna1	SEMA3	1.0	Secreted Signaling	CellChatDB	SEMA3A_NRP1_PLXNA1	PMID: 27533782					CellChatDB v1
Sema3a	Nrp1+Plxna2	SEMA3	1.0	Secreted Signaling	CellChatDB	SEMA3A_NRP1_PLXNA2	PMID: 27533782					CellChatDB v1
Sema3a	Nrp1+Plxna3	SEMA3	1.0	Secreted Signaling	CellChatDB	SEMA3A_NRP1_PLXNA3	PMID: 27533782					CellChatDB v1
Sema3a	Nrp1+Plxna4	SEMA3	1.0	Secreted Signaling	CellChatDB	SEMA3A_NRP1_PLXNA4	PMID: 27533782					CellChatDB v1
Sema3b	Nrp1+Plxna1	SEMA3	1.0	Secreted Signaling	CellChatDB	SEMA3B_NRP1_PLXNA1	PMID: 27533782					CellChatDB v1
Sema3b	Nrp1+Plxna2	SEMA3	1.0	Secreted Signaling	CellChatDB	SEMA3B_NRP1_PLXNA2	PMID: 27533782					CellChatDB v1
Sema3b	Nrp1+Plxna3	SEMA3	1.0	Secreted Signaling	CellChatDB	SEMA3B_NRP1_PLXNA3	PMID: 27533782					CellChatDB v1
Sema3b	Nrp1+Plxna4	SEMA3	1.0	Secreted Signaling	CellChatDB	SEMA3B_NRP1_PLXNA4	PMID: 27533782					CellChatDB v1
Sema3c	Nrp1+Plxna1	SEMA3	1.0	Secreted Signaling	CellChatDB	SEMA3C_NRP1_PLXNA1	PMID: 27533782					CellChatDB v1
Sema3c	Nrp1+Plxna2	SEMA3	1.0	Secreted Signaling	CellChatDB	SEMA3C_NRP1_PLXNA2	PMID: 27533782					CellChatDB v1
Sema3c	Nrp1+Plxna3	SEMA3	1.0	Secreted Signaling	CellChatDB	SEMA3C_NRP1_PLXNA3	PMID: 27533782					CellChatDB v1
Sema3c	Nrp1+Plxna4	SEMA3	1.0	Secreted Signaling	CellChatDB	SEMA3C_NRP1_PLXNA4	PMID: 27533782					CellChatDB v1
Sema3d	Nrp1+Plxna1	SEMA3	1.0	Secreted Signaling	CellChatDB	SEMA3D_NRP1_PLXNA1	PMID: 27533782					CellChatDB v1
Sema3d	Nrp1+Plxna2	SEMA3	1.0	Secreted Signaling	CellChatDB	SEMA3D_NRP1_PLXNA2	PMID: 27533782					CellChatDB v1
Sema3d	Nrp1+Plxna3	SEMA3	1.0	Secreted Signaling	CellChatDB	SEMA3D_NRP1_PLXNA3	PMID: 27533782					CellChatDB v1
Sema3d	Nrp1+Plxna4	SEMA3	1.0	Secreted Signaling	CellChatDB	SEMA3D_NRP1_PLXNA4	PMID: 27533782					CellChatDB v1
Sema3b	Nrp2+Plxna1	SEMA3	1.0	Secreted Signaling	CellChatDB	SEMA3B_NRP2_PLXNA1	PMID: 27533782					CellChatDB v1
Sema3b	Nrp2+Plxna2	SEMA3	1.0	Secreted Signaling	CellChatDB	SEMA3B_NRP2_PLXNA2	PMID: 27533782					CellChatDB v1
Sema3b	Nrp2+Plxna3	SEMA3	1.0	Secreted Signaling	CellChatDB	SEMA3B_NRP2_PLXNA3	PMID: 27533782					CellChatDB v1
Sema3b	Nrp2+Plxna4	SEMA3	1.0	Secreted Signaling	CellChatDB	SEMA3B_NRP2_PLXNA4	PMID: 27533782					CellChatDB v1
Sema3c	Nrp2+Plxna1	SEMA3	1.0	Secreted Signaling	CellChatDB	SEMA3C_NRP2_PLXNA1	PMID: 27533782					CellChatDB v1
Sema3c	Nrp2+Plxna2	SEMA3	1.0	Secreted Signaling	CellChatDB	SEMA3C_NRP2_PLXNA2	PMID: 27533782					CellChatDB v1
Sema3c	Nrp2+Plxna3	SEMA3	1.0	Secreted Signaling	CellChatDB	SEMA3C_NRP2_PLXNA3	PMID: 27533782					CellChatDB v1
Sema3c	Nrp2+Plxna4	SEMA3	1.0	Secreted Signaling	CellChatDB	SEMA3C_NRP2_PLXNA4	PMID: 27533782					CellChatDB v1
Sema3d	Nrp2+Plxna1	SEMA3	1.0	Secreted Signaling	CellChatDB	SEMA3D_NRP2_PLXNA1	PMID: 27533782					CellChatDB v1
Sema3d	Nrp2+Plxna2	SEMA3	1.0	Secreted Signaling	CellChatDB	SEMA3D_NRP2_PLXNA2	PMID: 27533782					CellChatDB v1
Sema3d	Nrp2+Plxna3	SEMA3	1.0	Secreted Signaling	CellChatDB	SEMA3D_NRP2_PLXNA3	PMID: 27533782					CellChatDB v1
Sema3d	Nrp2+Plxna4	SEMA3	1.0	Secreted Signaling	CellChatDB	SEMA3D_NRP2_PLXNA4	PMID: 27533782					CellChatDB v1
Sema3f	Nrp2+Plxna1	SEMA3	1.0	Secreted Signaling	CellChatDB	SEMA3F_NRP2_PLXNA1	PMID: 27533782					CellChatDB v1
Sema3f	Nrp2+Plxna2	SEMA3	1.0	Secreted Signaling	CellChatDB	SEMA3F_NRP2_PLXNA2	PMID: 27533782					CellChatDB v1
Sema3f	Nrp2+Plxna3	SEMA3	1.0	Secreted Signaling	CellChatDB	SEMA3F_NRP2_PLXNA3	PMID: 27533782					CellChatDB v1
Sema3f	Nrp2+Plxna4	SEMA3	1.0	Secreted Signaling	CellChatDB	SEMA3F_NRP2_PLXNA4	PMID: 27533782					CellChatDB v1
Sema3g	Nrp2+Plxna1	SEMA3	1.0	Secreted Signaling	CellChatDB	SEMA3G_NRP2_PLXNA1	PMID: 27533782					CellChatDB v1
Sema3g	Nrp2+Plxna2	SEMA3	1.0	Secreted Signaling	CellChatDB	SEMA3G_NRP2_PLXNA2	PMID: 27533782					CellChatDB v1
Sema3g	Nrp2+Plxna3	SEMA3	1.0	Secreted Signaling	CellChatDB	SEMA3G_NRP2_PLXNA3	PMID: 27533782					CellChatDB v1
Sema3g	Nrp2+Plxna4	SEMA3	1.0	Secreted Signaling	CellChatDB	SEMA3G_NRP2_PLXNA4	PMID: 27533782					CellChatDB v1
Sema3c	Nrp1+Nrp2+Plxnd1	SEMA3	1.0	Secreted Signaling	CellChatDB	SEMA3C_NRP1_NRP2	PMID: 27533782					CellChatDB v1
Sema3c	Plxnd1	SEMA3	1.0	Secreted Signaling	CellChatDB	SEMA3C_PLXND1	PMID: 27533782					CellChatDB v1
Sema3e	Plxnd1	SEMA3	1.0	Secreted Signaling	CellChatDB	SEMA3E_PLXND1	PMID: 22325954					CellChatDB v1
Agt	Mas1	AGT	1.0	Secreted Signaling	CellChatDB	AGT_MAS1	KEGG: mmu04080					CellChatDB v1
Anxa1	Fpr2	ANNEXIN	1.0	Secreted Signaling	CellChatDB	ANXA1_FPR2	PMID: 23230437					CellChatDB v1
Anxa1	Fpr1	ANNEXIN	1.0	Secreted Signaling	CellChatDB	ANXA1_FPR1	PMID: 23230437					CellChatDB v1
Apela	Aplnr	APJ	1.0	Secreted Signaling	CellChatDB	APELA_APLNR	PMID: 25995451					CellChatDB v1
Crh	Crhr1	CRH	1.0	Secreted Signaling	CellChatDB	CRH_CRHR1	KEGG: mmu04080					CellChatDB v1
Crh	Crhr2	CRH	1.0	Secreted Signaling	CellChatDB	CRH_CRHR2	KEGG: mmu04080					CellChatDB v1
Enho	Gpr19	ENHO	1.0	Secreted Signaling	CellChatDB	ENHO_GPR19	PMID: 28476646					CellChatDB v1
Gas6	Axl	GAS	1.0	Secreted Signaling	CellChatDB	GAS6_AXL	PMID: 27801848					CellChatDB v1
Gas6	Mertk	GAS	1.0	Secreted Signaling	CellChatDB	GAS6_MERTK	PMID: 27801848					CellChatDB v1
Gas6	Tyro3	GAS	1.0	Secreted Signaling	CellChatDB	GAS6_TYRO3	PMID: 27801848					CellChatDB v1
Gcg	Gcgr	GCG	1.0	Secreted Signaling	CellChatDB	GCG_GCGR	KEGG: mmu04080					CellChatDB v1
Gcg	Glp1r	GCG	1.0	Secreted Signaling	CellChatDB	GCG_GLP1R	KEGG: mmu04080					CellChatDB v1
Gcg	Glp2r	GCG	1.0	Secreted Signaling	CellChatDB	GCG_GLP2R	KEGG: mmu04080					CellChatDB v1
Gh	Prlr	GH	1.0	Secreted Signaling	CellChatDB	GH_PRLR	PMID: 23192981					CellChatDB v1
Ghrh	Vipr1	GHRH	1.0	Secreted Signaling	CellChatDB	GHRH_VIPR1	PMID: 10655511					CellChatDB v1
Ghrh	Vipr2	GHRH	1.0	Secreted Signaling	CellChatDB	GHRH_VIPR2	PMID: 10655511					CellChatDB v1
Ghrh	Ghsr	GHRH	1.0	Secreted Signaling	CellChatDB	GHRH_GHSR	PMID: 19088192					CellChatDB v1
Ghrh	Ghrhr	GHRH	1.0	Secreted Signaling	CellChatDB	GHRH_GHRHR	PMID: 26917260					CellChatDB v1
Gnrh1	Gnrhr	GNRH	1.0	Secreted Signaling	CellChatDB	GNRH1_GNRHR	PMID: 19640273					CellChatDB v1
Grn	Sort1	GRN	1.0	Secreted Signaling	CellChatDB	GRN_SORT1	PMID: 29555433					CellChatDB v1
Guca2a	Gucy2c	GUCA	1.0	Secreted Signaling	CellChatDB	GUCA2A_GUCY2C	PMID: 22384056					CellChatDB v1
Guca2b	Gucy2c	GUCA	1.0	Secreted Signaling	CellChatDB	GUCA2B_GUCY2C	PMID: 22384056					CellChatDB v1
Insl3	Rxfp2	RLN	1.0	Secreted Signaling	CellChatDB	INSL3_RXFP2	KEGG: mmu04080					CellChatDB v1
Insl3	Rxfp1	RLN	1.0	Secreted Signaling	CellChatDB	INSL3_RXFP1	KEGG: mmu04080					CellChatDB v1
Insl3	Rxfp4	RLN	1.0	Secreted Signaling	CellChatDB	INSL3_RXFP4	KEGG: mmu04080					CellChatDB v1
Insl3	Rxfp3	RLN	1.0	Secreted Signaling	CellChatDB	INSL3_RXFP3	KEGG: mmu04080					CellChatDB v1
Insl5	Rxfp4	RLN	1.0	Secreted Signaling	CellChatDB	INSL5_RXFP4	KEGG: mmu04080					CellChatDB v1
Insl5	Rxfp3	RLN	1.0	Secreted Signaling	CellChatDB	INSL5_RXFP3	KEGG: mmu04080					CellChatDB v1
Insl5	Rxfp2	RLN	1.0	Secreted Signaling	CellChatDB	INSL5_RXFP2	KEGG: mmu04080					CellChatDB v1
Insl5	Rxfp1	RLN	1.0	Secreted Signaling	CellChatDB	INSL5_RXFP1	KEGG: mmu04080					CellChatDB v1
Lep	Lepr	LEP	1.0	Secreted Signaling	CellChatDB	LEP_LEPR	KEGG: mmu04080					CellChatDB v1
Lgals9	Ptprc	GALECTIN	1.0	Secreted Signaling	CellChatDB	LGALS9_CD45	PMID: 30120235					CellChatDB v1
Lgals9	Ighm	GALECTIN	1.0	Secreted Signaling	CellChatDB	LGALS9_IGHM	PMID: 30120235					CellChatDB v1
Nps	Npsr1	NPS	1.0	Secreted Signaling	CellChatDB	NPS_NPSR1	PMID: 19732772					CellChatDB v1
Npvf	Npffr1	NPVF	1.0	Secreted Signaling	CellChatDB	NPVF_NPFFR1	PMID: 29106375					CellChatDB v1
Npvf	Npffr2	NPVF	1.0	Secreted Signaling	CellChatDB	NPVF_NPFFR2	PMID: 29106375					CellChatDB v1
Ostn	Npr3	OSTN	1.0	Secreted Signaling	CellChatDB	OSTN_NPR3	PMID: 29326144					CellChatDB v1
Pmch	Mertk	PMCH	1.0	Secreted Signaling	CellChatDB	PMCH_MERTK	PMID: 30501104					CellChatDB v1
Pros1	Axl	PROS	1.0	Secreted Signaling	CellChatDB	PROS1_AXL	PMID: 29531161					CellChatDB v1
Pros1	Tyro3	PROS	1.0	Secreted Signaling	CellChatDB	PROS1_TYRO3	PMID: 30501104					CellChatDB v1
Psap	Gpr37l1	PSAP	1.0	Secreted Signaling	CellChatDB	PSAP_GPR37L1	PMID: 23690594					CellChatDB v1
Psap	Gpr37	PSAP	1.0	Secreted Signaling	CellChatDB	PSAP_GPR37	PMID: 23690594					CellChatDB v1
Pth	Pth1r	PTH	1.0	Secreted Signaling	CellChatDB	PTH_PTH1R	KEGG: mmu04080					CellChatDB v1
Pth	Pth2r	PTH	1.0	Secreted Signaling	CellChatDB	PTH_PTH2R	KEGG: mmu04080					CellChatDB v1
Pth2	Pth1r	PTH	1.0	Secreted Signaling	CellChatDB	PTH2_PTH1R	KEGG: mmu04080					CellChatDB v1
Pth2	Pth2r	PTH	1.0	Secreted Signaling	CellChatDB	PTH2_PTH2R	KEGG: mmu04080					CellChatDB v1
Pthlh	Pth1r	PTH	1.0	Secreted Signaling	CellChatDB	PTHLH_PTH1R	PMID: 29577935					CellChatDB v1
Qrfp	Qrfpr	QRFP	1.0	Secreted Signaling	CellChatDB	QRFP_QRFPR	PMID: 25386115					CellChatDB v1
Rarres2	Cmklr2	CHEMERIN	1.0	Secreted Signaling	CellChatDB	RARRES2_GPR1	PMID: 24671882					CellChatDB v1
Rarres2	Cmklr1	CHEMERIN	1.0	Secreted Signaling	CellChatDB	RARRES2_CMKLR1	PMID: 24671882					CellChatDB v1
Rln1	Rxfp2	RLN	1.0	Secreted Signaling	CellChatDB	RLN1_RXFP2	KEGG: mmu04080					CellChatDB v1
Rln1	Rxfp1	RLN	1.0	Secreted Signaling	CellChatDB	RLN1_RXFP1	KEGG: mmu04080					CellChatDB v1
Rln1	Rxfp3	RLN	1.0	Secreted Signaling	CellChatDB	RLN1_RXFP3	KEGG: mmu04080					CellChatDB v1
Rln1	Rxfp4	RLN	1.0	Secreted Signaling	CellChatDB	RLN1_RXFP4	KEGG: mmu04080					CellChatDB v1
Rln3	Rxfp3	RLN	1.0	Secreted Signaling	CellChatDB	RLN3_RXFP3	KEGG: mmu04080					CellChatDB v1
Rln3	Rxfp1	RLN	1.0	Secreted Signaling	CellChatDB	RLN3_RXFP1	KEGG: mmu04080					CellChatDB v1
Rln3	Rxfp4	RLN	1.0	Secreted Signaling	CellChatDB	RLN3_RXFP4	KEGG: mmu04080					CellChatDB v1
Rln3	Rxfp2	RLN	1.0	Secreted Signaling	CellChatDB	RLN3_RXFP2	KEGG: mmu04080					CellChatDB v1
Saa2	Fpr2	SAA	1.0	Secreted Signaling	CellChatDB	SAA2_FPR2	PMID: 22610094					CellChatDB v1
Scgb3a2	Marco	UGRP1	1.0	Secreted Signaling	CellChatDB	SCGB3A2_MARCO	PMID: 12847263					CellChatDB v1
Sct	Sctr	SCT	1.0	Secreted Signaling	CellChatDB	SCT_SCTR	KEGG: mmu04080					CellChatDB v1
Slurp1	Chrnb1	SLURP	1.0	Secreted Signaling	CellChatDB	SLURP1_CHRNB1	KEGG: mmu04080					CellChatDB v1
Slurp1	Chrnb2	SLURP	1.0	Secreted Signaling	CellChatDB	SLURP1_CHRNB2	KEGG: mmu04080					CellChatDB v1
Slurp1	Chrnb3	SLURP	1.0	Secreted Signaling	CellChatDB	SLURP1_CHRNB3	KEGG: mmu04080					CellChatDB v1
Slurp1	Chrnb4	SLURP	1.0	Secreted Signaling	CellChatDB	SLURP1_CHRNB4	KEGG: mmu04080					CellChatDB v1
Slurp1	Chrna1	SLURP	1.0	Secreted Signaling	CellChatDB	SLURP1_CHRNA1	KEGG: mmu04080					CellChatDB v1
Slurp1	Chrna2	SLURP	1.0	Secreted Signaling	CellChatDB	SLURP1_CHRNA2	KEGG: mmu04080					CellChatDB v1
Slurp1	Chrna3	SLURP	1.0	Secreted Signaling	CellChatDB	SLURP1_CHRNA3	KEGG: mmu04080					CellChatDB v1
Slurp1	Chrna4	SLURP	1.0	Secreted Signaling	CellChatDB	SLURP1_CHRNA4	KEGG: mmu04080					CellChatDB v1
Slurp1	Chrna5	SLURP	1.0	Secreted Signaling	CellChatDB	SLURP1_CHRNA5	KEGG: mmu04080					CellChatDB v1
Slurp1	Chrna6	SLURP	1.0	Secreted Signaling	CellChatDB	SLURP1_CHRNA6	KEGG: mmu04080					CellChatDB v1
Slurp1	Chrna9	SLURP	1.0	Secreted Signaling	CellChatDB	SLURP1_CHRNA9	KEGG: mmu04080					CellChatDB v1
Slurp1	Chrna10	SLURP	1.0	Secreted Signaling	CellChatDB	SLURP1_CHRNA10	KEGG: mmu04080					CellChatDB v1
Slurp1	Chrnd	SLURP	1.0	Secreted Signaling	CellChatDB	SLURP1_CHRND	KEGG: mmu04080					CellChatDB v1
Slurp1	Chrne	SLURP	1.0	Secreted Signaling	CellChatDB	SLURP1_CHRNE	KEGG: mmu04080					CellChatDB v1
Slurp1	Chrng	SLURP	1.0	Secreted Signaling	CellChatDB	SLURP1_CHRNG	KEGG: mmu04080					CellChatDB v1
Slurp1	Chrna7	SLURP	1.0	Secreted Signaling	CellChatDB	SLURP1_CHRNA7	KEGG: mmu04080; PMID: 29545933;					CellChatDB v1
Slurp2	Chrnb1	SLURP	1.0	Secreted Signaling	CellChatDB	SLURP2_CHRNB1	KEGG: mmu04080					CellChatDB v1
Slurp2	Chrnb2	SLURP	1.0	Secreted Signaling	CellChatDB	SLURP2_CHRNB2	KEGG: mmu04080					CellChatDB v1
Slurp2	Chrnb3	SLURP	1.0	Secreted Signaling	CellChatDB	SLURP2_CHRNB3	KEGG: mmu04080					CellChatDB v1
Slurp2	Chrnb4	SLURP	1.0	Secreted Signaling	CellChatDB	SLURP2_CHRNB4	KEGG: mmu04080					CellChatDB v1
Slurp2	Chrna1	SLURP	1.0	Secreted Signaling	CellChatDB	SLURP2_CHRNA1	KEGG: mmu04080					CellChatDB v1
Slurp2	Chrna2	SLURP	1.0	Secreted Signaling	CellChatDB	SLURP2_CHRNA2	KEGG: mmu04080					CellChatDB v1
Slurp2	Chrna3	SLURP	1.0	Secreted Signaling	CellChatDB	SLURP2_CHRNA3	KEGG: mmu04080					CellChatDB v1
Slurp2	Chrna4	SLURP	1.0	Secreted Signaling	CellChatDB	SLURP2_CHRNA4	KEGG: mmu04080					CellChatDB v1
Slurp2	Chrna5	SLURP	1.0	Secreted Signaling	CellChatDB	SLURP2_CHRNA5	KEGG: mmu04080					CellChatDB v1
Slurp2	Chrna6	SLURP	1.0	Secreted Signaling	CellChatDB	SLURP2_CHRNA6	KEGG: mmu04080					CellChatDB v1
Slurp2	Chrna7	SLURP	1.0	Secreted Signaling	CellChatDB	SLURP2_CHRNA7	KEGG: mmu04080					CellChatDB v1
Slurp2	Chrna9	SLURP	1.0	Secreted Signaling	CellChatDB	SLURP2_CHRNA9	KEGG: mmu04080					CellChatDB v1
Slurp2	Chrna10	SLURP	1.0	Secreted Signaling	CellChatDB	SLURP2_CHRNA10	KEGG: mmu04080					CellChatDB v1
Slurp2	Chrnd	SLURP	1.0	Secreted Signaling	CellChatDB	SLURP2_CHRND	KEGG: mmu04080					CellChatDB v1
Slurp2	Chrne	SLURP	1.0	Secreted Signaling	CellChatDB	SLURP2_CHRNE	KEGG: mmu04080					CellChatDB v1
Slurp2	Chrng	SLURP	1.0	Secreted Signaling	CellChatDB	SLURP2_CHRNG	KEGG: mmu04080					CellChatDB v1
Btla	Tnfrsf14	BTLA	1.0	Secreted Signaling	CellChatDB	BTLA_TNFRSF14	PMID: 21941365					CellChatDB v1
Trh	Trhr	TRH	1.0	Secreted Signaling	CellChatDB	TRH_TRHR	KEGG: mmu04080					CellChatDB v1
Trh	Trhr2	TRH	1.0	Secreted Signaling	CellChatDB	TRH_TRHR2	KEGG: mmu04080					CellChatDB v1
Ucn	Crhr1	UCN	1.0	Secreted Signaling	CellChatDB	UCN_CRHR1	KEGG: mmu04080					CellChatDB v1
Ucn	Crhr2	UCN	1.0	Secreted Signaling	CellChatDB	UCN_CRHR2	KEGG: mmu04080					CellChatDB v1
Ucn2	Crhr1	UCN	1.0	Secreted Signaling	CellChatDB	UCN2_CRHR1	KEGG: mmu04080					CellChatDB v1
Ucn2	Crhr2	UCN	1.0	Secreted Signaling	CellChatDB	UCN2_CRHR2	KEGG: mmu04080					CellChatDB v1
Ucn3	Crhr1	UCN	1.0	Secreted Signaling	CellChatDB	UCN3_CRHR1	KEGG: mmu04080					CellChatDB v1
Ucn3	Crhr2	UCN	1.0	Secreted Signaling	CellChatDB	UCN3_CRHR2	KEGG: mmu04080					CellChatDB v1
Uts2b	Uts2r	UROTENSIN	1.0	Secreted Signaling	CellChatDB	UTS2B_UTS2R	PMID: 31556942					CellChatDB v1
Uts2b	Sstr5	UROTENSIN	1.0	Secreted Signaling	CellChatDB	UTS2B_SSTR5	PMID: 31556942					CellChatDB v1
Bag6	Ncr3-ps	BAG	1.0	Secreted Signaling	CellChatDB	BAG6_NCR3-PS	PMID: 30021652					CellChatDB v1
Lgals9	Havcr2	GALECTIN	1.0	Secreted Signaling	CellChatDB	LGALS9_HAVCR2	PMID: 27192565					CellChatDB v1
Lgals9	Cd44	GALECTIN	1.0	Secreted Signaling	CellChatDB	LGALS9_CD44	PMID: 25065622					CellChatDB v1
Col1a1	Itga1+Itgb1	COLLAGEN	1.0	ECM-Receptor	CellChatDB	COL1A1_ITGA1_ITGB1	KEGG: mmu04512					CellChatDB v1
Col1a2	Itga1+Itgb1	COLLAGEN	1.0	ECM-Receptor	CellChatDB	COL1A2_ITGA1_ITGB1	KEGG: mmu04512					CellChatDB v1
Col2a1	Itga1+Itgb1	COLLAGEN	1.0	ECM-Receptor	CellChatDB	COL2A1_ITGA1_ITGB1	KEGG: mmu04512					CellChatDB v1
Col4a1	Itga1+Itgb1	COLLAGEN	1.0	ECM-Receptor	CellChatDB	COL4A1_ITGA1_ITGB1	KEGG: mmu04512					CellChatDB v1
Col4a2	Itga1+Itgb1	COLLAGEN	1.0	ECM-Receptor	CellChatDB	COL4A2_ITGA1_ITGB1	KEGG: mmu04512					CellChatDB v1
Col4a3	Itga1+Itgb1	COLLAGEN	1.0	ECM-Receptor	CellChatDB	COL4A3_ITGA1_ITGB1	KEGG: mmu04512					CellChatDB v1
Col4a4	Itga1+Itgb1	COLLAGEN	1.0	ECM-Receptor	CellChatDB	COL4A4_ITGA1_ITGB1	KEGG: mmu04512					CellChatDB v1
Col4a5	Itga1+Itgb1	COLLAGEN	1.0	ECM-Receptor	CellChatDB	COL4A5_ITGA1_ITGB1	KEGG: mmu04512					CellChatDB v1
Col4a6	Itga1+Itgb1	COLLAGEN	1.0	ECM-Receptor	CellChatDB	COL4A6_ITGA1_ITGB1	KEGG: mmu04512					CellChatDB v1
Col6a1	Itga1+Itgb1	COLLAGEN	1.0	ECM-Receptor	CellChatDB	COL6A1_ITGA1_ITGB1	KEGG: mmu04512					CellChatDB v1
Col6a2	Itga1+Itgb1	COLLAGEN	1.0	ECM-Receptor	CellChatDB	COL6A2_ITGA1_ITGB1	KEGG: mmu04512					CellChatDB v1
Col6a3	Itga1+Itgb1	COLLAGEN	1.0	ECM-Receptor	CellChatDB	COL6A3_ITGA1_ITGB1	KEGG: mmu04512					CellChatDB v1
Col6a4	Itga1+Itgb1	COLLAGEN	1.0	ECM-Receptor	CellChatDB	COL6A4_ITGA1_ITGB1	KEGG: mmu04512					CellChatDB v1
Col6a5	Itga1+Itgb1	COLLAGEN	1.0	ECM-Receptor	CellChatDB	COL6A5_ITGA1_ITGB1	KEGG: mmu04512					CellChatDB v1
Col6a6	Itga1+Itgb1	COLLAGEN	1.0	ECM-Receptor	CellChatDB	COL6A6_ITGA1_ITGB1	KEGG: mmu04512					CellChatDB v1
Col9a1	Itga1+Itgb1	COLLAGEN	1.0	ECM-Receptor	CellChatDB	COL9A1_ITGA1_ITGB1	KEGG: mmu04512					CellChatDB v1
Col9a2	Itga1+Itgb1	COLLAGEN	1.0	ECM-Receptor	CellChatDB	COL9A2_ITGA1_ITGB1	KEGG: mmu04512					CellChatDB v1
Col9a3	Itga1+Itgb1	COLLAGEN	1.0	ECM-Receptor	CellChatDB	COL9A3_ITGA1_ITGB1	KEGG: mmu04512					CellChatDB v1
Col1a1	Itga2+Itgb1	COLLAGEN	1.0	ECM-Receptor	CellChatDB	COL1A1_ITGA2_ITGB1	KEGG: mmu04512					CellChatDB v1
Col1a2	Itga2+Itgb1	COLLAGEN	1.0	ECM-Receptor	CellChatDB	COL1A2_ITGA2_ITGB1	KEGG: mmu04512					CellChatDB v1
Col2a1	Itga2+Itgb1	COLLAGEN	1.0	ECM-Receptor	CellChatDB	COL2A1_ITGA2_ITGB1	KEGG: mmu04512					CellChatDB v1
Col4a1	Itga2+Itgb1	COLLAGEN	1.0	ECM-Receptor	CellChatDB	COL4A1_ITGA2_ITGB1	KEGG: mmu04512					CellChatDB v1
Col4a2	Itga2+Itgb1	COLLAGEN	1.0	ECM-Receptor	CellChatDB	COL4A2_ITGA2_ITGB1	KEGG: mmu04512					CellChatDB v1
Col4a3	Itga2+Itgb1	COLLAGEN	1.0	ECM-Receptor	CellChatDB	COL4A3_ITGA2_ITGB1	KEGG: mmu04512					CellChatDB v1
Col4a4	Itga2+Itgb1	COLLAGEN	1.0	ECM-Receptor	CellChatDB	COL4A4_ITGA2_ITGB1	KEGG: mmu04512					CellChatDB v1
Col4a5	Itga2+Itgb1	COLLAGEN	1.0	ECM-Receptor	CellChatDB	COL4A5_ITGA2_ITGB1	KEGG: mmu04512					CellChatDB v1
Col4a6	Itga2+Itgb1	COLLAGEN	1.0	ECM-Receptor	CellChatDB	COL4A6_ITGA2_ITGB1	KEGG: mmu04512					CellChatDB v1
Col6a1	Itga2+Itgb1	COLLAGEN	1.0	ECM-Receptor	CellChatDB	COL6A1_ITGA2_ITGB1	KEGG: mmu04512					CellChatDB v1
Col6a2	Itga2+Itgb1	COLLAGEN	1.0	ECM-Receptor	CellChatDB	COL6A2_ITGA2_ITGB1	KEGG: mmu04512					CellChatDB v1
Col6a3	Itga2+Itgb1	COLLAGEN	1.0	ECM-Receptor	CellChatDB	COL6A3_ITGA2_ITGB1	KEGG: mmu04512					CellChatDB v1
Col6a4	Itga2+Itgb1	COLLAGEN	1.0	ECM-Receptor	CellChatDB	COL6A4_ITGA2_ITGB1	KEGG: mmu04512					CellChatDB v1
Col6a5	Itga2+Itgb1	COLLAGEN	1.0	ECM-Receptor	CellChatDB	COL6A5_ITGA2_ITGB1	KEGG: mmu04512					CellChatDB v1
Col6a6	Itga2+Itgb1	COLLAGEN	1.0	ECM-Receptor	CellChatDB	COL6A6_ITGA2_ITGB1	KEGG: mmu04512					CellChatDB v1
Col9a1	Itga2+Itgb1	COLLAGEN	1.0	ECM-Receptor	CellChatDB	COL9A1_ITGA2_ITGB1	KEGG: mmu04512					CellChatDB v1
Col9a2	Itga2+Itgb1	COLLAGEN	1.0	ECM-Receptor	CellChatDB	COL9A2_ITGA2_ITGB1	KEGG: mmu04512					CellChatDB v1
Col9a3	Itga2+Itgb1	COLLAGEN	1.0	ECM-Receptor	CellChatDB	COL9A3_ITGA2_ITGB1	KEGG: mmu04512					CellChatDB v1
Fn1	Itga3+Itgb1	FN1	1.0	ECM-Receptor	CellChatDB	FN1_ITGA3_ITGB1	KEGG: mmu04512					CellChatDB v1
Fn1	Itga4+Itgb1	FN1	1.0	ECM-Receptor	CellChatDB	FN1_ITGA4_ITGB1	KEGG: mmu04512					CellChatDB v1
Fn1	Itga5+Itgb1	FN1	1.0	ECM-Receptor	CellChatDB	FN1_ITGA5_ITGB1	KEGG: mmu04512					CellChatDB v1
Fn1	Itga8+Itgb1	FN1	1.0	ECM-Receptor	CellChatDB	FN1_ITGA8_ITGB1	KEGG: mmu04512					CellChatDB v1
Lama1	Itga1+Itgb1	LAMININ	1.0	ECM-Receptor	CellChatDB	LAMA1_ITGA1_ITGB1	KEGG: mmu04512					CellChatDB v1
Lama2	Itga1+Itgb1	LAMININ	1.0	ECM-Receptor	CellChatDB	LAMA2_ITGA1_ITGB1	KEGG: mmu04512					CellChatDB v1
Lama3	Itga1+Itgb1	LAMININ	1.0	ECM-Receptor	CellChatDB	LAMA3_ITGA1_ITGB1	KEGG: mmu04512					CellChatDB v1
Lama4	Itga1+Itgb1	LAMININ	1.0	ECM-Receptor	CellChatDB	LAMA4_ITGA1_ITGB1	KEGG: mmu04512					CellChatDB v1
Lama5	Itga1+Itgb1	LAMININ	1.0	ECM-Receptor	CellChatDB	LAMA5_ITGA1_ITGB1	KEGG: mmu04512					CellChatDB v1
Lamb1	Itga1+Itgb1	LAMININ	1.0	ECM-Receptor	CellChatDB	LAMB1_ITGA1_ITGB1	KEGG: mmu04512					CellChatDB v1
Lamb2	Itga1+Itgb1	LAMININ	1.0	ECM-Receptor	CellChatDB	LAMB2_ITGA1_ITGB1	KEGG: mmu04512					CellChatDB v1
Lamb3	Itga1+Itgb1	LAMININ	1.0	ECM-Receptor	CellChatDB	LAMB3_ITGA1_ITGB1	KEGG: mmu04512					CellChatDB v1
Lamc1	Itga1+Itgb1	LAMININ	1.0	ECM-Receptor	CellChatDB	LAMC1_ITGA1_ITGB1	KEGG: mmu04512					CellChatDB v1
Lamc2	Itga1+Itgb1	LAMININ	1.0	ECM-Receptor	CellChatDB	LAMC2_ITGA1_ITGB1	KEGG: mmu04512					CellChatDB v1
Lamc3	Itga1+Itgb1	LAMININ	1.0	ECM-Receptor	CellChatDB	LAMC3_ITGA1_ITGB1	KEGG: mmu04512					CellChatDB v1
Lama1	Itga2+Itgb1	LAMININ	1.0	ECM-Receptor	CellChatDB	LAMA1_ITGA2_ITGB1	KEGG: mmu04512					CellChatDB v1
Lama2	Itga2+Itgb1	LAMININ	1.0	ECM-Receptor	CellChatDB	LAMA2_ITGA2_ITGB1	KEGG: mmu04512					CellChatDB v1
Lama3	Itga2+Itgb1	LAMININ	1.0	ECM-Receptor	CellChatDB	LAMA3_ITGA2_ITGB1	KEGG: mmu04512					CellChatDB v1
Lama4	Itga2+Itgb1	LAMININ	1.0	ECM-Receptor	CellChatDB	LAMA4_ITGA2_ITGB1	KEGG: mmu04512					CellChatDB v1
Lama5	Itga2+Itgb1	LAMININ	1.0	ECM-Receptor	CellChatDB	LAMA5_ITGA2_ITGB1	KEGG: mmu04512					CellChatDB v1
Lamb1	Itga2+Itgb1	LAMININ	1.0	ECM-Receptor	CellChatDB	LAMB1_ITGA2_ITGB1	KEGG: mmu04512					CellChatDB v1
Lamb2	Itga2+Itgb1	LAMININ	1.0	ECM-Receptor	CellChatDB	LAMB2_ITGA2_ITGB1	KEGG: mmu04512					CellChatDB v1
Lamb3	Itga2+Itgb1	LAMININ	1.0	ECM-Receptor	CellChatDB	LAMB3_ITGA2_ITGB1	KEGG: mmu04512					CellChatDB v1
Lamc1	Itga2+Itgb1	LAMININ	1.0	ECM-Receptor	CellChatDB	LAMC1_ITGA2_ITGB1	KEGG: mmu04512					CellChatDB v1
Lamc2	Itga2+Itgb1	LAMININ	1.0	ECM-Receptor	CellChatDB	LAMC2_ITGA2_ITGB1	KEGG: mmu04512					CellChatDB v1
Lamc3	Itga2+Itgb1	LAMININ	1.0	ECM-Receptor	CellChatDB	LAMC3_ITGA2_ITGB1	KEGG: mmu04512					CellChatDB v1
Chad	Itga2+Itgb1	CHAD	1.0	ECM-Receptor	CellChatDB	CHAD_ITGA2_ITGB1	KEGG: mmu04512					CellChatDB v1
Lama1	Itga3+Itgb1	LAMININ	1.0	ECM-Receptor	CellChatDB	LAMA1_ITGA3_ITGB1	KEGG: mmu04512					CellChatDB v1
Lama2	Itga3+Itgb1	LAMININ	1.0	ECM-Receptor	CellChatDB	LAMA2_ITGA3_ITGB1	KEGG: mmu04512					CellChatDB v1
Lama3	Itga3+Itgb1	LAMININ	1.0	ECM-Receptor	CellChatDB	LAMA3_ITGA3_ITGB1	KEGG: mmu04512					CellChatDB v1
Lama4	Itga3+Itgb1	LAMININ	1.0	ECM-Receptor	CellChatDB	LAMA4_ITGA3_ITGB1	KEGG: mmu04512					CellChatDB v1
Lama5	Itga3+Itgb1	LAMININ	1.0	ECM-Receptor	CellChatDB	LAMA5_ITGA3_ITGB1	KEGG: mmu04512					CellChatDB v1
Lamb1	Itga3+Itgb1	LAMININ	1.0	ECM-Receptor	CellChatDB	LAMB1_ITGA3_ITGB1	KEGG: mmu04512					CellChatDB v1
Lamb2	Itga3+Itgb1	LAMININ	1.0	ECM-Receptor	CellChatDB	LAMB2_ITGA3_ITGB1	KEGG: mmu04512					CellChatDB v1
Lamb3	Itga3+Itgb1	LAMININ	1.0	ECM-Receptor	CellChatDB	LAMB3_ITGA3_ITGB1	KEGG: mmu04512					CellChatDB v1
Lamc1	Itga3+Itgb1	LAMININ	1.0	ECM-Receptor	CellChatDB	LAMC1_ITGA3_ITGB1	KEGG: mmu04512					CellChatDB v1
Lamc2	Itga3+Itgb1	LAMININ	1.0	ECM-Receptor	CellChatDB	LAMC2_ITGA3_ITGB1	KEGG: mmu04512					CellChatDB v1
Lamc3	Itga3+Itgb1	LAMININ	1.0	ECM-Receptor	CellChatDB	LAMC3_ITGA3_ITGB1	KEGG: mmu04512					CellChatDB v1
Reln	Itga3+Itgb1	RELN	1.0	ECM-Receptor	CellChatDB	RELN_ITGA3_ITGB1	KEGG: mmu04512					CellChatDB v1
Thbs1	Itga3+Itgb1	THBS	1.0	ECM-Receptor	CellChatDB	THBS1_ITGA3_ITGB1	KEGG: mmu04512					CellChatDB v1
Thbs2	Itga3+Itgb1	THBS	1.0	ECM-Receptor	CellChatDB	THBS2_ITGA3_ITGB1	KEGG: mmu04512					CellChatDB v1
Thbs3	Itga3+Itgb1	THBS	1.0	ECM-Receptor	CellChatDB	THBS3_ITGA3_ITGB1	KEGG: mmu04512					CellChatDB v1
Thbs4	Itga3+Itgb1	THBS	1.0	ECM-Receptor	CellChatDB	THBS4_ITGA3_ITGB1	KEGG: mmu04512					CellChatDB v1
Comp	Itga3+Itgb1	THBS	1.0	ECM-Receptor	CellChatDB	COMP_ITGA3_ITGB1	KEGG: mmu04512					CellChatDB v1
Col1a1	Itga3+Itgb1	COLLAGEN	1.0	ECM-Receptor	CellChatDB	COL1A1_ITGA3_ITGB1	KEGG: mmu04512					CellChatDB v1
Col1a2	Itga3+Itgb1	COLLAGEN	1.0	ECM-Receptor	CellChatDB	COL1A2_ITGA3_ITGB1	KEGG: mmu04512					CellChatDB v1
Col2a1	Itga3+Itgb1	COLLAGEN	1.0	ECM-Receptor	CellChatDB	COL2A1_ITGA3_ITGB1	KEGG: mmu04512					CellChatDB v1
Col4a1	Itga3+Itgb1	COLLAGEN	1.0	ECM-Receptor	CellChatDB	COL4A1_ITGA3_ITGB1	KEGG: mmu04512					CellChatDB v1
Col4a2	Itga3+Itgb1	COLLAGEN	1.0	ECM-Receptor	CellChatDB	COL4A2_ITGA3_ITGB1	KEGG: mmu04512					CellChatDB v1
Col4a3	Itga3+Itgb1	COLLAGEN	1.0	ECM-Receptor	CellChatDB	COL4A3_ITGA3_ITGB1	KEGG: mmu04512					CellChatDB v1
Col4a4	Itga3+Itgb1	COLLAGEN	1.0	ECM-Receptor	CellChatDB	COL4A4_ITGA3_ITGB1	KEGG: mmu04512					CellChatDB v1
Col4a5	Itga3+Itgb1	COLLAGEN	1.0	ECM-Receptor	CellChatDB	COL4A5_ITGA3_ITGB1	KEGG: mmu04512					CellChatDB v1
Col4a6	Itga3+Itgb1	COLLAGEN	1.0	ECM-Receptor	CellChatDB	COL4A6_ITGA3_ITGB1	KEGG: mmu04512					CellChatDB v1
Col6a1	Itga3+Itgb1	COLLAGEN	1.0	ECM-Receptor	CellChatDB	COL6A1_ITGA3_ITGB1	KEGG: mmu04512					CellChatDB v1
Col6a2	Itga3+Itgb1	COLLAGEN	1.0	ECM-Receptor	CellChatDB	COL6A2_ITGA3_ITGB1	KEGG: mmu04512					CellChatDB v1
Col6a3	Itga3+Itgb1	COLLAGEN	1.0	ECM-Receptor	CellChatDB	COL6A3_ITGA3_ITGB1	KEGG: mmu04512					CellChatDB v1
Col6a4	Itga3+Itgb1	COLLAGEN	1.0	ECM-Receptor	CellChatDB	COL6A4_ITGA3_ITGB1	KEGG: mmu04512					CellChatDB v1
Col6a5	Itga3+Itgb1	COLLAGEN	1.0	ECM-Receptor	CellChatDB	COL6A5_ITGA3_ITGB1	KEGG: mmu04512					CellChatDB v1
Col6a6	Itga3+Itgb1	COLLAGEN	1.0	ECM-Receptor	CellChatDB	COL6A6_ITGA3_ITGB1	KEGG: mmu04512					CellChatDB v1
Col9a1	Itga3+Itgb1	COLLAGEN	1.0	ECM-Receptor	CellChatDB	COL9A1_ITGA3_ITGB1	KEGG: mmu04512					CellChatDB v1
Col9a2	Itga3+Itgb1	COLLAGEN	1.0	ECM-Receptor	CellChatDB	COL9A2_ITGA3_ITGB1	KEGG: mmu04512					CellChatDB v1
Col9a3	Itga3+Itgb1	COLLAGEN	1.0	ECM-Receptor	CellChatDB	COL9A3_ITGA3_ITGB1	KEGG: mmu04512					CellChatDB v1
Lama1	Itga6+Itgb1	LAMININ	1.0	ECM-Receptor	CellChatDB	LAMA1_ITGA6_ITGB1	KEGG: mmu04512					CellChatDB v1
Lama2	Itga6+Itgb1	LAMININ	1.0	ECM-Receptor	CellChatDB	LAMA2_ITGA6_ITGB1	KEGG: mmu04512					CellChatDB v1
Lama3	Itga6+Itgb1	LAMININ	1.0	ECM-Receptor	CellChatDB	LAMA3_ITGA6_ITGB1	KEGG: mmu04512					CellChatDB v1
Lama4	Itga6+Itgb1	LAMININ	1.0	ECM-Receptor	CellChatDB	LAMA4_ITGA6_ITGB1	KEGG: mmu04512					CellChatDB v1
Lama5	Itga6+Itgb1	LAMININ	1.0	ECM-Receptor	CellChatDB	LAMA5_ITGA6_ITGB1	KEGG: mmu04512					CellChatDB v1
Lamb1	Itga6+Itgb1	LAMININ	1.0	ECM-Receptor	CellChatDB	LAMB1_ITGA6_ITGB1	KEGG: mmu04512					CellChatDB v1
Lamb2	Itga6+Itgb1	LAMININ	1.0	ECM-Receptor	CellChatDB	LAMB2_ITGA6_ITGB1	KEGG: mmu04512					CellChatDB v1
Lamb3	Itga6+Itgb1	LAMININ	1.0	ECM-Receptor	CellChatDB	LAMB3_ITGA6_ITGB1	KEGG: mmu04512					CellChatDB v1
Lamc1	Itga6+Itgb1	LAMININ	1.0	ECM-Receptor	CellChatDB	LAMC1_ITGA6_ITGB1	KEGG: mmu04512					CellChatDB v1
Lamc2	Itga6+Itgb1	LAMININ	1.0	ECM-Receptor	CellChatDB	LAMC2_ITGA6_ITGB1	KEGG: mmu04512					CellChatDB v1
Lamc3	Itga6+Itgb1	LAMININ	1.0	ECM-Receptor	CellChatDB	LAMC3_ITGA6_ITGB1	KEGG: mmu04512					CellChatDB v1
Lama1	Itga7+Itgb1	LAMININ	1.0	ECM-Receptor	CellChatDB	LAMA1_ITGA7_ITGB1	KEGG: mmu04512					CellChatDB v1
Lama2	Itga7+Itgb1	LAMININ	1.0	ECM-Receptor	CellChatDB	LAMA2_ITGA7_ITGB1	KEGG: mmu04512					CellChatDB v1
Lama3	Itga7+Itgb1	LAMININ	1.0	ECM-Receptor	CellChatDB	LAMA3_ITGA7_ITGB1	KEGG: mmu04512					CellChatDB v1
Lama4	Itga7+Itgb1	LAMININ	1.0	ECM-Receptor	CellChatDB	LAMA4_ITGA7_ITGB1	KEGG: mmu04512					CellChatDB v1
Lama5	Itga7+Itgb1	LAMININ	1.0	ECM-Receptor	CellChatDB	LAMA5_ITGA7_ITGB1	KEGG: mmu04512					CellChatDB v1
Lamb1	Itga7+Itgb1	LAMININ	1.0	ECM-Receptor	CellChatDB	LAMB1_ITGA7_ITGB1	KEGG: mmu04512					CellChatDB v1
Lamb2	Itga7+Itgb1	LAMININ	1.0	ECM-Receptor	CellChatDB	LAMB2_ITGA7_ITGB1	KEGG: mmu04512					CellChatDB v1
Lamb3	Itga7+Itgb1	LAMININ	1.0	ECM-Receptor	CellChatDB	LAMB3_ITGA7_ITGB1	KEGG: mmu04512					CellChatDB v1
Lamc1	Itga7+Itgb1	LAMININ	1.0	ECM-Receptor	CellChatDB	LAMC1_ITGA7_ITGB1	KEGG: mmu04512					CellChatDB v1
Lamc2	Itga7+Itgb1	LAMININ	1.0	ECM-Receptor	CellChatDB	LAMC2_ITGA7_ITGB1	KEGG: mmu04512					CellChatDB v1
Lamc3	Itga7+Itgb1	LAMININ	1.0	ECM-Receptor	CellChatDB	LAMC3_ITGA7_ITGB1	KEGG: mmu04512					CellChatDB v1
Vtn	Itga8+Itgb1	VTN	1.0	ECM-Receptor	CellChatDB	VTN_ITGA8_ITGB1	KEGG: mmu04512					CellChatDB v1
Tnc	Itga8+Itgb1	TENASCIN	1.0	ECM-Receptor	CellChatDB	TNC_ITGA8_ITGB1	KEGG: mmu04512					CellChatDB v1
Tnr	Itga8+Itgb1	TENASCIN	1.0	ECM-Receptor	CellChatDB	TNR_ITGA8_ITGB1	KEGG: mmu04512					CellChatDB v1
Tnn	Itga8+Itgb1	TENASCIN	1.0	ECM-Receptor	CellChatDB	TNN_ITGA8_ITGB1	KEGG: mmu04512					CellChatDB v1
Tnxb	Itga8+Itgb1	TENASCIN	1.0	ECM-Receptor	CellChatDB	TNXB_ITGA8_ITGB1	KEGG: mmu04512					CellChatDB v1
Npnt+Fras1+Frem1	Itga8+Itgb1	NPNT	1.0	ECM-Receptor	CellChatDB	NPNT1_ITGA8_ITGB1	KEGG: mmu04512					CellChatDB v1
Npnt+Fras1+Frem2	Itga8+Itgb1	NPNT	1.0	ECM-Receptor	CellChatDB	NPNT2_ITGA8_ITGB1	KEGG: mmu04512					CellChatDB v1
Tnc	Itga9+Itgb1	TENASCIN	1.0	ECM-Receptor	CellChatDB	TNC_ITGA9_ITGB1	KEGG: mmu04512					CellChatDB v1
Tnr	Itga9+Itgb1	TENASCIN	1.0	ECM-Receptor	CellChatDB	TNR_ITGA9_ITGB1	KEGG: mmu04512					CellChatDB v1
Tnn	Itga9+Itgb1	TENASCIN	1.0	ECM-Receptor	CellChatDB	TNN_ITGA9_ITGB1	KEGG: mmu04512					CellChatDB v1
Tnxb	Itga9+Itgb1	TENASCIN	1.0	ECM-Receptor	CellChatDB	TNXB_ITGA9_ITGB1	KEGG: mmu04512					CellChatDB v1
Col1a1	Itga9+Itgb1	COLLAGEN	1.0	ECM-Receptor	CellChatDB	COL1A1_ITGA9_ITGB1	KEGG: mmu04512					CellChatDB v1
Col1a2	Itga9+Itgb1	COLLAGEN	1.0	ECM-Receptor	CellChatDB	COL1A2_ITGA9_ITGB1	KEGG: mmu04512					CellChatDB v1
Col2a1	Itga9+Itgb1	COLLAGEN	1.0	ECM-Receptor	CellChatDB	COL2A1_ITGA9_ITGB1	KEGG: mmu04512					CellChatDB v1
Col4a1	Itga9+Itgb1	COLLAGEN	1.0	ECM-Receptor	CellChatDB	COL4A1_ITGA9_ITGB1	KEGG: mmu04512					CellChatDB v1
Col4a2	Itga9+Itgb1	COLLAGEN	1.0	ECM-Receptor	CellChatDB	COL4A2_ITGA9_ITGB1	KEGG: mmu04512					CellChatDB v1
Col4a3	Itga9+Itgb1	COLLAGEN	1.0	ECM-Receptor	CellChatDB	COL4A3_ITGA9_ITGB1	KEGG: mmu04512					CellChatDB v1
Col4a4	Itga9+Itgb1	COLLAGEN	1.0	ECM-Receptor	CellChatDB	COL4A4_ITGA9_ITGB1	KEGG: mmu04512					CellChatDB v1
Col4a5	Itga9+Itgb1	COLLAGEN	1.0	ECM-Receptor	CellChatDB	COL4A5_ITGA9_ITGB1	KEGG: mmu04512					CellChatDB v1
Col4a6	Itga9+Itgb1	COLLAGEN	1.0	ECM-Receptor	CellChatDB	COL4A6_ITGA9_ITGB1	KEGG: mmu04512					CellChatDB v1
Col6a1	Itga9+Itgb1	COLLAGEN	1.0	ECM-Receptor	CellChatDB	COL6A1_ITGA9_ITGB1	KEGG: mmu04512					CellChatDB v1
Col6a2	Itga9+Itgb1	COLLAGEN	1.0	ECM-Receptor	CellChatDB	COL6A2_ITGA9_ITGB1	KEGG: mmu04512					CellChatDB v1
Col6a3	Itga9+Itgb1	COLLAGEN	1.0	ECM-Receptor	CellChatDB	COL6A3_ITGA9_ITGB1	KEGG: mmu04512					CellChatDB v1
Col6a4	Itga9+Itgb1	COLLAGEN	1.0	ECM-Receptor	CellChatDB	COL6A4_ITGA9_ITGB1	KEGG: mmu04512					CellChatDB v1
Col6a5	Itga9+Itgb1	COLLAGEN	1.0	ECM-Receptor	CellChatDB	COL6A5_ITGA9_ITGB1	KEGG: mmu04512					CellChatDB v1
Col6a6	Itga9+Itgb1	COLLAGEN	1.0	ECM-Receptor	CellChatDB	COL6A6_ITGA9_ITGB1	KEGG: mmu04512					CellChatDB v1
Col9a1	Itga9+Itgb1	COLLAGEN	1.0	ECM-Receptor	CellChatDB	COL9A1_ITGA9_ITGB1	KEGG: mmu04512					CellChatDB v1
Col9a2	Itga9+Itgb1	COLLAGEN	1.0	ECM-Receptor	CellChatDB	COL9A2_ITGA9_ITGB1	KEGG: mmu04512					CellChatDB v1
Col9a3	Itga9+Itgb1	COLLAGEN	1.0	ECM-Receptor	CellChatDB	COL9A3_ITGA9_ITGB1	KEGG: mmu04512					CellChatDB v1
Lama1	Itga9+Itgb1	LAMININ	1.0	ECM-Receptor	CellChatDB	LAMA1_ITGA9_ITGB1	KEGG: mmu04512					CellChatDB v1
Lama2	Itga9+Itgb1	LAMININ	1.0	ECM-Receptor	CellChatDB	LAMA2_ITGA9_ITGB1	KEGG: mmu04512					CellChatDB v1
Lama3	Itga9+Itgb1	LAMININ	1.0	ECM-Receptor	CellChatDB	LAMA3_ITGA9_ITGB1	KEGG: mmu04512					CellChatDB v1
Lama4	Itga9+Itgb1	LAMININ	1.0	ECM-Receptor	CellChatDB	LAMA4_ITGA9_ITGB1	KEGG: mmu04512					CellChatDB v1
Lama5	Itga9+Itgb1	LAMININ	1.0	ECM-Receptor	CellChatDB	LAMA5_ITGA9_ITGB1	KEGG: mmu04512					CellChatDB v1
Lamb1	Itga9+Itgb1	LAMININ	1.0	ECM-Receptor	CellChatDB	LAMB1_ITGA9_ITGB1	KEGG: mmu04512					CellChatDB v1
Lamb2	Itga9+Itgb1	LAMININ	1.0	ECM-Receptor	CellChatDB	LAMB2_ITGA9_ITGB1	KEGG: mmu04512					CellChatDB v1
Lamb3	Itga9+Itgb1	LAMININ	1.0	ECM-Receptor	CellChatDB	LAMB3_ITGA9_ITGB1	KEGG: mmu04512					CellChatDB v1
Lamc1	Itga9+Itgb1	LAMININ	1.0	ECM-Receptor	CellChatDB	LAMC1_ITGA9_ITGB1	KEGG: mmu04512					CellChatDB v1
Lamc2	Itga9+Itgb1	LAMININ	1.0	ECM-Receptor	CellChatDB	LAMC2_ITGA9_ITGB1	KEGG: mmu04512					CellChatDB v1
Lamc3	Itga9+Itgb1	LAMININ	1.0	ECM-Receptor	CellChatDB	LAMC3_ITGA9_ITGB1	KEGG: mmu04512					CellChatDB v1
Col1a1	Itga10+Itgb1	COLLAGEN	1.0	ECM-Receptor	CellChatDB	COL1A1_ITGA10_ITGB1	KEGG: mmu04512					CellChatDB v1
Col1a2	Itga10+Itgb1	COLLAGEN	1.0	ECM-Receptor	CellChatDB	COL1A2_ITGA10_ITGB1	KEGG: mmu04512					CellChatDB v1
Col2a1	Itga10+Itgb1	COLLAGEN	1.0	ECM-Receptor	CellChatDB	COL2A1_ITGA10_ITGB1	KEGG: mmu04512					CellChatDB v1
Col4a1	Itga10+Itgb1	COLLAGEN	1.0	ECM-Receptor	CellChatDB	COL4A1_ITGA10_ITGB1	KEGG: mmu04512					CellChatDB v1
Col4a2	Itga10+Itgb1	COLLAGEN	1.0	ECM-Receptor	CellChatDB	COL4A2_ITGA10_ITGB1	KEGG: mmu04512					CellChatDB v1
Col4a3	Itga10+Itgb1	COLLAGEN	1.0	ECM-Receptor	CellChatDB	COL4A3_ITGA10_ITGB1	KEGG: mmu04512					CellChatDB v1
Col4a4	Itga10+Itgb1	COLLAGEN	1.0	ECM-Receptor	CellChatDB	COL4A4_ITGA10_ITGB1	KEGG: mmu04512					CellChatDB v1
Col4a5	Itga10+Itgb1	COLLAGEN	1.0	ECM-Receptor	CellChatDB	COL4A5_ITGA10_ITGB1	KEGG: mmu04512					CellChatDB v1
Col4a6	Itga10+Itgb1	COLLAGEN	1.0	ECM-Receptor	CellChatDB	COL4A6_ITGA10_ITGB1	KEGG: mmu04512					CellChatDB v1
Col6a1	Itga10+Itgb1	COLLAGEN	1.0	ECM-Receptor	CellChatDB	COL6A1_ITGA10_ITGB1	KEGG: mmu04512					CellChatDB v1
Col6a2	Itga10+Itgb1	COLLAGEN	1.0	ECM-Receptor	CellChatDB	COL6A2_ITGA10_ITGB1	KEGG: mmu04512					CellChatDB v1
Col6a3	Itga10+Itgb1	COLLAGEN	1.0	ECM-Receptor	CellChatDB	COL6A3_ITGA10_ITGB1	KEGG: mmu04512					CellChatDB v1
Col6a4	Itga10+Itgb1	COLLAGEN	1.0	ECM-Receptor	CellChatDB	COL6A4_ITGA10_ITGB1	KEGG: mmu04512					CellChatDB v1
Col6a5	Itga10+Itgb1	COLLAGEN	1.0	ECM-Receptor	CellChatDB	COL6A5_ITGA10_ITGB1	KEGG: mmu04512					CellChatDB v1
Col6a6	Itga10+Itgb1	COLLAGEN	1.0	ECM-Receptor	CellChatDB	COL6A6_ITGA10_ITGB1	KEGG: mmu04512					CellChatDB v1
Col9a1	Itga10+Itgb1	COLLAGEN	1.0	ECM-Receptor	CellChatDB	COL9A1_ITGA10_ITGB1	KEGG: mmu04512					CellChatDB v1
Col9a2	Itga10+Itgb1	COLLAGEN	1.0	ECM-Receptor	CellChatDB	COL9A2_ITGA10_ITGB1	KEGG: mmu04512					CellChatDB v1
Col9a3	Itga10+Itgb1	COLLAGEN	1.0	ECM-Receptor	CellChatDB	COL9A3_ITGA10_ITGB1	KEGG: mmu04512					CellChatDB v1
Col1a1	Itga11+Itgb1	COLLAGEN	1.0	ECM-Receptor	CellChatDB	COL1A1_ITGA11_ITGB1	KEGG: mmu04512					CellChatDB v1
Col1a2	Itga11+Itgb1	COLLAGEN	1.0	ECM-Receptor	CellChatDB	COL1A2_ITGA11_ITGB1	KEGG: mmu04512					CellChatDB v1
Col2a1	Itga11+Itgb1	COLLAGEN	1.0	ECM-Receptor	CellChatDB	COL2A1_ITGA11_ITGB1	KEGG: mmu04512					CellChatDB v1
Col4a1	Itga11+Itgb1	COLLAGEN	1.0	ECM-Receptor	CellChatDB	COL4A1_ITGA11_ITGB1	KEGG: mmu04512					CellChatDB v1
Col4a2	Itga11+Itgb1	COLLAGEN	1.0	ECM-Receptor	CellChatDB	COL4A2_ITGA11_ITGB1	KEGG: mmu04512					CellChatDB v1
Col4a3	Itga11+Itgb1	COLLAGEN	1.0	ECM-Receptor	CellChatDB	COL4A3_ITGA11_ITGB1	KEGG: mmu04512					CellChatDB v1
Col4a4	Itga11+Itgb1	COLLAGEN	1.0	ECM-Receptor	CellChatDB	COL4A4_ITGA11_ITGB1	KEGG: mmu04512					CellChatDB v1
Col4a5	Itga11+Itgb1	COLLAGEN	1.0	ECM-Receptor	CellChatDB	COL4A5_ITGA11_ITGB1	KEGG: mmu04512					CellChatDB v1
Col4a6	Itga11+Itgb1	COLLAGEN	1.0	ECM-Receptor	CellChatDB	COL4A6_ITGA11_ITGB1	KEGG: mmu04512					CellChatDB v1
Col6a1	Itga11+Itgb1	COLLAGEN	1.0	ECM-Receptor	CellChatDB	COL6A1_ITGA11_ITGB1	KEGG: mmu04512					CellChatDB v1
Col6a2	Itga11+Itgb1	COLLAGEN	1.0	ECM-Receptor	CellChatDB	COL6A2_ITGA11_ITGB1	KEGG: mmu04512					CellChatDB v1
Col6a3	Itga11+Itgb1	COLLAGEN	1.0	ECM-Receptor	CellChatDB	COL6A3_ITGA11_ITGB1	KEGG: mmu04512					CellChatDB v1
Col6a4	Itga11+Itgb1	COLLAGEN	1.0	ECM-Receptor	CellChatDB	COL6A4_ITGA11_ITGB1	KEGG: mmu04512					CellChatDB v1
Col6a5	Itga11+Itgb1	COLLAGEN	1.0	ECM-Receptor	CellChatDB	COL6A5_ITGA11_ITGB1	KEGG: mmu04512					CellChatDB v1
Col6a6	Itga11+Itgb1	COLLAGEN	1.0	ECM-Receptor	CellChatDB	COL6A6_ITGA11_ITGB1	KEGG: mmu04512					CellChatDB v1
Col9a1	Itga11+Itgb1	COLLAGEN	1.0	ECM-Receptor	CellChatDB	COL9A1_ITGA11_ITGB1	KEGG: mmu04512					CellChatDB v1
Col9a2	Itga11+Itgb1	COLLAGEN	1.0	ECM-Receptor	CellChatDB	COL9A2_ITGA11_ITGB1	KEGG: mmu04512					CellChatDB v1
Col9a3	Itga11+Itgb1	COLLAGEN	1.0	ECM-Receptor	CellChatDB	COL9A3_ITGA11_ITGB1	KEGG: mmu04512					CellChatDB v1
Fn1	Itgav+Itgb1	FN1	1.0	ECM-Receptor	CellChatDB	FN1_ITGAV_ITGB1	KEGG: mmu04512					CellChatDB v1
Vtn	Itgav+Itgb1	VTN	1.0	ECM-Receptor	CellChatDB	VTN_ITGAV_ITGB1	KEGG: mmu04512					CellChatDB v1
Dspp	Itgav+Itgb1	DSPP	1.0	ECM-Receptor	CellChatDB	DSPP_ITGAV_ITGB1	KEGG: mmu04512					CellChatDB v1
Fn1	Itga4+Itgb7	FN1	1.0	ECM-Receptor	CellChatDB	FN1_ITGA4_ITGB7	KEGG: mmu04512					CellChatDB v1
Fn1	Itgav+Itgb3	FN1	1.0	ECM-Receptor	CellChatDB	FN1_ITGAV_ITGB3	KEGG: mmu04512					CellChatDB v1
Vtn	Itgav+Itgb3	VTN	1.0	ECM-Receptor	CellChatDB	VTN_ITGAV_ITGB3	KEGG: mmu04512					CellChatDB v1
Vwf	Itgav+Itgb3	VWF	1.0	ECM-Receptor	CellChatDB	VWF_ITGAV_ITGB3	KEGG: mmu04512					CellChatDB v1
Tnc	Itgav+Itgb3	TENASCIN	1.0	ECM-Receptor	CellChatDB	TNC_ITGAV_ITGB3	KEGG: mmu04512					CellChatDB v1
Tnr	Itgav+Itgb3	TENASCIN	1.0	ECM-Receptor	CellChatDB	TNR_ITGAV_ITGB3	KEGG: mmu04512					CellChatDB v1
Tnn	Itgav+Itgb3	TENASCIN	1.0	ECM-Receptor	CellChatDB	TNN_ITGAV_ITGB3	KEGG: mmu04512					CellChatDB v1
Tnxb	Itgav+Itgb3	TENASCIN	1.0	ECM-Receptor	CellChatDB	TNXB_ITGAV_ITGB3	KEGG: mmu04512					CellChatDB v1
Ibsp	Itgav+Itgb3	BSP	1.0	ECM-Receptor	CellChatDB	IBSP_ITGAV_ITGB3	KEGG: mmu04512					CellChatDB v1
Thbs1	Itgav+Itgb3	THBS	1.0	ECM-Receptor	CellChatDB	THBS1_ITGAV_ITGB3	KEGG: mmu04512					CellChatDB v1
Thbs2	Itgav+Itgb3	THBS	1.0	ECM-Receptor	CellChatDB	THBS2_ITGAV_ITGB3	KEGG: mmu04512					CellChatDB v1
Thbs3	Itgav+Itgb3	THBS	1.0	ECM-Receptor	CellChatDB	THBS3_ITGAV_ITGB3	KEGG: mmu04512					CellChatDB v1
Thbs4	Itgav+Itgb3	THBS	1.0	ECM-Receptor	CellChatDB	THBS4_ITGAV_ITGB3	KEGG: mmu04512					CellChatDB v1
Comp	Itgav+Itgb3	THBS	1.0	ECM-Receptor	CellChatDB	COMP_ITGAV_ITGB3	KEGG: mmu04512					CellChatDB v1
Dmp1	Itgav+Itgb3	DMP1	1.0	ECM-Receptor	CellChatDB	DMP1_ITGAV_ITGB3	KEGG: mmu04512					CellChatDB v1
Fn1	Itga2b+Itgb3	FN1	1.0	ECM-Receptor	CellChatDB	FN1_ITGA2B_ITGB3	KEGG: mmu04512					CellChatDB v1
Vtn	Itga2b+Itgb3	VTN	1.0	ECM-Receptor	CellChatDB	VTN_ITGA2B_ITGB3	KEGG: mmu04512					CellChatDB v1
Vwf	Itga2b+Itgb3	VWF	1.0	ECM-Receptor	CellChatDB	VWF_ITGA2B_ITGB3	KEGG: mmu04512					CellChatDB v1
Tnc	Itga2b+Itgb3	TENASCIN	1.0	ECM-Receptor	CellChatDB	TNC_ITGA2B_ITGB3	KEGG: mmu04512					CellChatDB v1
Tnr	Itga2b+Itgb3	TENASCIN	1.0	ECM-Receptor	CellChatDB	TNR_ITGA2B_ITGB3	KEGG: mmu04512					CellChatDB v1
Tnn	Itga2b+Itgb3	TENASCIN	1.0	ECM-Receptor	CellChatDB	TNN_ITGA2B_ITGB3	KEGG: mmu04512					CellChatDB v1
Tnxb	Itga2b+Itgb3	TENASCIN	1.0	ECM-Receptor	CellChatDB	TNXB_ITGA2B_ITGB3	KEGG: mmu04512					CellChatDB v1
Vtn	Itgav+Itgb5	VTN	1.0	ECM-Receptor	CellChatDB	VTN_ITGAV_ITGB5	KEGG: mmu04512					CellChatDB v1
Ibsp	Itgav+Itgb5	BSP	1.0	ECM-Receptor	CellChatDB	IBSP_ITGAV_ITGB5	KEGG: mmu04512					CellChatDB v1
Tnc	Itgav+Itgb6	TENASCIN	1.0	ECM-Receptor	CellChatDB	TNC_ITGAV_ITGB6	KEGG: mmu04512					CellChatDB v1
Tnr	Itgav+Itgb6	TENASCIN	1.0	ECM-Receptor	CellChatDB	TNR_ITGAV_ITGB6	KEGG: mmu04512					CellChatDB v1
Tnn	Itgav+Itgb6	TENASCIN	1.0	ECM-Receptor	CellChatDB	TNN_ITGAV_ITGB6	KEGG: mmu04512					CellChatDB v1
Tnxb	Itgav+Itgb6	TENASCIN	1.0	ECM-Receptor	CellChatDB	TNXB_ITGAV_ITGB6	KEGG: mmu04512					CellChatDB v1
Fn1	Itgav+Itgb6	FN1	1.0	ECM-Receptor	CellChatDB	FN1_ITGAV_ITGB6	KEGG: mmu04512					CellChatDB v1
Dspp	Itgav+Itgb6	DSPP	1.0	ECM-Receptor	CellChatDB	DSPP_ITGAV_ITGB6	KEGG: mmu04512					CellChatDB v1
Vtn	Itgav+Itgb8	VTN	1.0	ECM-Receptor	CellChatDB	VTN_ITGAV_ITGB8	KEGG: mmu04512					CellChatDB v1
Fn1	Itgav+Itgb8	FN1	1.0	ECM-Receptor	CellChatDB	FN1_ITGAV_ITGB8	KEGG: mmu04512					CellChatDB v1
Lama1	Itgav+Itgb8	LAMININ	1.0	ECM-Receptor	CellChatDB	LAMA1_ITGAV_ITGB8	KEGG: mmu04512					CellChatDB v1
Lama2	Itgav+Itgb8	LAMININ	1.0	ECM-Receptor	CellChatDB	LAMA2_ITGAV_ITGB8	KEGG: mmu04512					CellChatDB v1
Lama3	Itgav+Itgb8	LAMININ	1.0	ECM-Receptor	CellChatDB	LAMA3_ITGAV_ITGB8	KEGG: mmu04512					CellChatDB v1
Lama4	Itgav+Itgb8	LAMININ	1.0	ECM-Receptor	CellChatDB	LAMA4_ITGAV_ITGB8	KEGG: mmu04512					CellChatDB v1
Lama5	Itgav+Itgb8	LAMININ	1.0	ECM-Receptor	CellChatDB	LAMA5_ITGAV_ITGB8	KEGG: mmu04512					CellChatDB v1
Lamb1	Itgav+Itgb8	LAMININ	1.0	ECM-Receptor	CellChatDB	LAMB1_ITGAV_ITGB8	KEGG: mmu04512					CellChatDB v1
Lamb2	Itgav+Itgb8	LAMININ	1.0	ECM-Receptor	CellChatDB	LAMB2_ITGAV_ITGB8	KEGG: mmu04512					CellChatDB v1
Lamb3	Itgav+Itgb8	LAMININ	1.0	ECM-Receptor	CellChatDB	LAMB3_ITGAV_ITGB8	KEGG: mmu04512					CellChatDB v1
Lamc1	Itgav+Itgb8	LAMININ	1.0	ECM-Receptor	CellChatDB	LAMC1_ITGAV_ITGB8	KEGG: mmu04512					CellChatDB v1
Lamc2	Itgav+Itgb8	LAMININ	1.0	ECM-Receptor	CellChatDB	LAMC2_ITGAV_ITGB8	KEGG: mmu04512					CellChatDB v1
Lamc3	Itgav+Itgb8	LAMININ	1.0	ECM-Receptor	CellChatDB	LAMC3_ITGAV_ITGB8	KEGG: mmu04512					CellChatDB v1
Col1a1	Itgav+Itgb8	COLLAGEN	1.0	ECM-Receptor	CellChatDB	COL1A1_ITGAV_ITGB8	KEGG: mmu04512					CellChatDB v1
Col1a2	Itgav+Itgb8	COLLAGEN	1.0	ECM-Receptor	CellChatDB	COL1A2_ITGAV_ITGB8	KEGG: mmu04512					CellChatDB v1
Col2a1	Itgav+Itgb8	COLLAGEN	1.0	ECM-Receptor	CellChatDB	COL2A1_ITGAV_ITGB8	KEGG: mmu04512					CellChatDB v1
Col4a1	Itgav+Itgb8	COLLAGEN	1.0	ECM-Receptor	CellChatDB	COL4A1_ITGAV_ITGB8	KEGG: mmu04512					CellChatDB v1
Col4a2	Itgav+Itgb8	COLLAGEN	1.0	ECM-Receptor	CellChatDB	COL4A2_ITGAV_ITGB8	KEGG: mmu04512					CellChatDB v1
Col4a3	Itgav+Itgb8	COLLAGEN	1.0	ECM-Receptor	CellChatDB	COL4A3_ITGAV_ITGB8	KEGG: mmu04512					CellChatDB v1
Col4a4	Itgav+Itgb8	COLLAGEN	1.0	ECM-Receptor	CellChatDB	COL4A4_ITGAV_ITGB8	KEGG: mmu04512					CellChatDB v1
Col4a5	Itgav+Itgb8	COLLAGEN	1.0	ECM-Receptor	CellChatDB	COL4A5_ITGAV_ITGB8	KEGG: mmu04512					CellChatDB v1
Col4a6	Itgav+Itgb8	COLLAGEN	1.0	ECM-Receptor	CellChatDB	COL4A6_ITGAV_ITGB8	KEGG: mmu04512					CellChatDB v1
Col6a1	Itgav+Itgb8	COLLAGEN	1.0	ECM-Receptor	CellChatDB	COL6A1_ITGAV_ITGB8	KEGG: mmu04512					CellChatDB v1
Col6a2	Itgav+Itgb8	COLLAGEN	1.0	ECM-Receptor	CellChatDB	COL6A2_ITGAV_ITGB8	KEGG: mmu04512					CellChatDB v1
Col6a3	Itgav+Itgb8	COLLAGEN	1.0	ECM-Receptor	CellChatDB	COL6A3_ITGAV_ITGB8	KEGG: mmu04512					CellChatDB v1
Col6a4	Itgav+Itgb8	COLLAGEN	1.0	ECM-Receptor	CellChatDB	COL6A4_ITGAV_ITGB8	KEGG: mmu04512					CellChatDB v1
Col6a5	Itgav+Itgb8	COLLAGEN	1.0	ECM-Receptor	CellChatDB	COL6A5_ITGAV_ITGB8	KEGG: mmu04512					CellChatDB v1
Col6a6	Itgav+Itgb8	COLLAGEN	1.0	ECM-Receptor	CellChatDB	COL6A6_ITGAV_ITGB8	KEGG: mmu04512					CellChatDB v1
Col9a1	Itgav+Itgb8	COLLAGEN	1.0	ECM-Receptor	CellChatDB	COL9A1_ITGAV_ITGB8	KEGG: mmu04512					CellChatDB v1
Col9a2	Itgav+Itgb8	COLLAGEN	1.0	ECM-Receptor	CellChatDB	COL9A2_ITGAV_ITGB8	KEGG: mmu04512					CellChatDB v1
Col9a3	Itgav+Itgb8	COLLAGEN	1.0	ECM-Receptor	CellChatDB	COL9A3_ITGAV_ITGB8	KEGG: mmu04512					CellChatDB v1
Lama1	Itga6+Itgb4	LAMININ	1.0	ECM-Receptor	CellChatDB	LAMA1_ITGA6_ITGB4	KEGG: mmu04512					CellChatDB v1
Lama2	Itga6+Itgb4	LAMININ	1.0	ECM-Receptor	CellChatDB	LAMA2_ITGA6_ITGB4	KEGG: mmu04512					CellChatDB v1
Lama3	Itga6+Itgb4	LAMININ	1.0	ECM-Receptor	CellChatDB	LAMA3_ITGA6_ITGB4	KEGG: mmu04512					CellChatDB v1
Lama4	Itga6+Itgb4	LAMININ	1.0	ECM-Receptor	CellChatDB	LAMA4_ITGA6_ITGB4	KEGG: mmu04512					CellChatDB v1
Lama5	Itga6+Itgb4	LAMININ	1.0	ECM-Receptor	CellChatDB	LAMA5_ITGA6_ITGB4	KEGG: mmu04512					CellChatDB v1
Lamb1	Itga6+Itgb4	LAMININ	1.0	ECM-Receptor	CellChatDB	LAMB1_ITGA6_ITGB4	KEGG: mmu04512					CellChatDB v1
Lamb2	Itga6+Itgb4	LAMININ	1.0	ECM-Receptor	CellChatDB	LAMB2_ITGA6_ITGB4	KEGG: mmu04512					CellChatDB v1
Lamb3	Itga6+Itgb4	LAMININ	1.0	ECM-Receptor	CellChatDB	LAMB3_ITGA6_ITGB4	KEGG: mmu04512					CellChatDB v1
Lamc1	Itga6+Itgb4	LAMININ	1.0	ECM-Receptor	CellChatDB	LAMC1_ITGA6_ITGB4	KEGG: mmu04512					CellChatDB v1
Lamc2	Itga6+Itgb4	LAMININ	1.0	ECM-Receptor	CellChatDB	LAMC2_ITGA6_ITGB4	KEGG: mmu04512					CellChatDB v1
Lamc3	Itga6+Itgb4	LAMININ	1.0	ECM-Receptor	CellChatDB	LAMC3_ITGA6_ITGB4	KEGG: mmu04512					CellChatDB v1
Fn1	Cd44	FN1	1.0	ECM-Receptor	CellChatDB	FN1_CD44	KEGG: mmu04512					CellChatDB v1
Col1a1	Cd44	COLLAGEN	1.0	ECM-Receptor	CellChatDB	COL1A1_CD44	KEGG: mmu04512					CellChatDB v1
Col1a2	Cd44	COLLAGEN	1.0	ECM-Receptor	CellChatDB	COL1A2_CD44	KEGG: mmu04512					CellChatDB v1
Col2a1	Cd44	COLLAGEN	1.0	ECM-Receptor	CellChatDB	COL2A1_CD44	KEGG: mmu04512					CellChatDB v1
Col4a1	Cd44	COLLAGEN	1.0	ECM-Receptor	CellChatDB	COL4A1_CD44	KEGG: mmu04512					CellChatDB v1
Col4a2	Cd44	COLLAGEN	1.0	ECM-Receptor	CellChatDB	COL4A2_CD44	KEGG: mmu04512					CellChatDB v1
Col4a3	Cd44	COLLAGEN	1.0	ECM-Receptor	CellChatDB	COL4A3_CD44	KEGG: mmu04512					CellChatDB v1
Col4a4	Cd44	COLLAGEN	1.0	ECM-Receptor	CellChatDB	COL4A4_CD44	KEGG: mmu04512					CellChatDB v1
Col4a5	Cd44	COLLAGEN	1.0	ECM-Receptor	CellChatDB	COL4A5_CD44	KEGG: mmu04512					CellChatDB v1
Col4a6	Cd44	COLLAGEN	1.0	ECM-Receptor	CellChatDB	COL4A6_CD44	KEGG: mmu04512					CellChatDB v1
Col6a1	Cd44	COLLAGEN	1.0	ECM-Receptor	CellChatDB	COL6A1_CD44	KEGG: mmu04512					CellChatDB v1
Col6a2	Cd44	COLLAGEN	1.0	ECM-Receptor	CellChatDB	COL6A2_CD44	KEGG: mmu04512					CellChatDB v1
Col6a3	Cd44	COLLAGEN	1.0	ECM-Receptor	CellChatDB	COL6A3_CD44	KEGG: mmu04512					CellChatDB v1
Col6a4	Cd44	COLLAGEN	1.0	ECM-Receptor	CellChatDB	COL6A4_CD44	KEGG: mmu04512					CellChatDB v1
Col6a5	Cd44	COLLAGEN	1.0	ECM-Receptor	CellChatDB	COL6A5_CD44	KEGG: mmu04512					CellChatDB v1
Col6a6	Cd44	COLLAGEN	1.0	ECM-Receptor	CellChatDB	COL6A6_CD44	KEGG: mmu04512					CellChatDB v1
Col9a1	Cd44	COLLAGEN	1.0	ECM-Receptor	CellChatDB	COL9A1_CD44	KEGG: mmu04512					CellChatDB v1
Col9a2	Cd44	COLLAGEN	1.0	ECM-Receptor	CellChatDB	COL9A2_CD44	KEGG: mmu04512					CellChatDB v1
Col9a3	Cd44	COLLAGEN	1.0	ECM-Receptor	CellChatDB	COL9A3_CD44	KEGG: mmu04512					CellChatDB v1
Lama1	Cd44	LAMININ	1.0	ECM-Receptor	CellChatDB	LAMA1_CD44	KEGG: mmu04512					CellChatDB v1
Lama2	Cd44	LAMININ	1.0	ECM-Receptor	CellChatDB	LAMA2_CD44	KEGG: mmu04512					CellChatDB v1
Lama3	Cd44	LAMININ	1.0	ECM-Receptor	CellChatDB	LAMA3_CD44	KEGG: mmu04512					CellChatDB v1
Lama4	Cd44	LAMININ	1.0	ECM-Receptor	CellChatDB	LAMA4_CD44	KEGG: mmu04512					CellChatDB v1
Lama5	Cd44	LAMININ	1.0	ECM-Receptor	CellChatDB	LAMA5_CD44	KEGG: mmu04512					CellChatDB v1
Lamb1	Cd44	LAMININ	1.0	ECM-Receptor	CellChatDB	LAMB1_CD44	KEGG: mmu04512					CellChatDB v1
Lamb2	Cd44	LAMININ	1.0	ECM-Receptor	CellChatDB	LAMB2_CD44	KEGG: mmu04512					CellChatDB v1
Lamb3	Cd44	LAMININ	1.0	ECM-Receptor	CellChatDB	LAMB3_CD44	KEGG: mmu04512					CellChatDB v1
Lamc1	Cd44	LAMININ	1.0	ECM-Receptor	CellChatDB	LAMC1_CD44	KEGG: mmu04512					CellChatDB v1
Lamc2	Cd44	LAMININ	1.0	ECM-Receptor	CellChatDB	LAMC2_CD44	KEGG: mmu04512					CellChatDB v1
Lamc3	Cd44	LAMININ	1.0	ECM-Receptor	CellChatDB	LAMC3_CD44	KEGG: mmu04512					CellChatDB v1
Col1a1	Sdc1	COLLAGEN	1.0	ECM-Receptor	CellChatDB	COL1A1_SDC1	KEGG: mmu04512					CellChatDB v1
Col1a2	Sdc1	COLLAGEN	1.0	ECM-Receptor	CellChatDB	COL1A2_SDC1	KEGG: mmu04512					CellChatDB v1
Col2a1	Sdc1	COLLAGEN	1.0	ECM-Receptor	CellChatDB	COL2A1_SDC1	KEGG: mmu04512					CellChatDB v1
Col4a1	Sdc1	COLLAGEN	1.0	ECM-Receptor	CellChatDB	COL4A1_SDC1	KEGG: mmu04512					CellChatDB v1
Col4a2	Sdc1	COLLAGEN	1.0	ECM-Receptor	CellChatDB	COL4A2_SDC1	KEGG: mmu04512					CellChatDB v1
Col4a3	Sdc1	COLLAGEN	1.0	ECM-Receptor	CellChatDB	COL4A3_SDC1	KEGG: mmu04512					CellChatDB v1
Col4a4	Sdc1	COLLAGEN	1.0	ECM-Receptor	CellChatDB	COL4A4_SDC1	KEGG: mmu04512					CellChatDB v1
Col4a5	Sdc1	COLLAGEN	1.0	ECM-Receptor	CellChatDB	COL4A5_SDC1	KEGG: mmu04512					CellChatDB v1
Col4a6	Sdc1	COLLAGEN	1.0	ECM-Receptor	CellChatDB	COL4A6_SDC1	KEGG: mmu04512					CellChatDB v1
Col6a1	Sdc1	COLLAGEN	1.0	ECM-Receptor	CellChatDB	COL6A1_SDC1	KEGG: mmu04512					CellChatDB v1
Col6a2	Sdc1	COLLAGEN	1.0	ECM-Receptor	CellChatDB	COL6A2_SDC1	KEGG: mmu04512					CellChatDB v1
Col6a3	Sdc1	COLLAGEN	1.0	ECM-Receptor	CellChatDB	COL6A3_SDC1	KEGG: mmu04512					CellChatDB v1
Col6a4	Sdc1	COLLAGEN	1.0	ECM-Receptor	CellChatDB	COL6A4_SDC1	KEGG: mmu04512					CellChatDB v1
Col6a5	Sdc1	COLLAGEN	1.0	ECM-Receptor	CellChatDB	COL6A5_SDC1	KEGG: mmu04512					CellChatDB v1
Col6a6	Sdc1	COLLAGEN	1.0	ECM-Receptor	CellChatDB	COL6A6_SDC1	KEGG: mmu04512					CellChatDB v1
Col9a1	Sdc1	COLLAGEN	1.0	ECM-Receptor	CellChatDB	COL9A1_SDC1	KEGG: mmu04512					CellChatDB v1
Col9a2	Sdc1	COLLAGEN	1.0	ECM-Receptor	CellChatDB	COL9A2_SDC1	KEGG: mmu04512					CellChatDB v1
Col9a3	Sdc1	COLLAGEN	1.0	ECM-Receptor	CellChatDB	COL9A3_SDC1	KEGG: mmu04512					CellChatDB v1
Fn1	Sdc1	FN1	1.0	ECM-Receptor	CellChatDB	FN1_SDC1	KEGG: mmu04512					CellChatDB v1
Tnc	Sdc1	TENASCIN	1.0	ECM-Receptor	CellChatDB	TNC_SDC1	KEGG: mmu04512					CellChatDB v1
Tnr	Sdc1	TENASCIN	1.0	ECM-Receptor	CellChatDB	TNR_SDC1	KEGG: mmu04512					CellChatDB v1
Tnn	Sdc1	TENASCIN	1.0	ECM-Receptor	CellChatDB	TNN_SDC1	KEGG: mmu04512					CellChatDB v1
Tnxb	Sdc1	TENASCIN	1.0	ECM-Receptor	CellChatDB	TNXB_SDC1	KEGG: mmu04512					CellChatDB v1
Thbs1	Sdc1	THBS	1.0	ECM-Receptor	CellChatDB	THBS1_SDC1	KEGG: mmu04512					CellChatDB v1
Thbs2	Sdc1	THBS	1.0	ECM-Receptor	CellChatDB	THBS2_SDC1	KEGG: mmu04512					CellChatDB v1
Thbs3	Sdc1	THBS	1.0	ECM-Receptor	CellChatDB	THBS3_SDC1	KEGG: mmu04512					CellChatDB v1
Thbs4	Sdc1	THBS	1.0	ECM-Receptor	CellChatDB	THBS4_SDC1	KEGG: mmu04512					CellChatDB v1
Comp	Sdc1	THBS	1.0	ECM-Receptor	CellChatDB	COMP_SDC1	KEGG: mmu04512					CellChatDB v1
Col1a1	Sdc4	COLLAGEN	1.0	ECM-Receptor	CellChatDB	COL1A1_SDC4	KEGG: mmu04512					CellChatDB v1
Col1a2	Sdc4	COLLAGEN	1.0	ECM-Receptor	CellChatDB	COL1A2_SDC4	KEGG: mmu04512					CellChatDB v1
Col2a1	Sdc4	COLLAGEN	1.0	ECM-Receptor	CellChatDB	COL2A1_SDC4	KEGG: mmu04512					CellChatDB v1
Col4a1	Sdc4	COLLAGEN	1.0	ECM-Receptor	CellChatDB	COL4A1_SDC4	KEGG: mmu04512					CellChatDB v1
Col4a2	Sdc4	COLLAGEN	1.0	ECM-Receptor	CellChatDB	COL4A2_SDC4	KEGG: mmu04512					CellChatDB v1
Col4a3	Sdc4	COLLAGEN	1.0	ECM-Receptor	CellChatDB	COL4A3_SDC4	KEGG: mmu04512					CellChatDB v1
Col4a4	Sdc4	COLLAGEN	1.0	ECM-Receptor	CellChatDB	COL4A4_SDC4	KEGG: mmu04512					CellChatDB v1
Col4a5	Sdc4	COLLAGEN	1.0	ECM-Receptor	CellChatDB	COL4A5_SDC4	KEGG: mmu04512					CellChatDB v1
Col4a6	Sdc4	COLLAGEN	1.0	ECM-Receptor	CellChatDB	COL4A6_SDC4	KEGG: mmu04512					CellChatDB v1
Col6a1	Sdc4	COLLAGEN	1.0	ECM-Receptor	CellChatDB	COL6A1_SDC4	KEGG: mmu04512					CellChatDB v1
Col6a2	Sdc4	COLLAGEN	1.0	ECM-Receptor	CellChatDB	COL6A2_SDC4	KEGG: mmu04512					CellChatDB v1
Col6a3	Sdc4	COLLAGEN	1.0	ECM-Receptor	CellChatDB	COL6A3_SDC4	KEGG: mmu04512					CellChatDB v1
Col6a4	Sdc4	COLLAGEN	1.0	ECM-Receptor	CellChatDB	COL6A4_SDC4	KEGG: mmu04512					CellChatDB v1
Col6a5	Sdc4	COLLAGEN	1.0	ECM-Receptor	CellChatDB	COL6A5_SDC4	KEGG: mmu04512					CellChatDB v1
Col6a6	Sdc4	COLLAGEN	1.0	ECM-Receptor	CellChatDB	COL6A6_SDC4	KEGG: mmu04512					CellChatDB v1
Col9a1	Sdc4	COLLAGEN	1.0	ECM-Receptor	CellChatDB	COL9A1_SDC4	KEGG: mmu04512					CellChatDB v1
Col9a2	Sdc4	COLLAGEN	1.0	ECM-Receptor	CellChatDB	COL9A2_SDC4	KEGG: mmu04512					CellChatDB v1
Col9a3	Sdc4	COLLAGEN	1.0	ECM-Receptor	CellChatDB	COL9A3_SDC4	KEGG: mmu04512					CellChatDB v1
Fn1	Sdc4	FN1	1.0	ECM-Receptor	CellChatDB	FN1_SDC4	KEGG: mmu04512					CellChatDB v1
Tnc	Sdc4	TENASCIN	1.0	ECM-Receptor	CellChatDB	TNC_SDC4	KEGG: mmu04512					CellChatDB v1
Tnr	Sdc4	TENASCIN	1.0	ECM-Receptor	CellChatDB	TNR_SDC4	KEGG: mmu04512					CellChatDB v1
Tnn	Sdc4	TENASCIN	1.0	ECM-Receptor	CellChatDB	TNN_SDC4	KEGG: mmu04512					CellChatDB v1
Tnxb	Sdc4	TENASCIN	1.0	ECM-Receptor	CellChatDB	TNXB_SDC4	KEGG: mmu04512					CellChatDB v1
Thbs1	Sdc4	THBS	1.0	ECM-Receptor	CellChatDB	THBS1_SDC4	KEGG: mmu04512					CellChatDB v1
Thbs2	Sdc4	THBS	1.0	ECM-Receptor	CellChatDB	THBS2_SDC4	KEGG: mmu04512					CellChatDB v1
Thbs3	Sdc4	THBS	1.0	ECM-Receptor	CellChatDB	THBS3_SDC4	KEGG: mmu04512					CellChatDB v1
Thbs4	Sdc4	THBS	1.0	ECM-Receptor	CellChatDB	THBS4_SDC4	KEGG: mmu04512					CellChatDB v1
Comp	Sdc4	THBS	1.0	ECM-Receptor	CellChatDB	COMP_SDC4	KEGG: mmu04512					CellChatDB v1
Lama1	Sv2a	LAMININ	1.0	ECM-Receptor	CellChatDB	LAMA1_SV2A	KEGG: mmu04512					CellChatDB v1
Lama2	Sv2a	LAMININ	1.0	ECM-Receptor	CellChatDB	LAMA2_SV2A	KEGG: mmu04512					CellChatDB v1
Lama3	Sv2a	LAMININ	1.0	ECM-Receptor	CellChatDB	LAMA3_SV2A	KEGG: mmu04512					CellChatDB v1
Lama4	Sv2a	LAMININ	1.0	ECM-Receptor	CellChatDB	LAMA4_SV2A	KEGG: mmu04512					CellChatDB v1
Lama5	Sv2a	LAMININ	1.0	ECM-Receptor	CellChatDB	LAMA5_SV2A	KEGG: mmu04512					CellChatDB v1
Lamb1	Sv2a	LAMININ	1.0	ECM-Receptor	CellChatDB	LAMB1_SV2A	KEGG: mmu04512					CellChatDB v1
Lamb2	Sv2a	LAMININ	1.0	ECM-Receptor	CellChatDB	LAMB2_SV2A	KEGG: mmu04512					CellChatDB v1
Lamb3	Sv2a	LAMININ	1.0	ECM-Receptor	CellChatDB	LAMB3_SV2A	KEGG: mmu04512					CellChatDB v1
Lamc1	Sv2a	LAMININ	1.0	ECM-Receptor	CellChatDB	LAMC1_SV2A	KEGG: mmu04512					CellChatDB v1
Lamc2	Sv2a	LAMININ	1.0	ECM-Receptor	CellChatDB	LAMC2_SV2A	KEGG: mmu04512					CellChatDB v1
Lamc3	Sv2a	LAMININ	1.0	ECM-Receptor	CellChatDB	LAMC3_SV2A	KEGG: mmu04512					CellChatDB v1
Lama1	Sv2b	LAMININ	1.0	ECM-Receptor	CellChatDB	LAMA1_SV2B	KEGG: mmu04512					CellChatDB v1
Lama2	Sv2b	LAMININ	1.0	ECM-Receptor	CellChatDB	LAMA2_SV2B	KEGG: mmu04512					CellChatDB v1
Lama3	Sv2b	LAMININ	1.0	ECM-Receptor	CellChatDB	LAMA3_SV2B	KEGG: mmu04512					CellChatDB v1
Lama4	Sv2b	LAMININ	1.0	ECM-Receptor	CellChatDB	LAMA4_SV2B	KEGG: mmu04512					CellChatDB v1
Lama5	Sv2b	LAMININ	1.0	ECM-Receptor	CellChatDB	LAMA5_SV2B	KEGG: mmu04512					CellChatDB v1
Lamb1	Sv2b	LAMININ	1.0	ECM-Receptor	CellChatDB	LAMB1_SV2B	KEGG: mmu04512					CellChatDB v1
Lamb2	Sv2b	LAMININ	1.0	ECM-Receptor	CellChatDB	LAMB2_SV2B	KEGG: mmu04512					CellChatDB v1
Lamb3	Sv2b	LAMININ	1.0	ECM-Receptor	CellChatDB	LAMB3_SV2B	KEGG: mmu04512					CellChatDB v1
Lamc1	Sv2b	LAMININ	1.0	ECM-Receptor	CellChatDB	LAMC1_SV2B	KEGG: mmu04512					CellChatDB v1
Lamc2	Sv2b	LAMININ	1.0	ECM-Receptor	CellChatDB	LAMC2_SV2B	KEGG: mmu04512					CellChatDB v1
Lamc3	Sv2b	LAMININ	1.0	ECM-Receptor	CellChatDB	LAMC3_SV2B	KEGG: mmu04512					CellChatDB v1
Lama1	Sv2c	LAMININ	1.0	ECM-Receptor	CellChatDB	LAMA1_SV2C	KEGG: mmu04512					CellChatDB v1
Lama2	Sv2c	LAMININ	1.0	ECM-Receptor	CellChatDB	LAMA2_SV2C	KEGG: mmu04512					CellChatDB v1
Lama3	Sv2c	LAMININ	1.0	ECM-Receptor	CellChatDB	LAMA3_SV2C	KEGG: mmu04512					CellChatDB v1
Lama4	Sv2c	LAMININ	1.0	ECM-Receptor	CellChatDB	LAMA4_SV2C	KEGG: mmu04512					CellChatDB v1
Lama5	Sv2c	LAMININ	1.0	ECM-Receptor	CellChatDB	LAMA5_SV2C	KEGG: mmu04512					CellChatDB v1
Lamb1	Sv2c	LAMININ	1.0	ECM-Receptor	CellChatDB	LAMB1_SV2C	KEGG: mmu04512					CellChatDB v1
Lamb2	Sv2c	LAMININ	1.0	ECM-Receptor	CellChatDB	LAMB2_SV2C	KEGG: mmu04512					CellChatDB v1
Lamb3	Sv2c	LAMININ	1.0	ECM-Receptor	CellChatDB	LAMB3_SV2C	KEGG: mmu04512					CellChatDB v1
Lamc1	Sv2c	LAMININ	1.0	ECM-Receptor	CellChatDB	LAMC1_SV2C	KEGG: mmu04512					CellChatDB v1
Lamc2	Sv2c	LAMININ	1.0	ECM-Receptor	CellChatDB	LAMC2_SV2C	KEGG: mmu04512					CellChatDB v1
Lamc3	Sv2c	LAMININ	1.0	ECM-Receptor	CellChatDB	LAMC3_SV2C	KEGG: mmu04512					CellChatDB v1
Thbs1	Cd36	THBS	1.0	ECM-Receptor	CellChatDB	THBS1_CD36	KEGG: mmu04512					CellChatDB v1
Thbs2	Cd36	THBS	1.0	ECM-Receptor	CellChatDB	THBS2_CD36	KEGG: mmu04512					CellChatDB v1
Thbs3	Cd36	THBS	1.0	ECM-Receptor	CellChatDB	THBS3_CD36	KEGG: mmu04512					CellChatDB v1
Thbs4	Cd36	THBS	1.0	ECM-Receptor	CellChatDB	THBS4_CD36	KEGG: mmu04512					CellChatDB v1
Comp	Cd36	THBS	1.0	ECM-Receptor	CellChatDB	COMP_CD36	KEGG: mmu04512					CellChatDB v1
Vwf	Gp1ba+Gp1bb+Gp5+Gp9	VWF	1.0	ECM-Receptor	CellChatDB	VWF_GP1BA_GP1BB_GP5_GP9	KEGG: mmu04512					CellChatDB v1
Col1a1	Gp6	COLLAGEN	1.0	ECM-Receptor	CellChatDB	COL1A1_GP6	KEGG: mmu04512					CellChatDB v1
Col1a2	Gp6	COLLAGEN	1.0	ECM-Receptor	CellChatDB	COL1A2_GP6	KEGG: mmu04512					CellChatDB v1
Col2a1	Gp6	COLLAGEN	1.0	ECM-Receptor	CellChatDB	COL2A1_GP6	KEGG: mmu04512					CellChatDB v1
Col4a1	Gp6	COLLAGEN	1.0	ECM-Receptor	CellChatDB	COL4A1_GP6	KEGG: mmu04512					CellChatDB v1
Col4a2	Gp6	COLLAGEN	1.0	ECM-Receptor	CellChatDB	COL4A2_GP6	KEGG: mmu04512					CellChatDB v1
Col4a3	Gp6	COLLAGEN	1.0	ECM-Receptor	CellChatDB	COL4A3_GP6	KEGG: mmu04512					CellChatDB v1
Col4a4	Gp6	COLLAGEN	1.0	ECM-Receptor	CellChatDB	COL4A4_GP6	KEGG: mmu04512					CellChatDB v1
Col4a5	Gp6	COLLAGEN	1.0	ECM-Receptor	CellChatDB	COL4A5_GP6	KEGG: mmu04512					CellChatDB v1
Col4a6	Gp6	COLLAGEN	1.0	ECM-Receptor	CellChatDB	COL4A6_GP6	KEGG: mmu04512					CellChatDB v1
Col6a1	Gp6	COLLAGEN	1.0	ECM-Receptor	CellChatDB	COL6A1_GP6	KEGG: mmu04512					CellChatDB v1
Col6a2	Gp6	COLLAGEN	1.0	ECM-Receptor	CellChatDB	COL6A2_GP6	KEGG: mmu04512					CellChatDB v1
Col6a3	Gp6	COLLAGEN	1.0	ECM-Receptor	CellChatDB	COL6A3_GP6	KEGG: mmu04512					CellChatDB v1
Col6a4	Gp6	COLLAGEN	1.0	ECM-Receptor	CellChatDB	COL6A4_GP6	KEGG: mmu04512					CellChatDB v1
Col6a5	Gp6	COLLAGEN	1.0	ECM-Receptor	CellChatDB	COL6A5_GP6	KEGG: mmu04512					CellChatDB v1
Col6a6	Gp6	COLLAGEN	1.0	ECM-Receptor	CellChatDB	COL6A6_GP6	KEGG: mmu04512					CellChatDB v1
Col9a1	Gp6	COLLAGEN	1.0	ECM-Receptor	CellChatDB	COL9A1_GP6	KEGG: mmu04512					CellChatDB v1
Col9a2	Gp6	COLLAGEN	1.0	ECM-Receptor	CellChatDB	COL9A2_GP6	KEGG: mmu04512					CellChatDB v1
Col9a3	Gp6	COLLAGEN	1.0	ECM-Receptor	CellChatDB	COL9A3_GP6	KEGG: mmu04512					CellChatDB v1
Thbs1	Cd47	THBS	1.0	ECM-Receptor	CellChatDB	THBS1_CD47	KEGG: mmu04512					CellChatDB v1
Thbs2	Cd47	THBS	1.0	ECM-Receptor	CellChatDB	THBS2_CD47	KEGG: mmu04512					CellChatDB v1
Thbs3	Cd47	THBS	1.0	ECM-Receptor	CellChatDB	THBS3_CD47	KEGG: mmu04512					CellChatDB v1
Thbs4	Cd47	THBS	1.0	ECM-Receptor	CellChatDB	THBS4_CD47	KEGG: mmu04512					CellChatDB v1
Comp	Cd47	THBS	1.0	ECM-Receptor	CellChatDB	COMP_CD47	KEGG: mmu04512					CellChatDB v1
Agrn	Dag1	AGRN	1.0	ECM-Receptor	CellChatDB	AGRN_DAG1	KEGG: mmu04512					CellChatDB v1
Hspg2	Dag1	HSPG	1.0	ECM-Receptor	CellChatDB	HSPG2_DAG1	KEGG: mmu04512					CellChatDB v1
Lama1	Dag1	LAMININ	1.0	ECM-Receptor	CellChatDB	LAMA1_DAG1	KEGG: mmu04512					CellChatDB v1
Lama2	Dag1	LAMININ	1.0	ECM-Receptor	CellChatDB	LAMA2_DAG1	KEGG: mmu04512					CellChatDB v1
Lama3	Dag1	LAMININ	1.0	ECM-Receptor	CellChatDB	LAMA3_DAG1	KEGG: mmu04512					CellChatDB v1
Lama4	Dag1	LAMININ	1.0	ECM-Receptor	CellChatDB	LAMA4_DAG1	KEGG: mmu04512					CellChatDB v1
Lama5	Dag1	LAMININ	1.0	ECM-Receptor	CellChatDB	LAMA5_DAG1	KEGG: mmu04512					CellChatDB v1
Lamb1	Dag1	LAMININ	1.0	ECM-Receptor	CellChatDB	LAMB1_DAG1	KEGG: mmu04512					CellChatDB v1
Lamb2	Dag1	LAMININ	1.0	ECM-Receptor	CellChatDB	LAMB2_DAG1	KEGG: mmu04512					CellChatDB v1
Lamb3	Dag1	LAMININ	1.0	ECM-Receptor	CellChatDB	LAMB3_DAG1	KEGG: mmu04512					CellChatDB v1
Lamc1	Dag1	LAMININ	1.0	ECM-Receptor	CellChatDB	LAMC1_DAG1	KEGG: mmu04512					CellChatDB v1
Lamc2	Dag1	LAMININ	1.0	ECM-Receptor	CellChatDB	LAMC2_DAG1	KEGG: mmu04512					CellChatDB v1
Lamc3	Dag1	LAMININ	1.0	ECM-Receptor	CellChatDB	LAMC3_DAG1	KEGG: mmu04512					CellChatDB v1
Anxa1	Fpr2+Fpr3	ANNEXIN	1.0	Secreted Signaling	CellChatDB	ANXA1_FPR2_LXA4	PMID: 22610094					CellChatDB v1
App	Cd74	APP	1.0	Cell-Cell Contact	CellChatDB	APP_CD74	PMID: 19849849					CellChatDB v1
Bst2	Pira2	BST2	1.0	Cell-Cell Contact	CellChatDB	BST2_PIRA2	PMID: 19564354					CellChatDB v1
Cadm1	Cadm1	CADM	1.0	Cell-Cell Contact	CellChatDB	CADM1_CADM1	PMID: 24503895					CellChatDB v1
Cadm3	Cadm3	CADM	1.0	Cell-Cell Contact	CellChatDB	CADM3_CADM3	KEGG: mmu04514					CellChatDB v1
Cd1d2	Pira2	CD1D2	1.0	Cell-Cell Contact	CellChatDB	CD1D2_PIRA2	PMID: 19124746					CellChatDB v1
Cd200	Cd200r1	CD200	1.0	Cell-Cell Contact	CellChatDB	CD200_CD200R1	PMID: 15187158					CellChatDB v1
Cd200	Cd200r2	CD200	1.0	Cell-Cell Contact	CellChatDB	CD200_CD200R2	KEGG: mmu04514					CellChatDB v1
Cd200	Cd200r3	CD200	1.0	Cell-Cell Contact	CellChatDB	CD200_CD200R3	PMID: 22020332					CellChatDB v1
Cd200	Cd200r4	CD200	1.0	Cell-Cell Contact	CellChatDB	CD200_CD200R4	KEGG: mmu04514					CellChatDB v1
Fcer2a	Itgam+Itgb2	CD23	1.0	Cell-Cell Contact	CellChatDB	FCER2A_ITGAM_ITGB2	PMID: 7621072					CellChatDB v1
Fcer2a	Itgax+Itgb2	CD23	1.0	Cell-Cell Contact	CellChatDB	FCER2A_ITGAX_ITGB2	PMID: 7621072					CellChatDB v1
Fcer2a	Itgav+Itgb3	CD23	1.0	Cell-Cell Contact	CellChatDB	FCER2A_ITGAV_ITGB3	PMID: 10037797					CellChatDB v1
Fcer2a	Cr2	CD23	1.0	Cell-Cell Contact	CellChatDB	FCER2A_CR2	PMID: 16785534					CellChatDB v1
Cd34	Selp	CD34	1.0	Cell-Cell Contact	CellChatDB	CD34_SELP	PMID: 18606703					CellChatDB v1
Entpd1	Adora1	CD39	1.0	Cell-Cell Contact	CellChatDB	ENTPD1_ADORA1	PMID: 21677139					CellChatDB v1
Entpd1	Adora2a	CD39	1.0	Cell-Cell Contact	CellChatDB	ENTPD1_ADORA2A	PMID: 21677139					CellChatDB v1
Entpd1	Adora2b	CD39	1.0	Cell-Cell Contact	CellChatDB	ENTPD1_ADORA2B	PMID: 21677139					CellChatDB v1
Entpd1	Tmigd3	CD39	1.0	Cell-Cell Contact	CellChatDB	ENTPD1_TMIGD3	PMID: 21677139					CellChatDB v1
Cd40lg	Cd40	CD40	1.0	Cell-Cell Contact	CellChatDB	CD40LG_CD40	KEGG: mmu04514					CellChatDB v1
Ptprc	Cd22	CD45	1.0	Cell-Cell Contact	CellChatDB	PTPRC_CD22	PMID: 12115612					CellChatDB v1
Ptprc	Mrc1	CD45	1.0	Cell-Cell Contact	CellChatDB	PTPRC_MRC1	PMID: 27601670; PMID: 10575006					CellChatDB v1
Cd46	Jag1	CD46	1.0	Cell-Cell Contact	CellChatDB	CD46_JAG1	PMID: 23086448					CellChatDB v1
Cd48	Cd244a	CD48	1.0	Cell-Cell Contact	CellChatDB	CD48_CD244A	PMID: 26697006					CellChatDB v1
Cd52	Siglecg	CD52	1.0	Cell-Cell Contact	CellChatDB	CD52_SIGLECG	PMID: 23685786					CellChatDB v1
Cd6	Alcam	CD6	1.0	Cell-Cell Contact	CellChatDB	CD6_ALCAM	PMID: 23602662					CellChatDB v1
Cd80	Cd274	CD80	1.0	Cell-Cell Contact	CellChatDB	CD80_CD274	PMID: 17629517; PMID: 18585785					CellChatDB v1
Cd80	Cd28	CD80	1.0	Cell-Cell Contact	CellChatDB	CD80_CD28	PMID: 23954143					CellChatDB v1
Cd80	Ctla4	CD80	1.0	Cell-Cell Contact	CellChatDB	CD80_CTLA4	PMID: 23954143					CellChatDB v1
Cd86	Cd28	CD86	1.0	Cell-Cell Contact	CellChatDB	CD86_CD28	PMID: 23954143					CellChatDB v1
Cd86	Ctla4	CD86	1.0	Cell-Cell Contact	CellChatDB	CD86_CTLA4	PMID: 23954143					CellChatDB v1
Cd96	Pvr	CD96	1.0	Cell-Cell Contact	CellChatDB	CD96_PVR	PMID: 15034010					CellChatDB v1
Cd99	Pilra	CD99	1.0	Cell-Cell Contact	CellChatDB	CD99_PILRA	PMID: 18234675					CellChatDB v1
Cd99	Cd99	CD99	1.0	Cell-Cell Contact	CellChatDB	CD99_CD99	KEGG: mmu04514					CellChatDB v1
Cdh15	Cdh15	CDH	1.0	Cell-Cell Contact	CellChatDB	CDH15_CDH15	KEGG: mmu04514					CellChatDB v1
Cdh4	Cdh4	CDH	1.0	Cell-Cell Contact	CellChatDB	CDH4_CDH4	KEGG: mmu04514					CellChatDB v1
Cdh2	Cdh2	CDH	1.0	Cell-Cell Contact	CellChatDB	CDH2_CDH2	KEGG: mmu04514					CellChatDB v1
Cdh1	Cdh1	CDH	1.0	Cell-Cell Contact	CellChatDB	CDH1_CDH1	KEGG: mmu04514					CellChatDB v1
Cdh1	Itga2+Itgb1	CDH1	1.0	Cell-Cell Contact	CellChatDB	CDH1_ITGA1_ITGB1	PMID: 12392763					CellChatDB v1
Cdh1	Itgae+Itgb7	CDH1	1.0	Cell-Cell Contact	CellChatDB	CDH1_ITGAE_ITGB7	PMID: 9425167					CellChatDB v1
Cdh1	Klrg1	CDH1	1.0	Cell-Cell Contact	CellChatDB	CDH1_KLRG1	PMID: 19604491					CellChatDB v1
Cdh5	Cdh5	CDH5	1.0	Cell-Cell Contact	CellChatDB	CDH5_CDH5	KEGG: mmu04514					CellChatDB v1
Cd1d1	Ceacam5	CEACAM	1.0	Cell-Cell Contact	CellChatDB	CD1D1_CEACAM5	PMID: 24104458					CellChatDB v1
Cd209a	Ceacam1	CEACAM	1.0	Cell-Cell Contact	CellChatDB	CD209A_CEACAM1	PMID: 16282604; PMID: 6246332					CellChatDB v1
Cd8a	Ceacam5	CEACAM	1.0	Cell-Cell Contact	CellChatDB	CD8A_CEACAM5	PMID: 24104458					CellChatDB v1
Ceacam1	Ceacam5	CEACAM	1.0	Cell-Cell Contact	CellChatDB	CEACAM1_CEACAM5	PMID: 11590190					CellChatDB v1
Sele	Ceacam1	CEACAM	1.0	Cell-Cell Contact	CellChatDB	SELE_CEACAM1	PMID: 1378450					CellChatDB v1
Cldn11	Cldn11	CLDN	1.0	Cell-Cell Contact	CellChatDB	CLDN11_CLDN11	KEGG: mmu04514					CellChatDB v1
Clec2d	Klrb1b	CLEC	1.0	Cell-Cell Contact	CellChatDB	CLEC2D_KLRB1B	PMID: 24223577					CellChatDB v1
Clec2g	Klrb1	CLEC	1.0	Cell-Cell Contact	CellChatDB	CLEC2G_KLRB1	PMID: 24223577					CellChatDB v1
Clec2h	Klrb1	CLEC	1.0	Cell-Cell Contact	CellChatDB	CLEC2H_KLRB1	PMID: 24223577					CellChatDB v1
Clec2i	Klrb1	CLEC	1.0	Cell-Cell Contact	CellChatDB	CLEC2I_KLRB1	PMID: 24223577					CellChatDB v1
Clec2f	Klrb1f	CLEC	1.0	Cell-Cell Contact	CellChatDB	CLEC2F_KLRB1F	PMID: 24223577					CellChatDB v1
Clec2g	Klrb1f	CLEC	1.0	Cell-Cell Contact	CellChatDB	CLEC2G_KLRB1F	PMID: 24223577					CellChatDB v1
Clec2i	Klrb1f	CLEC	1.0	Cell-Cell Contact	CellChatDB	CLEC2I_KLRB1F	PMID: 24223577					CellChatDB v1
Nfasc	Cntn1+Cntnap1	CNTN	1.0	Cell-Cell Contact	CellChatDB	NFASC_CNTN1_CNTNAP1	KEGG: mmu04514					CellChatDB v1
Cntn2	Cntn2+Cntnap2	CNTN	1.0	Cell-Cell Contact	CellChatDB	CNTN2_CNTN2_CNTNAP2	KEGG: mmu04514					CellChatDB v1
Cntn2	L1cam	CNTN	1.0	Cell-Cell Contact	CellChatDB	CNTN2_L1CAM	KEGG: mmu04514					CellChatDB v1
Cntn2	Cntn2	CNTN	1.0	Cell-Cell Contact	CellChatDB	CNTN2_CNTN2	KEGG: mmu04514					CellChatDB v1
Cntn1	Nrcam	CNTN	1.0	Cell-Cell Contact	CellChatDB	CNTN1_NRCAM	KEGG: mmu04514					CellChatDB v1
Cspg4	Itga3+Itgb1	CSPG4	1.0	Cell-Cell Contact	CellChatDB	CSPG4_ITGA2_ITGB1	PMID: 30213051					CellChatDB v1
Dsc1	Dsg1c	DESMOSOME	1.0	Cell-Cell Contact	CellChatDB	DSC1_DSG1C	PMID: 27298358					CellChatDB v1
Dsc1	Dsg2	DESMOSOME	1.0	Cell-Cell Contact	CellChatDB	DSC1_DSG2	PMID: 27298358					CellChatDB v1
Dsc2	Dsg1c	DESMOSOME	1.0	Cell-Cell Contact	CellChatDB	DSC2_DSG1C	PMID: 27298358					CellChatDB v1
Dsc2	Dsg2	DESMOSOME	1.0	Cell-Cell Contact	CellChatDB	DSC2_DSG2	PMID: 27298358					CellChatDB v1
Dsg1c	Dsc3	DESMOSOME	1.0	Cell-Cell Contact	CellChatDB	DSG1C_DSC3	PMID: 27298358					CellChatDB v1
Dsg2	Dsc3	DESMOSOME	1.0	Cell-Cell Contact	CellChatDB	DSG2_DSC3	PMID: 27298358					CellChatDB v1
Epgn	Egfr	EPGN	1.0	Cell-Cell Contact	CellChatDB	EPGN_EGFR	PMID: 27298358					CellChatDB v1
Efna1	Epha1	EPHA	1.0	Cell-Cell Contact	CellChatDB	EFNA1_EPHA1	PMID: 15114347					CellChatDB v1
Efna1	Epha2	EPHA	1.0	Cell-Cell Contact	CellChatDB	EFNA1_EPHA2	PMID: 15114347					CellChatDB v1
Efna1	Epha3	EPHA	1.0	Cell-Cell Contact	CellChatDB	EFNA1_EPHA3	PMID: 15114347					CellChatDB v1
Efna1	Epha4	EPHA	1.0	Cell-Cell Contact	CellChatDB	EFNA1_EPHA4	PMID: 15114347					CellChatDB v1
Efna1	Epha5	EPHA	1.0	Cell-Cell Contact	CellChatDB	EFNA1_EPHA5	PMID: 15114347					CellChatDB v1
Efna1	Epha7	EPHA	1.0	Cell-Cell Contact	CellChatDB	EFNA1_EPHA7	PMID: 15114347					CellChatDB v1
Efna1	Epha8	EPHA	1.0	Cell-Cell Contact	CellChatDB	EFNA1_EPHA8	PMID: 15114347					CellChatDB v1
Efna2	Epha1	EPHA	1.0	Cell-Cell Contact	CellChatDB	EFNA2_EPHA1	PMID: 15114347					CellChatDB v1
Efna2	Epha2	EPHA	1.0	Cell-Cell Contact	CellChatDB	EFNA2_EPHA2	PMID: 15114347					CellChatDB v1
Efna2	Epha3	EPHA	1.0	Cell-Cell Contact	CellChatDB	EFNA2_EPHA3	PMID: 15114347					CellChatDB v1
Efna2	Epha4	EPHA	1.0	Cell-Cell Contact	CellChatDB	EFNA2_EPHA4	PMID: 15114347					CellChatDB v1
Efna2	Epha5	EPHA	1.0	Cell-Cell Contact	CellChatDB	EFNA2_EPHA5	PMID: 15114347					CellChatDB v1
Efna2	Epha7	EPHA	1.0	Cell-Cell Contact	CellChatDB	EFNA2_EPHA7	PMID: 15114347					CellChatDB v1
Efna2	Epha8	EPHA	1.0	Cell-Cell Contact	CellChatDB	EFNA2_EPHA8	PMID: 15114347					CellChatDB v1
Efna3	Epha1	EPHA	1.0	Cell-Cell Contact	CellChatDB	EFNA3_EPHA1	PMID: 15114347					CellChatDB v1
Efna3	Epha2	EPHA	1.0	Cell-Cell Contact	CellChatDB	EFNA3_EPHA2	PMID: 15114347					CellChatDB v1
Efna3	Epha3	EPHA	1.0	Cell-Cell Contact	CellChatDB	EFNA3_EPHA3	PMID: 15114347					CellChatDB v1
Efna3	Epha4	EPHA	1.0	Cell-Cell Contact	CellChatDB	EFNA3_EPHA4	PMID: 15114347					CellChatDB v1
Efna3	Epha5	EPHA	1.0	Cell-Cell Contact	CellChatDB	EFNA3_EPHA5	PMID: 15114347					CellChatDB v1
Efna3	Epha7	EPHA	1.0	Cell-Cell Contact	CellChatDB	EFNA3_EPHA7	PMID: 15114347					CellChatDB v1
Efna3	Epha8	EPHA	1.0	Cell-Cell Contact	CellChatDB	EFNA3_EPHA8	PMID: 15114347					CellChatDB v1
Efna4	Epha1	EPHA	1.0	Cell-Cell Contact	CellChatDB	EFNA4_EPHA1	PMID: 15114347					CellChatDB v1
Efna4	Epha2	EPHA	1.0	Cell-Cell Contact	CellChatDB	EFNA4_EPHA2	PMID: 15114347					CellChatDB v1
Efna4	Epha3	EPHA	1.0	Cell-Cell Contact	CellChatDB	EFNA4_EPHA3	PMID: 15114347					CellChatDB v1
Efna4	Epha4	EPHA	1.0	Cell-Cell Contact	CellChatDB	EFNA4_EPHA4	PMID: 15114347					CellChatDB v1
Efna4	Epha5	EPHA	1.0	Cell-Cell Contact	CellChatDB	EFNA4_EPHA5	PMID: 15114347					CellChatDB v1
Efna4	Epha7	EPHA	1.0	Cell-Cell Contact	CellChatDB	EFNA4_EPHA7	PMID: 15114347					CellChatDB v1
Efna4	Epha8	EPHA	1.0	Cell-Cell Contact	CellChatDB	EFNA4_EPHA8	PMID: 15114347					CellChatDB v1
Efna5	Epha1	EPHA	1.0	Cell-Cell Contact	CellChatDB	EFNA5_EPHA1	PMID: 15114347					CellChatDB v1
Efna5	Epha2	EPHA	1.0	Cell-Cell Contact	CellChatDB	EFNA5_EPHA2	PMID: 15114347					CellChatDB v1
Efna5	Epha3	EPHA	1.0	Cell-Cell Contact	CellChatDB	EFNA5_EPHA3	PMID: 15114347					CellChatDB v1
Efna5	Epha4	EPHA	1.0	Cell-Cell Contact	CellChatDB	EFNA5_EPHA4	PMID: 15114347					CellChatDB v1
Efna5	Epha5	EPHA	1.0	Cell-Cell Contact	CellChatDB	EFNA5_EPHA5	PMID: 15114347					CellChatDB v1
Efna5	Epha7	EPHA	1.0	Cell-Cell Contact	CellChatDB	EFNA5_EPHA7	PMID: 15114347					CellChatDB v1
Efna5	Epha8	EPHA	1.0	Cell-Cell Contact	CellChatDB	EFNA5_EPHA8	PMID: 15114347					CellChatDB v1
Efna5	Ephb2	EPHA	1.0	Cell-Cell Contact	CellChatDB	EFNA5_EPHB2	PMID:15107857; PMID: 15114347					CellChatDB v1
Efnb1	Epha4	EPHB	1.0	Cell-Cell Contact	CellChatDB	EFNB1_EPHA4	PMID: 15114347					CellChatDB v1
Efnb1	Ephb1	EPHB	1.0	Cell-Cell Contact	CellChatDB	EFNB1_EPHB1	PMID: 15114347					CellChatDB v1
Efnb1	Ephb2	EPHB	1.0	Cell-Cell Contact	CellChatDB	EFNB1_EPHB2	PMID: 15114347					CellChatDB v1
Efnb1	Ephb3	EPHB	1.0	Cell-Cell Contact	CellChatDB	EFNB1_EPHB3	PMID: 15114347					CellChatDB v1
Efnb1	Ephb4	EPHB	1.0	Cell-Cell Contact	CellChatDB	EFNB1_EPHB4	PMID: 15114347					CellChatDB v1
Efnb2	Epha4	EPHB	1.0	Cell-Cell Contact	CellChatDB	EFNB2_EPHA4	PMID: 15114347					CellChatDB v1
Efnb2	Ephb1	EPHB	1.0	Cell-Cell Contact	CellChatDB	EFNB2_EPHB1	PMID: 15114347					CellChatDB v1
Efnb2	Ephb2	EPHB	1.0	Cell-Cell Contact	CellChatDB	EFNB2_EPHB2	PMID: 15114347					CellChatDB v1
Efnb2	Ephb3	EPHB	1.0	Cell-Cell Contact	CellChatDB	EFNB2_EPHB3	PMID: 15114347					CellChatDB v1
Efnb2	Ephb4	EPHB	1.0	Cell-Cell Contact	CellChatDB	EFNB2_EPHB4	PMID: 15114347					CellChatDB v1
Efnb3	Epha4	EPHB	1.0	Cell-Cell Contact	CellChatDB	EFNB3_EPHA4	PMID: 15114347					CellChatDB v1
Efnb3	Ephb1	EPHB	1.0	Cell-Cell Contact	CellChatDB	EFNB3_EPHB1	PMID: 15114347					CellChatDB v1
Efnb3	Ephb2	EPHB	1.0	Cell-Cell Contact	CellChatDB	EFNB3_EPHB2	PMID: 15114347					CellChatDB v1
Efnb3	Ephb3	EPHB	1.0	Cell-Cell Contact	CellChatDB	EFNB3_EPHB3	PMID: 15114347					CellChatDB v1
Efnb3	Ephb4	EPHB	1.0	Cell-Cell Contact	CellChatDB	EFNB3_EPHB4	PMID: 15114347					CellChatDB v1
Efnb3	Ephb6	EPHB	1.0	Cell-Cell Contact	CellChatDB	EFNB3_EPHB6	PMID: 15114347					CellChatDB v1
Esam	Esam	ESAM	1.0	Cell-Cell Contact	CellChatDB	ESAM_ESAM	KEGG: mmu04514; PMID: 11279107					CellChatDB v1
Gp1ba	Itgam+Itgb2	GP1BA	1.0	Cell-Cell Contact	CellChatDB	GP1BA_ITGAM_ITGB2	PMC2194217					CellChatDB v1
Icam1	Itgax+Itgb2	ICAM	1.0	Cell-Cell Contact	CellChatDB	ICAM1_ITGAX_ITGB2	PMID: 16252253					CellChatDB v1
Icam1	Itgal+Itgb2	ICAM	1.0	Cell-Cell Contact	CellChatDB	ICAM1_ITGAL_ITGB2	KEGG: mmu04514					CellChatDB v1
Icam2	Itgal+Itgb2	ICAM	1.0	Cell-Cell Contact	CellChatDB	ICAM2_ITGAL_ITGB2	KEGG: mmu04514					CellChatDB v1
Icam1	Itgam+Itgb2	ICAM	1.0	Cell-Cell Contact	CellChatDB	ICAM1_ITGAM_ITGB2	KEGG: mmu04514					CellChatDB v1
Icam2	Itgam+Itgb2	ICAM	1.0	Cell-Cell Contact	CellChatDB	ICAM2_ITGAM_ITGB2	KEGG: mmu04514					CellChatDB v1
Icam1	Itgal+Itgb2l	ICAM	1.0	Cell-Cell Contact	CellChatDB	ICAM1_ITGAL_ITGB2L	KEGG: mmu04514					CellChatDB v1
Icam2	Itgal+Itgb2l	ICAM	1.0	Cell-Cell Contact	CellChatDB	ICAM2_ITGAL_ITGB2L	KEGG: mmu04514					CellChatDB v1
Icam1	Itgam+Itgb2l	ICAM	1.0	Cell-Cell Contact	CellChatDB	ICAM1_ITGAM_ITGB2L	KEGG: mmu04514					CellChatDB v1
Icam2	Itgam+Itgb2l	ICAM	1.0	Cell-Cell Contact	CellChatDB	ICAM2_ITGAM_ITGB2L	KEGG: mmu04514					CellChatDB v1
Icam1	Itgal	ICAM	1.0	Cell-Cell Contact	CellChatDB	ICAM1_ITGAL	PMID: 23602662					CellChatDB v1
Icam1	Spn	ICAM	1.0	Cell-Cell Contact	CellChatDB	ICAM1_SPN	PMID: 1683685					CellChatDB v1
Icam5	Cd209a	ICAM	1.0	Cell-Cell Contact	CellChatDB	ICAM5_CD209A	PMID: 15795245					CellChatDB v1
Icam5	Cd209f	ICAM	1.0	Cell-Cell Contact	CellChatDB	ICAM5_CD209F	PMID: 15795245					CellChatDB v1
Icosl	Icos	ICOS	1.0	Cell-Cell Contact	CellChatDB	ICOSL_ICOS	PMID: 23954143					CellChatDB v1
Icosl	Cd28	ICOS	1.0	Cell-Cell Contact	CellChatDB	ICOSL_CD28	KEGG: mmu04514					CellChatDB v1
Icosl	Ctla4	ICOS	1.0	Cell-Cell Contact	CellChatDB	ICOSL_CTLA4	KEGG: mmu04514					CellChatDB v1
Jam2	Itga3+Itgb1	JAM	1.0	Cell-Cell Contact	CellChatDB	JAM2_ITGA3_ITGB1	PMID: 12070135					CellChatDB v1
Jam2	Itgav+Itgb1	JAM	1.0	Cell-Cell Contact	CellChatDB	JAM2_ITGAV_ITGB1	KEGG: mmu04514					CellChatDB v1
Jam3	Itgam+Itgb2	JAM	1.0	Cell-Cell Contact	CellChatDB	JAM3_ITGAM_ITGB2	KEGG: mmu04514; PMID: 16118203, PMC2194005					CellChatDB v1
F11r	Itgal+Itgb2	JAM	1.0	Cell-Cell Contact	CellChatDB	JAM1_ITGAL_ITGB2	PMID: 11812992					CellChatDB v1
Jam3	Itgam+Itgb2l	JAM	1.0	Cell-Cell Contact	CellChatDB	JAM3_ITGAM_ITGB2L	KEGG: mmu04514;					CellChatDB v1
Jam2	Jam3	JAM	1.0	Cell-Cell Contact	CellChatDB	JAM2_JAM3	PMC1237098;  PMID: 11590146					CellChatDB v1
F11r	F11r	JAM	1.0	Cell-Cell Contact	CellChatDB	F11R_F11R	KEGG: mmu04514					CellChatDB v1
Jam2	F11r	JAM	1.0	Cell-Cell Contact	CellChatDB	JAM2_F11R	KEGG: mmu04514					CellChatDB v1
Jam2	Jam2	JAM	1.0	Cell-Cell Contact	CellChatDB	JAM2_JAM2	KEGG: mmu04514					CellChatDB v1
Jam3	F11r	JAM	1.0	Cell-Cell Contact	CellChatDB	JAM3_F11R	KEGG: mmu04514					CellChatDB v1
Jam3	Jam3	JAM	1.0	Cell-Cell Contact	CellChatDB	JAM3_JAM3	KEGG: mmu04514					CellChatDB v1
L1cam	Itgav+Itgb3	L1CAM	1.0	Cell-Cell Contact	CellChatDB	L1CAM_ITGAV_ITGB3	PMID: 9396761					CellChatDB v1
L1cam	Itga4+Itgb7	L1CAM	1.0	Cell-Cell Contact	CellChatDB	L1CAM_ITGA4_ITGB7	PMID: 8557754					CellChatDB v1
L1cam	L1cam	L1CAM	1.0	Cell-Cell Contact	CellChatDB	L1CAM_L1CAM	PMID: 18701456					CellChatDB v1
Lair1	Pira2	LAIR1	1.0	Cell-Cell Contact	CellChatDB	LAIR1_PIRA2	PMID: 19283782					CellChatDB v1
Lck	Cd8a+Cd8b1	LCK	1.0	Cell-Cell Contact	CellChatDB	LCK_CD8A_CD8B1	PMID: 25427562					CellChatDB v1
Madcam1	Itga4+Itgb7	MADCAM	1.0	Cell-Cell Contact	CellChatDB	MADCAM1_ITGA4_ITGB7	KEGG: mmu04514; PMID: 7517418					CellChatDB v1
Mag	Mag	MAG	1.0	Cell-Cell Contact	CellChatDB	MAG_MAG	KEGG: mmu04514					CellChatDB v1
H2-T23	Klrd1+Klrc1	MHC-I	1.0	Cell-Cell Contact	CellChatDB	H2-T23_KLRD1_KLRC1	PMID: 24223577					CellChatDB v1
H2-T23	Klrd1+Klrc2	MHC-I	1.0	Cell-Cell Contact	CellChatDB	H2-T23_KLRD1_KLRC2	PMID: 24223577					CellChatDB v1
H2-M2	Cd8a	MHC-I	1.0	Cell-Cell Contact	CellChatDB	H2-M2_CD8A	KEGG: mmu04514					CellChatDB v1
H2-M3	Cd8a	MHC-I	1.0	Cell-Cell Contact	CellChatDB	H2-M3_CD8A	KEGG: mmu04514					CellChatDB v1
H2-M9	Cd8a	MHC-I	1.0	Cell-Cell Contact	CellChatDB	H2-M9_CD8A	KEGG: mmu04514					CellChatDB v1
H2-Q1	Cd8a	MHC-I	1.0	Cell-Cell Contact	CellChatDB	H2-Q1_CD8A	KEGG: mmu04514					CellChatDB v1
H2-Q10	Cd8a	MHC-I	1.0	Cell-Cell Contact	CellChatDB	H2-Q10_CD8A	KEGG: mmu04514					CellChatDB v1
H2-Q2	Cd8a	MHC-I	1.0	Cell-Cell Contact	CellChatDB	H2-Q2_CD8A	KEGG: mmu04514					CellChatDB v1
H2-Q7	Cd8a	MHC-I	1.0	Cell-Cell Contact	CellChatDB	H2-Q7_CD8A	KEGG: mmu04514					CellChatDB v1
H2-Q8	Cd8a	MHC-I	1.0	Cell-Cell Contact	CellChatDB	H2-Q8_CD8A	KEGG: mmu04514					CellChatDB v1
H2-T22	Cd8a	MHC-I	1.0	Cell-Cell Contact	CellChatDB	H2-T22_CD8A	KEGG: mmu04514					CellChatDB v1
H2-T23	Cd8a	MHC-I	1.0	Cell-Cell Contact	CellChatDB	H2-T23_CD8A	KEGG: mmu04514					CellChatDB v1
H2-T24	Cd8a	MHC-I	1.0	Cell-Cell Contact	CellChatDB	H2-T24_CD8A	KEGG: mmu04514					CellChatDB v1
H2-T3	Cd8a	MHC-I	1.0	Cell-Cell Contact	CellChatDB	H2-T3_CD8A	KEGG: mmu04514					CellChatDB v1
H2-T9	Cd8a	MHC-I	1.0	Cell-Cell Contact	CellChatDB	H2-T9_CD8A	KEGG: mmu04514					CellChatDB v1
H2-M10.4	Cd8a	MHC-I	1.0	Cell-Cell Contact	CellChatDB	H2-M10.4_CD8A	KEGG: mmu04514					CellChatDB v1
H2-M11	Cd8a	MHC-I	1.0	Cell-Cell Contact	CellChatDB	H2-M11_CD8A	KEGG: mmu04514					CellChatDB v1
H2-M1	Cd8a	MHC-I	1.0	Cell-Cell Contact	CellChatDB	H2-M1_CD8A	KEGG: mmu04514					CellChatDB v1
H2-M10.5	Cd8a	MHC-I	1.0	Cell-Cell Contact	CellChatDB	H2-M10.5_CD8A	KEGG: mmu04514					CellChatDB v1
H2-M10.2	Cd8a	MHC-I	1.0	Cell-Cell Contact	CellChatDB	H2-M10.2_CD8A	KEGG: mmu04514					CellChatDB v1
H2-M10.6	Cd8a	MHC-I	1.0	Cell-Cell Contact	CellChatDB	H2-M10.6_CD8A	KEGG: mmu04514					CellChatDB v1
H2-T10	Cd8a	MHC-I	1.0	Cell-Cell Contact	CellChatDB	H2-T10_CD8A	KEGG: mmu04514					CellChatDB v1
H2-Q6	Cd8a	MHC-I	1.0	Cell-Cell Contact	CellChatDB	H2-Q6_CD8A	KEGG: mmu04514					CellChatDB v1
H2-M10.3	Cd8a	MHC-I	1.0	Cell-Cell Contact	CellChatDB	H2-M10.3_CD8A	KEGG: mmu04514					CellChatDB v1
H2-Bl	Cd8a	MHC-I	1.0	Cell-Cell Contact	CellChatDB	H2-BL_CD8A	KEGG: mmu04514					CellChatDB v1
H2-D1	Cd8a	MHC-I	1.0	Cell-Cell Contact	CellChatDB	H2-D1_CD8A	KEGG: mmu04514					CellChatDB v1
H2-K1	Cd8a	MHC-I	1.0	Cell-Cell Contact	CellChatDB	H2-K1_CD8A	KEGG: mmu04514					CellChatDB v1
H2-M10.1	Cd8a	MHC-I	1.0	Cell-Cell Contact	CellChatDB	H2-M10.1_CD8A	KEGG: mmu04514					CellChatDB v1
H2-T18	Cd8a	MHC-I	1.0	Cell-Cell Contact	CellChatDB	H2-T18_CD8A	KEGG: mmu04514					CellChatDB v1
H2-Q9	Cd8a	MHC-I	1.0	Cell-Cell Contact	CellChatDB	H2-Q9_CD8A	KEGG: mmu04514					CellChatDB v1
H2-T26	Cd8a	MHC-I	1.0	Cell-Cell Contact	CellChatDB	H2-T26_CD8A	KEGG: mmu04514					CellChatDB v1
H2-L	Cd8a	MHC-I	1.0	Cell-Cell Contact	CellChatDB	H2-L_CD8A	KEGG: mmu04514					CellChatDB v1
Gm10499	Cd8a	MHC-I	1.0	Cell-Cell Contact	CellChatDB	GM10499_CD8A	KEGG: mmu04514					CellChatDB v1
H2-Q4	Cd8a	MHC-I	1.0	Cell-Cell Contact	CellChatDB	H2-Q4_CD8A	KEGG: mmu04514					CellChatDB v1
H2-T-ps	Cd8a	MHC-I	1.0	Cell-Cell Contact	CellChatDB	H2-T-PS_CD8A	KEGG: mmu04514					CellChatDB v1
H2-T27	Cd8a	MHC-I	1.0	Cell-Cell Contact	CellChatDB	H2-T27_CD8A	KEGG: mmu04514					CellChatDB v1
H2-M5	Cd8a	MHC-I	1.0	Cell-Cell Contact	CellChatDB	H2-M5_CD8A	KEGG: mmu04514					CellChatDB v1
H2-T25	Cd8a	MHC-I	1.0	Cell-Cell Contact	CellChatDB	H2-T25_CD8A	KEGG: mmu04514					CellChatDB v1
H2-M2	Cd8b1	MHC-I	1.0	Cell-Cell Contact	CellChatDB	H2-M2_CD8B1	KEGG: mmu04514					CellChatDB v1
H2-M3	Cd8b1	MHC-I	1.0	Cell-Cell Contact	CellChatDB	H2-M3_CD8B1	KEGG: mmu04514					CellChatDB v1
H2-M9	Cd8b1	MHC-I	1.0	Cell-Cell Contact	CellChatDB	H2-M9_CD8B1	KEGG: mmu04514					CellChatDB v1
H2-Q1	Cd8b1	MHC-I	1.0	Cell-Cell Contact	CellChatDB	H2-Q1_CD8B1	KEGG: mmu04514					CellChatDB v1
H2-Q10	Cd8b1	MHC-I	1.0	Cell-Cell Contact	CellChatDB	H2-Q10_CD8B1	KEGG: mmu04514					CellChatDB v1
H2-Q2	Cd8b1	MHC-I	1.0	Cell-Cell Contact	CellChatDB	H2-Q2_CD8B1	KEGG: mmu04514					CellChatDB v1
H2-Q7	Cd8b1	MHC-I	1.0	Cell-Cell Contact	CellChatDB	H2-Q7_CD8B1	KEGG: mmu04514					CellChatDB v1
H2-Q8	Cd8b1	MHC-I	1.0	Cell-Cell Contact	CellChatDB	H2-Q8_CD8B1	KEGG: mmu04514					CellChatDB v1
H2-T22	Cd8b1	MHC-I	1.0	Cell-Cell Contact	CellChatDB	H2-T22_CD8B1	KEGG: mmu04514					CellChatDB v1
H2-T23	Cd8b1	MHC-I	1.0	Cell-Cell Contact	CellChatDB	H2-T23_CD8B1	KEGG: mmu04514					CellChatDB v1
H2-T24	Cd8b1	MHC-I	1.0	Cell-Cell Contact	CellChatDB	H2-T24_CD8B1	KEGG: mmu04514					CellChatDB v1
H2-T3	Cd8b1	MHC-I	1.0	Cell-Cell Contact	CellChatDB	H2-T3_CD8B1	KEGG: mmu04514					CellChatDB v1
H2-T9	Cd8b1	MHC-I	1.0	Cell-Cell Contact	CellChatDB	H2-T9_CD8B1	KEGG: mmu04514					CellChatDB v1
H2-M10.4	Cd8b1	MHC-I	1.0	Cell-Cell Contact	CellChatDB	H2-M10.4_CD8B1	KEGG: mmu04514					CellChatDB v1
H2-M11	Cd8b1	MHC-I	1.0	Cell-Cell Contact	CellChatDB	H2-M11_CD8B1	KEGG: mmu04514					CellChatDB v1
H2-M1	Cd8b1	MHC-I	1.0	Cell-Cell Contact	CellChatDB	H2-M1_CD8B1	KEGG: mmu04514					CellChatDB v1
H2-M10.5	Cd8b1	MHC-I	1.0	Cell-Cell Contact	CellChatDB	H2-M10.5_CD8B1	KEGG: mmu04514					CellChatDB v1
H2-M10.2	Cd8b1	MHC-I	1.0	Cell-Cell Contact	CellChatDB	H2-M10.2_CD8B1	KEGG: mmu04514					CellChatDB v1
H2-M10.6	Cd8b1	MHC-I	1.0	Cell-Cell Contact	CellChatDB	H2-M10.6_CD8B1	KEGG: mmu04514					CellChatDB v1
H2-T10	Cd8b1	MHC-I	1.0	Cell-Cell Contact	CellChatDB	H2-T10_CD8B1	KEGG: mmu04514					CellChatDB v1
H2-Q6	Cd8b1	MHC-I	1.0	Cell-Cell Contact	CellChatDB	H2-Q6_CD8B1	KEGG: mmu04514					CellChatDB v1
H2-M10.3	Cd8b1	MHC-I	1.0	Cell-Cell Contact	CellChatDB	H2-M10.3_CD8B1	KEGG: mmu04514					CellChatDB v1
H2-Bl	Cd8b1	MHC-I	1.0	Cell-Cell Contact	CellChatDB	H2-BL_CD8B1	KEGG: mmu04514					CellChatDB v1
H2-D1	Cd8b1	MHC-I	1.0	Cell-Cell Contact	CellChatDB	H2-D1_CD8B1	KEGG: mmu04514					CellChatDB v1
H2-K1	Cd8b1	MHC-I	1.0	Cell-Cell Contact	CellChatDB	H2-K1_CD8B1	KEGG: mmu04514					CellChatDB v1
H2-M10.1	Cd8b1	MHC-I	1.0	Cell-Cell Contact	CellChatDB	H2-M10.1_CD8B1	KEGG: mmu04514					CellChatDB v1
H2-T18	Cd8b1	MHC-I	1.0	Cell-Cell Contact	CellChatDB	H2-T18_CD8B1	KEGG: mmu04514					CellChatDB v1
H2-Q9	Cd8b1	MHC-I	1.0	Cell-Cell Contact	CellChatDB	H2-Q9_CD8B1	KEGG: mmu04514					CellChatDB v1
H2-T26	Cd8b1	MHC-I	1.0	Cell-Cell Contact	CellChatDB	H2-T26_CD8B1	KEGG: mmu04514					CellChatDB v1
H2-L	Cd8b1	MHC-I	1.0	Cell-Cell Contact	CellChatDB	H2-L_CD8B1	KEGG: mmu04514					CellChatDB v1
Gm10499	Cd8b1	MHC-I	1.0	Cell-Cell Contact	CellChatDB	GM10499_CD8B1	KEGG: mmu04514					CellChatDB v1
H2-Q4	Cd8b1	MHC-I	1.0	Cell-Cell Contact	CellChatDB	H2-Q4_CD8B1	KEGG: mmu04514					CellChatDB v1
H2-T-ps	Cd8b1	MHC-I	1.0	Cell-Cell Contact	CellChatDB	H2-T-PS_CD8B1	KEGG: mmu04514					CellChatDB v1
H2-T27	Cd8b1	MHC-I	1.0	Cell-Cell Contact	CellChatDB	H2-T27_CD8B1	KEGG: mmu04514					CellChatDB v1
H2-M5	Cd8b1	MHC-I	1.0	Cell-Cell Contact	CellChatDB	H2-M5_CD8B1	KEGG: mmu04514					CellChatDB v1
H2-T25	Cd8b1	MHC-I	1.0	Cell-Cell Contact	CellChatDB	H2-T25_CD8B1	KEGG: mmu04514					CellChatDB v1
H2-D1	Kir3dl1	MHC-I	1.0	Cell-Cell Contact	CellChatDB	H2-D1_KIR3DL1	PMID: 28484462					CellChatDB v1
H2-K1	Kir3dl1	MHC-I	1.0	Cell-Cell Contact	CellChatDB	H2-K1_KIR3DL1	PMID: 28484462					CellChatDB v1
H2-Q1	Kir3dl1	MHC-I	1.0	Cell-Cell Contact	CellChatDB	H2-Q1_KIR3DL1	PMID: 28484462					CellChatDB v1
H2-Q10	Kir3dl1	MHC-I	1.0	Cell-Cell Contact	CellChatDB	H2-Q10_KIR3DL1	PMID: 28484462					CellChatDB v1
H2-Q2	Kir3dl1	MHC-I	1.0	Cell-Cell Contact	CellChatDB	H2-Q2_KIR3DL1	PMID: 28484462					CellChatDB v1
H2-Q4	Kir3dl1	MHC-I	1.0	Cell-Cell Contact	CellChatDB	H2-Q4_KIR3DL1	PMID: 28484462					CellChatDB v1
H2-Q6	Kir3dl1	MHC-I	1.0	Cell-Cell Contact	CellChatDB	H2-Q6_KIR3DL1	PMID: 28484462					CellChatDB v1
H2-Q7	Kir3dl1	MHC-I	1.0	Cell-Cell Contact	CellChatDB	H2-Q7_KIR3DL1	PMID: 28484462					CellChatDB v1
H2-D	Klra	MHC-I	1.0	Cell-Cell Contact	CellChatDB	H2-D_KLRA	PMID: 24223577					CellChatDB v1
H2-K1	Klra	MHC-I	1.0	Cell-Cell Contact	CellChatDB	H2-K1_KLRA	PMID: 24223577					CellChatDB v1
Ulbp1	Klrk1	MHC-I	1.0	Cell-Cell Contact	CellChatDB	ULBP1_KLRK1	PMID: 24223577					CellChatDB v1
Raet1a	Klrk1	MHC-I	1.0	Cell-Cell Contact	CellChatDB	RAET1A_KLRK1	PMID: 24223577					CellChatDB v1
H60a	Klrk1	MHC-I	1.0	Cell-Cell Contact	CellChatDB	H60A_KLRK1	PMID: 24223577					CellChatDB v1
H2-Ea	Cd4	MHC-II	1.0	Cell-Cell Contact	CellChatDB	H2-EA-PS_CD4	KEGG: mmu04514					CellChatDB v1
H2-Aa	Cd4	MHC-II	1.0	Cell-Cell Contact	CellChatDB	H2-AA_CD4	KEGG: mmu04514					CellChatDB v1
H2-Ab1	Cd4	MHC-II	1.0	Cell-Cell Contact	CellChatDB	H2-AB1_CD4	KEGG: mmu04514					CellChatDB v1
H2-Eb1	Cd4	MHC-II	1.0	Cell-Cell Contact	CellChatDB	H2-EB1_CD4	KEGG: mmu04514					CellChatDB v1
H2-DMa	Cd4	MHC-II	1.0	Cell-Cell Contact	CellChatDB	H2-DMA_CD4	KEGG: mmu04514					CellChatDB v1
H2-DMb1	Cd4	MHC-II	1.0	Cell-Cell Contact	CellChatDB	H2-DMB1_CD4	KEGG: mmu04514					CellChatDB v1
H2-DMb2	Cd4	MHC-II	1.0	Cell-Cell Contact	CellChatDB	H2-DMB2_CD4	KEGG: mmu04514					CellChatDB v1
H2-Oa	Cd4	MHC-II	1.0	Cell-Cell Contact	CellChatDB	H2-OA_CD4	KEGG: mmu04514					CellChatDB v1
H2-Ob	Cd4	MHC-II	1.0	Cell-Cell Contact	CellChatDB	H2-OB_CD4	KEGG: mmu04514					CellChatDB v1
Mpz	Mpzl1	MPZ	1.0	Cell-Cell Contact	CellChatDB	MPZ_MPZL1	KEGG: mmu04514					CellChatDB v1
Mpz	Mpz	MPZ	1.0	Cell-Cell Contact	CellChatDB	MPZ_MPZ	KEGG: mmu04514					CellChatDB v1
Mpzl1	Mpzl1	MPZ	1.0	Cell-Cell Contact	CellChatDB	MPZL1_MPZL1	KEGG: mmu04514					CellChatDB v1
Ncam1	Fgfr1	NCAM	1.0	Cell-Cell Contact	CellChatDB	NCAM1_FGFR1	PMID: 12791257					CellChatDB v1
Ncam1	Ncam1	NCAM	1.0	Cell-Cell Contact	CellChatDB	NCAM1_NCAM1	KEGG: mmu04514					CellChatDB v1
Ncam1	Ncam2	NCAM	1.0	Cell-Cell Contact	CellChatDB	NCAM1_NCAM2	KEGG: mmu04514					CellChatDB v1
Ncam1	L1cam	NCAM	1.0	Cell-Cell Contact	CellChatDB	NCAM1_L1CAM	KEGG: mmu04514					CellChatDB v1
Ncam2	L1cam	NCAM	1.0	Cell-Cell Contact	CellChatDB	NCAM2_L1CAM	KEGG: mmu04514					CellChatDB v1
Nectin1	Cadm3	NECTIN	1.0	Cell-Cell Contact	CellChatDB	NECTIN1_CADM3	PMID: 23027581					CellChatDB v1
Nectin1	Cd96	NECTIN	1.0	Cell-Cell Contact	CellChatDB	NECTIN1_CD96	PMID: 23027581					CellChatDB v1
Nectin1	Nectin4	NECTIN	1.0	Cell-Cell Contact	CellChatDB	NECTIN1_NECTIN4	PMID: 23027581					CellChatDB v1
Nectin3	Nectin2	NECTIN	1.0	Cell-Cell Contact	CellChatDB	NECTIN3_NECTIN2	PMID: 23027581					CellChatDB v1
Nectin3	Pvr	NECTIN	1.0	Cell-Cell Contact	CellChatDB	NECTIN3_PVR	PMID: 23027581					CellChatDB v1
Nectin3	Tigit	NECTIN	1.0	Cell-Cell Contact	CellChatDB	NECTIN3_TIGIT	KEGG: mmu04514; PMID: 1313846					CellChatDB v1
Nectin2	Cd226	NECTIN	1.0	Cell-Cell Contact	CellChatDB	NECTIN2_CD226	KEGG: mmu04514					CellChatDB v1
Nectin2	Tigit	NECTIN	1.0	Cell-Cell Contact	CellChatDB	NECTIN2_TIGIT	KEGG: mmu04514					CellChatDB v1
Nectin1	Nectin3	NECTIN	1.0	Cell-Cell Contact	CellChatDB	NECTIN1_NECTIN3	KEGG: mmu04514					CellChatDB v1
Negr1	Negr1	NEGR	1.0	Cell-Cell Contact	CellChatDB	NEGR1_NEGR1	KEGG: mmu04514					CellChatDB v1
Lrrc4c	Ntng1	NGL	1.0	Cell-Cell Contact	CellChatDB	LRRC4C_NTNG1	KEGG: mmu04514					CellChatDB v1
Lrrc4	Ntng2	NGL	1.0	Cell-Cell Contact	CellChatDB	LRRC4_NTNG2	KEGG: mmu04514					CellChatDB v1
Lrrc4b	Ptprf	NGL	1.0	Cell-Cell Contact	CellChatDB	LRRC4B_PTPRF	KEGG: mmu04514					CellChatDB v1
Ulbp1	Klrk1+Hcst	NKG2D	1.0	Cell-Cell Contact	CellChatDB	ULBP1_KLRK1_HCST	PMID: 24223577					CellChatDB v1
Dlk1	Notch1	NOTCH	1.0	Cell-Cell Contact	CellChatDB	DLK1_NOTCH1	PMID: 22353464					CellChatDB v1
Dlk1	Notch2	NOTCH	1.0	Cell-Cell Contact	CellChatDB	DLK1_NOTCH2	PMID: 22353464					CellChatDB v1
Dlk1	Notch3	NOTCH	1.0	Cell-Cell Contact	CellChatDB	DLK1_NOTCH3	PMID: 22353464					CellChatDB v1
Dlk1	Notch4	NOTCH	1.0	Cell-Cell Contact	CellChatDB	DLK1_NOTCH4	PMID: 22353464					CellChatDB v1
Dll1	Notch1	NOTCH	1.0	Cell-Cell Contact	CellChatDB	DLL1_NOTCH1	PMID: 22353464					CellChatDB v1
Dll1	Notch3	NOTCH	1.0	Cell-Cell Contact	CellChatDB	DLL1_NOTCH3	PMID: 22353464					CellChatDB v1
Dll1	Notch4	NOTCH	1.0	Cell-Cell Contact	CellChatDB	DLL1_NOTCH4	PMID: 22353464					CellChatDB v1
Dll3	Notch1	NOTCH	1.0	Cell-Cell Contact	CellChatDB	DLL3_NOTCH1	PMID: 22353464					CellChatDB v1
Dll3	Notch2	NOTCH	1.0	Cell-Cell Contact	CellChatDB	DLL3_NOTCH2	PMID: 22353464					CellChatDB v1
Dll3	Notch3	NOTCH	1.0	Cell-Cell Contact	CellChatDB	DLL3_NOTCH3	PMID: 22353464					CellChatDB v1
Dll3	Notch4	NOTCH	1.0	Cell-Cell Contact	CellChatDB	DLL3_NOTCH4	PMID: 22353464					CellChatDB v1
Dll4	Notch1	NOTCH	1.0	Cell-Cell Contact	CellChatDB	DLL4_NOTCH1	PMID: 22353464					CellChatDB v1
Dll4	Notch2	NOTCH	1.0	Cell-Cell Contact	CellChatDB	DLL4_NOTCH2	PMID: 22353464					CellChatDB v1
Dll4	Notch3	NOTCH	1.0	Cell-Cell Contact	CellChatDB	DLL4_NOTCH3	PMID: 22353464					CellChatDB v1
Dll4	Notch4	NOTCH	1.0	Cell-Cell Contact	CellChatDB	DLL4_NOTCH4	PMID: 22353464					CellChatDB v1
Jag1	Notch1	NOTCH	1.0	Cell-Cell Contact	CellChatDB	JAG1_NOTCH1	PMID: 22353464					CellChatDB v1
Jag1	Notch2	NOTCH	1.0	Cell-Cell Contact	CellChatDB	JAG1_NOTCH2	PMID: 22353464					CellChatDB v1
Jag1	Notch3	NOTCH	1.0	Cell-Cell Contact	CellChatDB	JAG1_NOTCH3	PMID: 22353464					CellChatDB v1
Jag1	Notch4	NOTCH	1.0	Cell-Cell Contact	CellChatDB	JAG1_NOTCH4	PMID: 22353464					CellChatDB v1
Jag2	Notch1	NOTCH	1.0	Cell-Cell Contact	CellChatDB	JAG2_NOTCH1	PMID: 22353464					CellChatDB v1
Jag2	Notch2	NOTCH	1.0	Cell-Cell Contact	CellChatDB	JAG2_NOTCH2	PMID: 22353464					CellChatDB v1
Jag2	Notch3	NOTCH	1.0	Cell-Cell Contact	CellChatDB	JAG2_NOTCH3	PMID: 22353464					CellChatDB v1
Jag2	Notch4	NOTCH	1.0	Cell-Cell Contact	CellChatDB	JAG2_NOTCH4	PMID: 22353464					CellChatDB v1
Dll1	Notch2	NOTCH	1.0	Cell-Cell Contact	CellChatDB	DLL1_NOTCH2	PMID: 22353464					CellChatDB v1
Nrxn1	Nlgn1	NRXN	1.0	Cell-Cell Contact	CellChatDB	NRXN1_NLGN1	KEGG: mmu04514					CellChatDB v1
Nrxn1	Nlgn2	NRXN	1.0	Cell-Cell Contact	CellChatDB	NRXN1_NLGN2	KEGG: mmu04514					CellChatDB v1
Nrxn1	Nlgn3	NRXN	1.0	Cell-Cell Contact	CellChatDB	NRXN1_NLGN3	KEGG: mmu04514					CellChatDB v1
Nrxn2	Nlgn1	NRXN	1.0	Cell-Cell Contact	CellChatDB	NRXN2_NLGN1	KEGG: mmu04514					CellChatDB v1
Nrxn2	Nlgn2	NRXN	1.0	Cell-Cell Contact	CellChatDB	NRXN2_NLGN2	KEGG: mmu04514					CellChatDB v1
Nrxn2	Nlgn3	NRXN	1.0	Cell-Cell Contact	CellChatDB	NRXN2_NLGN3	KEGG: mmu04514					CellChatDB v1
Nrxn3	Nlgn1	NRXN	1.0	Cell-Cell Contact	CellChatDB	NRXN3_NLGN1	KEGG: mmu04514					CellChatDB v1
Nrxn3	Nlgn2	NRXN	1.0	Cell-Cell Contact	CellChatDB	NRXN3_NLGN2	KEGG: mmu04514					CellChatDB v1
Nrxn3	Nlgn3	NRXN	1.0	Cell-Cell Contact	CellChatDB	NRXN3_NLGN3	KEGG: mmu04514					CellChatDB v1
Ocln	Ocln	OCLN	1.0	Cell-Cell Contact	CellChatDB	OCLN_OCLN	KEGG: mmu04514					CellChatDB v1
Cd274	Pdcd1	PD-L1	1.0	Cell-Cell Contact	CellChatDB	CD274_PDCD1	PMID: 23954143					CellChatDB v1
Pdcd1lg2	Pdcd1	PDL2	1.0	Cell-Cell Contact	CellChatDB	PDCD1LG2_PDCD1	PMID: 23954143					CellChatDB v1
Pecam1	Pecam1	PECAM1	1.0	Cell-Cell Contact	CellChatDB	PECAM1_PECAM1	KEGG: mmu04514					CellChatDB v1
Ptprm	Ptprm	PTPRM	1.0	Cell-Cell Contact	CellChatDB	PTPRM_PTPRM	KEGG: mmu04514					CellChatDB v1
Pvr	Cd226	PVR	1.0	Cell-Cell Contact	CellChatDB	PVR_CD226	KEGG: mmu04514					CellChatDB v1
Pvr	Tigit	PVR	1.0	Cell-Cell Contact	CellChatDB	PVR_TIGIT	KEGG: mmu04514					CellChatDB v1
Sele	Cd44	SELE	1.0	Cell-Cell Contact	CellChatDB	SELE_CD44	PMC4571854					CellChatDB v1
Sele	Glg1	SELE	1.0	Cell-Cell Contact	CellChatDB	SELE_GLG1	PMID: 11404363					CellChatDB v1
Sell	Cd34	SELL	1.0	Cell-Cell Contact	CellChatDB	SELL_CD34	PMID: 7692600; PMID: 8977216					CellChatDB v1
Sell	Podxl	SELL	1.0	Cell-Cell Contact	CellChatDB	SELL_PODXL	PMID: 22814396					CellChatDB v1
Sell	Glycam1	SELL	1.0	Cell-Cell Contact	CellChatDB	SELL_GLYCAM1	KEGG: mmu04514					CellChatDB v1
Sell	Madcam1	SELL	1.0	Cell-Cell Contact	CellChatDB	SELL_MADCAM1	KEGG: mmu04514					CellChatDB v1
Selplg	Sele	SELPLG	1.0	Cell-Cell Contact	CellChatDB	SELPLG_SELE	PMC4571854					CellChatDB v1
Selplg	Sell	SELPLG	1.0	Cell-Cell Contact	CellChatDB	SELPLG_SELL	PMC2431087; PMID:  8892633,PMID:  8896607					CellChatDB v1
Selplg	Selp	SELPLG	1.0	Cell-Cell Contact	CellChatDB	SELPLG_SELP	PMID: 19118202; PMID: 9829984					CellChatDB v1
Sema4a	Nrp1+Plxna1	SEMA4	1.0	Cell-Cell Contact	CellChatDB	SEMA4A_NRP1_PLXNA1	PMID: 27533782					CellChatDB v1
Sema4a	Nrp1+Plxna2	SEMA4	1.0	Cell-Cell Contact	CellChatDB	SEMA4A_NRP1_PLXNA2	PMID: 27533782					CellChatDB v1
Sema4a	Nrp1+Plxna3	SEMA4	1.0	Cell-Cell Contact	CellChatDB	SEMA4A_NRP1_PLXNA3	PMID: 27533782					CellChatDB v1
Sema4a	Nrp1+Plxna4	SEMA4	1.0	Cell-Cell Contact	CellChatDB	SEMA4A_NRP1_PLXNA4	PMID: 27533782					CellChatDB v1
Sema4a	Plxnb1	SEMA4	1.0	Cell-Cell Contact	CellChatDB	SEMA4A_PLXNB1	PMID: 27533782					CellChatDB v1
Sema4a	Plxnb2	SEMA4	1.0	Cell-Cell Contact	CellChatDB	SEMA4A_PLXNB2	PMID: 27533782					CellChatDB v1
Sema4a	Plxnb3	SEMA4	1.0	Cell-Cell Contact	CellChatDB	SEMA4A_PLXNB3	PMID: 27533782					CellChatDB v1
Sema4d	Plxnb1	SEMA4	1.0	Cell-Cell Contact	CellChatDB	SEMA4D_PLXNB1	PMID: 27533782					CellChatDB v1
Sema4d	Plxnb2	SEMA4	1.0	Cell-Cell Contact	CellChatDB	SEMA4D_PLXNB2	PMID: 27533782					CellChatDB v1
Sema4d	Plxnb3	SEMA4	1.0	Cell-Cell Contact	CellChatDB	SEMA4D_PLXNB3	PMID: 27533782					CellChatDB v1
Sema4c	Plxnb2	SEMA4	1.0	Cell-Cell Contact	CellChatDB	SEMA4C_PLXNB2	PMID: 27533782					CellChatDB v1
Sema4g	Plxnb2	SEMA4	1.0	Cell-Cell Contact	CellChatDB	SEMA4G_PLXNB2	PMID: 27533782					CellChatDB v1
Sema4a	Timd2	SEMA4	1.0	Cell-Cell Contact	CellChatDB	SEMA4A_TIMD2	PMID: 22325954					CellChatDB v1
Sema4d	Cd72	SEMA4	1.0	Cell-Cell Contact	CellChatDB	SEMA4D_CD72	PMID: 22325954					CellChatDB v1
Sema5a	Plxna1	SEMA5	1.0	Cell-Cell Contact	CellChatDB	SEMA5A_PLXNA1	PMID: 27533782					CellChatDB v1
Sema5b	Plxna1	SEMA5	1.0	Cell-Cell Contact	CellChatDB	SEMA5B_PLXNA1	PMID: 27533782					CellChatDB v1
Sema5a	Plxna3	SEMA5	1.0	Cell-Cell Contact	CellChatDB	SEMA5A_PLXNA3	PMID: 27533782					CellChatDB v1
Sema5b	Plxna3	SEMA5	1.0	Cell-Cell Contact	CellChatDB	SEMA5B_PLXNA3	PMID: 27533782					CellChatDB v1
Sema5a	Plxnb3	SEMA5	1.0	Cell-Cell Contact	CellChatDB	SEMA5A_PLXNB3	PMID: 27533782					CellChatDB v1
Sema6d	Plxna1+Kdr	SEMA6	1.0	Cell-Cell Contact	CellChatDB	SEMA6D_PLXNA1_KDR	PMID: 22325954					CellChatDB v1
Sema6d	Plxna1+Trem2+Tyrobp	SEMA6	1.0	Cell-Cell Contact	CellChatDB	SEMA6D_PLXNA1_TREM2	PMID: 22325954					CellChatDB v1
Sema6d	Plxna1	SEMA6	1.0	Cell-Cell Contact	CellChatDB	SEMA6D_PLXNA1	PMID: 27533782					CellChatDB v1
Sema6a	Plxna2	SEMA6	1.0	Cell-Cell Contact	CellChatDB	SEMA6A_PLXNA2	PMID: 27533782					CellChatDB v1
Sema6b	Plxna2	SEMA6	1.0	Cell-Cell Contact	CellChatDB	SEMA6B_PLXNA2	PMID: 27533782					CellChatDB v1
Sema6a	Plxna4	SEMA6	1.0	Cell-Cell Contact	CellChatDB	SEMA6A_PLXNA4	PMID: 27533782					CellChatDB v1
Sema6b	Plxna4	SEMA6	1.0	Cell-Cell Contact	CellChatDB	SEMA6B_PLXNA4	PMID: 27533782					CellChatDB v1
Sema7a	Itgb1+Itga1	SEMA7	1.0	Cell-Cell Contact	CellChatDB	SEMA7A_ITGB1_ITGA1	PMID: 22325954					CellChatDB v1
Sema7a	Plxnc1	SEMA7	1.0	Cell-Cell Contact	CellChatDB	SEMA7A_PLXNC1	PMID: 27533782					CellChatDB v1
Siglec1	Spn	SN	1.0	Cell-Cell Contact	CellChatDB	SIGLEC1_SPN	KEGG: mmu04514; PMID: 11238599					CellChatDB v1
Thy1	Itgam+Itgb2	THY1	1.0	Cell-Cell Contact	CellChatDB	THY1_ITGAM_ITGB2	PMID: 15850796					CellChatDB v1
Thy1	Itgax+Itgb2	THY1	1.0	Cell-Cell Contact	CellChatDB	THY1_ITGAX_ITGB2	PMID: 15850796					CellChatDB v1
Thy1	Itgav+Itgb3	THY1	1.0	Cell-Cell Contact	CellChatDB	THY1_ITGAV_ITGB3	PMID: 29212879; PMID: 18346467					CellChatDB v1
Itga4+Itgb1	Vcam1	VCAM	1.0	Cell-Cell Contact	CellChatDB	ITGA4_ITGB1_VCAM1	KEGG: mmu04514					CellChatDB v1
Itga9+Itgb1	Vcam1	VCAM	1.0	Cell-Cell Contact	CellChatDB	ITGA9_ITGB1_VCAM1	KEGG: mmu04514					CellChatDB v1
Itga4+Itgb7	Vcam1	VCAM	1.0	Cell-Cell Contact	CellChatDB	ITGA4_ITGB7_VCAM1	KEGG: mmu04514					CellChatDB v1
Vsir	Igsf11	VISTA	1.0	Cell-Cell Contact	CellChatDB	VSIR_IGSF11	KEGG: mmu04514					CellChatDB v1
Cdh3	Cdh3	CDH	1.0	Cell-Cell Contact	CellChatDB	CDH3_CDH3	KEGG: hsa04514					CellChatDB v2
Cdh12	Itga1+Itgb1	CDH	1.0	Cell-Cell Contact	CellChatDB	CDH12_ITGA1_ITGB1	PMID: 34385456					CellChatDB v2
Dsc1	Dsg3	DESMOSOME	1.0	Cell-Cell Contact	CellChatDB	DSC1_DSG3	PMID: 27298358					CellChatDB v2
Dsc1	Dsg4	DESMOSOME	1.0	Cell-Cell Contact	CellChatDB	DSC1_DSG4	PMID: 27298358					CellChatDB v2
Dsc2	Dsg3	DESMOSOME	1.0	Cell-Cell Contact	CellChatDB	DSC2_DSG3	PMID: 27298358					CellChatDB v2
Dsc2	Dsg4	DESMOSOME	1.0	Cell-Cell Contact	CellChatDB	DSC2_DSG4	PMID: 27298358					CellChatDB v2
Dsc3	Dsg3	DESMOSOME	1.0	Cell-Cell Contact	CellChatDB	DSC3_DSG3	PMID: 27298358					CellChatDB v2
Dsc3	Dsg4	DESMOSOME	1.0	Cell-Cell Contact	CellChatDB	DSC3_DSG4	PMID: 27298358					CellChatDB v2
Gja5	Gja5	GAP	1.0	Cell-Cell Contact	CellChatDB	GJA5_GJA5	PMID: 32532966;PMID: 15094344					CellChatDB v2
Gja1	Gja5	GAP	1.0	Cell-Cell Contact	CellChatDB	GJA1_GJA5	PMID: 32532966;PMID: 15094344					CellChatDB v2
Gja6	Gja5	GAP	1.0	Cell-Cell Contact	CellChatDB	GJA6_GJA5	PMID: 32532966;PMID: 15094344					CellChatDB v2
Gjc1	Gja5	GAP	1.0	Cell-Cell Contact	CellChatDB	GJC1_GJA5	PMID: 32532966;PMID: 15094344					CellChatDB v2
Gja3	Gja5	GAP	1.0	Cell-Cell Contact	CellChatDB	GJA3_GJA5	PMID: 32532966;PMID: 15094344					CellChatDB v2
Gja1	Gja1	GAP	1.0	Cell-Cell Contact	CellChatDB	GJA1_GJA1	PMID: 32532966;PMID: 15094344					CellChatDB v2
Gja1	Gja6	GAP	1.0	Cell-Cell Contact	CellChatDB	GJA1_GJA6	PMID: 32532966;PMID: 15094344					CellChatDB v2
Gja6	Gja6	GAP	1.0	Cell-Cell Contact	CellChatDB	GJA6_GJA6	PMID: 32532966;PMID: 15094344					CellChatDB v2
Gjc1	Gja1	GAP	1.0	Cell-Cell Contact	CellChatDB	GJC1_GJA1	PMID: 32532966;PMID: 15094344					CellChatDB v2
Gjc1	Gja6	GAP	1.0	Cell-Cell Contact	CellChatDB	GJC1_GJA6	PMID: 32532966;PMID: 15094344					CellChatDB v2
Gja3	Gja1	GAP	1.0	Cell-Cell Contact	CellChatDB	GJA3_GJA1	PMID: 32532966;PMID: 15094344					CellChatDB v2
Gja3	Gja6	GAP	1.0	Cell-Cell Contact	CellChatDB	GJA3_GJA6	PMID: 32532966;PMID: 15094344					CellChatDB v2
Gjc1	Gjc1	GAP	1.0	Cell-Cell Contact	CellChatDB	GJC1_GJC1	PMID: 32532966;PMID: 15094344					CellChatDB v2
Gja3	Gjc1	GAP	1.0	Cell-Cell Contact	CellChatDB	GJA3_GJC1	PMID: 32532966;PMID: 15094344					CellChatDB v2
Gja3	Gja3	GAP	1.0	Cell-Cell Contact	CellChatDB	GJA3_GJA3	PMID: 32532966;PMID: 15094344					CellChatDB v2
Cldn1	Cldn1	CLDN	1.0	Cell-Cell Contact	CellChatDB	CLDN1_CLDN1	PMID: 31942240					CellChatDB v2
Cldn2	Cldn2	CLDN	1.0	Cell-Cell Contact	CellChatDB	CLDN2_CLDN2	PMID: 31942240					CellChatDB v2
Cldn3	Cldn3	CLDN	1.0	Cell-Cell Contact	CellChatDB	CLDN3_CLDN3	PMID: 31942240					CellChatDB v2
Pcdha9	Pcdha9	PCDH	1.0	Cell-Cell Contact	CellChatDB	PCDHA9_PCDHA9	PMID: 35253643; PMID: 32694982					CellChatDB v2
Pcdha11	Pcdha11	PCDH	1.0	Cell-Cell Contact	CellChatDB	PCDHA11_PCDHA11	PMID: 35253643; PMID: 32694982					CellChatDB v2
Pcdha10	Pcdha10	PCDH	1.0	Cell-Cell Contact	CellChatDB	PCDHA10_PCDHA10	PMID: 35253643; PMID: 32694982					CellChatDB v2
Pcdha12	Pcdha12	PCDH	1.0	Cell-Cell Contact	CellChatDB	PCDHA12_PCDHA12	PMID: 35253643; PMID: 32694982					CellChatDB v2
Pcdha1	Pcdha1	PCDH	1.0	Cell-Cell Contact	CellChatDB	PCDHA1_PCDHA1	PMID: 35253643; PMID: 32694982					CellChatDB v2
Pcdha2	Pcdha2	PCDH	1.0	Cell-Cell Contact	CellChatDB	PCDHA2_PCDHA2	PMID: 35253643; PMID: 32694982					CellChatDB v2
Pcdha3	Pcdha3	PCDH	1.0	Cell-Cell Contact	CellChatDB	PCDHA3_PCDHA3	PMID: 35253643; PMID: 32694982					CellChatDB v2
Pcdha4b	Pcdha4b	PCDH	1.0	Cell-Cell Contact	CellChatDB	PCDHA4B_PCDHA4B	PMID: 35253643; PMID: 32694982					CellChatDB v2
Pcdha4b	Pcdha4	PCDH	1.0	Cell-Cell Contact	CellChatDB	PCDHA4B_PCDHA4	PMID: 35253643; PMID: 32694982					CellChatDB v2
Pcdha4	Pcdha4	PCDH	1.0	Cell-Cell Contact	CellChatDB	PCDHA4_PCDHA4	PMID: 35253643; PMID: 32694982					CellChatDB v2
Pcdha5	Pcdha5	PCDH	1.0	Cell-Cell Contact	CellChatDB	PCDHA5_PCDHA5	PMID: 35253643; PMID: 32694982					CellChatDB v2
Pcdha6	Pcdha6	PCDH	1.0	Cell-Cell Contact	CellChatDB	PCDHA6_PCDHA6	PMID: 35253643; PMID: 32694982					CellChatDB v2
Pcdha7	Pcdha7	PCDH	1.0	Cell-Cell Contact	CellChatDB	PCDHA7_PCDHA7	PMID: 35253643; PMID: 32694982					CellChatDB v2
Pcdha8	Pcdha8	PCDH	1.0	Cell-Cell Contact	CellChatDB	PCDHA8_PCDHA8	PMID: 35253643; PMID: 32694982					CellChatDB v2
Pcdhac1	Pcdhac1	PCDH	1.0	Cell-Cell Contact	CellChatDB	PCDHAC1_PCDHAC1	PMID: 35253643; PMID: 32694982					CellChatDB v2
Pcdhac2	Pcdhac2	PCDH	1.0	Cell-Cell Contact	CellChatDB	PCDHAC2_PCDHAC2	PMID: 35253643; PMID: 32694982					CellChatDB v2
Pcdhb1	Pcdhb1	PCDH	1.0	Cell-Cell Contact	CellChatDB	PCDHB1_PCDHB1	PMID: 35253643; PMID: 32694982					CellChatDB v2
Pcdhb18	Pcdhb18	PCDH	1.0	Cell-Cell Contact	CellChatDB	PCDHB18_PCDHB18	PMID: 35253643; PMID: 32694982					CellChatDB v2
Pcdhb19	Pcdhb19	PCDH	1.0	Cell-Cell Contact	CellChatDB	PCDHB19_PCDHB19	PMID: 35253643; PMID: 32694982					CellChatDB v2
Pcdhb19	Pcdhb21	PCDH	1.0	Cell-Cell Contact	CellChatDB	PCDHB19_PCDHB21	PMID: 35253643; PMID: 32694982					CellChatDB v2
Pcdhb21	Pcdhb21	PCDH	1.0	Cell-Cell Contact	CellChatDB	PCDHB21_PCDHB21	PMID: 35253643; PMID: 32694982					CellChatDB v2
Pcdhb16	Pcdhb16	PCDH	1.0	Cell-Cell Contact	CellChatDB	PCDHB16_PCDHB16	PMID: 35253643; PMID: 32694982					CellChatDB v2
Pcdhb20	Pcdhb20	PCDH	1.0	Cell-Cell Contact	CellChatDB	PCDHB20_PCDHB20	PMID: 35253643; PMID: 32694982					CellChatDB v2
Pcdhb22	Pcdhb22	PCDH	1.0	Cell-Cell Contact	CellChatDB	PCDHB22_PCDHB22	PMID: 35253643; PMID: 32694982					CellChatDB v2
Pcdhb17	Pcdhb17	PCDH	1.0	Cell-Cell Contact	CellChatDB	PCDHB17_PCDHB17	PMID: 35253643; PMID: 32694982					CellChatDB v2
Pcdhb2	Pcdhb2	PCDH	1.0	Cell-Cell Contact	CellChatDB	PCDHB2_PCDHB2	PMID: 35253643; PMID: 32694982					CellChatDB v2
Pcdhb3	Pcdhb3	PCDH	1.0	Cell-Cell Contact	CellChatDB	PCDHB3_PCDHB3	PMID: 35253643; PMID: 32694982					CellChatDB v2
Pcdhb7	Pcdhb7	PCDH	1.0	Cell-Cell Contact	CellChatDB	PCDHB7_PCDHB7	PMID: 35253643; PMID: 32694982					CellChatDB v2
Pcdhb7	Pcdhb5	PCDH	1.0	Cell-Cell Contact	CellChatDB	PCDHB7_PCDHB5	PMID: 35253643; PMID: 32694982					CellChatDB v2
Pcdhb7	Pcdhb9	PCDH	1.0	Cell-Cell Contact	CellChatDB	PCDHB7_PCDHB9	PMID: 35253643; PMID: 32694982					CellChatDB v2
Pcdhb5	Pcdhb5	PCDH	1.0	Cell-Cell Contact	CellChatDB	PCDHB5_PCDHB5	PMID: 35253643; PMID: 32694982					CellChatDB v2
Pcdhb5	Pcdhb9	PCDH	1.0	Cell-Cell Contact	CellChatDB	PCDHB5_PCDHB9	PMID: 35253643; PMID: 32694982					CellChatDB v2
Pcdhb9	Pcdhb9	PCDH	1.0	Cell-Cell Contact	CellChatDB	PCDHB9_PCDHB9	PMID: 35253643; PMID: 32694982					CellChatDB v2
Pcdhb4	Pcdhb4	PCDH	1.0	Cell-Cell Contact	CellChatDB	PCDHB4_PCDHB4	PMID: 35253643; PMID: 32694982					CellChatDB v2
Pcdhb4	Pcdhb12	PCDH	1.0	Cell-Cell Contact	CellChatDB	PCDHB4_PCDHB12	PMID: 35253643; PMID: 32694982					CellChatDB v2
Pcdhb4	Pcdhb10	PCDH	1.0	Cell-Cell Contact	CellChatDB	PCDHB4_PCDHB10	PMID: 35253643; PMID: 32694982					CellChatDB v2
Pcdhb4	Pcdhb11	PCDH	1.0	Cell-Cell Contact	CellChatDB	PCDHB4_PCDHB11	PMID: 35253643; PMID: 32694982					CellChatDB v2
Pcdhb4	Pcdhb8	PCDH	1.0	Cell-Cell Contact	CellChatDB	PCDHB4_PCDHB8	PMID: 35253643; PMID: 32694982					CellChatDB v2
Pcdhb4	Pcdhb6	PCDH	1.0	Cell-Cell Contact	CellChatDB	PCDHB4_PCDHB6	PMID: 35253643; PMID: 32694982					CellChatDB v2
Pcdhb12	Pcdhb12	PCDH	1.0	Cell-Cell Contact	CellChatDB	PCDHB12_PCDHB12	PMID: 35253643; PMID: 32694982					CellChatDB v2
Pcdhb12	Pcdhb10	PCDH	1.0	Cell-Cell Contact	CellChatDB	PCDHB12_PCDHB10	PMID: 35253643; PMID: 32694982					CellChatDB v2
Pcdhb12	Pcdhb11	PCDH	1.0	Cell-Cell Contact	CellChatDB	PCDHB12_PCDHB11	PMID: 35253643; PMID: 32694982					CellChatDB v2
Pcdhb12	Pcdhb8	PCDH	1.0	Cell-Cell Contact	CellChatDB	PCDHB12_PCDHB8	PMID: 35253643; PMID: 32694982					CellChatDB v2
Pcdhb12	Pcdhb6	PCDH	1.0	Cell-Cell Contact	CellChatDB	PCDHB12_PCDHB6	PMID: 35253643; PMID: 32694982					CellChatDB v2
Pcdhb10	Pcdhb10	PCDH	1.0	Cell-Cell Contact	CellChatDB	PCDHB10_PCDHB10	PMID: 35253643; PMID: 32694982					CellChatDB v2
Pcdhb10	Pcdhb11	PCDH	1.0	Cell-Cell Contact	CellChatDB	PCDHB10_PCDHB11	PMID: 35253643; PMID: 32694982					CellChatDB v2
Pcdhb10	Pcdhb8	PCDH	1.0	Cell-Cell Contact	CellChatDB	PCDHB10_PCDHB8	PMID: 35253643; PMID: 32694982					CellChatDB v2
Pcdhb10	Pcdhb6	PCDH	1.0	Cell-Cell Contact	CellChatDB	PCDHB10_PCDHB6	PMID: 35253643; PMID: 32694982					CellChatDB v2
Pcdhb11	Pcdhb11	PCDH	1.0	Cell-Cell Contact	CellChatDB	PCDHB11_PCDHB11	PMID: 35253643; PMID: 32694982					CellChatDB v2
Pcdhb11	Pcdhb8	PCDH	1.0	Cell-Cell Contact	CellChatDB	PCDHB11_PCDHB8	PMID: 35253643; PMID: 32694982					CellChatDB v2
Pcdhb11	Pcdhb6	PCDH	1.0	Cell-Cell Contact	CellChatDB	PCDHB11_PCDHB6	PMID: 35253643; PMID: 32694982					CellChatDB v2
Pcdhb8	Pcdhb8	PCDH	1.0	Cell-Cell Contact	CellChatDB	PCDHB8_PCDHB8	PMID: 35253643; PMID: 32694982					CellChatDB v2
Pcdhb8	Pcdhb6	PCDH	1.0	Cell-Cell Contact	CellChatDB	PCDHB8_PCDHB6	PMID: 35253643; PMID: 32694982					CellChatDB v2
Pcdhb6	Pcdhb6	PCDH	1.0	Cell-Cell Contact	CellChatDB	PCDHB6_PCDHB6	PMID: 35253643; PMID: 32694982					CellChatDB v2
Pcdhb13	Pcdhb13	PCDH	1.0	Cell-Cell Contact	CellChatDB	PCDHB13_PCDHB13	PMID: 35253643; PMID: 32694982					CellChatDB v2
Pcdhb15	Pcdhb15	PCDH	1.0	Cell-Cell Contact	CellChatDB	PCDHB15_PCDHB15	PMID: 35253643; PMID: 32694982					CellChatDB v2
Pcdhga1	Pcdhga1	PCDH	1.0	Cell-Cell Contact	CellChatDB	PCDHGA1_PCDHGA1	PMID: 35253643; PMID: 32694982					CellChatDB v2
Pcdhga10	Pcdhga10	PCDH	1.0	Cell-Cell Contact	CellChatDB	PCDHGA10_PCDHGA10	PMID: 35253643; PMID: 32694982					CellChatDB v2
Pcdhga11	Pcdhga11	PCDH	1.0	Cell-Cell Contact	CellChatDB	PCDHGA11_PCDHGA11	PMID: 35253643; PMID: 32694982					CellChatDB v2
Pcdhga12	Pcdhga12	PCDH	1.0	Cell-Cell Contact	CellChatDB	PCDHGA12_PCDHGA12	PMID: 35253643; PMID: 32694982					CellChatDB v2
Pcdhga2	Pcdhga2	PCDH	1.0	Cell-Cell Contact	CellChatDB	PCDHGA2_PCDHGA2	PMID: 35253643; PMID: 32694982					CellChatDB v2
Pcdhga3	Pcdhga3	PCDH	1.0	Cell-Cell Contact	CellChatDB	PCDHGA3_PCDHGA3	PMID: 35253643; PMID: 32694982					CellChatDB v2
Pcdhga4	Pcdhga4	PCDH	1.0	Cell-Cell Contact	CellChatDB	PCDHGA4_PCDHGA4	PMID: 35253643; PMID: 32694982					CellChatDB v2
Pcdhga5	Pcdhga5	PCDH	1.0	Cell-Cell Contact	CellChatDB	PCDHGA5_PCDHGA5	PMID: 35253643; PMID: 32694982					CellChatDB v2
Pcdhga6	Pcdhga6	PCDH	1.0	Cell-Cell Contact	CellChatDB	PCDHGA6_PCDHGA6	PMID: 35253643; PMID: 32694982					CellChatDB v2
Pcdhga7	Pcdhga7	PCDH	1.0	Cell-Cell Contact	CellChatDB	PCDHGA7_PCDHGA7	PMID: 35253643; PMID: 32694982					CellChatDB v2
Pcdhga8	Pcdhga8	PCDH	1.0	Cell-Cell Contact	CellChatDB	PCDHGA8_PCDHGA8	PMID: 35253643; PMID: 32694982					CellChatDB v2
Pcdhga9	Pcdhga9	PCDH	1.0	Cell-Cell Contact	CellChatDB	PCDHGA9_PCDHGA9	PMID: 35253643; PMID: 32694982					CellChatDB v2
Pcdhgb1	Pcdhgb1	PCDH	1.0	Cell-Cell Contact	CellChatDB	PCDHGB1_PCDHGB1	PMID: 35253643; PMID: 32694982					CellChatDB v2
Pcdhgb2	Pcdhgb2	PCDH	1.0	Cell-Cell Contact	CellChatDB	PCDHGB2_PCDHGB2	PMID: 35253643; PMID: 32694982					CellChatDB v2
Pcdhgb8	Pcdhgb8	PCDH	1.0	Cell-Cell Contact	CellChatDB	PCDHGB8_PCDHGB8	PMID: 35253643; PMID: 32694982					CellChatDB v2
Pcdhgb4	Pcdhgb4	PCDH	1.0	Cell-Cell Contact	CellChatDB	PCDHGB4_PCDHGB4	PMID: 35253643; PMID: 32694982					CellChatDB v2
Pcdhgb5	Pcdhgb5	PCDH	1.0	Cell-Cell Contact	CellChatDB	PCDHGB5_PCDHGB5	PMID: 35253643; PMID: 32694982					CellChatDB v2
Pcdhgb6	Pcdhgb6	PCDH	1.0	Cell-Cell Contact	CellChatDB	PCDHGB6_PCDHGB6	PMID: 35253643; PMID: 32694982					CellChatDB v2
Pcdhgb7	Pcdhgb7	PCDH	1.0	Cell-Cell Contact	CellChatDB	PCDHGB7_PCDHGB7	PMID: 35253643; PMID: 32694982					CellChatDB v2
Pcdhgc3	Pcdhgc3	PCDH	1.0	Cell-Cell Contact	CellChatDB	PCDHGC3_PCDHGC3	PMID: 35253643; PMID: 32694982					CellChatDB v2
Pcdhgc4	Pcdhgc4	PCDH	1.0	Cell-Cell Contact	CellChatDB	PCDHGC4_PCDHGC4	PMID: 35253643; PMID: 32694982					CellChatDB v2
Pcdhgc5	Pcdhgc5	PCDH	1.0	Cell-Cell Contact	CellChatDB	PCDHGC5_PCDHGC5	PMID: 35253643; PMID: 32694982					CellChatDB v2
Klk6	F2r	KLK	1.0	Secreted Signaling	CellChatDB	KLK6_F2R	PMID: 35102281					CellChatDB v2
Klk6	F2rl1	KLK	1.0	Secreted Signaling	CellChatDB	KLK6_F2RL1	PMID: 35102281					CellChatDB v2
Klk5	F2rl1	KLK	1.0	Secreted Signaling	CellChatDB	KLK5_F2RL1	PMID: 35102281;PMID: 33543017					CellChatDB v2
Klk4	F2r	KLK	1.0	Secreted Signaling	CellChatDB	KLK4_F2R	PMID: 35102281					CellChatDB v2
Klk1	F2r	KLK	1.0	Secreted Signaling	CellChatDB	KLK1_F2R	PMID: 35102281;PMID: 33543017					CellChatDB v2
Klk14	F2r	KLK	1.0	Secreted Signaling	CellChatDB	KLK14_F2R	PMID: 35102281					CellChatDB v2
Klk4	F2rl1	KLK	1.0	Secreted Signaling	CellChatDB	KLK4_F2RL1	PMID: 35102281					CellChatDB v2
Klk14	F2rl1	KLK	1.0	Secreted Signaling	CellChatDB	KLK14_F2RL1	PMID: 35102281					CellChatDB v2
Klk7	F2rl1	KLK	1.0	Secreted Signaling	CellChatDB	KLK7_F2RL1	PMID: 33543017					CellChatDB v2
Klk8	F2r	KLK	1.0	Secreted Signaling	CellChatDB	KLK8_F2R	PMID: 34552064					CellChatDB v2
Adm	Calcr+Ramp1	ADM	1.0	Secreted Signaling	CellChatDB	ADM_CALCR_RAMP1	PMID: 33462236					CellChatDB v2
Adm	Calcr+Ramp2	ADM	1.0	Secreted Signaling	CellChatDB	ADM_CALCR_RAMP2	PMID: 33462236					CellChatDB v2
Adm	Calcr+Ramp3	ADM	1.0	Secreted Signaling	CellChatDB	ADM_CALCR_RAMP3	PMID: 33462236					CellChatDB v2
Calca	Calcr+Ramp1	CALC	1.0	Secreted Signaling	CellChatDB	CALCA_CALCR_RAMP1	PMID: 30741933;PMID: 18599553					CellChatDB v2
Calca	Calcr+Ramp2	CALC	1.0	Secreted Signaling	CellChatDB	CALCA_CALCR_RAMP2	PMID: 30741933;PMID: 18599553					CellChatDB v2
Calca	Calcr+Ramp3	CALC	1.0	Secreted Signaling	CellChatDB	CALCA_CALCR_RAMP3	PMID: 30741933;PMID: 18599553					CellChatDB v2
Calcb	Calcr+Ramp1	CALC	1.0	Secreted Signaling	CellChatDB	CALCB_CALCR_RAMP1	PMID: 30741933;PMID: 18599553					CellChatDB v2
Calcb	Calcr+Ramp2	CALC	1.0	Secreted Signaling	CellChatDB	CALCB_CALCR_RAMP2	PMID: 30741933;PMID: 18599553					CellChatDB v2
Calcb	Calcr+Ramp3	CALC	1.0	Secreted Signaling	CellChatDB	CALCB_CALCR_RAMP3	PMID: 30741933;PMID: 18599553					CellChatDB v2
Iapp	Calcr+Ramp1	IAPP	1.0	Secreted Signaling	CellChatDB	IAPP_CALCR_RAMP1	PMID: 28149534					CellChatDB v2
Iapp	Calcr+Ramp2	IAPP	1.0	Secreted Signaling	CellChatDB	IAPP_CALCR_RAMP2	PMID: 28149534					CellChatDB v2
Iapp	Calcr+Ramp3	IAPP	1.0	Secreted Signaling	CellChatDB	IAPP_CALCR_RAMP3	PMID: 28149534					CellChatDB v2
Proc	Procr+Hsp90aa1	PROCR	1.0	Secreted Signaling	CellChatDB	PROC_PROCR_HSP90AA1	PMID: 35320720					CellChatDB v2
Proc	Procr+F2r	PROCR	1.0	Secreted Signaling	CellChatDB	PROC_PROCR_F2R	PMID: 29217770					CellChatDB v2
Vtn	Plaur	VTN	1.0	ECM-Receptor	CellChatDB	VTN_PLAUR	PMID: 29222114					CellChatDB v2
Tph1+Slc18a1	Htr3a+Htr3b	5-HT	1.0	Non-protein Signaling	CellChatDB	5-HT-TPH1_SLC18A1_HTR3_COMPLEX	PMID: 23328530					CellChatDB v2
Tph1+Slc18a2	Htr3a+Htr3b	5-HT	1.0	Non-protein Signaling	CellChatDB	5-HT-TPH1_SLC18A2_HTR3_COMPLEX	PMID: 23328530					CellChatDB v2
Tph1+Slc6a4	Htr3a+Htr3b	5-HT	1.0	Non-protein Signaling	CellChatDB	5-HT-TPH1_SLC6A4_HTR3_COMPLEX	PMID: 23328530					CellChatDB v2
Tph2+Slc18a1	Htr3a+Htr3b	5-HT	1.0	Non-protein Signaling	CellChatDB	5-HT-TPH2_SLC18A1_HTR3_COMPLEX	PMID: 23328530					CellChatDB v2
Tph2+Slc18a2	Htr3a+Htr3b	5-HT	1.0	Non-protein Signaling	CellChatDB	5-HT-TPH2_SLC18A2_HTR3_COMPLEX	PMID: 23328530					CellChatDB v2
Tph2+Slc6a4	Htr3a+Htr3b	5-HT	1.0	Non-protein Signaling	CellChatDB	5-HT-TPH2_SLC6A4_HTR3_COMPLEX	PMID: 23328530					CellChatDB v2
Slc10a4+Chat	Chrna1+Chrnb1+Chrnd	Ach	1.0	Non-protein Signaling	CellChatDB	Acetylcholine-Ach-CHAT_SLC10A4_CHRN_A1_2B1DE	PMID: 33674322;PMID: 25176177					CellChatDB v2
Slc10a4+Chat	Chrna3+Chrnb4	Ach	1.0	Non-protein Signaling	CellChatDB	Acetylcholine-Ach-CHAT_SLC10A4_CHRN_A3B4	PMID: 33674322;PMID: 25176177					CellChatDB v2
Slc10a4+Chat	Chrna4+Chrnb2	Ach	1.0	Non-protein Signaling	CellChatDB	Acetylcholine-Ach-CHAT_SLC10A4_CHRN_A4B2	PMID: 33674322;PMID: 25176177					CellChatDB v2
Slc10a4+Chat	Chrna7	Ach	1.0	Non-protein Signaling	CellChatDB	Acetylcholine-Ach-CHAT_SLC10A4_CHRNA7	PMID: 33674322;PMID: 25176177					CellChatDB v2
Slc18a3+Chat	Chrna1+Chrnb1+Chrnd	Ach	1.0	Non-protein Signaling	CellChatDB	Acetylcholine-Ach-CHAT_SLC18A3_CHRN_A1_2B1DE	PMID: 33674322;uniprot;reactome;IUPHAR					CellChatDB v2
Slc18a3+Chat	Chrna3+Chrnb4	Ach	1.0	Non-protein Signaling	CellChatDB	Acetylcholine-Ach-CHAT_SLC18A3_CHRN_A3B4	PMID: 33674322;uniprot;reactome;IUPHAR					CellChatDB v2
Slc18a3+Chat	Chrna4+Chrnb2	Ach	1.0	Non-protein Signaling	CellChatDB	Acetylcholine-Ach-CHAT_SLC18A3_CHRN_A4B2	PMID: 33674322;uniprot;reactome;IUPHAR					CellChatDB v2
Slc18a3+Chat	Chrna7	Ach	1.0	Non-protein Signaling	CellChatDB	Acetylcholine-Ach-CHAT_SLC18A3_CHRNA7	PMID: 33674322;uniprot;reactome;IUPHAR					CellChatDB v2
Slc5a7+Chat	Chrna1+Chrnb1+Chrnd	Ach	1.0	Non-protein Signaling	CellChatDB	Acetylcholine-Ach-CHAT_SLC5A7_CHRN_A1_2B1DE	PMID: 33674322;uniprot;reactome;IUPHAR					CellChatDB v2
Slc5a7+Chat	Chrna3+Chrnb4	Ach	1.0	Non-protein Signaling	CellChatDB	Acetylcholine-Ach-CHAT_SLC5A7_CHRN_A3B4	PMID: 33674322;uniprot;reactome;IUPHAR					CellChatDB v2
Slc5a7+Chat	Chrna4+Chrnb2	Ach	1.0	Non-protein Signaling	CellChatDB	Acetylcholine-Ach-CHAT_SLC5A7_CHRN_A4B2	PMID: 33674322;uniprot;reactome;IUPHAR					CellChatDB v2
Slc5a7+Chat	Chrna7	Ach	1.0	Non-protein Signaling	CellChatDB	Acetylcholine-Ach-CHAT_SLC5A7_CHRNA7	PMID: 33674322;uniprot;reactome;IUPHAR					CellChatDB v2
Slc32a1+Gad1	Gabra1+Gabrb3+Gabrg2	GABA-A	1.0	Non-protein Signaling	CellChatDB	GABA-A-GAD1_SLC32A1_GABR_A1B3G2	PMID: 34417930;PMID: 23038269					CellChatDB v2
Slc32a1+Gad1	Gabra1+Gabrb2+Gabrg2	GABA-A	1.0	Non-protein Signaling	CellChatDB	GABA-A-GAD1_SLC32A1_GABR_A1B2G2	PMID: 34417930;PMID: 23038269					CellChatDB v2
Slc32a1+Gad1	Gabra1+Gabrb2	GABA-A	1.0	Non-protein Signaling	CellChatDB	GABA-A-GAD1_SLC32A1_GABR_A1B2	PMID: 34417930;PMID: 23038269					CellChatDB v2
Slc32a1+Gad1	Gabra1+Gabrb3	GABA-A	1.0	Non-protein Signaling	CellChatDB	GABA-A-GAD1_SLC32A1_GABR_A1B3	PMID: 34417930;PMID: 23038269					CellChatDB v2
Slc32a1+Gad1	Gabra1+Gabrb2+Gabrd	GABA-A	1.0	Non-protein Signaling	CellChatDB	GABA-A-GAD1_SLC32A1_GABR_A1B2D	PMID: 34417930;PMID: 23038269					CellChatDB v2
Slc32a1+Gad1	Gabra2+Gabrb3+Gabrg2	GABA-A	1.0	Non-protein Signaling	CellChatDB	GABA-A-GAD1_SLC32A1_GABR_A2B3G2	PMID: 34417930;PMID: 23038269					CellChatDB v2
Slc32a1+Gad1	Gabra3+Gabrb3+Gabrg2	GABA-A	1.0	Non-protein Signaling	CellChatDB	GABA-A-GAD1_SLC32A1_GABR_A3B3G2	PMID: 34417930;PMID: 23038269					CellChatDB v2
Slc32a1+Gad1	Gabra3+Gabrb3+Gabrq	GABA-A	1.0	Non-protein Signaling	CellChatDB	GABA-A-GAD1_SLC32A1_GABR_A3B3Q	PMID: 34417930;PMID: 23038269					CellChatDB v2
Slc32a1+Gad1	Gabra3+Gabrb3+Gabre	GABA-A	1.0	Non-protein Signaling	CellChatDB	GABA-A-GAD1_SLC32A1_GABR_A3B3E	PMID: 34417930;PMID: 23038269					CellChatDB v2
Slc32a1+Gad1	Gabra4+Gabrb3+Gabrg2	GABA-A	1.0	Non-protein Signaling	CellChatDB	GABA-A-GAD1_SLC32A1_GABR_A4B3G2	PMID: 34417930;PMID: 23038269					CellChatDB v2
Slc32a1+Gad1	Gabra4+Gabrb3+Gabrd	GABA-A	1.0	Non-protein Signaling	CellChatDB	GABA-A-GAD1_SLC32A1_GABR_A4B3D	PMID: 34417930;PMID: 23038269					CellChatDB v2
Slc32a1+Gad1	Gabra4+Gabrb2+Gabrd	GABA-A	1.0	Non-protein Signaling	CellChatDB	GABA-A-GAD1_SLC32A1_GABR_A4B2D	PMID: 34417930;PMID: 23038269					CellChatDB v2
Slc32a1+Gad1	Gabra5+Gabrb3+Gabrg2	GABA-A	1.0	Non-protein Signaling	CellChatDB	GABA-A-GAD1_SLC32A1_GABR_A5B3G2	PMID: 34417930;PMID: 23038269					CellChatDB v2
Slc32a1+Gad1	Gabra6+Gabrb3+Gabrg2	GABA-A	1.0	Non-protein Signaling	CellChatDB	GABA-A-GAD1_SLC32A1_GABR_A6B3G2	PMID: 34417930;PMID: 23038269					CellChatDB v2
Slc32a1+Gad1	Gabra6+Gabrb3+Gabrd	GABA-A	1.0	Non-protein Signaling	CellChatDB	GABA-A-GAD1_SLC32A1_GABR_A6B3D	PMID: 34417930;PMID: 23038269					CellChatDB v2
Slc6a1+Gad1	Gabra1+Gabrb3+Gabrg2	GABA-A	1.0	Non-protein Signaling	CellChatDB	GABA-A-GAD1_SLC6A1_GABR_A1B3G2	PMID: 34417930;PMID: 23038269					CellChatDB v2
Slc6a1+Gad1	Gabra1+Gabrb2+Gabrg2	GABA-A	1.0	Non-protein Signaling	CellChatDB	GABA-A-GAD1_SLC6A1_GABR_A1B2G2	PMID: 34417930;PMID: 23038269					CellChatDB v2
Slc6a1+Gad1	Gabra1+Gabrb2	GABA-A	1.0	Non-protein Signaling	CellChatDB	GABA-A-GAD1_SLC6A1_GABR_A1B2	PMID: 34417930;PMID: 23038269					CellChatDB v2
Slc6a1+Gad1	Gabra1+Gabrb3	GABA-A	1.0	Non-protein Signaling	CellChatDB	GABA-A-GAD1_SLC6A1_GABR_A1B3	PMID: 34417930;PMID: 23038269					CellChatDB v2
Slc6a1+Gad1	Gabra1+Gabrb2+Gabrd	GABA-A	1.0	Non-protein Signaling	CellChatDB	GABA-A-GAD1_SLC6A1_GABR_A1B2D	PMID: 34417930;PMID: 23038269					CellChatDB v2
Slc6a1+Gad1	Gabra2+Gabrb3+Gabrg2	GABA-A	1.0	Non-protein Signaling	CellChatDB	GABA-A-GAD1_SLC6A1_GABR_A2B3G2	PMID: 34417930;PMID: 23038269					CellChatDB v2
Slc6a1+Gad1	Gabra3+Gabrb3+Gabrg2	GABA-A	1.0	Non-protein Signaling	CellChatDB	GABA-A-GAD1_SLC6A1_GABR_A3B3G2	PMID: 34417930;PMID: 23038269					CellChatDB v2
Slc6a1+Gad1	Gabra3+Gabrb3+Gabrq	GABA-A	1.0	Non-protein Signaling	CellChatDB	GABA-A-GAD1_SLC6A1_GABR_A3B3Q	PMID: 34417930;PMID: 23038269					CellChatDB v2
Slc6a1+Gad1	Gabra3+Gabrb3+Gabre	GABA-A	1.0	Non-protein Signaling	CellChatDB	GABA-A-GAD1_SLC6A1_GABR_A3B3E	PMID: 34417930;PMID: 23038269					CellChatDB v2
Slc6a1+Gad1	Gabra4+Gabrb3+Gabrg2	GABA-A	1.0	Non-protein Signaling	CellChatDB	GABA-A-GAD1_SLC6A1_GABR_A4B3G2	PMID: 34417930;PMID: 23038269					CellChatDB v2
Slc6a1+Gad1	Gabra4+Gabrb3+Gabrd	GABA-A	1.0	Non-protein Signaling	CellChatDB	GABA-A-GAD1_SLC6A1_GABR_A4B3D	PMID: 34417930;PMID: 23038269					CellChatDB v2
Slc6a1+Gad1	Gabra4+Gabrb2+Gabrd	GABA-A	1.0	Non-protein Signaling	CellChatDB	GABA-A-GAD1_SLC6A1_GABR_A4B2D	PMID: 34417930;PMID: 23038269					CellChatDB v2
Slc6a1+Gad1	Gabra5+Gabrb3+Gabrg2	GABA-A	1.0	Non-protein Signaling	CellChatDB	GABA-A-GAD1_SLC6A1_GABR_A5B3G2	PMID: 34417930;PMID: 23038269					CellChatDB v2
Slc6a1+Gad1	Gabra6+Gabrb3+Gabrg2	GABA-A	1.0	Non-protein Signaling	CellChatDB	GABA-A-GAD1_SLC6A1_GABR_A6B3G2	PMID: 34417930;PMID: 23038269					CellChatDB v2
Slc6a1+Gad1	Gabra6+Gabrb3+Gabrd	GABA-A	1.0	Non-protein Signaling	CellChatDB	GABA-A-GAD1_SLC6A1_GABR_A6B3D	PMID: 34417930;PMID: 23038269					CellChatDB v2
Slc6a11+Gad1	Gabra1+Gabrb3+Gabrg2	GABA-A	1.0	Non-protein Signaling	CellChatDB	GABA-A-GAD1_SLC6A11_GABR_A1B3G2	PMID: 34417930;PMID: 23038269					CellChatDB v2
Slc6a11+Gad1	Gabra1+Gabrb2+Gabrg2	GABA-A	1.0	Non-protein Signaling	CellChatDB	GABA-A-GAD1_SLC6A11_GABR_A1B2G2	PMID: 34417930;PMID: 23038269					CellChatDB v2
Slc6a11+Gad1	Gabra1+Gabrb2	GABA-A	1.0	Non-protein Signaling	CellChatDB	GABA-A-GAD1_SLC6A11_GABR_A1B2	PMID: 34417930;PMID: 23038269					CellChatDB v2
Slc6a11+Gad1	Gabra1+Gabrb3	GABA-A	1.0	Non-protein Signaling	CellChatDB	GABA-A-GAD1_SLC6A11_GABR_A1B3	PMID: 34417930;PMID: 23038269					CellChatDB v2
Slc6a11+Gad1	Gabra1+Gabrb2+Gabrd	GABA-A	1.0	Non-protein Signaling	CellChatDB	GABA-A-GAD1_SLC6A11_GABR_A1B2D	PMID: 34417930;PMID: 23038269					CellChatDB v2
Slc6a11+Gad1	Gabra2+Gabrb3+Gabrg2	GABA-A	1.0	Non-protein Signaling	CellChatDB	GABA-A-GAD1_SLC6A11_GABR_A2B3G2	PMID: 34417930;PMID: 23038269					CellChatDB v2
Slc6a11+Gad1	Gabra3+Gabrb3+Gabrg2	GABA-A	1.0	Non-protein Signaling	CellChatDB	GABA-A-GAD1_SLC6A11_GABR_A3B3G2	PMID: 34417930;PMID: 23038269					CellChatDB v2
Slc6a11+Gad1	Gabra3+Gabrb3+Gabrq	GABA-A	1.0	Non-protein Signaling	CellChatDB	GABA-A-GAD1_SLC6A11_GABR_A3B3Q	PMID: 34417930;PMID: 23038269					CellChatDB v2
Slc6a11+Gad1	Gabra3+Gabrb3+Gabre	GABA-A	1.0	Non-protein Signaling	CellChatDB	GABA-A-GAD1_SLC6A11_GABR_A3B3E	PMID: 34417930;PMID: 23038269					CellChatDB v2
Slc6a11+Gad1	Gabra4+Gabrb3+Gabrg2	GABA-A	1.0	Non-protein Signaling	CellChatDB	GABA-A-GAD1_SLC6A11_GABR_A4B3G2	PMID: 34417930;PMID: 23038269					CellChatDB v2
Slc6a11+Gad1	Gabra4+Gabrb3+Gabrd	GABA-A	1.0	Non-protein Signaling	CellChatDB	GABA-A-GAD1_SLC6A11_GABR_A4B3D	PMID: 34417930;PMID: 23038269					CellChatDB v2
Slc6a11+Gad1	Gabra4+Gabrb2+Gabrd	GABA-A	1.0	Non-protein Signaling	CellChatDB	GABA-A-GAD1_SLC6A11_GABR_A4B2D	PMID: 34417930;PMID: 23038269					CellChatDB v2
Slc6a11+Gad1	Gabra5+Gabrb3+Gabrg2	GABA-A	1.0	Non-protein Signaling	CellChatDB	GABA-A-GAD1_SLC6A11_GABR_A5B3G2	PMID: 34417930;PMID: 23038269					CellChatDB v2
Slc6a11+Gad1	Gabra6+Gabrb3+Gabrg2	GABA-A	1.0	Non-protein Signaling	CellChatDB	GABA-A-GAD1_SLC6A11_GABR_A6B3G2	PMID: 34417930;PMID: 23038269					CellChatDB v2
Slc6a11+Gad1	Gabra6+Gabrb3+Gabrd	GABA-A	1.0	Non-protein Signaling	CellChatDB	GABA-A-GAD1_SLC6A11_GABR_A6B3D	PMID: 34417930;PMID: 23038269					CellChatDB v2
Slc6a12+Gad1	Gabra1+Gabrb3+Gabrg2	GABA-A	1.0	Non-protein Signaling	CellChatDB	GABA-A-GAD1_SLC6A12_GABR_A1B3G2	PMID: 34417930;PMID: 23038269					CellChatDB v2
Slc6a12+Gad1	Gabra1+Gabrb2+Gabrg2	GABA-A	1.0	Non-protein Signaling	CellChatDB	GABA-A-GAD1_SLC6A12_GABR_A1B2G2	PMID: 34417930;PMID: 23038269					CellChatDB v2
Slc6a12+Gad1	Gabra1+Gabrb2	GABA-A	1.0	Non-protein Signaling	CellChatDB	GABA-A-GAD1_SLC6A12_GABR_A1B2	PMID: 34417930;PMID: 23038269					CellChatDB v2
Slc6a12+Gad1	Gabra1+Gabrb3	GABA-A	1.0	Non-protein Signaling	CellChatDB	GABA-A-GAD1_SLC6A12_GABR_A1B3	PMID: 34417930;PMID: 23038269					CellChatDB v2
Slc6a12+Gad1	Gabra1+Gabrb2+Gabrd	GABA-A	1.0	Non-protein Signaling	CellChatDB	GABA-A-GAD1_SLC6A12_GABR_A1B2D	PMID: 34417930;PMID: 23038269					CellChatDB v2
Slc6a12+Gad1	Gabra2+Gabrb3+Gabrg2	GABA-A	1.0	Non-protein Signaling	CellChatDB	GABA-A-GAD1_SLC6A12_GABR_A2B3G2	PMID: 34417930;PMID: 23038269					CellChatDB v2
Slc6a12+Gad1	Gabra3+Gabrb3+Gabrg2	GABA-A	1.0	Non-protein Signaling	CellChatDB	GABA-A-GAD1_SLC6A12_GABR_A3B3G2	PMID: 34417930;PMID: 23038269					CellChatDB v2
Slc6a12+Gad1	Gabra3+Gabrb3+Gabrq	GABA-A	1.0	Non-protein Signaling	CellChatDB	GABA-A-GAD1_SLC6A12_GABR_A3B3Q	PMID: 34417930;PMID: 23038269					CellChatDB v2
Slc6a12+Gad1	Gabra3+Gabrb3+Gabre	GABA-A	1.0	Non-protein Signaling	CellChatDB	GABA-A-GAD1_SLC6A12_GABR_A3B3E	PMID: 34417930;PMID: 23038269					CellChatDB v2
Slc6a12+Gad1	Gabra4+Gabrb3+Gabrg2	GABA-A	1.0	Non-protein Signaling	CellChatDB	GABA-A-GAD1_SLC6A12_GABR_A4B3G2	PMID: 34417930;PMID: 23038269					CellChatDB v2
Slc6a12+Gad1	Gabra4+Gabrb3+Gabrd	GABA-A	1.0	Non-protein Signaling	CellChatDB	GABA-A-GAD1_SLC6A12_GABR_A4B3D	PMID: 34417930;PMID: 23038269					CellChatDB v2
Slc6a12+Gad1	Gabra4+Gabrb2+Gabrd	GABA-A	1.0	Non-protein Signaling	CellChatDB	GABA-A-GAD1_SLC6A12_GABR_A4B2D	PMID: 34417930;PMID: 23038269					CellChatDB v2
Slc6a12+Gad1	Gabra5+Gabrb3+Gabrg2	GABA-A	1.0	Non-protein Signaling	CellChatDB	GABA-A-GAD1_SLC6A12_GABR_A5B3G2	PMID: 34417930;PMID: 23038269					CellChatDB v2
Slc6a12+Gad1	Gabra6+Gabrb3+Gabrg2	GABA-A	1.0	Non-protein Signaling	CellChatDB	GABA-A-GAD1_SLC6A12_GABR_A6B3G2	PMID: 34417930;PMID: 23038269					CellChatDB v2
Slc6a12+Gad1	Gabra6+Gabrb3+Gabrd	GABA-A	1.0	Non-protein Signaling	CellChatDB	GABA-A-GAD1_SLC6A12_GABR_A6B3D	PMID: 34417930;PMID: 23038269					CellChatDB v2
Slc6a13+Gad1	Gabra1+Gabrb3+Gabrg2	GABA-A	1.0	Non-protein Signaling	CellChatDB	GABA-A-GAD1_SLC6A13_GABR_A1B3G2	PMID: 34417930;PMID: 23038269					CellChatDB v2
Slc6a13+Gad1	Gabra1+Gabrb2+Gabrg2	GABA-A	1.0	Non-protein Signaling	CellChatDB	GABA-A-GAD1_SLC6A13_GABR_A1B2G2	PMID: 34417930;PMID: 23038269					CellChatDB v2
Slc6a13+Gad1	Gabra1+Gabrb2	GABA-A	1.0	Non-protein Signaling	CellChatDB	GABA-A-GAD1_SLC6A13_GABR_A1B2	PMID: 34417930;PMID: 23038269					CellChatDB v2
Slc6a13+Gad1	Gabra1+Gabrb3	GABA-A	1.0	Non-protein Signaling	CellChatDB	GABA-A-GAD1_SLC6A13_GABR_A1B3	PMID: 34417930;PMID: 23038269					CellChatDB v2
Slc6a13+Gad1	Gabra1+Gabrb2+Gabrd	GABA-A	1.0	Non-protein Signaling	CellChatDB	GABA-A-GAD1_SLC6A13_GABR_A1B2D	PMID: 34417930;PMID: 23038269					CellChatDB v2
Slc6a13+Gad1	Gabra2+Gabrb3+Gabrg2	GABA-A	1.0	Non-protein Signaling	CellChatDB	GABA-A-GAD1_SLC6A13_GABR_A2B3G2	PMID: 34417930;PMID: 23038269					CellChatDB v2
Slc6a13+Gad1	Gabra3+Gabrb3+Gabrg2	GABA-A	1.0	Non-protein Signaling	CellChatDB	GABA-A-GAD1_SLC6A13_GABR_A3B3G2	PMID: 34417930;PMID: 23038269					CellChatDB v2
Slc6a13+Gad1	Gabra3+Gabrb3+Gabrq	GABA-A	1.0	Non-protein Signaling	CellChatDB	GABA-A-GAD1_SLC6A13_GABR_A3B3Q	PMID: 34417930;PMID: 23038269					CellChatDB v2
Slc6a13+Gad1	Gabra3+Gabrb3+Gabre	GABA-A	1.0	Non-protein Signaling	CellChatDB	GABA-A-GAD1_SLC6A13_GABR_A3B3E	PMID: 34417930;PMID: 23038269					CellChatDB v2
Slc6a13+Gad1	Gabra4+Gabrb3+Gabrg2	GABA-A	1.0	Non-protein Signaling	CellChatDB	GABA-A-GAD1_SLC6A13_GABR_A4B3G2	PMID: 34417930;PMID: 23038269					CellChatDB v2
Slc6a13+Gad1	Gabra4+Gabrb3+Gabrd	GABA-A	1.0	Non-protein Signaling	CellChatDB	GABA-A-GAD1_SLC6A13_GABR_A4B3D	PMID: 34417930;PMID: 23038269					CellChatDB v2
Slc6a13+Gad1	Gabra4+Gabrb2+Gabrd	GABA-A	1.0	Non-protein Signaling	CellChatDB	GABA-A-GAD1_SLC6A13_GABR_A4B2D	PMID: 34417930;PMID: 23038269					CellChatDB v2
Slc6a13+Gad1	Gabra5+Gabrb3+Gabrg2	GABA-A	1.0	Non-protein Signaling	CellChatDB	GABA-A-GAD1_SLC6A13_GABR_A5B3G2	PMID: 34417930;PMID: 23038269					CellChatDB v2
Slc6a13+Gad1	Gabra6+Gabrb3+Gabrg2	GABA-A	1.0	Non-protein Signaling	CellChatDB	GABA-A-GAD1_SLC6A13_GABR_A6B3G2	PMID: 34417930;PMID: 23038269					CellChatDB v2
Slc6a13+Gad1	Gabra6+Gabrb3+Gabrd	GABA-A	1.0	Non-protein Signaling	CellChatDB	GABA-A-GAD1_SLC6A13_GABR_A6B3D	PMID: 34417930;PMID: 23038269					CellChatDB v2
Slc6a6+Gad1	Gabra1+Gabrb3+Gabrg2	GABA-A	1.0	Non-protein Signaling	CellChatDB	GABA-A-GAD1_SLC6A6_GABR_A1B3G2	PMID: 34417930;PMID: 23038269					CellChatDB v2
Slc6a6+Gad1	Gabra1+Gabrb2+Gabrg2	GABA-A	1.0	Non-protein Signaling	CellChatDB	GABA-A-GAD1_SLC6A6_GABR_A1B2G2	PMID: 34417930;PMID: 23038269					CellChatDB v2
Slc6a6+Gad1	Gabra1+Gabrb2	GABA-A	1.0	Non-protein Signaling	CellChatDB	GABA-A-GAD1_SLC6A6_GABR_A1B2	PMID: 34417930;PMID: 23038269					CellChatDB v2
Slc6a6+Gad1	Gabra1+Gabrb3	GABA-A	1.0	Non-protein Signaling	CellChatDB	GABA-A-GAD1_SLC6A6_GABR_A1B3	PMID: 34417930;PMID: 23038269					CellChatDB v2
Slc6a6+Gad1	Gabra1+Gabrb2+Gabrd	GABA-A	1.0	Non-protein Signaling	CellChatDB	GABA-A-GAD1_SLC6A6_GABR_A1B2D	PMID: 34417930;PMID: 23038269					CellChatDB v2
Slc6a6+Gad1	Gabra2+Gabrb3+Gabrg2	GABA-A	1.0	Non-protein Signaling	CellChatDB	GABA-A-GAD1_SLC6A6_GABR_A2B3G2	PMID: 34417930;PMID: 23038269					CellChatDB v2
Slc6a6+Gad1	Gabra3+Gabrb3+Gabrg2	GABA-A	1.0	Non-protein Signaling	CellChatDB	GABA-A-GAD1_SLC6A6_GABR_A3B3G2	PMID: 34417930;PMID: 23038269					CellChatDB v2
Slc6a6+Gad1	Gabra3+Gabrb3+Gabrq	GABA-A	1.0	Non-protein Signaling	CellChatDB	GABA-A-GAD1_SLC6A6_GABR_A3B3Q	PMID: 34417930;PMID: 23038269					CellChatDB v2
Slc6a6+Gad1	Gabra3+Gabrb3+Gabre	GABA-A	1.0	Non-protein Signaling	CellChatDB	GABA-A-GAD1_SLC6A6_GABR_A3B3E	PMID: 34417930;PMID: 23038269					CellChatDB v2
Slc6a6+Gad1	Gabra4+Gabrb3+Gabrg2	GABA-A	1.0	Non-protein Signaling	CellChatDB	GABA-A-GAD1_SLC6A6_GABR_A4B3G2	PMID: 34417930;PMID: 23038269					CellChatDB v2
Slc6a6+Gad1	Gabra4+Gabrb3+Gabrd	GABA-A	1.0	Non-protein Signaling	CellChatDB	GABA-A-GAD1_SLC6A6_GABR_A4B3D	PMID: 34417930;PMID: 23038269					CellChatDB v2
Slc6a6+Gad1	Gabra4+Gabrb2+Gabrd	GABA-A	1.0	Non-protein Signaling	CellChatDB	GABA-A-GAD1_SLC6A6_GABR_A4B2D	PMID: 34417930;PMID: 23038269					CellChatDB v2
Slc6a6+Gad1	Gabra5+Gabrb3+Gabrg2	GABA-A	1.0	Non-protein Signaling	CellChatDB	GABA-A-GAD1_SLC6A6_GABR_A5B3G2	PMID: 34417930;PMID: 23038269					CellChatDB v2
Slc6a6+Gad1	Gabra6+Gabrb3+Gabrg2	GABA-A	1.0	Non-protein Signaling	CellChatDB	GABA-A-GAD1_SLC6A6_GABR_A6B3G2	PMID: 34417930;PMID: 23038269					CellChatDB v2
Slc6a6+Gad1	Gabra6+Gabrb3+Gabrd	GABA-A	1.0	Non-protein Signaling	CellChatDB	GABA-A-GAD1_SLC6A6_GABR_A6B3D	PMID: 34417930;PMID: 23038269					CellChatDB v2
Slc6a8+Gad1	Gabra1+Gabrb3+Gabrg2	GABA-A	1.0	Non-protein Signaling	CellChatDB	GABA-A-GAD1_SLC6A8_GABR_A1B3G2	PMID: 34417930;PMID: 23038269					CellChatDB v2
Slc6a8+Gad1	Gabra1+Gabrb2+Gabrg2	GABA-A	1.0	Non-protein Signaling	CellChatDB	GABA-A-GAD1_SLC6A8_GABR_A1B2G2	PMID: 34417930;PMID: 23038269					CellChatDB v2
Slc6a8+Gad1	Gabra1+Gabrb2	GABA-A	1.0	Non-protein Signaling	CellChatDB	GABA-A-GAD1_SLC6A8_GABR_A1B2	PMID: 34417930;PMID: 23038269					CellChatDB v2
Slc6a8+Gad1	Gabra1+Gabrb3	GABA-A	1.0	Non-protein Signaling	CellChatDB	GABA-A-GAD1_SLC6A8_GABR_A1B3	PMID: 34417930;PMID: 23038269					CellChatDB v2
Slc6a8+Gad1	Gabra1+Gabrb2+Gabrd	GABA-A	1.0	Non-protein Signaling	CellChatDB	GABA-A-GAD1_SLC6A8_GABR_A1B2D	PMID: 34417930;PMID: 23038269					CellChatDB v2
Slc6a8+Gad1	Gabra2+Gabrb3+Gabrg2	GABA-A	1.0	Non-protein Signaling	CellChatDB	GABA-A-GAD1_SLC6A8_GABR_A2B3G2	PMID: 34417930;PMID: 23038269					CellChatDB v2
Slc6a8+Gad1	Gabra3+Gabrb3+Gabrg2	GABA-A	1.0	Non-protein Signaling	CellChatDB	GABA-A-GAD1_SLC6A8_GABR_A3B3G2	PMID: 34417930;PMID: 23038269					CellChatDB v2
Slc6a8+Gad1	Gabra3+Gabrb3+Gabrq	GABA-A	1.0	Non-protein Signaling	CellChatDB	GABA-A-GAD1_SLC6A8_GABR_A3B3Q	PMID: 34417930;PMID: 23038269					CellChatDB v2
Slc6a8+Gad1	Gabra3+Gabrb3+Gabre	GABA-A	1.0	Non-protein Signaling	CellChatDB	GABA-A-GAD1_SLC6A8_GABR_A3B3E	PMID: 34417930;PMID: 23038269					CellChatDB v2
Slc6a8+Gad1	Gabra4+Gabrb3+Gabrg2	GABA-A	1.0	Non-protein Signaling	CellChatDB	GABA-A-GAD1_SLC6A8_GABR_A4B3G2	PMID: 34417930;PMID: 23038269					CellChatDB v2
Slc6a8+Gad1	Gabra4+Gabrb3+Gabrd	GABA-A	1.0	Non-protein Signaling	CellChatDB	GABA-A-GAD1_SLC6A8_GABR_A4B3D	PMID: 34417930;PMID: 23038269					CellChatDB v2
Slc6a8+Gad1	Gabra4+Gabrb2+Gabrd	GABA-A	1.0	Non-protein Signaling	CellChatDB	GABA-A-GAD1_SLC6A8_GABR_A4B2D	PMID: 34417930;PMID: 23038269					CellChatDB v2
Slc6a8+Gad1	Gabra5+Gabrb3+Gabrg2	GABA-A	1.0	Non-protein Signaling	CellChatDB	GABA-A-GAD1_SLC6A8_GABR_A5B3G2	PMID: 34417930;PMID: 23038269					CellChatDB v2
Slc6a8+Gad1	Gabra6+Gabrb3+Gabrg2	GABA-A	1.0	Non-protein Signaling	CellChatDB	GABA-A-GAD1_SLC6A8_GABR_A6B3G2	PMID: 34417930;PMID: 23038269					CellChatDB v2
Slc6a8+Gad1	Gabra6+Gabrb3+Gabrd	GABA-A	1.0	Non-protein Signaling	CellChatDB	GABA-A-GAD1_SLC6A8_GABR_A6B3D	PMID: 34417930;PMID: 23038269					CellChatDB v2
Slc32a1+Gad2	Gabra1+Gabrb3+Gabrg2	GABA-A	1.0	Non-protein Signaling	CellChatDB	GABA-A-GAD2_SLC32A1_GABR_A1B3G2	PMID: 34417930;PMID: 23038269					CellChatDB v2
Slc32a1+Gad2	Gabra1+Gabrb2+Gabrg2	GABA-A	1.0	Non-protein Signaling	CellChatDB	GABA-A-GAD2_SLC32A1_GABR_A1B2G2	PMID: 34417930;PMID: 23038269					CellChatDB v2
Slc32a1+Gad2	Gabra1+Gabrb2	GABA-A	1.0	Non-protein Signaling	CellChatDB	GABA-A-GAD2_SLC32A1_GABR_A1B2	PMID: 34417930;PMID: 23038269					CellChatDB v2
Slc32a1+Gad2	Gabra1+Gabrb3	GABA-A	1.0	Non-protein Signaling	CellChatDB	GABA-A-GAD2_SLC32A1_GABR_A1B3	PMID: 34417930;PMID: 23038269					CellChatDB v2
Slc32a1+Gad2	Gabra1+Gabrb2+Gabrd	GABA-A	1.0	Non-protein Signaling	CellChatDB	GABA-A-GAD2_SLC32A1_GABR_A1B2D	PMID: 34417930;PMID: 23038269					CellChatDB v2
Slc32a1+Gad2	Gabra2+Gabrb3+Gabrg2	GABA-A	1.0	Non-protein Signaling	CellChatDB	GABA-A-GAD2_SLC32A1_GABR_A2B3G2	PMID: 34417930;PMID: 23038269					CellChatDB v2
Slc32a1+Gad2	Gabra3+Gabrb3+Gabrg2	GABA-A	1.0	Non-protein Signaling	CellChatDB	GABA-A-GAD2_SLC32A1_GABR_A3B3G2	PMID: 34417930;PMID: 23038269					CellChatDB v2
Slc32a1+Gad2	Gabra3+Gabrb3+Gabrq	GABA-A	1.0	Non-protein Signaling	CellChatDB	GABA-A-GAD2_SLC32A1_GABR_A3B3Q	PMID: 34417930;PMID: 23038269					CellChatDB v2
Slc32a1+Gad2	Gabra3+Gabrb3+Gabre	GABA-A	1.0	Non-protein Signaling	CellChatDB	GABA-A-GAD2_SLC32A1_GABR_A3B3E	PMID: 34417930;PMID: 23038269					CellChatDB v2
Slc32a1+Gad2	Gabra4+Gabrb3+Gabrg2	GABA-A	1.0	Non-protein Signaling	CellChatDB	GABA-A-GAD2_SLC32A1_GABR_A4B3G2	PMID: 34417930;PMID: 23038269					CellChatDB v2
Slc32a1+Gad2	Gabra4+Gabrb3+Gabrd	GABA-A	1.0	Non-protein Signaling	CellChatDB	GABA-A-GAD2_SLC32A1_GABR_A4B3D	PMID: 34417930;PMID: 23038269					CellChatDB v2
Slc32a1+Gad2	Gabra4+Gabrb2+Gabrd	GABA-A	1.0	Non-protein Signaling	CellChatDB	GABA-A-GAD2_SLC32A1_GABR_A4B2D	PMID: 34417930;PMID: 23038269					CellChatDB v2
Slc32a1+Gad2	Gabra5+Gabrb3+Gabrg2	GABA-A	1.0	Non-protein Signaling	CellChatDB	GABA-A-GAD2_SLC32A1_GABR_A5B3G2	PMID: 34417930;PMID: 23038269					CellChatDB v2
Slc32a1+Gad2	Gabra6+Gabrb3+Gabrg2	GABA-A	1.0	Non-protein Signaling	CellChatDB	GABA-A-GAD2_SLC32A1_GABR_A6B3G2	PMID: 34417930;PMID: 23038269					CellChatDB v2
Slc32a1+Gad2	Gabra6+Gabrb3+Gabrd	GABA-A	1.0	Non-protein Signaling	CellChatDB	GABA-A-GAD2_SLC32A1_GABR_A6B3D	PMID: 34417930;PMID: 23038269					CellChatDB v2
Slc6a1+Gad2	Gabra1+Gabrb3+Gabrg2	GABA-A	1.0	Non-protein Signaling	CellChatDB	GABA-A-GAD2_SLC6A1_GABR_A1B3G2	PMID: 34417930;PMID: 23038269					CellChatDB v2
Slc6a1+Gad2	Gabra1+Gabrb2+Gabrg2	GABA-A	1.0	Non-protein Signaling	CellChatDB	GABA-A-GAD2_SLC6A1_GABR_A1B2G2	PMID: 34417930;PMID: 23038269					CellChatDB v2
Slc6a1+Gad2	Gabra1+Gabrb2	GABA-A	1.0	Non-protein Signaling	CellChatDB	GABA-A-GAD2_SLC6A1_GABR_A1B2	PMID: 34417930;PMID: 23038269					CellChatDB v2
Slc6a1+Gad2	Gabra1+Gabrb3	GABA-A	1.0	Non-protein Signaling	CellChatDB	GABA-A-GAD2_SLC6A1_GABR_A1B3	PMID: 34417930;PMID: 23038269					CellChatDB v2
Slc6a1+Gad2	Gabra1+Gabrb2+Gabrd	GABA-A	1.0	Non-protein Signaling	CellChatDB	GABA-A-GAD2_SLC6A1_GABR_A1B2D	PMID: 34417930;PMID: 23038269					CellChatDB v2
Slc6a1+Gad2	Gabra2+Gabrb3+Gabrg2	GABA-A	1.0	Non-protein Signaling	CellChatDB	GABA-A-GAD2_SLC6A1_GABR_A2B3G2	PMID: 34417930;PMID: 23038269					CellChatDB v2
Slc6a1+Gad2	Gabra3+Gabrb3+Gabrg2	GABA-A	1.0	Non-protein Signaling	CellChatDB	GABA-A-GAD2_SLC6A1_GABR_A3B3G2	PMID: 34417930;PMID: 23038269					CellChatDB v2
Slc6a1+Gad2	Gabra3+Gabrb3+Gabrq	GABA-A	1.0	Non-protein Signaling	CellChatDB	GABA-A-GAD2_SLC6A1_GABR_A3B3Q	PMID: 34417930;PMID: 23038269					CellChatDB v2
Slc6a1+Gad2	Gabra3+Gabrb3+Gabre	GABA-A	1.0	Non-protein Signaling	CellChatDB	GABA-A-GAD2_SLC6A1_GABR_A3B3E	PMID: 34417930;PMID: 23038269					CellChatDB v2
Slc6a1+Gad2	Gabra4+Gabrb3+Gabrg2	GABA-A	1.0	Non-protein Signaling	CellChatDB	GABA-A-GAD2_SLC6A1_GABR_A4B3G2	PMID: 34417930;PMID: 23038269					CellChatDB v2
Slc6a1+Gad2	Gabra4+Gabrb3+Gabrd	GABA-A	1.0	Non-protein Signaling	CellChatDB	GABA-A-GAD2_SLC6A1_GABR_A4B3D	PMID: 34417930;PMID: 23038269					CellChatDB v2
Slc6a1+Gad2	Gabra4+Gabrb2+Gabrd	GABA-A	1.0	Non-protein Signaling	CellChatDB	GABA-A-GAD2_SLC6A1_GABR_A4B2D	PMID: 34417930;PMID: 23038269					CellChatDB v2
Slc6a1+Gad2	Gabra5+Gabrb3+Gabrg2	GABA-A	1.0	Non-protein Signaling	CellChatDB	GABA-A-GAD2_SLC6A1_GABR_A5B3G2	PMID: 34417930;PMID: 23038269					CellChatDB v2
Slc6a1+Gad2	Gabra6+Gabrb3+Gabrg2	GABA-A	1.0	Non-protein Signaling	CellChatDB	GABA-A-GAD2_SLC6A1_GABR_A6B3G2	PMID: 34417930;PMID: 23038269					CellChatDB v2
Slc6a1+Gad2	Gabra6+Gabrb3+Gabrd	GABA-A	1.0	Non-protein Signaling	CellChatDB	GABA-A-GAD2_SLC6A1_GABR_A6B3D	PMID: 34417930;PMID: 23038269					CellChatDB v2
Slc6a11+Gad2	Gabra1+Gabrb3+Gabrg2	GABA-A	1.0	Non-protein Signaling	CellChatDB	GABA-A-GAD2_SLC6A11_GABR_A1B3G2	PMID: 34417930;PMID: 23038269					CellChatDB v2
Slc6a11+Gad2	Gabra1+Gabrb2+Gabrg2	GABA-A	1.0	Non-protein Signaling	CellChatDB	GABA-A-GAD2_SLC6A11_GABR_A1B2G2	PMID: 34417930;PMID: 23038269					CellChatDB v2
Slc6a11+Gad2	Gabra1+Gabrb2	GABA-A	1.0	Non-protein Signaling	CellChatDB	GABA-A-GAD2_SLC6A11_GABR_A1B2	PMID: 34417930;PMID: 23038269					CellChatDB v2
Slc6a11+Gad2	Gabra1+Gabrb3	GABA-A	1.0	Non-protein Signaling	CellChatDB	GABA-A-GAD2_SLC6A11_GABR_A1B3	PMID: 34417930;PMID: 23038269					CellChatDB v2
Slc6a11+Gad2	Gabra1+Gabrb2+Gabrd	GABA-A	1.0	Non-protein Signaling	CellChatDB	GABA-A-GAD2_SLC6A11_GABR_A1B2D	PMID: 34417930;PMID: 23038269					CellChatDB v2
Slc6a11+Gad2	Gabra2+Gabrb3+Gabrg2	GABA-A	1.0	Non-protein Signaling	CellChatDB	GABA-A-GAD2_SLC6A11_GABR_A2B3G2	PMID: 34417930;PMID: 23038269					CellChatDB v2
Slc6a11+Gad2	Gabra3+Gabrb3+Gabrg2	GABA-A	1.0	Non-protein Signaling	CellChatDB	GABA-A-GAD2_SLC6A11_GABR_A3B3G2	PMID: 34417930;PMID: 23038269					CellChatDB v2
Slc6a11+Gad2	Gabra3+Gabrb3+Gabrq	GABA-A	1.0	Non-protein Signaling	CellChatDB	GABA-A-GAD2_SLC6A11_GABR_A3B3Q	PMID: 34417930;PMID: 23038269					CellChatDB v2
Slc6a11+Gad2	Gabra3+Gabrb3+Gabre	GABA-A	1.0	Non-protein Signaling	CellChatDB	GABA-A-GAD2_SLC6A11_GABR_A3B3E	PMID: 34417930;PMID: 23038269					CellChatDB v2
Slc6a11+Gad2	Gabra4+Gabrb3+Gabrg2	GABA-A	1.0	Non-protein Signaling	CellChatDB	GABA-A-GAD2_SLC6A11_GABR_A4B3G2	PMID: 34417930;PMID: 23038269					CellChatDB v2
Slc6a11+Gad2	Gabra4+Gabrb3+Gabrd	GABA-A	1.0	Non-protein Signaling	CellChatDB	GABA-A-GAD2_SLC6A11_GABR_A4B3D	PMID: 34417930;PMID: 23038269					CellChatDB v2
Slc6a11+Gad2	Gabra4+Gabrb2+Gabrd	GABA-A	1.0	Non-protein Signaling	CellChatDB	GABA-A-GAD2_SLC6A11_GABR_A4B2D	PMID: 34417930;PMID: 23038269					CellChatDB v2
Slc6a11+Gad2	Gabra5+Gabrb3+Gabrg2	GABA-A	1.0	Non-protein Signaling	CellChatDB	GABA-A-GAD2_SLC6A11_GABR_A5B3G2	PMID: 34417930;PMID: 23038269					CellChatDB v2
Slc6a11+Gad2	Gabra6+Gabrb3+Gabrg2	GABA-A	1.0	Non-protein Signaling	CellChatDB	GABA-A-GAD2_SLC6A11_GABR_A6B3G2	PMID: 34417930;PMID: 23038269					CellChatDB v2
Slc6a11+Gad2	Gabra6+Gabrb3+Gabrd	GABA-A	1.0	Non-protein Signaling	CellChatDB	GABA-A-GAD2_SLC6A11_GABR_A6B3D	PMID: 34417930;PMID: 23038269					CellChatDB v2
Slc6a12+Gad2	Gabra1+Gabrb3+Gabrg2	GABA-A	1.0	Non-protein Signaling	CellChatDB	GABA-A-GAD2_SLC6A12_GABR_A1B3G2	PMID: 34417930;PMID: 23038269					CellChatDB v2
Slc6a12+Gad2	Gabra1+Gabrb2+Gabrg2	GABA-A	1.0	Non-protein Signaling	CellChatDB	GABA-A-GAD2_SLC6A12_GABR_A1B2G2	PMID: 34417930;PMID: 23038269					CellChatDB v2
Slc6a12+Gad2	Gabra1+Gabrb2	GABA-A	1.0	Non-protein Signaling	CellChatDB	GABA-A-GAD2_SLC6A12_GABR_A1B2	PMID: 34417930;PMID: 23038269					CellChatDB v2
Slc6a12+Gad2	Gabra1+Gabrb3	GABA-A	1.0	Non-protein Signaling	CellChatDB	GABA-A-GAD2_SLC6A12_GABR_A1B3	PMID: 34417930;PMID: 23038269					CellChatDB v2
Slc6a12+Gad2	Gabra1+Gabrb2+Gabrd	GABA-A	1.0	Non-protein Signaling	CellChatDB	GABA-A-GAD2_SLC6A12_GABR_A1B2D	PMID: 34417930;PMID: 23038269					CellChatDB v2
Slc6a12+Gad2	Gabra2+Gabrb3+Gabrg2	GABA-A	1.0	Non-protein Signaling	CellChatDB	GABA-A-GAD2_SLC6A12_GABR_A2B3G2	PMID: 34417930;PMID: 23038269					CellChatDB v2
Slc6a12+Gad2	Gabra3+Gabrb3+Gabrg2	GABA-A	1.0	Non-protein Signaling	CellChatDB	GABA-A-GAD2_SLC6A12_GABR_A3B3G2	PMID: 34417930;PMID: 23038269					CellChatDB v2
Slc6a12+Gad2	Gabra3+Gabrb3+Gabrq	GABA-A	1.0	Non-protein Signaling	CellChatDB	GABA-A-GAD2_SLC6A12_GABR_A3B3Q	PMID: 34417930;PMID: 23038269					CellChatDB v2
Slc6a12+Gad2	Gabra3+Gabrb3+Gabre	GABA-A	1.0	Non-protein Signaling	CellChatDB	GABA-A-GAD2_SLC6A12_GABR_A3B3E	PMID: 34417930;PMID: 23038269					CellChatDB v2
Slc6a12+Gad2	Gabra4+Gabrb3+Gabrg2	GABA-A	1.0	Non-protein Signaling	CellChatDB	GABA-A-GAD2_SLC6A12_GABR_A4B3G2	PMID: 34417930;PMID: 23038269					CellChatDB v2
Slc6a12+Gad2	Gabra4+Gabrb3+Gabrd	GABA-A	1.0	Non-protein Signaling	CellChatDB	GABA-A-GAD2_SLC6A12_GABR_A4B3D	PMID: 34417930;PMID: 23038269					CellChatDB v2
Slc6a12+Gad2	Gabra4+Gabrb2+Gabrd	GABA-A	1.0	Non-protein Signaling	CellChatDB	GABA-A-GAD2_SLC6A12_GABR_A4B2D	PMID: 34417930;PMID: 23038269					CellChatDB v2
Slc6a12+Gad2	Gabra5+Gabrb3+Gabrg2	GABA-A	1.0	Non-protein Signaling	CellChatDB	GABA-A-GAD2_SLC6A12_GABR_A5B3G2	PMID: 34417930;PMID: 23038269					CellChatDB v2
Slc6a12+Gad2	Gabra6+Gabrb3+Gabrg2	GABA-A	1.0	Non-protein Signaling	CellChatDB	GABA-A-GAD2_SLC6A12_GABR_A6B3G2	PMID: 34417930;PMID: 23038269					CellChatDB v2
Slc6a12+Gad2	Gabra6+Gabrb3+Gabrd	GABA-A	1.0	Non-protein Signaling	CellChatDB	GABA-A-GAD2_SLC6A12_GABR_A6B3D	PMID: 34417930;PMID: 23038269					CellChatDB v2
Slc6a13+Gad2	Gabra1+Gabrb3+Gabrg2	GABA-A	1.0	Non-protein Signaling	CellChatDB	GABA-A-GAD2_SLC6A13_GABR_A1B3G2	PMID: 34417930;PMID: 23038269					CellChatDB v2
Slc6a13+Gad2	Gabra1+Gabrb2+Gabrg2	GABA-A	1.0	Non-protein Signaling	CellChatDB	GABA-A-GAD2_SLC6A13_GABR_A1B2G2	PMID: 34417930;PMID: 23038269					CellChatDB v2
Slc6a13+Gad2	Gabra1+Gabrb2	GABA-A	1.0	Non-protein Signaling	CellChatDB	GABA-A-GAD2_SLC6A13_GABR_A1B2	PMID: 34417930;PMID: 23038269					CellChatDB v2
Slc6a13+Gad2	Gabra1+Gabrb3	GABA-A	1.0	Non-protein Signaling	CellChatDB	GABA-A-GAD2_SLC6A13_GABR_A1B3	PMID: 34417930;PMID: 23038269					CellChatDB v2
Slc6a13+Gad2	Gabra1+Gabrb2+Gabrd	GABA-A	1.0	Non-protein Signaling	CellChatDB	GABA-A-GAD2_SLC6A13_GABR_A1B2D	PMID: 34417930;PMID: 23038269					CellChatDB v2
Slc6a13+Gad2	Gabra2+Gabrb3+Gabrg2	GABA-A	1.0	Non-protein Signaling	CellChatDB	GABA-A-GAD2_SLC6A13_GABR_A2B3G2	PMID: 34417930;PMID: 23038269					CellChatDB v2
Slc6a13+Gad2	Gabra3+Gabrb3+Gabrg2	GABA-A	1.0	Non-protein Signaling	CellChatDB	GABA-A-GAD2_SLC6A13_GABR_A3B3G2	PMID: 34417930;PMID: 23038269					CellChatDB v2
Slc6a13+Gad2	Gabra3+Gabrb3+Gabrq	GABA-A	1.0	Non-protein Signaling	CellChatDB	GABA-A-GAD2_SLC6A13_GABR_A3B3Q	PMID: 34417930;PMID: 23038269					CellChatDB v2
Slc6a13+Gad2	Gabra3+Gabrb3+Gabre	GABA-A	1.0	Non-protein Signaling	CellChatDB	GABA-A-GAD2_SLC6A13_GABR_A3B3E	PMID: 34417930;PMID: 23038269					CellChatDB v2
Slc6a13+Gad2	Gabra4+Gabrb3+Gabrg2	GABA-A	1.0	Non-protein Signaling	CellChatDB	GABA-A-GAD2_SLC6A13_GABR_A4B3G2	PMID: 34417930;PMID: 23038269					CellChatDB v2
Slc6a13+Gad2	Gabra4+Gabrb3+Gabrd	GABA-A	1.0	Non-protein Signaling	CellChatDB	GABA-A-GAD2_SLC6A13_GABR_A4B3D	PMID: 34417930;PMID: 23038269					CellChatDB v2
Slc6a13+Gad2	Gabra4+Gabrb2+Gabrd	GABA-A	1.0	Non-protein Signaling	CellChatDB	GABA-A-GAD2_SLC6A13_GABR_A4B2D	PMID: 34417930;PMID: 23038269					CellChatDB v2
Slc6a13+Gad2	Gabra5+Gabrb3+Gabrg2	GABA-A	1.0	Non-protein Signaling	CellChatDB	GABA-A-GAD2_SLC6A13_GABR_A5B3G2	PMID: 34417930;PMID: 23038269					CellChatDB v2
Slc6a13+Gad2	Gabra6+Gabrb3+Gabrg2	GABA-A	1.0	Non-protein Signaling	CellChatDB	GABA-A-GAD2_SLC6A13_GABR_A6B3G2	PMID: 34417930;PMID: 23038269					CellChatDB v2
Slc6a13+Gad2	Gabra6+Gabrb3+Gabrd	GABA-A	1.0	Non-protein Signaling	CellChatDB	GABA-A-GAD2_SLC6A13_GABR_A6B3D	PMID: 34417930;PMID: 23038269					CellChatDB v2
Slc6a6+Gad2	Gabra1+Gabrb3+Gabrg2	GABA-A	1.0	Non-protein Signaling	CellChatDB	GABA-A-GAD2_SLC6A6_GABR_A1B3G2	PMID: 34417930;PMID: 23038269					CellChatDB v2
Slc6a6+Gad2	Gabra1+Gabrb2+Gabrg2	GABA-A	1.0	Non-protein Signaling	CellChatDB	GABA-A-GAD2_SLC6A6_GABR_A1B2G2	PMID: 34417930;PMID: 23038269					CellChatDB v2
Slc6a6+Gad2	Gabra1+Gabrb2	GABA-A	1.0	Non-protein Signaling	CellChatDB	GABA-A-GAD2_SLC6A6_GABR_A1B2	PMID: 34417930;PMID: 23038269					CellChatDB v2
Slc6a6+Gad2	Gabra1+Gabrb3	GABA-A	1.0	Non-protein Signaling	CellChatDB	GABA-A-GAD2_SLC6A6_GABR_A1B3	PMID: 34417930;PMID: 23038269					CellChatDB v2
Slc6a6+Gad2	Gabra1+Gabrb2+Gabrd	GABA-A	1.0	Non-protein Signaling	CellChatDB	GABA-A-GAD2_SLC6A6_GABR_A1B2D	PMID: 34417930;PMID: 23038269					CellChatDB v2
Slc6a6+Gad2	Gabra2+Gabrb3+Gabrg2	GABA-A	1.0	Non-protein Signaling	CellChatDB	GABA-A-GAD2_SLC6A6_GABR_A2B3G2	PMID: 34417930;PMID: 23038269					CellChatDB v2
Slc6a6+Gad2	Gabra3+Gabrb3+Gabrg2	GABA-A	1.0	Non-protein Signaling	CellChatDB	GABA-A-GAD2_SLC6A6_GABR_A3B3G2	PMID: 34417930;PMID: 23038269					CellChatDB v2
Slc6a6+Gad2	Gabra3+Gabrb3+Gabrq	GABA-A	1.0	Non-protein Signaling	CellChatDB	GABA-A-GAD2_SLC6A6_GABR_A3B3Q	PMID: 34417930;PMID: 23038269					CellChatDB v2
Slc6a6+Gad2	Gabra3+Gabrb3+Gabre	GABA-A	1.0	Non-protein Signaling	CellChatDB	GABA-A-GAD2_SLC6A6_GABR_A3B3E	PMID: 34417930;PMID: 23038269					CellChatDB v2
Slc6a6+Gad2	Gabra4+Gabrb3+Gabrg2	GABA-A	1.0	Non-protein Signaling	CellChatDB	GABA-A-GAD2_SLC6A6_GABR_A4B3G2	PMID: 34417930;PMID: 23038269					CellChatDB v2
Slc6a6+Gad2	Gabra4+Gabrb3+Gabrd	GABA-A	1.0	Non-protein Signaling	CellChatDB	GABA-A-GAD2_SLC6A6_GABR_A4B3D	PMID: 34417930;PMID: 23038269					CellChatDB v2
Slc6a6+Gad2	Gabra4+Gabrb2+Gabrd	GABA-A	1.0	Non-protein Signaling	CellChatDB	GABA-A-GAD2_SLC6A6_GABR_A4B2D	PMID: 34417930;PMID: 23038269					CellChatDB v2
Slc6a6+Gad2	Gabra5+Gabrb3+Gabrg2	GABA-A	1.0	Non-protein Signaling	CellChatDB	GABA-A-GAD2_SLC6A6_GABR_A5B3G2	PMID: 34417930;PMID: 23038269					CellChatDB v2
Slc6a6+Gad2	Gabra6+Gabrb3+Gabrg2	GABA-A	1.0	Non-protein Signaling	CellChatDB	GABA-A-GAD2_SLC6A6_GABR_A6B3G2	PMID: 34417930;PMID: 23038269					CellChatDB v2
Slc6a6+Gad2	Gabra6+Gabrb3+Gabrd	GABA-A	1.0	Non-protein Signaling	CellChatDB	GABA-A-GAD2_SLC6A6_GABR_A6B3D	PMID: 34417930;PMID: 23038269					CellChatDB v2
Slc6a8+Gad2	Gabra1+Gabrb3+Gabrg2	GABA-A	1.0	Non-protein Signaling	CellChatDB	GABA-A-GAD2_SLC6A8_GABR_A1B3G2	PMID: 34417930;PMID: 23038269					CellChatDB v2
Slc6a8+Gad2	Gabra1+Gabrb2+Gabrg2	GABA-A	1.0	Non-protein Signaling	CellChatDB	GABA-A-GAD2_SLC6A8_GABR_A1B2G2	PMID: 34417930;PMID: 23038269					CellChatDB v2
Slc6a8+Gad2	Gabra1+Gabrb2	GABA-A	1.0	Non-protein Signaling	CellChatDB	GABA-A-GAD2_SLC6A8_GABR_A1B2	PMID: 34417930;PMID: 23038269					CellChatDB v2
Slc6a8+Gad2	Gabra1+Gabrb3	GABA-A	1.0	Non-protein Signaling	CellChatDB	GABA-A-GAD2_SLC6A8_GABR_A1B3	PMID: 34417930;PMID: 23038269					CellChatDB v2
Slc6a8+Gad2	Gabra1+Gabrb2+Gabrd	GABA-A	1.0	Non-protein Signaling	CellChatDB	GABA-A-GAD2_SLC6A8_GABR_A1B2D	PMID: 34417930;PMID: 23038269					CellChatDB v2
Slc6a8+Gad2	Gabra2+Gabrb3+Gabrg2	GABA-A	1.0	Non-protein Signaling	CellChatDB	GABA-A-GAD2_SLC6A8_GABR_A2B3G2	PMID: 34417930;PMID: 23038269					CellChatDB v2
Slc6a8+Gad2	Gabra3+Gabrb3+Gabrg2	GABA-A	1.0	Non-protein Signaling	CellChatDB	GABA-A-GAD2_SLC6A8_GABR_A3B3G2	PMID: 34417930;PMID: 23038269					CellChatDB v2
Slc6a8+Gad2	Gabra3+Gabrb3+Gabrq	GABA-A	1.0	Non-protein Signaling	CellChatDB	GABA-A-GAD2_SLC6A8_GABR_A3B3Q	PMID: 34417930;PMID: 23038269					CellChatDB v2
Slc6a8+Gad2	Gabra3+Gabrb3+Gabre	GABA-A	1.0	Non-protein Signaling	CellChatDB	GABA-A-GAD2_SLC6A8_GABR_A3B3E	PMID: 34417930;PMID: 23038269					CellChatDB v2
Slc6a8+Gad2	Gabra4+Gabrb3+Gabrg2	GABA-A	1.0	Non-protein Signaling	CellChatDB	GABA-A-GAD2_SLC6A8_GABR_A4B3G2	PMID: 34417930;PMID: 23038269					CellChatDB v2
Slc6a8+Gad2	Gabra4+Gabrb3+Gabrd	GABA-A	1.0	Non-protein Signaling	CellChatDB	GABA-A-GAD2_SLC6A8_GABR_A4B3D	PMID: 34417930;PMID: 23038269					CellChatDB v2
Slc6a8+Gad2	Gabra4+Gabrb2+Gabrd	GABA-A	1.0	Non-protein Signaling	CellChatDB	GABA-A-GAD2_SLC6A8_GABR_A4B2D	PMID: 34417930;PMID: 23038269					CellChatDB v2
Slc6a8+Gad2	Gabra5+Gabrb3+Gabrg2	GABA-A	1.0	Non-protein Signaling	CellChatDB	GABA-A-GAD2_SLC6A8_GABR_A5B3G2	PMID: 34417930;PMID: 23038269					CellChatDB v2
Slc6a8+Gad2	Gabra6+Gabrb3+Gabrg2	GABA-A	1.0	Non-protein Signaling	CellChatDB	GABA-A-GAD2_SLC6A8_GABR_A6B3G2	PMID: 34417930;PMID: 23038269					CellChatDB v2
Slc6a8+Gad2	Gabra6+Gabrb3+Gabrd	GABA-A	1.0	Non-protein Signaling	CellChatDB	GABA-A-GAD2_SLC6A8_GABR_A6B3D	PMID: 34417930;PMID: 23038269					CellChatDB v2
Slc6a5+Shmt1	Glra1+Glrb	Glycine	1.0	Non-protein Signaling	CellChatDB	Glycine-Gly-SHMT1_SLC6A5_GLR_A1B	PMID: 9131721					CellChatDB v2
Slc6a5+Shmt1	Glra2	Glycine	1.0	Non-protein Signaling	CellChatDB	Glycine-Gly-SHMT1_SLC6A5_GLRA2	PMID: 9131721					CellChatDB v2
Slc6a9+Shmt1	Glra1+Glrb	Glycine	1.0	Non-protein Signaling	CellChatDB	Glycine-Gly-SHMT1_SLC6A9_GLR_A1B	PMID: 9131721					CellChatDB v2
Slc6a9+Shmt1	Glra2	Glycine	1.0	Non-protein Signaling	CellChatDB	Glycine-Gly-SHMT1_SLC6A9_GLRA2	PMID: 9131721					CellChatDB v2
Slc6a5+Shmt2	Glra1+Glrb	Glycine	1.0	Non-protein Signaling	CellChatDB	Glycine-Gly-SHMT2_SLC6A5_GLR_A1B	PMID: 9131721					CellChatDB v2
Slc6a5+Shmt2	Glra2	Glycine	1.0	Non-protein Signaling	CellChatDB	Glycine-Gly-SHMT2_SLC6A5_GLRA2	PMID: 9131721					CellChatDB v2
Slc6a9+Shmt2	Glra1+Glrb	Glycine	1.0	Non-protein Signaling	CellChatDB	Glycine-Gly-SHMT2_SLC6A9_GLR_A1B	PMID: 9131721					CellChatDB v2
Slc6a9+Shmt2	Glra2	Glycine	1.0	Non-protein Signaling	CellChatDB	Glycine-Gly-SHMT2_SLC6A9_GLRA2	PMID: 9131721					CellChatDB v2
Sdc1	Adgra2	ADGRA	1.0	Cell-Cell Contact	CellChatDB	SDC1_ADGRA2	PMID: 31462748					CellChatDB v2
Sdc2	Adgra2	ADGRA	1.0	Cell-Cell Contact	CellChatDB	SDC2_ADGRA2	PMID: 31462748					CellChatDB v2
Itgav+Itgb3	Adgra2	ADGRA	1.0	Cell-Cell Contact	CellChatDB	ITGAV_ITGB3_ADGRA2	PMID: 31462748					CellChatDB v2
Tax1bp3	Adgrb1	ADGRB	1.0	Cell-Cell Contact	CellChatDB	TAX1BP3_ADGRB1	PMID: 31462748					CellChatDB v2
Rtn4r	Adgrb1	ADGRB	1.0	Cell-Cell Contact	CellChatDB	RTN4R_ADGRB1	PMID: 31462748					CellChatDB v2
Itgav+Itgb5	Adgrb1	ADGRB	1.0	Cell-Cell Contact	CellChatDB	ITGAV_ITGB5_ADGRB1	PMID: 31462748					CellChatDB v2
Tax1bp3	Adgrb2	ADGRB	1.0	Cell-Cell Contact	CellChatDB	TAX1BP3_ADGRB2	PMID: 31462748					CellChatDB v2
C1ql1	Adgrb3	ADGRB	1.0	Cell-Cell Contact	CellChatDB	C1QL1_ADGRB3	PMID: 31462748					CellChatDB v2
C1ql2	Adgrb3	ADGRB	1.0	Cell-Cell Contact	CellChatDB	C1QL2_ADGRB3	PMID: 31462748					CellChatDB v2
C1ql3	Adgrb3	ADGRB	1.0	Cell-Cell Contact	CellChatDB	C1QL3_ADGRB3	PMID: 31462748					CellChatDB v2
C1ql4	Adgrb3	ADGRB	1.0	Cell-Cell Contact	CellChatDB	C1QL4_ADGRB3	PMID: 31462748					CellChatDB v2
Thy1	Adgre5	ADGRE	1.0	Cell-Cell Contact	CellChatDB	THY1_ADGRE5	PMID: 31462748					CellChatDB v2
Itgav+Itgb1	Adgre5	ADGRE	1.0	Cell-Cell Contact	CellChatDB	ITGAV_ITGB1_ADGRE5	PMID: 31462748					CellChatDB v2
Itgav+Itgb3	Adgre5	ADGRE	1.0	Cell-Cell Contact	CellChatDB	ITGAV_ITGB3_ADGRE5	PMID: 31462748					CellChatDB v2
Cd55	Adgre5	ADGRE	1.0	Cell-Cell Contact	CellChatDB	CD55_ADGRE5	PMID: 31462748					CellChatDB v2
Cd55b	Adgre5	ADGRE	1.0	Cell-Cell Contact	CellChatDB	CD55B_ADGRE5	PMID: 31462748					CellChatDB v2
Lpar1	Adgre5	ADGRE	1.0	Cell-Cell Contact	CellChatDB	LPAR1_ADGRE5	PMID: 31462748					CellChatDB v2
Lpar2	Adgre5	ADGRE	1.0	Cell-Cell Contact	CellChatDB	LPAR2_ADGRE5	PMID: 31462748					CellChatDB v2
Lpar3	Adgre5	ADGRE	1.0	Cell-Cell Contact	CellChatDB	LPAR3_ADGRE5	PMID: 31462748					CellChatDB v2
Sftpd	Adgre5	ADGRE	1.0	Cell-Cell Contact	CellChatDB	SFTPD_ADGRE5	PMID: 31462748					CellChatDB v2
Col3a1	Adgrg1	ADGRG	1.0	Cell-Cell Contact	CellChatDB	COL3A1_ADGRG1	PMID: 31462748;UniProtKB					CellChatDB v2
Gast	Adgrg1	ADGRG	1.0	Cell-Cell Contact	CellChatDB	GAST_ADGRG1	PMID: 31462748					CellChatDB v2
Tgm2	Adgrg1	ADGRG	1.0	Cell-Cell Contact	CellChatDB	TGM2_ADGRG1	PMID: 31462748					CellChatDB v2
Col4a1	Adgrg6	ADGRG	1.0	Cell-Cell Contact	CellChatDB	COL4A1_ADGRG6	PMID: 31462748					CellChatDB v2
Col4a2	Adgrg6	ADGRG	1.0	Cell-Cell Contact	CellChatDB	COL4A2_ADGRG6	PMID: 31462748					CellChatDB v2
Col4a3	Adgrg6	ADGRG	1.0	Cell-Cell Contact	CellChatDB	COL4A3_ADGRG6	PMID: 31462748					CellChatDB v2
Col4a4	Adgrg6	ADGRG	1.0	Cell-Cell Contact	CellChatDB	COL4A4_ADGRG6	PMID: 31462748					CellChatDB v2
Col4a5	Adgrg6	ADGRG	1.0	Cell-Cell Contact	CellChatDB	COL4A5_ADGRG6	PMID: 31462748					CellChatDB v2
Col4a6	Adgrg6	ADGRG	1.0	Cell-Cell Contact	CellChatDB	COL4A6_ADGRG6	PMID: 31462748					CellChatDB v2
Lama2	Adgrg6	ADGRG	1.0	Cell-Cell Contact	CellChatDB	LAMA2_ADGRG6	PMID: 31462748					CellChatDB v2
Prnp	Adgrg6	ADGRG	1.0	Cell-Cell Contact	CellChatDB	PRNP_ADGRG6	PMID: 31462748					CellChatDB v2
Flrt1	Adgrl1	ADGRL	1.0	Cell-Cell Contact	CellChatDB	FLRT1_ADGRL1	PMID: 25728924;PMID: 34022279;PMID: 27091502;PMID: 35907405					CellChatDB v2
Flrt2	Adgrl1	ADGRL	1.0	Cell-Cell Contact	CellChatDB	FLRT2_ADGRL1	PMID: 25728924;PMID: 34022279;PMID: 27091502;PMID: 35907405					CellChatDB v2
Flrt3	Adgrl1	ADGRL	1.0	Cell-Cell Contact	CellChatDB	FLRT3_ADGRL1	PMID: 25728924;PMID: 34022279;PMID: 27091502;PMID: 35907405					CellChatDB v2
Nrxn1	Adgrl1	ADGRL	1.0	Cell-Cell Contact	CellChatDB	NRXN1_ADGRL1	PMID: 25728924;PMID: 34022279;PMID: 27091502;PMID: 35907405					CellChatDB v2
Nrxn2	Adgrl1	ADGRL	1.0	Cell-Cell Contact	CellChatDB	NRXN2_ADGRL1	PMID: 25728924;PMID: 34022279;PMID: 27091502;PMID: 35907405					CellChatDB v2
Nrxn3	Adgrl1	ADGRL	1.0	Cell-Cell Contact	CellChatDB	NRXN3_ADGRL1	PMID: 25728924;PMID: 34022279;PMID: 27091502;PMID: 35907405					CellChatDB v2
Tenm1	Adgrl1	ADGRL	1.0	Cell-Cell Contact	CellChatDB	TENM1_ADGRL1	PMID: 25728924;PMID: 34022279;PMID: 27091502;PMID: 35907405					CellChatDB v2
Tenm2	Adgrl1	ADGRL	1.0	Cell-Cell Contact	CellChatDB	TENM2_ADGRL1	PMID: 25728924;PMID: 34022279;PMID: 27091502;PMID: 35907405					CellChatDB v2
Tenm3	Adgrl1	ADGRL	1.0	Cell-Cell Contact	CellChatDB	TENM3_ADGRL1	PMID: 25728924;PMID: 34022279;PMID: 27091502;PMID: 35907405					CellChatDB v2
Tenm4	Adgrl1	ADGRL	1.0	Cell-Cell Contact	CellChatDB	TENM4_ADGRL1	PMID: 25728924;PMID: 34022279;PMID: 27091502;PMID: 35907405					CellChatDB v2
Tenm2+Flrt1	Adgrl1	ADGRL	1.0	Cell-Cell Contact	CellChatDB	TENM2_FLRT1_ADGRL1	PMID: 25728924;PMID: 34022279;PMID: 27091502;PMID: 35907405					CellChatDB v2
Tenm2+Flrt3	Adgrl1	ADGRL	1.0	Cell-Cell Contact	CellChatDB	TENM2_FLRT3_ADGRL1	PMID: 25728924;PMID: 34022279;PMID: 27091502;PMID: 35907405					CellChatDB v2
Tenm4+Flrt1	Adgrl1	ADGRL	1.0	Cell-Cell Contact	CellChatDB	TENM4_FLRT1_ADGRL1	PMID: 25728924;PMID: 34022279;PMID: 27091502;PMID: 35907405					CellChatDB v2
Tenm4+Flrt3	Adgrl1	ADGRL	1.0	Cell-Cell Contact	CellChatDB	TENM4_FLRT3_ADGRL1	PMID: 25728924;PMID: 34022279;PMID: 27091502;PMID: 35907405					CellChatDB v2
Flrt1	Adgrl2	ADGRL	1.0	Cell-Cell Contact	CellChatDB	FLRT1_ADGRL2	PMID: 25728924;PMID: 34022279;PMID: 27091502;PMID: 35907405					CellChatDB v2
Flrt2	Adgrl2	ADGRL	1.0	Cell-Cell Contact	CellChatDB	FLRT2_ADGRL2	PMID: 25728924;PMID: 34022279;PMID: 27091502;PMID: 35907405					CellChatDB v2
Flrt3	Adgrl2	ADGRL	1.0	Cell-Cell Contact	CellChatDB	FLRT3_ADGRL2	PMID: 25728924;PMID: 34022279;PMID: 27091502;PMID: 35907405					CellChatDB v2
Tenm1	Adgrl2	ADGRL	1.0	Cell-Cell Contact	CellChatDB	TENM1_ADGRL2	PMID: 25728924;PMID: 34022279;PMID: 27091502;PMID: 35907405					CellChatDB v2
Tenm2	Adgrl2	ADGRL	1.0	Cell-Cell Contact	CellChatDB	TENM2_ADGRL2	PMID: 25728924;PMID: 34022279;PMID: 27091502;PMID: 35907405					CellChatDB v2
Tenm3	Adgrl2	ADGRL	1.0	Cell-Cell Contact	CellChatDB	TENM3_ADGRL2	PMID: 25728924;PMID: 34022279;PMID: 27091502;PMID: 35907405					CellChatDB v2
Tenm4	Adgrl2	ADGRL	1.0	Cell-Cell Contact	CellChatDB	TENM4_ADGRL2	PMID: 25728924;PMID: 34022279;PMID: 27091502;PMID: 35907405					CellChatDB v2
Tenm2+Flrt3	Adgrl2	ADGRL	1.0	Cell-Cell Contact	CellChatDB	TENM2_FLRT3_ADGRL2	PMID: 25728924;PMID: 34022279;PMID: 27091502;PMID: 35907405					CellChatDB v2
Flrt1	Adgrl3	ADGRL	1.0	Cell-Cell Contact	CellChatDB	FLRT1_ADGRL3	PMID: 25728924;PMID: 34022279;PMID: 27091502;PMID: 35907405					CellChatDB v2
Flrt2	Adgrl3	ADGRL	1.0	Cell-Cell Contact	CellChatDB	FLRT2_ADGRL3	PMID: 25728924;PMID: 34022279;PMID: 27091502;PMID: 35907405					CellChatDB v2
Flrt3	Adgrl3	ADGRL	1.0	Cell-Cell Contact	CellChatDB	FLRT3_ADGRL3	PMID: 25728924;PMID: 34022279;PMID: 27091502;PMID: 35907405					CellChatDB v2
Tenm1	Adgrl3	ADGRL	1.0	Cell-Cell Contact	CellChatDB	TENM1_ADGRL3	PMID: 25728924;PMID: 34022279;PMID: 27091502;PMID: 35907405					CellChatDB v2
Tenm2	Adgrl3	ADGRL	1.0	Cell-Cell Contact	CellChatDB	TENM2_ADGRL3	PMID: 25728924;PMID: 34022279;PMID: 27091502;PMID: 35907405					CellChatDB v2
Tenm3	Adgrl3	ADGRL	1.0	Cell-Cell Contact	CellChatDB	TENM3_ADGRL3	PMID: 25728924;PMID: 34022279;PMID: 27091502;PMID: 35907405					CellChatDB v2
Tenm4	Adgrl3	ADGRL	1.0	Cell-Cell Contact	CellChatDB	TENM4_ADGRL3	PMID: 25728924;PMID: 34022279;PMID: 27091502;PMID: 35907405					CellChatDB v2
Unc5a	Adgrl3	ADGRL	1.0	Cell-Cell Contact	CellChatDB	UNC5A_ADGRL3	PMID: 25728924;PMID: 34022279;PMID: 27091502;PMID: 35907405					CellChatDB v2
Tenm3+Flrt1	Adgrl3	ADGRL	1.0	Cell-Cell Contact	CellChatDB	TENM3_FLRT1_ADGRL3	PMID: 25728924;PMID: 34022279;PMID: 27091502;PMID: 35907405					CellChatDB v2
Tenm3+Flrt3	Adgrl3	ADGRL	1.0	Cell-Cell Contact	CellChatDB	TENM3_FLRT3_ADGRL3	PMID: 25728924;PMID: 34022279;PMID: 27091502;PMID: 35907405					CellChatDB v2
Flrt1	Flrt1	FLRT	1.0	Cell-Cell Contact	CellChatDB	FLRT1_FLRT1	PMID: 27091502					CellChatDB v2
Flrt2	Flrt2	FLRT	1.0	Cell-Cell Contact	CellChatDB	FLRT2_FLRT2	PMID: 27091502					CellChatDB v2
Flrt3	Flrt3	FLRT	1.0	Cell-Cell Contact	CellChatDB	FLRT3_FLRT3	PMID: 27091502					CellChatDB v2
Flrt1	Unc5a	UNC5	1.0	Cell-Cell Contact	CellChatDB	FLRT1_UNC5A	PMID: 27091502					CellChatDB v2
Flrt2	Unc5a	UNC5	1.0	Cell-Cell Contact	CellChatDB	FLRT2_UNC5A	PMID: 27091502					CellChatDB v2
Flrt3	Unc5a	UNC5	1.0	Cell-Cell Contact	CellChatDB	FLRT3_UNC5A	PMID: 27091502					CellChatDB v2
Flrt1	Unc5b	UNC5	1.0	Cell-Cell Contact	CellChatDB	FLRT1_UNC5B	PMID: 27091502					CellChatDB v2
Flrt2	Unc5b	UNC5	1.0	Cell-Cell Contact	CellChatDB	FLRT2_UNC5B	PMID: 27091502					CellChatDB v2
Flrt3	Unc5b	UNC5	1.0	Cell-Cell Contact	CellChatDB	FLRT3_UNC5B	PMID: 27091502					CellChatDB v2
Flrt1	Unc5c	UNC5	1.0	Cell-Cell Contact	CellChatDB	FLRT1_UNC5C	PMID: 27091502					CellChatDB v2
Flrt2	Unc5c	UNC5	1.0	Cell-Cell Contact	CellChatDB	FLRT2_UNC5C	PMID: 27091502					CellChatDB v2
Flrt3	Unc5c	UNC5	1.0	Cell-Cell Contact	CellChatDB	FLRT3_UNC5C	PMID: 27091502					CellChatDB v2
Flrt1	Unc5d	UNC5	1.0	Cell-Cell Contact	CellChatDB	FLRT1_UNC5D	PMID: 27091502					CellChatDB v2
Flrt2	Unc5d	UNC5	1.0	Cell-Cell Contact	CellChatDB	FLRT2_UNC5D	PMID: 27091502					CellChatDB v2
Flrt3	Unc5d	UNC5	1.0	Cell-Cell Contact	CellChatDB	FLRT3_UNC5D	PMID: 27091502					CellChatDB v2
Slc29a1+Nt5e	Adora1	Adenosine	1.0	Non-protein Signaling	CellChatDB	Adenosine-ADO-NT5E_SLC29A1_ADORA1	PMID:32514148					CellChatDB v2
Slc29a2+Nt5e	Adora1	Adenosine	1.0	Non-protein Signaling	CellChatDB	Adenosine-ADO-NT5E_SLC29A2_ADORA1	PMID:32514149					CellChatDB v2
Slc29a3+Nt5e	Adora1	Adenosine	1.0	Non-protein Signaling	CellChatDB	Adenosine-ADO-NT5E_SLC29A3_ADORA1	PMID:32514150					CellChatDB v2
Slc29a4+Nt5e	Adora1	Adenosine	1.0	Non-protein Signaling	CellChatDB	Adenosine-ADO-NT5E_SLC29A4_ADORA1	PMID:32514151					CellChatDB v2
Slc29a1+Nt5e	Adora2a	Adenosine	1.0	Non-protein Signaling	CellChatDB	Adenosine-ADO-NT5E_SLC29A1_ADORA2A	PMID:32514152					CellChatDB v2
Slc29a2+Nt5e	Adora2a	Adenosine	1.0	Non-protein Signaling	CellChatDB	Adenosine-ADO-NT5E_SLC29A2_ADORA2A	PMID:32514153					CellChatDB v2
Slc29a3+Nt5e	Adora2a	Adenosine	1.0	Non-protein Signaling	CellChatDB	Adenosine-ADO-NT5E_SLC29A3_ADORA2A	PMID:32514154					CellChatDB v2
Slc29a4+Nt5e	Adora2a	Adenosine	1.0	Non-protein Signaling	CellChatDB	Adenosine-ADO-NT5E_SLC29A4_ADORA2A	PMID:32514155					CellChatDB v2
Slc29a1+Nt5e	Adora2b	Adenosine	1.0	Non-protein Signaling	CellChatDB	Adenosine-ADO-NT5E_SLC29A1_ADORA2B	PMID:32514156					CellChatDB v2
Slc29a2+Nt5e	Adora2b	Adenosine	1.0	Non-protein Signaling	CellChatDB	Adenosine-ADO-NT5E_SLC29A2_ADORA2B	PMID:32514157					CellChatDB v2
Slc29a3+Nt5e	Adora2b	Adenosine	1.0	Non-protein Signaling	CellChatDB	Adenosine-ADO-NT5E_SLC29A3_ADORA2B	PMID:32514158					CellChatDB v2
Slc29a4+Nt5e	Adora2b	Adenosine	1.0	Non-protein Signaling	CellChatDB	Adenosine-ADO-NT5E_SLC29A4_ADORA2B	PMID:32514159					CellChatDB v2
Slc29a1+Nt5e	Adora3	Adenosine	1.0	Non-protein Signaling	CellChatDB	Adenosine-ADO-NT5E_SLC29A1_ADORA3	PMID:32514160					CellChatDB v2
Slc29a2+Nt5e	Adora3	Adenosine	1.0	Non-protein Signaling	CellChatDB	Adenosine-ADO-NT5E_SLC29A2_ADORA3	PMID:32514161					CellChatDB v2
Slc29a3+Nt5e	Adora3	Adenosine	1.0	Non-protein Signaling	CellChatDB	Adenosine-ADO-NT5E_SLC29A3_ADORA3	PMID:32514162					CellChatDB v2
Slc29a4+Nt5e	Adora3	Adenosine	1.0	Non-protein Signaling	CellChatDB	Adenosine-ADO-NT5E_SLC29A4_ADORA3	PMID:32514163					CellChatDB v2
Pnmt+Slc18a1	Adra1a	Adrenaline	1.0	Non-protein Signaling	CellChatDB	Adrenaline-ADR-PNMT_SLC18A1_ADRA1A	PMID:32514164					CellChatDB v2
Pnmt+Slc18a2	Adra1a	Adrenaline	1.0	Non-protein Signaling	CellChatDB	Adrenaline-ADR-PNMT_SLC18A2_ADRA1A	PMID:32514165					CellChatDB v2
Dbh+Slc18a1	Adra1a	Noradrenaline	1.0	Non-protein Signaling	CellChatDB	Noradrenaline-NE-DBH_SLC18A1_ADRA1A	PMID: 29733063_HMRbase;reactome					CellChatDB v2
Dbh+Slc18a2	Adra1a	Noradrenaline	1.0	Non-protein Signaling	CellChatDB	Noradrenaline-NE-DBH_SLC18A2_ADRA1A	PMID: 29733063_HMRbase;reactome					CellChatDB v2
Dbh+Slc6a2	Adra1a	Noradrenaline	1.0	Non-protein Signaling	CellChatDB	Noradrenaline-NE-DBH_SLC6A2_ADRA1A	PMID: 29733063_HMRbase;reactome					CellChatDB v2
Pnmt+Slc18a1	Adra1b	Adrenaline	1.0	Non-protein Signaling	CellChatDB	Adrenaline-ADR-PNMT_SLC18A1_ADRA1B	PMID: 29733063_HMRbase;reactome					CellChatDB v2
Pnmt+Slc18a2	Adra1b	Adrenaline	1.0	Non-protein Signaling	CellChatDB	Adrenaline-ADR-PNMT_SLC18A2_ADRA1B	PMID: 29733063_HMRbase;reactome					CellChatDB v2
Dbh+Slc18a1	Adra1b	Noradrenaline	1.0	Non-protein Signaling	CellChatDB	Noradrenaline-NE-DBH_SLC18A1_ADRA1B	PMID: 29733063_HMRbase;reactome					CellChatDB v2
Dbh+Slc18a2	Adra1b	Noradrenaline	1.0	Non-protein Signaling	CellChatDB	Noradrenaline-NE-DBH_SLC18A2_ADRA1B	PMID: 29733063_HMRbase;reactome					CellChatDB v2
Dbh+Slc6a2	Adra1b	Noradrenaline	1.0	Non-protein Signaling	CellChatDB	Noradrenaline-NE-DBH_SLC6A2_ADRA1B	PMID: 29733063_HMRbase;reactome					CellChatDB v2
Pnmt+Slc18a1	Adra1d	Adrenaline	1.0	Non-protein Signaling	CellChatDB	Adrenaline-ADR-PNMT_SLC18A1_ADRA1D	PMID: 29733063_HMRbase;reactome					CellChatDB v2
Pnmt+Slc18a2	Adra1d	Adrenaline	1.0	Non-protein Signaling	CellChatDB	Adrenaline-ADR-PNMT_SLC18A2_ADRA1D	PMID: 29733063_HMRbase;reactome					CellChatDB v2
Dbh+Slc18a1	Adra1d	Noradrenaline	1.0	Non-protein Signaling	CellChatDB	Noradrenaline-NE-DBH_SLC18A1_ADRA1D	PMID: 29733063_HMRbase;reactome					CellChatDB v2
Dbh+Slc18a2	Adra1d	Noradrenaline	1.0	Non-protein Signaling	CellChatDB	Noradrenaline-NE-DBH_SLC18A2_ADRA1D	PMID: 29733063_HMRbase;reactome					CellChatDB v2
Dbh+Slc6a2	Adra1d	Noradrenaline	1.0	Non-protein Signaling	CellChatDB	Noradrenaline-NE-DBH_SLC6A2_ADRA1D	PMID: 29733063_HMRbase;reactome					CellChatDB v2
Pnmt+Slc18a1	Adra2a	Adrenaline	1.0	Non-protein Signaling	CellChatDB	Adrenaline-ADR-PNMT_SLC18A1_ADRA2A	PMID: 29733063_HMRbase;reactome					CellChatDB v2
Pnmt+Slc18a2	Adra2a	Adrenaline	1.0	Non-protein Signaling	CellChatDB	Adrenaline-ADR-PNMT_SLC18A2_ADRA2A	PMID: 29733063_HMRbase;reactome					CellChatDB v2
Dbh+Slc18a1	Adra2a	Noradrenaline	1.0	Non-protein Signaling	CellChatDB	Noradrenaline-NE-DBH_SLC18A1_ADRA2A	PMID: 29733063_HMRbase;reactome					CellChatDB v2
Dbh+Slc18a2	Adra2a	Noradrenaline	1.0	Non-protein Signaling	CellChatDB	Noradrenaline-NE-DBH_SLC18A2_ADRA2A	PMID: 29733063_HMRbase;reactome					CellChatDB v2
Dbh+Slc6a2	Adra2a	Noradrenaline	1.0	Non-protein Signaling	CellChatDB	Noradrenaline-NE-DBH_SLC6A2_ADRA2A	PMID: 29733063_HMRbase;reactome					CellChatDB v2
Pnmt+Slc18a1	Adra2b	Adrenaline	1.0	Non-protein Signaling	CellChatDB	Adrenaline-ADR-PNMT_SLC18A1_ADRA2B	PMID: 29733063_HMRbase;reactome					CellChatDB v2
Pnmt+Slc18a2	Adra2b	Adrenaline	1.0	Non-protein Signaling	CellChatDB	Adrenaline-ADR-PNMT_SLC18A2_ADRA2B	PMID: 29733063_HMRbase;reactome					CellChatDB v2
Dbh+Slc18a1	Adra2b	Noradrenaline	1.0	Non-protein Signaling	CellChatDB	Noradrenaline-NE-DBH_SLC18A1_ADRA2B	PMID: 29733063_HMRbase;reactome					CellChatDB v2
Dbh+Slc18a2	Adra2b	Noradrenaline	1.0	Non-protein Signaling	CellChatDB	Noradrenaline-NE-DBH_SLC18A2_ADRA2B	PMID: 29733063_HMRbase;reactome					CellChatDB v2
Dbh+Slc6a2	Adra2b	Noradrenaline	1.0	Non-protein Signaling	CellChatDB	Noradrenaline-NE-DBH_SLC6A2_ADRA2B	PMID: 29733063_HMRbase;reactome					CellChatDB v2
Pnmt+Slc18a1	Adra2c	Adrenaline	1.0	Non-protein Signaling	CellChatDB	Adrenaline-ADR-PNMT_SLC18A1_ADRA2C	PMID: 29733063_HMRbase;reactome					CellChatDB v2
Pnmt+Slc18a2	Adra2c	Adrenaline	1.0	Non-protein Signaling	CellChatDB	Adrenaline-ADR-PNMT_SLC18A2_ADRA2C	PMID: 29733063_HMRbase;reactome					CellChatDB v2
Dbh+Slc18a1	Adra2c	Noradrenaline	1.0	Non-protein Signaling	CellChatDB	Noradrenaline-NE-DBH_SLC18A1_ADRA2C	PMID: 29733063_HMRbase;reactome					CellChatDB v2
Dbh+Slc18a2	Adra2c	Noradrenaline	1.0	Non-protein Signaling	CellChatDB	Noradrenaline-NE-DBH_SLC18A2_ADRA2C	PMID: 29733063_HMRbase;reactome					CellChatDB v2
Dbh+Slc6a2	Adra2c	Noradrenaline	1.0	Non-protein Signaling	CellChatDB	Noradrenaline-NE-DBH_SLC6A2_ADRA2C	PMID: 29733063_HMRbase;reactome					CellChatDB v2
Pnmt+Slc18a1	Adrb1	Adrenaline	1.0	Non-protein Signaling	CellChatDB	Adrenaline-ADR-PNMT_SLC18A1_ADRB1	PMID: 29733063_HMRbase;reactome					CellChatDB v2
Pnmt+Slc18a2	Adrb1	Adrenaline	1.0	Non-protein Signaling	CellChatDB	Adrenaline-ADR-PNMT_SLC18A2_ADRB1	PMID: 29733063_HMRbase;reactome					CellChatDB v2
Dbh+Slc18a1	Adrb1	Noradrenaline	1.0	Non-protein Signaling	CellChatDB	Noradrenaline-NE-DBH_SLC18A1_ADRB1	PMID: 29733063_HMRbase;reactome					CellChatDB v2
Dbh+Slc18a2	Adrb1	Noradrenaline	1.0	Non-protein Signaling	CellChatDB	Noradrenaline-NE-DBH_SLC18A2_ADRB1	PMID: 29733063_HMRbase;reactome					CellChatDB v2
Dbh+Slc6a2	Adrb1	Noradrenaline	1.0	Non-protein Signaling	CellChatDB	Noradrenaline-NE-DBH_SLC6A2_ADRB1	PMID: 29733063_HMRbase;reactome					CellChatDB v2
Pnmt+Slc18a1	Adrb2	Adrenaline	1.0	Non-protein Signaling	CellChatDB	Adrenaline-ADR-PNMT_SLC18A1_ADRB2	PMID: 29733063_HMRbase;reactome					CellChatDB v2
Pnmt+Slc18a2	Adrb2	Adrenaline	1.0	Non-protein Signaling	CellChatDB	Adrenaline-ADR-PNMT_SLC18A2_ADRB2	PMID: 29733063_HMRbase;reactome					CellChatDB v2
Dbh+Slc18a1	Adrb2	Noradrenaline	1.0	Non-protein Signaling	CellChatDB	Noradrenaline-NE-DBH_SLC18A1_ADRB2	PMID: 29733063_HMRbase;reactome					CellChatDB v2
Dbh+Slc18a2	Adrb2	Noradrenaline	1.0	Non-protein Signaling	CellChatDB	Noradrenaline-NE-DBH_SLC18A2_ADRB2	PMID: 29733063_HMRbase;reactome					CellChatDB v2
Dbh+Slc6a2	Adrb2	Noradrenaline	1.0	Non-protein Signaling	CellChatDB	Noradrenaline-NE-DBH_SLC6A2_ADRB2	PMID: 29733063_HMRbase;reactome					CellChatDB v2
Pnmt+Slc18a1	Adrb3	Adrenaline	1.0	Non-protein Signaling	CellChatDB	Adrenaline-ADR-PNMT_SLC18A1_ADRB3	PMID: 29733063_HMRbase;reactome					CellChatDB v2
Pnmt+Slc18a2	Adrb3	Adrenaline	1.0	Non-protein Signaling	CellChatDB	Adrenaline-ADR-PNMT_SLC18A2_ADRB3	PMID: 29733063_HMRbase;reactome					CellChatDB v2
Dbh+Slc18a1	Adrb3	Noradrenaline	1.0	Non-protein Signaling	CellChatDB	Noradrenaline-NE-DBH_SLC18A1_ADRB3	PMID: 29733063_HMRbase;reactome					CellChatDB v2
Dbh+Slc18a2	Adrb3	Noradrenaline	1.0	Non-protein Signaling	CellChatDB	Noradrenaline-NE-DBH_SLC18A2_ADRB3	PMID: 29733063_HMRbase;reactome					CellChatDB v2
Dbh+Slc6a2	Adrb3	Noradrenaline	1.0	Non-protein Signaling	CellChatDB	Noradrenaline-NE-DBH_SLC6A2_ADRB3	PMID: 29733063_HMRbase;reactome					CellChatDB v2
Agt	Agtr2	AGT	1.0	Secreted Signaling	CellChatDB	AGT_AGTR2	PMID: 20606419					CellChatDB v2
Slc10a4+Chat	Chrm1	Ach	1.0	Non-protein Signaling	CellChatDB	Acetylcholine-Ach-CHAT_SLC10A4_CHRM1	PMID: 33674322;PMID: 25176177					CellChatDB v2
Slc18a3+Chat	Chrm1	Ach	1.0	Non-protein Signaling	CellChatDB	Acetylcholine-Ach-CHAT_SLC18A3_CHRM1	PMID: 33674322;PMID: 25176177					CellChatDB v2
Slc5a7+Chat	Chrm1	Ach	1.0	Non-protein Signaling	CellChatDB	Acetylcholine-Ach-CHAT_SLC5A7_CHRM1	PMID: 33674322;PMID: 25176177					CellChatDB v2
Slc10a4+Chat	Chrm2	Ach	1.0	Non-protein Signaling	CellChatDB	Acetylcholine-Ach-CHAT_SLC10A4_CHRM2	PMID: 33674322;PMID: 25176177					CellChatDB v2
Slc18a3+Chat	Chrm2	Ach	1.0	Non-protein Signaling	CellChatDB	Acetylcholine-Ach-CHAT_SLC18A3_CHRM2	PMID: 33674322;PMID: 25176177					CellChatDB v2
Slc5a7+Chat	Chrm2	Ach	1.0	Non-protein Signaling	CellChatDB	Acetylcholine-Ach-CHAT_SLC5A7_CHRM2	PMID: 33674322;PMID: 25176177					CellChatDB v2
Slc10a4+Chat	Chrm3	Ach	1.0	Non-protein Signaling	CellChatDB	Acetylcholine-Ach-CHAT_SLC10A4_CHRM3	PMID: 33674322;PMID: 25176177					CellChatDB v2
Slc18a3+Chat	Chrm3	Ach	1.0	Non-protein Signaling	CellChatDB	Acetylcholine-Ach-CHAT_SLC18A3_CHRM3	PMID: 33674322;PMID: 25176177					CellChatDB v2
Slc5a7+Chat	Chrm3	Ach	1.0	Non-protein Signaling	CellChatDB	Acetylcholine-Ach-CHAT_SLC5A7_CHRM3	PMID: 33674322;PMID: 25176177					CellChatDB v2
Slc10a4+Chat	Chrm4	Ach	1.0	Non-protein Signaling	CellChatDB	Acetylcholine-Ach-CHAT_SLC10A4_CHRM4	PMID: 33674322;PMID: 25176177					CellChatDB v2
Slc18a3+Chat	Chrm4	Ach	1.0	Non-protein Signaling	CellChatDB	Acetylcholine-Ach-CHAT_SLC18A3_CHRM4	PMID: 33674322;PMID: 25176177					CellChatDB v2
Slc5a7+Chat	Chrm4	Ach	1.0	Non-protein Signaling	CellChatDB	Acetylcholine-Ach-CHAT_SLC5A7_CHRM4	PMID: 33674322;PMID: 25176177					CellChatDB v2
Slc10a4+Chat	Chrm5	Ach	1.0	Non-protein Signaling	CellChatDB	Acetylcholine-Ach-CHAT_SLC10A4_CHRM5	PMID: 33674322;PMID: 25176177					CellChatDB v2
Slc18a3+Chat	Chrm5	Ach	1.0	Non-protein Signaling	CellChatDB	Acetylcholine-Ach-CHAT_SLC18A3_CHRM5	PMID: 33674322;PMID: 25176177					CellChatDB v2
Slc5a7+Chat	Chrm5	Ach	1.0	Non-protein Signaling	CellChatDB	Acetylcholine-Ach-CHAT_SLC5A7_CHRM5	PMID: 33674322;PMID: 25176177					CellChatDB v2
Nrxn1	Clstn1	NRXN	1.0	Cell-Cell Contact	CellChatDB	NRXN1_CLSTN1	PMID: 32434929					CellChatDB v2
Nrxn2	Clstn1	NRXN	1.0	Cell-Cell Contact	CellChatDB	NRXN2_CLSTN1	PMID: 32434929					CellChatDB v2
Nrxn1	Clstn2	NRXN	1.0	Cell-Cell Contact	CellChatDB	NRXN1_CLSTN2	PMID: 32434929					CellChatDB v2
Nrxn2	Clstn2	NRXN	1.0	Cell-Cell Contact	CellChatDB	NRXN2_CLSTN2	PMID: 32434929					CellChatDB v2
Nrxn1	Clstn3	NRXN	1.0	Cell-Cell Contact	CellChatDB	NRXN1_CLSTN3	PMID: 32434929					CellChatDB v2
Nrxn2	Clstn3	NRXN	1.0	Cell-Cell Contact	CellChatDB	NRXN2_CLSTN3	PMID: 32434929					CellChatDB v2
Alox5ap+Alox5+Ltc4s+Akr1c6+Akr1c18	Cysltr1	CysLTs	1.0	Non-protein Signaling	CellChatDB	LTC4-LTC4S_CYSLTR1	PMID:33753496					CellChatDB v2
Ggt1+Ggt5	Cysltr1	CysLTs	1.0	Non-protein Signaling	CellChatDB	LTD4-GGT1_CYSLTR1	PMID:33753496					CellChatDB v2
Dpep1	Cysltr1	CysLTs	1.0	Non-protein Signaling	CellChatDB	LTE4-DPEP1_CYSLTR1	PMID:33753496					CellChatDB v2
Dpep2	Cysltr1	CysLTs	1.0	Non-protein Signaling	CellChatDB	LTE4-DPEP2_CYSLTR1	PMID:33753496					CellChatDB v2
Dpep3	Cysltr1	CysLTs	1.0	Non-protein Signaling	CellChatDB	LTE4-DPEP3_CYSLTR1	PMID:33753496					CellChatDB v2
Alox5ap+Alox5+Ltc4s+Akr1c6+Akr1c18	Cysltr2	CysLTs	1.0	Non-protein Signaling	CellChatDB	LTC4-LTC4S_CYSLTR2	PMID:33753496					CellChatDB v2
Ggt1+Ggt5	Cysltr2	CysLTs	1.0	Non-protein Signaling	CellChatDB	LTD4-GGT1_CYSLTR2	PMID:33753496					CellChatDB v2
Dpep1	Cysltr2	CysLTs	1.0	Non-protein Signaling	CellChatDB	LTE4-DPEP1_CYSLTR2	PMID:33753496					CellChatDB v2
Dpep2	Cysltr2	CysLTs	1.0	Non-protein Signaling	CellChatDB	LTE4-DPEP2_CYSLTR2	PMID:33753496					CellChatDB v2
Dpep3	Cysltr2	CysLTs	1.0	Non-protein Signaling	CellChatDB	LTE4-DPEP3_CYSLTR2	PMID:33753496					CellChatDB v2
Nrxn1	Dag1	NRXN	1.0	Cell-Cell Contact	CellChatDB	NRXN1_DAG1	PMID: 21628410					CellChatDB v2
Nrxn2	Dag1	NRXN	1.0	Cell-Cell Contact	CellChatDB	NRXN2_DAG1	PMID: 21628410					CellChatDB v2
Ddc+Slc18a1	Drd1	Dopamine	1.0	Non-protein Signaling	CellChatDB	Dopamine-DOPA-DDC_SLC18A1_DRD1	PMID: 33750903;PMID: 35679960;PMID: 15521361					CellChatDB v2
Ddc+Slc18a2	Drd1	Dopamine	1.0	Non-protein Signaling	CellChatDB	Dopamine-DOPA-DDC_SLC18A2_DRD1	PMID: 33750903;PMID: 35679960;PMID: 15521361					CellChatDB v2
Ddc+Slc6a3	Drd1	Dopamine	1.0	Non-protein Signaling	CellChatDB	Dopamine-DOPA-DDC_SLC6A3_DRD1	PMID: 33750903;PMID: 35679960;PMID: 15521361					CellChatDB v2
Ddc+Slc18a1	Drd2	Dopamine	1.0	Non-protein Signaling	CellChatDB	Dopamine-DOPA-DDC_SLC18A1_DRD2	PMID: 33750903;PMID: 35679960;PMID: 15521361					CellChatDB v2
Ddc+Slc18a2	Drd2	Dopamine	1.0	Non-protein Signaling	CellChatDB	Dopamine-DOPA-DDC_SLC18A2_DRD2	PMID: 33750903;PMID: 35679960;PMID: 15521361					CellChatDB v2
Ddc+Slc6a3	Drd2	Dopamine	1.0	Non-protein Signaling	CellChatDB	Dopamine-DOPA-DDC_SLC6A3_DRD2	PMID: 33750903;PMID: 35679960;PMID: 15521361					CellChatDB v2
Ddc+Slc18a1	Drd3	Dopamine	1.0	Non-protein Signaling	CellChatDB	Dopamine-DOPA-DDC_SLC18A1_DRD3	PMID: 33750903;PMID: 35679960;PMID: 15521361					CellChatDB v2
Ddc+Slc18a2	Drd3	Dopamine	1.0	Non-protein Signaling	CellChatDB	Dopamine-DOPA-DDC_SLC18A2_DRD3	PMID: 33750903;PMID: 35679960;PMID: 15521361					CellChatDB v2
Ddc+Slc6a3	Drd3	Dopamine	1.0	Non-protein Signaling	CellChatDB	Dopamine-DOPA-DDC_SLC6A3_DRD3	PMID: 33750903;PMID: 35679960;PMID: 15521361					CellChatDB v2
Ddc+Slc18a1	Drd4	Dopamine	1.0	Non-protein Signaling	CellChatDB	Dopamine-DOPA-DDC_SLC18A1_DRD4	PMID: 33750903;PMID: 35679960;PMID: 15521361					CellChatDB v2
Ddc+Slc18a2	Drd4	Dopamine	1.0	Non-protein Signaling	CellChatDB	Dopamine-DOPA-DDC_SLC18A2_DRD4	PMID: 33750903;PMID: 35679960;PMID: 15521361					CellChatDB v2
Ddc+Slc6a3	Drd4	Dopamine	1.0	Non-protein Signaling	CellChatDB	Dopamine-DOPA-DDC_SLC6A3_DRD4	PMID: 33750903;PMID: 35679960;PMID: 15521361					CellChatDB v2
Ddc+Slc18a1	Drd5	Dopamine	1.0	Non-protein Signaling	CellChatDB	Dopamine-DOPA-DDC_SLC18A1_DRD5	PMID: 33750903;PMID: 35679960;PMID: 15521361					CellChatDB v2
Ddc+Slc18a2	Drd5	Dopamine	1.0	Non-protein Signaling	CellChatDB	Dopamine-DOPA-DDC_SLC18A2_DRD5	PMID: 33750903;PMID: 35679960;PMID: 15521361					CellChatDB v2
Ddc+Slc6a3	Drd5	Dopamine	1.0	Non-protein Signaling	CellChatDB	Dopamine-DOPA-DDC_SLC6A3_DRD5	PMID: 33750903;PMID: 35679960;PMID: 15521361					CellChatDB v2
Tafa4	Fpr1	TAFA	1.0	Secreted Signaling	CellChatDB	TAFA4_FPR1	PMID: 35712659;PMID: 35712659					CellChatDB v2
Ctsg	Fpr1	CTSG	1.0	Secreted Signaling	CellChatDB	CTSG_FPR1	PMID: 26516201					CellChatDB v2
Alox12	Fpr-rs7	LXA4	1.0	Non-protein Signaling	CellChatDB	LipoxinA4-ALOX12_FPR-RS7	PMID: 33082511					CellChatDB v2
Alox12	Fpr-rs6	LXA4	1.0	Non-protein Signaling	CellChatDB	LipoxinA4-ALOX12_FPR-RS6	PMID: 33082511					CellChatDB v2
Alox12	Fpr3	LXA4	1.0	Non-protein Signaling	CellChatDB	LipoxinA4-ALOX12_FPR3	PMID: 33082511					CellChatDB v2
Alox12	Fpr-rs4	LXA4	1.0	Non-protein Signaling	CellChatDB	LipoxinA4-ALOX12_FPR-RS4	PMID: 33082511					CellChatDB v2
Alox12	Fpr-rs3	LXA4	1.0	Non-protein Signaling	CellChatDB	LipoxinA4-ALOX12_FPR-RS3	PMID: 33082511					CellChatDB v2
Alox12	Fpr2	LXA4	1.0	Non-protein Signaling	CellChatDB	LipoxinA4-ALOX12_FPR2	PMID: 33082511					CellChatDB v2
Alox5+Alox5ap+Ltc4s	Fpr-rs7	LXA4	1.0	Non-protein Signaling	CellChatDB	LipoxinA4-ALOX5_FPR-RS7	PMID: 33082511					CellChatDB v2
Alox5+Alox5ap+Ltc4s	Fpr-rs6	LXA4	1.0	Non-protein Signaling	CellChatDB	LipoxinA4-ALOX5_FPR-RS6	PMID: 33082511					CellChatDB v2
Alox5+Alox5ap+Ltc4s	Fpr3	LXA4	1.0	Non-protein Signaling	CellChatDB	LipoxinA4-ALOX5_FPR3	PMID: 33082511					CellChatDB v2
Alox5+Alox5ap+Ltc4s	Fpr-rs4	LXA4	1.0	Non-protein Signaling	CellChatDB	LipoxinA4-ALOX5_FPR-RS4	PMID: 33082511					CellChatDB v2
Alox5+Alox5ap+Ltc4s	Fpr-rs3	LXA4	1.0	Non-protein Signaling	CellChatDB	LipoxinA4-ALOX5_FPR-RS3	PMID: 33082511					CellChatDB v2
Alox5+Alox5ap+Ltc4s	Fpr2	LXA4	1.0	Non-protein Signaling	CellChatDB	LipoxinA4-ALOX5_FPR2	PMID: 33082511					CellChatDB v2
Anxa1	Fpr-rs7	ANNEXIN	1.0	Secreted Signaling	CellChatDB	ANXA1_FPR-RS7	PMID: 33082511					CellChatDB v2
Anxa1	Fpr-rs6	ANNEXIN	1.0	Secreted Signaling	CellChatDB	ANXA1_FPR-RS6	PMID: 33082511					CellChatDB v2
Anxa1	Fpr3	ANNEXIN	1.0	Secreted Signaling	CellChatDB	ANXA1_FPR3	PMID: 33082511					CellChatDB v2
Anxa1	Fpr-rs4	ANNEXIN	1.0	Secreted Signaling	CellChatDB	ANXA1_FPR-RS4	PMID: 33082511					CellChatDB v2
Anxa1	Fpr-rs3	ANNEXIN	1.0	Secreted Signaling	CellChatDB	ANXA1_FPR-RS3	PMID: 33082511					CellChatDB v2
Slc32a1+Gad1	Gabbr1	GABA-B	1.0	Non-protein Signaling	CellChatDB	GABA-B-GAD1_SLC32A1_GABBR1	PMID: 32871173;PMID: 30541966					CellChatDB v2
Slc6a1+Gad1	Gabbr1	GABA-B	1.0	Non-protein Signaling	CellChatDB	GABA-B-GAD1_SLC6A1_GABBR1	PMID: 32871173;PMID: 30541966					CellChatDB v2
Slc6a11+Gad1	Gabbr1	GABA-B	1.0	Non-protein Signaling	CellChatDB	GABA-B-GAD1_SLC6A11_GABBR1	PMID: 32871173;PMID: 30541966					CellChatDB v2
Slc6a12+Gad1	Gabbr1	GABA-B	1.0	Non-protein Signaling	CellChatDB	GABA-B-GAD1_SLC6A12_GABBR1	PMID: 32871173;PMID: 30541966					CellChatDB v2
Slc6a13+Gad1	Gabbr1	GABA-B	1.0	Non-protein Signaling	CellChatDB	GABA-B-GAD1_SLC6A13_GABBR1	PMID: 32871173;PMID: 30541966					CellChatDB v2
Slc6a6+Gad1	Gabbr1	GABA-B	1.0	Non-protein Signaling	CellChatDB	GABA-B-GAD1_SLC6A6_GABBR1	PMID: 32871173;PMID: 30541966					CellChatDB v2
Slc6a8+Gad1	Gabbr1	GABA-B	1.0	Non-protein Signaling	CellChatDB	GABA-B-GAD1_SLC6A8_GABBR1	PMID: 32871173;PMID: 30541966					CellChatDB v2
Slc32a1+Gad2	Gabbr1	GABA-B	1.0	Non-protein Signaling	CellChatDB	GABA-B-GAD2_SLC32A1_GABBR1	PMID: 32871173;PMID: 30541966					CellChatDB v2
Slc6a1+Gad2	Gabbr1	GABA-B	1.0	Non-protein Signaling	CellChatDB	GABA-B-GAD2_SLC6A1_GABBR1	PMID: 32871173;PMID: 30541966					CellChatDB v2
Slc6a11+Gad2	Gabbr1	GABA-B	1.0	Non-protein Signaling	CellChatDB	GABA-B-GAD2_SLC6A11_GABBR1	PMID: 32871173;PMID: 30541966					CellChatDB v2
Slc6a12+Gad2	Gabbr1	GABA-B	1.0	Non-protein Signaling	CellChatDB	GABA-B-GAD2_SLC6A12_GABBR1	PMID: 32871173;PMID: 30541966					CellChatDB v2
Slc6a13+Gad2	Gabbr1	GABA-B	1.0	Non-protein Signaling	CellChatDB	GABA-B-GAD2_SLC6A13_GABBR1	PMID: 32871173;PMID: 30541966					CellChatDB v2
Slc6a6+Gad2	Gabbr1	GABA-B	1.0	Non-protein Signaling	CellChatDB	GABA-B-GAD2_SLC6A6_GABBR1	PMID: 32871173;PMID: 30541966					CellChatDB v2
Slc6a8+Gad2	Gabbr1	GABA-B	1.0	Non-protein Signaling	CellChatDB	GABA-B-GAD2_SLC6A8_GABBR1	PMID: 32871173;PMID: 30541966					CellChatDB v2
Slc32a1+Gad1	Gabbr2	GABA-B	1.0	Non-protein Signaling	CellChatDB	GABA-B-GAD1_SLC32A1_GABBR2	PMID: 32871173;PMID: 30541966					CellChatDB v2
Slc6a1+Gad1	Gabbr2	GABA-B	1.0	Non-protein Signaling	CellChatDB	GABA-B-GAD1_SLC6A1_GABBR2	PMID: 32871173;PMID: 30541966					CellChatDB v2
Slc6a11+Gad1	Gabbr2	GABA-B	1.0	Non-protein Signaling	CellChatDB	GABA-B-GAD1_SLC6A11_GABBR2	PMID: 32871173;PMID: 30541966					CellChatDB v2
Slc6a12+Gad1	Gabbr2	GABA-B	1.0	Non-protein Signaling	CellChatDB	GABA-B-GAD1_SLC6A12_GABBR2	PMID: 32871173;PMID: 30541966					CellChatDB v2
Slc6a13+Gad1	Gabbr2	GABA-B	1.0	Non-protein Signaling	CellChatDB	GABA-B-GAD1_SLC6A13_GABBR2	PMID: 32871173;PMID: 30541966					CellChatDB v2
Slc6a6+Gad1	Gabbr2	GABA-B	1.0	Non-protein Signaling	CellChatDB	GABA-B-GAD1_SLC6A6_GABBR2	PMID: 32871173;PMID: 30541966					CellChatDB v2
Slc6a8+Gad1	Gabbr2	GABA-B	1.0	Non-protein Signaling	CellChatDB	GABA-B-GAD1_SLC6A8_GABBR2	PMID: 32871173;PMID: 30541966					CellChatDB v2
Slc32a1+Gad2	Gabbr2	GABA-B	1.0	Non-protein Signaling	CellChatDB	GABA-B-GAD2_SLC32A1_GABBR2	PMID: 32871173;PMID: 30541966					CellChatDB v2
Slc6a1+Gad2	Gabbr2	GABA-B	1.0	Non-protein Signaling	CellChatDB	GABA-B-GAD2_SLC6A1_GABBR2	PMID: 32871173;PMID: 30541966					CellChatDB v2
Slc6a11+Gad2	Gabbr2	GABA-B	1.0	Non-protein Signaling	CellChatDB	GABA-B-GAD2_SLC6A11_GABBR2	PMID: 32871173;PMID: 30541966					CellChatDB v2
Slc6a12+Gad2	Gabbr2	GABA-B	1.0	Non-protein Signaling	CellChatDB	GABA-B-GAD2_SLC6A12_GABBR2	PMID: 32871173;PMID: 30541966					CellChatDB v2
Slc6a13+Gad2	Gabbr2	GABA-B	1.0	Non-protein Signaling	CellChatDB	GABA-B-GAD2_SLC6A13_GABBR2	PMID: 32871173;PMID: 30541966					CellChatDB v2
Slc6a6+Gad2	Gabbr2	GABA-B	1.0	Non-protein Signaling	CellChatDB	GABA-B-GAD2_SLC6A6_GABBR2	PMID: 32871173;PMID: 30541966					CellChatDB v2
Slc6a8+Gad2	Gabbr2	GABA-B	1.0	Non-protein Signaling	CellChatDB	GABA-B-GAD2_SLC6A8_GABBR2	PMID: 32871173;PMID: 30541966					CellChatDB v2
Galp	Galr3	GALANIN	1.0	Secreted Signaling	CellChatDB	GALP_GALR3	PMID: 23233848					CellChatDB v2
Slc17a6+Gls	Gria1	Glutamate	1.0	Non-protein Signaling	CellChatDB	Glutamate-Glu-SLC17A6_GLS_GRIA1	PMID: 24155668;PMID: 14612154					CellChatDB v2
Slc17a7+Gls	Gria1	Glutamate	1.0	Non-protein Signaling	CellChatDB	Glutamate-Glu-SLC17A7_GLS_GRIA1	PMID: 24155668;PMID: 14612154					CellChatDB v2
Slc17a8+Gls	Gria1	Glutamate	1.0	Non-protein Signaling	CellChatDB	Glutamate-Glu-SLC17A8_GLS_GRIA1	PMID: 24155668;PMID: 14612154					CellChatDB v2
Slc1a1+Gls	Gria1	Glutamate	1.0	Non-protein Signaling	CellChatDB	Glutamate-Glu-SLC1A1_GLS_GRIA1	PMID: 24155668;PMID: 14612154					CellChatDB v2
Slc1a2+Gls	Gria1	Glutamate	1.0	Non-protein Signaling	CellChatDB	Glutamate-Glu-SLC1A2_GLS_GRIA1	PMID: 24155668;PMID: 14612154					CellChatDB v2
Slc1a3+Gls	Gria1	Glutamate	1.0	Non-protein Signaling	CellChatDB	Glutamate-Glu-SLC1A3_GLS_GRIA1	PMID: 24155668;PMID: 14612154					CellChatDB v2
Slc1a6+Gls	Gria1	Glutamate	1.0	Non-protein Signaling	CellChatDB	Glutamate-Glu-SLC1A6_GLS_GRIA1	PMID: 24155668;PMID: 14612154					CellChatDB v2
Slc1a7+Gls	Gria1	Glutamate	1.0	Non-protein Signaling	CellChatDB	Glutamate-Glu-SLC1A7_GLS_GRIA1	PMID: 24155668;PMID: 14612154					CellChatDB v2
Slc17a6+Gls2	Gria1	Glutamate	1.0	Non-protein Signaling	CellChatDB	Glutamate-Glu-SLC17A6_GLS2_GRIA1	PMID: 24155668;PMID: 14612154					CellChatDB v2
Slc17a7+Gls2	Gria1	Glutamate	1.0	Non-protein Signaling	CellChatDB	Glutamate-Glu-SLC17A7_GLS2_GRIA1	PMID: 24155668;PMID: 14612154					CellChatDB v2
Slc17a8+Gls2	Gria1	Glutamate	1.0	Non-protein Signaling	CellChatDB	Glutamate-Glu-SLC17A8_GLS2_GRIA1	PMID: 24155668;PMID: 14612154					CellChatDB v2
Slc1a1+Gls2	Gria1	Glutamate	1.0	Non-protein Signaling	CellChatDB	Glutamate-Glu-SLC1A1_GLS2_GRIA1	PMID: 24155668;PMID: 14612154					CellChatDB v2
Slc1a2+Gls2	Gria1	Glutamate	1.0	Non-protein Signaling	CellChatDB	Glutamate-Glu-SLC1A2_GLS2_GRIA1	PMID: 24155668;PMID: 14612154					CellChatDB v2
Slc1a3+Gls2	Gria1	Glutamate	1.0	Non-protein Signaling	CellChatDB	Glutamate-Glu-SLC1A3_GLS2_GRIA1	PMID: 24155668;PMID: 14612154					CellChatDB v2
Slc1a6+Gls2	Gria1	Glutamate	1.0	Non-protein Signaling	CellChatDB	Glutamate-Glu-SLC1A6_GLS2_GRIA1	PMID: 24155668;PMID: 14612154					CellChatDB v2
Slc1a7+Gls2	Gria1	Glutamate	1.0	Non-protein Signaling	CellChatDB	Glutamate-Glu-SLC1A7_GLS2_GRIA1	PMID: 24155668;PMID: 14612154					CellChatDB v2
Slc17a6+Gls	Gria2	Glutamate	1.0	Non-protein Signaling	CellChatDB	Glutamate-Glu-SLC17A6_GLS_GRIA2	PMID: 24155668;PMID: 14612154					CellChatDB v2
Slc17a7+Gls	Gria2	Glutamate	1.0	Non-protein Signaling	CellChatDB	Glutamate-Glu-SLC17A7_GLS_GRIA2	PMID: 24155668;PMID: 14612154					CellChatDB v2
Slc17a8+Gls	Gria2	Glutamate	1.0	Non-protein Signaling	CellChatDB	Glutamate-Glu-SLC17A8_GLS_GRIA2	PMID: 24155668;PMID: 14612154					CellChatDB v2
Slc1a1+Gls	Gria2	Glutamate	1.0	Non-protein Signaling	CellChatDB	Glutamate-Glu-SLC1A1_GLS_GRIA2	PMID: 24155668;PMID: 14612154					CellChatDB v2
Slc1a2+Gls	Gria2	Glutamate	1.0	Non-protein Signaling	CellChatDB	Glutamate-Glu-SLC1A2_GLS_GRIA2	PMID: 24155668;PMID: 14612154					CellChatDB v2
Slc1a3+Gls	Gria2	Glutamate	1.0	Non-protein Signaling	CellChatDB	Glutamate-Glu-SLC1A3_GLS_GRIA2	PMID: 24155668;PMID: 14612154					CellChatDB v2
Slc1a6+Gls	Gria2	Glutamate	1.0	Non-protein Signaling	CellChatDB	Glutamate-Glu-SLC1A6_GLS_GRIA2	PMID: 24155668;PMID: 14612154					CellChatDB v2
Slc1a7+Gls	Gria2	Glutamate	1.0	Non-protein Signaling	CellChatDB	Glutamate-Glu-SLC1A7_GLS_GRIA2	PMID: 24155668;PMID: 14612154					CellChatDB v2
Slc17a6+Gls2	Gria2	Glutamate	1.0	Non-protein Signaling	CellChatDB	Glutamate-Glu-SLC17A6_GLS2_GRIA2	PMID: 24155668;PMID: 14612154					CellChatDB v2
Slc17a7+Gls2	Gria2	Glutamate	1.0	Non-protein Signaling	CellChatDB	Glutamate-Glu-SLC17A7_GLS2_GRIA2	PMID: 24155668;PMID: 14612154					CellChatDB v2
Slc17a8+Gls2	Gria2	Glutamate	1.0	Non-protein Signaling	CellChatDB	Glutamate-Glu-SLC17A8_GLS2_GRIA2	PMID: 24155668;PMID: 14612154					CellChatDB v2
Slc1a1+Gls2	Gria2	Glutamate	1.0	Non-protein Signaling	CellChatDB	Glutamate-Glu-SLC1A1_GLS2_GRIA2	PMID: 24155668;PMID: 14612154					CellChatDB v2
Slc1a2+Gls2	Gria2	Glutamate	1.0	Non-protein Signaling	CellChatDB	Glutamate-Glu-SLC1A2_GLS2_GRIA2	PMID: 24155668;PMID: 14612154					CellChatDB v2
Slc1a3+Gls2	Gria2	Glutamate	1.0	Non-protein Signaling	CellChatDB	Glutamate-Glu-SLC1A3_GLS2_GRIA2	PMID: 24155668;PMID: 14612154					CellChatDB v2
Slc1a6+Gls2	Gria2	Glutamate	1.0	Non-protein Signaling	CellChatDB	Glutamate-Glu-SLC1A6_GLS2_GRIA2	PMID: 24155668;PMID: 14612154					CellChatDB v2
Slc1a7+Gls2	Gria2	Glutamate	1.0	Non-protein Signaling	CellChatDB	Glutamate-Glu-SLC1A7_GLS2_GRIA2	PMID: 24155668;PMID: 14612154					CellChatDB v2
Slc17a6+Gls	Gria3	Glutamate	1.0	Non-protein Signaling	CellChatDB	Glutamate-Glu-SLC17A6_GLS_GRIA3	PMID: 24155668;PMID: 14612154					CellChatDB v2
Slc17a7+Gls	Gria3	Glutamate	1.0	Non-protein Signaling	CellChatDB	Glutamate-Glu-SLC17A7_GLS_GRIA3	PMID: 24155668;PMID: 14612154					CellChatDB v2
Slc17a8+Gls	Gria3	Glutamate	1.0	Non-protein Signaling	CellChatDB	Glutamate-Glu-SLC17A8_GLS_GRIA3	PMID: 24155668;PMID: 14612154					CellChatDB v2
Slc1a1+Gls	Gria3	Glutamate	1.0	Non-protein Signaling	CellChatDB	Glutamate-Glu-SLC1A1_GLS_GRIA3	PMID: 24155668;PMID: 14612154					CellChatDB v2
Slc1a2+Gls	Gria3	Glutamate	1.0	Non-protein Signaling	CellChatDB	Glutamate-Glu-SLC1A2_GLS_GRIA3	PMID: 24155668;PMID: 14612154					CellChatDB v2
Slc1a3+Gls	Gria3	Glutamate	1.0	Non-protein Signaling	CellChatDB	Glutamate-Glu-SLC1A3_GLS_GRIA3	PMID: 24155668;PMID: 14612154					CellChatDB v2
Slc1a6+Gls	Gria3	Glutamate	1.0	Non-protein Signaling	CellChatDB	Glutamate-Glu-SLC1A6_GLS_GRIA3	PMID: 24155668;PMID: 14612154					CellChatDB v2
Slc1a7+Gls	Gria3	Glutamate	1.0	Non-protein Signaling	CellChatDB	Glutamate-Glu-SLC1A7_GLS_GRIA3	PMID: 24155668;PMID: 14612154					CellChatDB v2
Slc17a6+Gls2	Gria3	Glutamate	1.0	Non-protein Signaling	CellChatDB	Glutamate-Glu-SLC17A6_GLS2_GRIA3	PMID: 24155668;PMID: 14612154					CellChatDB v2
Slc17a7+Gls2	Gria3	Glutamate	1.0	Non-protein Signaling	CellChatDB	Glutamate-Glu-SLC17A7_GLS2_GRIA3	PMID: 24155668;PMID: 14612154					CellChatDB v2
Slc17a8+Gls2	Gria3	Glutamate	1.0	Non-protein Signaling	CellChatDB	Glutamate-Glu-SLC17A8_GLS2_GRIA3	PMID: 24155668;PMID: 14612154					CellChatDB v2
Slc1a1+Gls2	Gria3	Glutamate	1.0	Non-protein Signaling	CellChatDB	Glutamate-Glu-SLC1A1_GLS2_GRIA3	PMID: 24155668;PMID: 14612154					CellChatDB v2
Slc1a2+Gls2	Gria3	Glutamate	1.0	Non-protein Signaling	CellChatDB	Glutamate-Glu-SLC1A2_GLS2_GRIA3	PMID: 24155668;PMID: 14612154					CellChatDB v2
Slc1a3+Gls2	Gria3	Glutamate	1.0	Non-protein Signaling	CellChatDB	Glutamate-Glu-SLC1A3_GLS2_GRIA3	PMID: 24155668;PMID: 14612154					CellChatDB v2
Slc1a6+Gls2	Gria3	Glutamate	1.0	Non-protein Signaling	CellChatDB	Glutamate-Glu-SLC1A6_GLS2_GRIA3	PMID: 24155668;PMID: 14612154					CellChatDB v2
Slc1a7+Gls2	Gria3	Glutamate	1.0	Non-protein Signaling	CellChatDB	Glutamate-Glu-SLC1A7_GLS2_GRIA3	PMID: 24155668;PMID: 14612154					CellChatDB v2
Slc17a6+Gls	Gria4	Glutamate	1.0	Non-protein Signaling	CellChatDB	Glutamate-Glu-SLC17A6_GLS_GRIA4	PMID: 24155668;PMID: 14612154					CellChatDB v2
Slc17a7+Gls	Gria4	Glutamate	1.0	Non-protein Signaling	CellChatDB	Glutamate-Glu-SLC17A7_GLS_GRIA4	PMID: 24155668;PMID: 14612154					CellChatDB v2
Slc17a8+Gls	Gria4	Glutamate	1.0	Non-protein Signaling	CellChatDB	Glutamate-Glu-SLC17A8_GLS_GRIA4	PMID: 24155668;PMID: 14612154					CellChatDB v2
Slc1a1+Gls	Gria4	Glutamate	1.0	Non-protein Signaling	CellChatDB	Glutamate-Glu-SLC1A1_GLS_GRIA4	PMID: 24155668;PMID: 14612154					CellChatDB v2
Slc1a2+Gls	Gria4	Glutamate	1.0	Non-protein Signaling	CellChatDB	Glutamate-Glu-SLC1A2_GLS_GRIA4	PMID: 24155668;PMID: 14612154					CellChatDB v2
Slc1a3+Gls	Gria4	Glutamate	1.0	Non-protein Signaling	CellChatDB	Glutamate-Glu-SLC1A3_GLS_GRIA4	PMID: 24155668;PMID: 14612154					CellChatDB v2
Slc1a6+Gls	Gria4	Glutamate	1.0	Non-protein Signaling	CellChatDB	Glutamate-Glu-SLC1A6_GLS_GRIA4	PMID: 24155668;PMID: 14612154					CellChatDB v2
Slc1a7+Gls	Gria4	Glutamate	1.0	Non-protein Signaling	CellChatDB	Glutamate-Glu-SLC1A7_GLS_GRIA4	PMID: 24155668;PMID: 14612154					CellChatDB v2
Slc17a6+Gls2	Gria4	Glutamate	1.0	Non-protein Signaling	CellChatDB	Glutamate-Glu-SLC17A6_GLS2_GRIA4	PMID: 24155668;PMID: 14612154					CellChatDB v2
Slc17a7+Gls2	Gria4	Glutamate	1.0	Non-protein Signaling	CellChatDB	Glutamate-Glu-SLC17A7_GLS2_GRIA4	PMID: 24155668;PMID: 14612154					CellChatDB v2
Slc17a8+Gls2	Gria4	Glutamate	1.0	Non-protein Signaling	CellChatDB	Glutamate-Glu-SLC17A8_GLS2_GRIA4	PMID: 24155668;PMID: 14612154					CellChatDB v2
Slc1a1+Gls2	Gria4	Glutamate	1.0	Non-protein Signaling	CellChatDB	Glutamate-Glu-SLC1A1_GLS2_GRIA4	PMID: 24155668;PMID: 14612154					CellChatDB v2
Slc1a2+Gls2	Gria4	Glutamate	1.0	Non-protein Signaling	CellChatDB	Glutamate-Glu-SLC1A2_GLS2_GRIA4	PMID: 24155668;PMID: 14612154					CellChatDB v2
Slc1a3+Gls2	Gria4	Glutamate	1.0	Non-protein Signaling	CellChatDB	Glutamate-Glu-SLC1A3_GLS2_GRIA4	PMID: 24155668;PMID: 14612154					CellChatDB v2
Slc1a6+Gls2	Gria4	Glutamate	1.0	Non-protein Signaling	CellChatDB	Glutamate-Glu-SLC1A6_GLS2_GRIA4	PMID: 24155668;PMID: 14612154					CellChatDB v2
Slc1a7+Gls2	Gria4	Glutamate	1.0	Non-protein Signaling	CellChatDB	Glutamate-Glu-SLC1A7_GLS2_GRIA4	PMID: 24155668;PMID: 14612154					CellChatDB v2
Nrxn1+Cbln1	Grid2	Glutamate	1.0	Non-protein Signaling	CellChatDB	Glutamate-Glu-NRXN1_CBLN1_GRID2	PMID: 24155668;PMID: 14612154					CellChatDB v2
Slc17a6+Gls	Grik1	Glutamate	1.0	Non-protein Signaling	CellChatDB	Glutamate-Glu-SLC17A6_GLS_GRIK1	PMID: 24155668;PMID: 14612154					CellChatDB v2
Slc17a7+Gls	Grik1	Glutamate	1.0	Non-protein Signaling	CellChatDB	Glutamate-Glu-SLC17A7_GLS_GRIK1	PMID: 24155668;PMID: 14612154					CellChatDB v2
Slc17a8+Gls	Grik1	Glutamate	1.0	Non-protein Signaling	CellChatDB	Glutamate-Glu-SLC17A8_GLS_GRIK1	PMID: 24155668;PMID: 14612154					CellChatDB v2
Slc1a1+Gls	Grik1	Glutamate	1.0	Non-protein Signaling	CellChatDB	Glutamate-Glu-SLC1A1_GLS_GRIK1	PMID: 24155668;PMID: 14612154					CellChatDB v2
Slc1a2+Gls	Grik1	Glutamate	1.0	Non-protein Signaling	CellChatDB	Glutamate-Glu-SLC1A2_GLS_GRIK1	PMID: 24155668;PMID: 14612154					CellChatDB v2
Slc1a3+Gls	Grik1	Glutamate	1.0	Non-protein Signaling	CellChatDB	Glutamate-Glu-SLC1A3_GLS_GRIK1	PMID: 24155668;PMID: 14612154					CellChatDB v2
Slc1a6+Gls	Grik1	Glutamate	1.0	Non-protein Signaling	CellChatDB	Glutamate-Glu-SLC1A6_GLS_GRIK1	PMID: 24155668;PMID: 14612154					CellChatDB v2
Slc1a7+Gls	Grik1	Glutamate	1.0	Non-protein Signaling	CellChatDB	Glutamate-Glu-SLC1A7_GLS_GRIK1	PMID: 24155668;PMID: 14612154					CellChatDB v2
Slc17a6+Gls2	Grik1	Glutamate	1.0	Non-protein Signaling	CellChatDB	Glutamate-Glu-SLC17A6_GLS2_GRIK1	PMID: 24155668;PMID: 14612154					CellChatDB v2
Slc17a7+Gls2	Grik1	Glutamate	1.0	Non-protein Signaling	CellChatDB	Glutamate-Glu-SLC17A7_GLS2_GRIK1	PMID: 24155668;PMID: 14612154					CellChatDB v2
Slc17a8+Gls2	Grik1	Glutamate	1.0	Non-protein Signaling	CellChatDB	Glutamate-Glu-SLC17A8_GLS2_GRIK1	PMID: 24155668;PMID: 14612154					CellChatDB v2
Slc1a1+Gls2	Grik1	Glutamate	1.0	Non-protein Signaling	CellChatDB	Glutamate-Glu-SLC1A1_GLS2_GRIK1	PMID: 24155668;PMID: 14612154					CellChatDB v2
Slc1a2+Gls2	Grik1	Glutamate	1.0	Non-protein Signaling	CellChatDB	Glutamate-Glu-SLC1A2_GLS2_GRIK1	PMID: 24155668;PMID: 14612154					CellChatDB v2
Slc1a3+Gls2	Grik1	Glutamate	1.0	Non-protein Signaling	CellChatDB	Glutamate-Glu-SLC1A3_GLS2_GRIK1	PMID: 24155668;PMID: 14612154					CellChatDB v2
Slc1a6+Gls2	Grik1	Glutamate	1.0	Non-protein Signaling	CellChatDB	Glutamate-Glu-SLC1A6_GLS2_GRIK1	PMID: 24155668;PMID: 14612154					CellChatDB v2
Slc1a7+Gls2	Grik1	Glutamate	1.0	Non-protein Signaling	CellChatDB	Glutamate-Glu-SLC1A7_GLS2_GRIK1	PMID: 24155668;PMID: 14612154					CellChatDB v2
Slc17a6+Gls	Grik2	Glutamate	1.0	Non-protein Signaling	CellChatDB	Glutamate-Glu-SLC17A6_GLS_GRIK2	PMID: 24155668;PMID: 14612154					CellChatDB v2
Slc17a7+Gls	Grik2	Glutamate	1.0	Non-protein Signaling	CellChatDB	Glutamate-Glu-SLC17A7_GLS_GRIK2	PMID: 24155668;PMID: 14612154					CellChatDB v2
Slc17a8+Gls	Grik2	Glutamate	1.0	Non-protein Signaling	CellChatDB	Glutamate-Glu-SLC17A8_GLS_GRIK2	PMID: 24155668;PMID: 14612154					CellChatDB v2
Slc1a1+Gls	Grik2	Glutamate	1.0	Non-protein Signaling	CellChatDB	Glutamate-Glu-SLC1A1_GLS_GRIK2	PMID: 24155668;PMID: 14612154					CellChatDB v2
Slc1a2+Gls	Grik2	Glutamate	1.0	Non-protein Signaling	CellChatDB	Glutamate-Glu-SLC1A2_GLS_GRIK2	PMID: 24155668;PMID: 14612154					CellChatDB v2
Slc1a3+Gls	Grik2	Glutamate	1.0	Non-protein Signaling	CellChatDB	Glutamate-Glu-SLC1A3_GLS_GRIK2	PMID: 24155668;PMID: 14612154					CellChatDB v2
Slc1a6+Gls	Grik2	Glutamate	1.0	Non-protein Signaling	CellChatDB	Glutamate-Glu-SLC1A6_GLS_GRIK2	PMID: 24155668;PMID: 14612154					CellChatDB v2
Slc1a7+Gls	Grik2	Glutamate	1.0	Non-protein Signaling	CellChatDB	Glutamate-Glu-SLC1A7_GLS_GRIK2	PMID: 24155668;PMID: 14612154					CellChatDB v2
Slc17a6+Gls2	Grik2	Glutamate	1.0	Non-protein Signaling	CellChatDB	Glutamate-Glu-SLC17A6_GLS2_GRIK2	PMID: 24155668;PMID: 14612154					CellChatDB v2
Slc17a7+Gls2	Grik2	Glutamate	1.0	Non-protein Signaling	CellChatDB	Glutamate-Glu-SLC17A7_GLS2_GRIK2	PMID: 24155668;PMID: 14612154					CellChatDB v2
Slc17a8+Gls2	Grik2	Glutamate	1.0	Non-protein Signaling	CellChatDB	Glutamate-Glu-SLC17A8_GLS2_GRIK2	PMID: 24155668;PMID: 14612154					CellChatDB v2
Slc1a1+Gls2	Grik2	Glutamate	1.0	Non-protein Signaling	CellChatDB	Glutamate-Glu-SLC1A1_GLS2_GRIK2	PMID: 24155668;PMID: 14612154					CellChatDB v2
Slc1a2+Gls2	Grik2	Glutamate	1.0	Non-protein Signaling	CellChatDB	Glutamate-Glu-SLC1A2_GLS2_GRIK2	PMID: 24155668;PMID: 14612154					CellChatDB v2
Slc1a3+Gls2	Grik2	Glutamate	1.0	Non-protein Signaling	CellChatDB	Glutamate-Glu-SLC1A3_GLS2_GRIK2	PMID: 24155668;PMID: 14612154					CellChatDB v2
Slc1a6+Gls2	Grik2	Glutamate	1.0	Non-protein Signaling	CellChatDB	Glutamate-Glu-SLC1A6_GLS2_GRIK2	PMID: 24155668;PMID: 14612154					CellChatDB v2
Slc1a7+Gls2	Grik2	Glutamate	1.0	Non-protein Signaling	CellChatDB	Glutamate-Glu-SLC1A7_GLS2_GRIK2	PMID: 24155668;PMID: 14612154					CellChatDB v2
Slc17a6+Gls	Grik3	Glutamate	1.0	Non-protein Signaling	CellChatDB	Glutamate-Glu-SLC17A6_GLS_GRIK3	PMID: 24155668;PMID: 14612154					CellChatDB v2
Slc17a7+Gls	Grik3	Glutamate	1.0	Non-protein Signaling	CellChatDB	Glutamate-Glu-SLC17A7_GLS_GRIK3	PMID: 24155668;PMID: 14612154					CellChatDB v2
Slc17a8+Gls	Grik3	Glutamate	1.0	Non-protein Signaling	CellChatDB	Glutamate-Glu-SLC17A8_GLS_GRIK3	PMID: 24155668;PMID: 14612154					CellChatDB v2
Slc1a1+Gls	Grik3	Glutamate	1.0	Non-protein Signaling	CellChatDB	Glutamate-Glu-SLC1A1_GLS_GRIK3	PMID: 24155668;PMID: 14612154					CellChatDB v2
Slc1a2+Gls	Grik3	Glutamate	1.0	Non-protein Signaling	CellChatDB	Glutamate-Glu-SLC1A2_GLS_GRIK3	PMID: 24155668;PMID: 14612154					CellChatDB v2
Slc1a3+Gls	Grik3	Glutamate	1.0	Non-protein Signaling	CellChatDB	Glutamate-Glu-SLC1A3_GLS_GRIK3	PMID: 24155668;PMID: 14612154					CellChatDB v2
Slc1a6+Gls	Grik3	Glutamate	1.0	Non-protein Signaling	CellChatDB	Glutamate-Glu-SLC1A6_GLS_GRIK3	PMID: 24155668;PMID: 14612154					CellChatDB v2
Slc1a7+Gls	Grik3	Glutamate	1.0	Non-protein Signaling	CellChatDB	Glutamate-Glu-SLC1A7_GLS_GRIK3	PMID: 24155668;PMID: 14612154					CellChatDB v2
Slc17a6+Gls2	Grik3	Glutamate	1.0	Non-protein Signaling	CellChatDB	Glutamate-Glu-SLC17A6_GLS2_GRIK3	PMID: 24155668;PMID: 14612154					CellChatDB v2
Slc17a7+Gls2	Grik3	Glutamate	1.0	Non-protein Signaling	CellChatDB	Glutamate-Glu-SLC17A7_GLS2_GRIK3	PMID: 24155668;PMID: 14612154					CellChatDB v2
Slc17a8+Gls2	Grik3	Glutamate	1.0	Non-protein Signaling	CellChatDB	Glutamate-Glu-SLC17A8_GLS2_GRIK3	PMID: 24155668;PMID: 14612154					CellChatDB v2
Slc1a1+Gls2	Grik3	Glutamate	1.0	Non-protein Signaling	CellChatDB	Glutamate-Glu-SLC1A1_GLS2_GRIK3	PMID: 24155668;PMID: 14612154					CellChatDB v2
Slc1a2+Gls2	Grik3	Glutamate	1.0	Non-protein Signaling	CellChatDB	Glutamate-Glu-SLC1A2_GLS2_GRIK3	PMID: 24155668;PMID: 14612154					CellChatDB v2
Slc1a3+Gls2	Grik3	Glutamate	1.0	Non-protein Signaling	CellChatDB	Glutamate-Glu-SLC1A3_GLS2_GRIK3	PMID: 24155668;PMID: 14612154					CellChatDB v2
Slc1a6+Gls2	Grik3	Glutamate	1.0	Non-protein Signaling	CellChatDB	Glutamate-Glu-SLC1A6_GLS2_GRIK3	PMID: 24155668;PMID: 14612154					CellChatDB v2
Slc1a7+Gls2	Grik3	Glutamate	1.0	Non-protein Signaling	CellChatDB	Glutamate-Glu-SLC1A7_GLS2_GRIK3	PMID: 24155668;PMID: 14612154					CellChatDB v2
Slc17a6+Gls	Grm1	Glutamate	1.0	Non-protein Signaling	CellChatDB	Glutamate-Glu-SLC17A6_GLS_GRM1	PMID: 24155668;PMID: 14612154					CellChatDB v2
Slc17a7+Gls	Grm1	Glutamate	1.0	Non-protein Signaling	CellChatDB	Glutamate-Glu-SLC17A7_GLS_GRM1	PMID: 24155668;PMID: 14612154					CellChatDB v2
Slc17a8+Gls	Grm1	Glutamate	1.0	Non-protein Signaling	CellChatDB	Glutamate-Glu-SLC17A8_GLS_GRM1	PMID: 24155668;PMID: 14612154					CellChatDB v2
Slc1a1+Gls	Grm1	Glutamate	1.0	Non-protein Signaling	CellChatDB	Glutamate-Glu-SLC1A1_GLS_GRM1	PMID: 24155668;PMID: 14612154					CellChatDB v2
Slc1a2+Gls	Grm1	Glutamate	1.0	Non-protein Signaling	CellChatDB	Glutamate-Glu-SLC1A2_GLS_GRM1	PMID: 24155668;PMID: 14612154					CellChatDB v2
Slc1a3+Gls	Grm1	Glutamate	1.0	Non-protein Signaling	CellChatDB	Glutamate-Glu-SLC1A3_GLS_GRM1	PMID: 24155668;PMID: 14612154					CellChatDB v2
Slc1a6+Gls	Grm1	Glutamate	1.0	Non-protein Signaling	CellChatDB	Glutamate-Glu-SLC1A6_GLS_GRM1	PMID: 24155668;PMID: 14612154					CellChatDB v2
Slc1a7+Gls	Grm1	Glutamate	1.0	Non-protein Signaling	CellChatDB	Glutamate-Glu-SLC1A7_GLS_GRM1	PMID: 24155668;PMID: 14612154					CellChatDB v2
Slc17a6+Gls2	Grm1	Glutamate	1.0	Non-protein Signaling	CellChatDB	Glutamate-Glu-SLC17A6_GLS2_GRM1	PMID: 24155668;PMID: 14612154					CellChatDB v2
Slc17a7+Gls2	Grm1	Glutamate	1.0	Non-protein Signaling	CellChatDB	Glutamate-Glu-SLC17A7_GLS2_GRM1	PMID: 24155668;PMID: 14612154					CellChatDB v2
Slc17a8+Gls2	Grm1	Glutamate	1.0	Non-protein Signaling	CellChatDB	Glutamate-Glu-SLC17A8_GLS2_GRM1	PMID: 24155668;PMID: 14612154					CellChatDB v2
Slc1a1+Gls2	Grm1	Glutamate	1.0	Non-protein Signaling	CellChatDB	Glutamate-Glu-SLC1A1_GLS2_GRM1	PMID: 24155668;PMID: 14612154					CellChatDB v2
Slc1a2+Gls2	Grm1	Glutamate	1.0	Non-protein Signaling	CellChatDB	Glutamate-Glu-SLC1A2_GLS2_GRM1	PMID: 24155668;PMID: 14612154					CellChatDB v2
Slc1a3+Gls2	Grm1	Glutamate	1.0	Non-protein Signaling	CellChatDB	Glutamate-Glu-SLC1A3_GLS2_GRM1	PMID: 24155668;PMID: 14612154					CellChatDB v2
Slc1a6+Gls2	Grm1	Glutamate	1.0	Non-protein Signaling	CellChatDB	Glutamate-Glu-SLC1A6_GLS2_GRM1	PMID: 24155668;PMID: 14612154					CellChatDB v2
Slc1a7+Gls2	Grm1	Glutamate	1.0	Non-protein Signaling	CellChatDB	Glutamate-Glu-SLC1A7_GLS2_GRM1	PMID: 24155668;PMID: 14612154					CellChatDB v2
Slc17a6+Gls	Grm2	Glutamate	1.0	Non-protein Signaling	CellChatDB	Glutamate-Glu-SLC17A6_GLS_GRM2	PMID: 24155668;PMID: 14612154					CellChatDB v2
Slc17a7+Gls	Grm2	Glutamate	1.0	Non-protein Signaling	CellChatDB	Glutamate-Glu-SLC17A7_GLS_GRM2	PMID: 24155668;PMID: 14612154					CellChatDB v2
Slc17a8+Gls	Grm2	Glutamate	1.0	Non-protein Signaling	CellChatDB	Glutamate-Glu-SLC17A8_GLS_GRM2	PMID: 24155668;PMID: 14612154					CellChatDB v2
Slc1a1+Gls	Grm2	Glutamate	1.0	Non-protein Signaling	CellChatDB	Glutamate-Glu-SLC1A1_GLS_GRM2	PMID: 24155668;PMID: 14612154					CellChatDB v2
Slc1a2+Gls	Grm2	Glutamate	1.0	Non-protein Signaling	CellChatDB	Glutamate-Glu-SLC1A2_GLS_GRM2	PMID: 24155668;PMID: 14612154					CellChatDB v2
Slc1a3+Gls	Grm2	Glutamate	1.0	Non-protein Signaling	CellChatDB	Glutamate-Glu-SLC1A3_GLS_GRM2	PMID: 24155668;PMID: 14612154					CellChatDB v2
Slc1a6+Gls	Grm2	Glutamate	1.0	Non-protein Signaling	CellChatDB	Glutamate-Glu-SLC1A6_GLS_GRM2	PMID: 24155668;PMID: 14612154					CellChatDB v2
Slc1a7+Gls	Grm2	Glutamate	1.0	Non-protein Signaling	CellChatDB	Glutamate-Glu-SLC1A7_GLS_GRM2	PMID: 24155668;PMID: 14612154					CellChatDB v2
Slc17a6+Gls2	Grm2	Glutamate	1.0	Non-protein Signaling	CellChatDB	Glutamate-Glu-SLC17A6_GLS2_GRM2	PMID: 24155668;PMID: 14612154					CellChatDB v2
Slc17a7+Gls2	Grm2	Glutamate	1.0	Non-protein Signaling	CellChatDB	Glutamate-Glu-SLC17A7_GLS2_GRM2	PMID: 24155668;PMID: 14612154					CellChatDB v2
Slc17a8+Gls2	Grm2	Glutamate	1.0	Non-protein Signaling	CellChatDB	Glutamate-Glu-SLC17A8_GLS2_GRM2	PMID: 24155668;PMID: 14612154					CellChatDB v2
Slc1a1+Gls2	Grm2	Glutamate	1.0	Non-protein Signaling	CellChatDB	Glutamate-Glu-SLC1A1_GLS2_GRM2	PMID: 24155668;PMID: 14612154					CellChatDB v2
Slc1a2+Gls2	Grm2	Glutamate	1.0	Non-protein Signaling	CellChatDB	Glutamate-Glu-SLC1A2_GLS2_GRM2	PMID: 24155668;PMID: 14612154					CellChatDB v2
Slc1a3+Gls2	Grm2	Glutamate	1.0	Non-protein Signaling	CellChatDB	Glutamate-Glu-SLC1A3_GLS2_GRM2	PMID: 24155668;PMID: 14612154					CellChatDB v2
Slc1a6+Gls2	Grm2	Glutamate	1.0	Non-protein Signaling	CellChatDB	Glutamate-Glu-SLC1A6_GLS2_GRM2	PMID: 24155668;PMID: 14612154					CellChatDB v2
Slc1a7+Gls2	Grm2	Glutamate	1.0	Non-protein Signaling	CellChatDB	Glutamate-Glu-SLC1A7_GLS2_GRM2	PMID: 24155668;PMID: 14612154					CellChatDB v2
Slc17a6+Gls	Grm3	Glutamate	1.0	Non-protein Signaling	CellChatDB	Glutamate-Glu-SLC17A6_GLS_GRM3	PMID: 24155668;PMID: 14612154					CellChatDB v2
Slc17a7+Gls	Grm3	Glutamate	1.0	Non-protein Signaling	CellChatDB	Glutamate-Glu-SLC17A7_GLS_GRM3	PMID: 24155668;PMID: 14612154					CellChatDB v2
Slc17a8+Gls	Grm3	Glutamate	1.0	Non-protein Signaling	CellChatDB	Glutamate-Glu-SLC17A8_GLS_GRM3	PMID: 24155668;PMID: 14612154					CellChatDB v2
Slc1a1+Gls	Grm3	Glutamate	1.0	Non-protein Signaling	CellChatDB	Glutamate-Glu-SLC1A1_GLS_GRM3	PMID: 24155668;PMID: 14612154					CellChatDB v2
Slc1a2+Gls	Grm3	Glutamate	1.0	Non-protein Signaling	CellChatDB	Glutamate-Glu-SLC1A2_GLS_GRM3	PMID: 24155668;PMID: 14612154					CellChatDB v2
Slc1a3+Gls	Grm3	Glutamate	1.0	Non-protein Signaling	CellChatDB	Glutamate-Glu-SLC1A3_GLS_GRM3	PMID: 24155668;PMID: 14612154					CellChatDB v2
Slc1a6+Gls	Grm3	Glutamate	1.0	Non-protein Signaling	CellChatDB	Glutamate-Glu-SLC1A6_GLS_GRM3	PMID: 24155668;PMID: 14612154					CellChatDB v2
Slc1a7+Gls	Grm3	Glutamate	1.0	Non-protein Signaling	CellChatDB	Glutamate-Glu-SLC1A7_GLS_GRM3	PMID: 24155668;PMID: 14612154					CellChatDB v2
Slc17a6+Gls2	Grm3	Glutamate	1.0	Non-protein Signaling	CellChatDB	Glutamate-Glu-SLC17A6_GLS2_GRM3	PMID: 24155668;PMID: 14612154					CellChatDB v2
Slc17a7+Gls2	Grm3	Glutamate	1.0	Non-protein Signaling	CellChatDB	Glutamate-Glu-SLC17A7_GLS2_GRM3	PMID: 24155668;PMID: 14612154					CellChatDB v2
Slc17a8+Gls2	Grm3	Glutamate	1.0	Non-protein Signaling	CellChatDB	Glutamate-Glu-SLC17A8_GLS2_GRM3	PMID: 24155668;PMID: 14612154					CellChatDB v2
Slc1a1+Gls2	Grm3	Glutamate	1.0	Non-protein Signaling	CellChatDB	Glutamate-Glu-SLC1A1_GLS2_GRM3	PMID: 24155668;PMID: 14612154					CellChatDB v2
Slc1a2+Gls2	Grm3	Glutamate	1.0	Non-protein Signaling	CellChatDB	Glutamate-Glu-SLC1A2_GLS2_GRM3	PMID: 24155668;PMID: 14612154					CellChatDB v2
Slc1a3+Gls2	Grm3	Glutamate	1.0	Non-protein Signaling	CellChatDB	Glutamate-Glu-SLC1A3_GLS2_GRM3	PMID: 24155668;PMID: 14612154					CellChatDB v2
Slc1a6+Gls2	Grm3	Glutamate	1.0	Non-protein Signaling	CellChatDB	Glutamate-Glu-SLC1A6_GLS2_GRM3	PMID: 24155668;PMID: 14612154					CellChatDB v2
Slc1a7+Gls2	Grm3	Glutamate	1.0	Non-protein Signaling	CellChatDB	Glutamate-Glu-SLC1A7_GLS2_GRM3	PMID: 24155668;PMID: 14612154					CellChatDB v2
Slc17a6+Gls	Grm4	Glutamate	1.0	Non-protein Signaling	CellChatDB	Glutamate-Glu-SLC17A6_GLS_GRM4	PMID: 24155668;PMID: 14612154					CellChatDB v2
Slc17a7+Gls	Grm4	Glutamate	1.0	Non-protein Signaling	CellChatDB	Glutamate-Glu-SLC17A7_GLS_GRM4	PMID: 24155668;PMID: 14612154					CellChatDB v2
Slc17a8+Gls	Grm4	Glutamate	1.0	Non-protein Signaling	CellChatDB	Glutamate-Glu-SLC17A8_GLS_GRM4	PMID: 24155668;PMID: 14612154					CellChatDB v2
Slc1a1+Gls	Grm4	Glutamate	1.0	Non-protein Signaling	CellChatDB	Glutamate-Glu-SLC1A1_GLS_GRM4	PMID: 24155668;PMID: 14612154					CellChatDB v2
Slc1a2+Gls	Grm4	Glutamate	1.0	Non-protein Signaling	CellChatDB	Glutamate-Glu-SLC1A2_GLS_GRM4	PMID: 24155668;PMID: 14612154					CellChatDB v2
Slc1a3+Gls	Grm4	Glutamate	1.0	Non-protein Signaling	CellChatDB	Glutamate-Glu-SLC1A3_GLS_GRM4	PMID: 24155668;PMID: 14612154					CellChatDB v2
Slc1a6+Gls	Grm4	Glutamate	1.0	Non-protein Signaling	CellChatDB	Glutamate-Glu-SLC1A6_GLS_GRM4	PMID: 24155668;PMID: 14612154					CellChatDB v2
Slc1a7+Gls	Grm4	Glutamate	1.0	Non-protein Signaling	CellChatDB	Glutamate-Glu-SLC1A7_GLS_GRM4	PMID: 24155668;PMID: 14612154					CellChatDB v2
Slc17a6+Gls2	Grm4	Glutamate	1.0	Non-protein Signaling	CellChatDB	Glutamate-Glu-SLC17A6_GLS2_GRM4	PMID: 24155668;PMID: 14612154					CellChatDB v2
Slc17a7+Gls2	Grm4	Glutamate	1.0	Non-protein Signaling	CellChatDB	Glutamate-Glu-SLC17A7_GLS2_GRM4	PMID: 24155668;PMID: 14612154					CellChatDB v2
Slc17a8+Gls2	Grm4	Glutamate	1.0	Non-protein Signaling	CellChatDB	Glutamate-Glu-SLC17A8_GLS2_GRM4	PMID: 24155668;PMID: 14612154					CellChatDB v2
Slc1a1+Gls2	Grm4	Glutamate	1.0	Non-protein Signaling	CellChatDB	Glutamate-Glu-SLC1A1_GLS2_GRM4	PMID: 24155668;PMID: 14612154					CellChatDB v2
Slc1a2+Gls2	Grm4	Glutamate	1.0	Non-protein Signaling	CellChatDB	Glutamate-Glu-SLC1A2_GLS2_GRM4	PMID: 24155668;PMID: 14612154					CellChatDB v2
Slc1a3+Gls2	Grm4	Glutamate	1.0	Non-protein Signaling	CellChatDB	Glutamate-Glu-SLC1A3_GLS2_GRM4	PMID: 24155668;PMID: 14612154					CellChatDB v2
Slc1a6+Gls2	Grm4	Glutamate	1.0	Non-protein Signaling	CellChatDB	Glutamate-Glu-SLC1A6_GLS2_GRM4	PMID: 24155668;PMID: 14612154					CellChatDB v2
Slc1a7+Gls2	Grm4	Glutamate	1.0	Non-protein Signaling	CellChatDB	Glutamate-Glu-SLC1A7_GLS2_GRM4	PMID: 24155668;PMID: 14612154					CellChatDB v2
Slc17a6+Gls	Grm5	Glutamate	1.0	Non-protein Signaling	CellChatDB	Glutamate-Glu-SLC17A6_GLS_GRM5	PMID: 24155668;PMID: 14612154					CellChatDB v2
Slc17a7+Gls	Grm5	Glutamate	1.0	Non-protein Signaling	CellChatDB	Glutamate-Glu-SLC17A7_GLS_GRM5	PMID: 24155668;PMID: 14612154					CellChatDB v2
Slc17a8+Gls	Grm5	Glutamate	1.0	Non-protein Signaling	CellChatDB	Glutamate-Glu-SLC17A8_GLS_GRM5	PMID: 24155668;PMID: 14612154					CellChatDB v2
Slc1a1+Gls	Grm5	Glutamate	1.0	Non-protein Signaling	CellChatDB	Glutamate-Glu-SLC1A1_GLS_GRM5	PMID: 24155668;PMID: 14612154					CellChatDB v2
Slc1a2+Gls	Grm5	Glutamate	1.0	Non-protein Signaling	CellChatDB	Glutamate-Glu-SLC1A2_GLS_GRM5	PMID: 24155668;PMID: 14612154					CellChatDB v2
Slc1a3+Gls	Grm5	Glutamate	1.0	Non-protein Signaling	CellChatDB	Glutamate-Glu-SLC1A3_GLS_GRM5	PMID: 24155668;PMID: 14612154					CellChatDB v2
Slc1a6+Gls	Grm5	Glutamate	1.0	Non-protein Signaling	CellChatDB	Glutamate-Glu-SLC1A6_GLS_GRM5	PMID: 24155668;PMID: 14612154					CellChatDB v2
Slc1a7+Gls	Grm5	Glutamate	1.0	Non-protein Signaling	CellChatDB	Glutamate-Glu-SLC1A7_GLS_GRM5	PMID: 24155668;PMID: 14612154					CellChatDB v2
Slc17a6+Gls2	Grm5	Glutamate	1.0	Non-protein Signaling	CellChatDB	Glutamate-Glu-SLC17A6_GLS2_GRM5	PMID: 24155668;PMID: 14612154					CellChatDB v2
Slc17a7+Gls2	Grm5	Glutamate	1.0	Non-protein Signaling	CellChatDB	Glutamate-Glu-SLC17A7_GLS2_GRM5	PMID: 24155668;PMID: 14612154					CellChatDB v2
Slc17a8+Gls2	Grm5	Glutamate	1.0	Non-protein Signaling	CellChatDB	Glutamate-Glu-SLC17A8_GLS2_GRM5	PMID: 24155668;PMID: 14612154					CellChatDB v2
Slc1a1+Gls2	Grm5	Glutamate	1.0	Non-protein Signaling	CellChatDB	Glutamate-Glu-SLC1A1_GLS2_GRM5	PMID: 24155668;PMID: 14612154					CellChatDB v2
Slc1a2+Gls2	Grm5	Glutamate	1.0	Non-protein Signaling	CellChatDB	Glutamate-Glu-SLC1A2_GLS2_GRM5	PMID: 24155668;PMID: 14612154					CellChatDB v2
Slc1a3+Gls2	Grm5	Glutamate	1.0	Non-protein Signaling	CellChatDB	Glutamate-Glu-SLC1A3_GLS2_GRM5	PMID: 24155668;PMID: 14612154					CellChatDB v2
Slc1a6+Gls2	Grm5	Glutamate	1.0	Non-protein Signaling	CellChatDB	Glutamate-Glu-SLC1A6_GLS2_GRM5	PMID: 24155668;PMID: 14612154					CellChatDB v2
Slc1a7+Gls2	Grm5	Glutamate	1.0	Non-protein Signaling	CellChatDB	Glutamate-Glu-SLC1A7_GLS2_GRM5	PMID: 24155668;PMID: 14612154					CellChatDB v2
Slc17a6+Gls	Grm6	Glutamate	1.0	Non-protein Signaling	CellChatDB	Glutamate-Glu-SLC17A6_GLS_GRM6	PMID: 24155668;PMID: 14612154					CellChatDB v2
Slc17a7+Gls	Grm6	Glutamate	1.0	Non-protein Signaling	CellChatDB	Glutamate-Glu-SLC17A7_GLS_GRM6	PMID: 24155668;PMID: 14612154					CellChatDB v2
Slc17a8+Gls	Grm6	Glutamate	1.0	Non-protein Signaling	CellChatDB	Glutamate-Glu-SLC17A8_GLS_GRM6	PMID: 24155668;PMID: 14612154					CellChatDB v2
Slc1a1+Gls	Grm6	Glutamate	1.0	Non-protein Signaling	CellChatDB	Glutamate-Glu-SLC1A1_GLS_GRM6	PMID: 24155668;PMID: 14612154					CellChatDB v2
Slc1a2+Gls	Grm6	Glutamate	1.0	Non-protein Signaling	CellChatDB	Glutamate-Glu-SLC1A2_GLS_GRM6	PMID: 24155668;PMID: 14612154					CellChatDB v2
Slc1a3+Gls	Grm6	Glutamate	1.0	Non-protein Signaling	CellChatDB	Glutamate-Glu-SLC1A3_GLS_GRM6	PMID: 24155668;PMID: 14612154					CellChatDB v2
Slc1a6+Gls	Grm6	Glutamate	1.0	Non-protein Signaling	CellChatDB	Glutamate-Glu-SLC1A6_GLS_GRM6	PMID: 24155668;PMID: 14612154					CellChatDB v2
Slc1a7+Gls	Grm6	Glutamate	1.0	Non-protein Signaling	CellChatDB	Glutamate-Glu-SLC1A7_GLS_GRM6	PMID: 24155668;PMID: 14612154					CellChatDB v2
Slc17a6+Gls2	Grm6	Glutamate	1.0	Non-protein Signaling	CellChatDB	Glutamate-Glu-SLC17A6_GLS2_GRM6	PMID: 24155668;PMID: 14612154					CellChatDB v2
Slc17a7+Gls2	Grm6	Glutamate	1.0	Non-protein Signaling	CellChatDB	Glutamate-Glu-SLC17A7_GLS2_GRM6	PMID: 24155668;PMID: 14612154					CellChatDB v2
Slc17a8+Gls2	Grm6	Glutamate	1.0	Non-protein Signaling	CellChatDB	Glutamate-Glu-SLC17A8_GLS2_GRM6	PMID: 24155668;PMID: 14612154					CellChatDB v2
Slc1a1+Gls2	Grm6	Glutamate	1.0	Non-protein Signaling	CellChatDB	Glutamate-Glu-SLC1A1_GLS2_GRM6	PMID: 24155668;PMID: 14612154					CellChatDB v2
Slc1a2+Gls2	Grm6	Glutamate	1.0	Non-protein Signaling	CellChatDB	Glutamate-Glu-SLC1A2_GLS2_GRM6	PMID: 24155668;PMID: 14612154					CellChatDB v2
Slc1a3+Gls2	Grm6	Glutamate	1.0	Non-protein Signaling	CellChatDB	Glutamate-Glu-SLC1A3_GLS2_GRM6	PMID: 24155668;PMID: 14612154					CellChatDB v2
Slc1a6+Gls2	Grm6	Glutamate	1.0	Non-protein Signaling	CellChatDB	Glutamate-Glu-SLC1A6_GLS2_GRM6	PMID: 24155668;PMID: 14612154					CellChatDB v2
Slc1a7+Gls2	Grm6	Glutamate	1.0	Non-protein Signaling	CellChatDB	Glutamate-Glu-SLC1A7_GLS2_GRM6	PMID: 24155668;PMID: 14612154					CellChatDB v2
Slc17a6+Gls	Grm7	Glutamate	1.0	Non-protein Signaling	CellChatDB	Glutamate-Glu-SLC17A6_GLS_GRM7	PMID: 24155668;PMID: 14612154					CellChatDB v2
Slc17a7+Gls	Grm7	Glutamate	1.0	Non-protein Signaling	CellChatDB	Glutamate-Glu-SLC17A7_GLS_GRM7	PMID: 24155668;PMID: 14612154					CellChatDB v2
Slc17a8+Gls	Grm7	Glutamate	1.0	Non-protein Signaling	CellChatDB	Glutamate-Glu-SLC17A8_GLS_GRM7	PMID: 24155668;PMID: 14612154					CellChatDB v2
Slc1a1+Gls	Grm7	Glutamate	1.0	Non-protein Signaling	CellChatDB	Glutamate-Glu-SLC1A1_GLS_GRM7	PMID: 24155668;PMID: 14612154					CellChatDB v2
Slc1a2+Gls	Grm7	Glutamate	1.0	Non-protein Signaling	CellChatDB	Glutamate-Glu-SLC1A2_GLS_GRM7	PMID: 24155668;PMID: 14612154					CellChatDB v2
Slc1a3+Gls	Grm7	Glutamate	1.0	Non-protein Signaling	CellChatDB	Glutamate-Glu-SLC1A3_GLS_GRM7	PMID: 24155668;PMID: 14612154					CellChatDB v2
Slc1a6+Gls	Grm7	Glutamate	1.0	Non-protein Signaling	CellChatDB	Glutamate-Glu-SLC1A6_GLS_GRM7	PMID: 24155668;PMID: 14612154					CellChatDB v2
Slc1a7+Gls	Grm7	Glutamate	1.0	Non-protein Signaling	CellChatDB	Glutamate-Glu-SLC1A7_GLS_GRM7	PMID: 24155668;PMID: 14612154					CellChatDB v2
Slc17a6+Gls2	Grm7	Glutamate	1.0	Non-protein Signaling	CellChatDB	Glutamate-Glu-SLC17A6_GLS2_GRM7	PMID: 24155668;PMID: 14612154					CellChatDB v2
Slc17a7+Gls2	Grm7	Glutamate	1.0	Non-protein Signaling	CellChatDB	Glutamate-Glu-SLC17A7_GLS2_GRM7	PMID: 24155668;PMID: 14612154					CellChatDB v2
Slc17a8+Gls2	Grm7	Glutamate	1.0	Non-protein Signaling	CellChatDB	Glutamate-Glu-SLC17A8_GLS2_GRM7	PMID: 24155668;PMID: 14612154					CellChatDB v2
Slc1a1+Gls2	Grm7	Glutamate	1.0	Non-protein Signaling	CellChatDB	Glutamate-Glu-SLC1A1_GLS2_GRM7	PMID: 24155668;PMID: 14612154					CellChatDB v2
Slc1a2+Gls2	Grm7	Glutamate	1.0	Non-protein Signaling	CellChatDB	Glutamate-Glu-SLC1A2_GLS2_GRM7	PMID: 24155668;PMID: 14612154					CellChatDB v2
Slc1a3+Gls2	Grm7	Glutamate	1.0	Non-protein Signaling	CellChatDB	Glutamate-Glu-SLC1A3_GLS2_GRM7	PMID: 24155668;PMID: 14612154					CellChatDB v2
Slc1a6+Gls2	Grm7	Glutamate	1.0	Non-protein Signaling	CellChatDB	Glutamate-Glu-SLC1A6_GLS2_GRM7	PMID: 24155668;PMID: 14612154					CellChatDB v2
Slc1a7+Gls2	Grm7	Glutamate	1.0	Non-protein Signaling	CellChatDB	Glutamate-Glu-SLC1A7_GLS2_GRM7	PMID: 24155668;PMID: 14612154					CellChatDB v2
Slc17a6+Gls	Grm8	Glutamate	1.0	Non-protein Signaling	CellChatDB	Glutamate-Glu-SLC17A6_GLS_GRM8	PMID: 24155668;PMID: 14612154					CellChatDB v2
Slc17a7+Gls	Grm8	Glutamate	1.0	Non-protein Signaling	CellChatDB	Glutamate-Glu-SLC17A7_GLS_GRM8	PMID: 24155668;PMID: 14612154					CellChatDB v2
Slc17a8+Gls	Grm8	Glutamate	1.0	Non-protein Signaling	CellChatDB	Glutamate-Glu-SLC17A8_GLS_GRM8	PMID: 24155668;PMID: 14612154					CellChatDB v2
Slc1a1+Gls	Grm8	Glutamate	1.0	Non-protein Signaling	CellChatDB	Glutamate-Glu-SLC1A1_GLS_GRM8	PMID: 24155668;PMID: 14612154					CellChatDB v2
Slc1a2+Gls	Grm8	Glutamate	1.0	Non-protein Signaling	CellChatDB	Glutamate-Glu-SLC1A2_GLS_GRM8	PMID: 24155668;PMID: 14612154					CellChatDB v2
Slc1a3+Gls	Grm8	Glutamate	1.0	Non-protein Signaling	CellChatDB	Glutamate-Glu-SLC1A3_GLS_GRM8	PMID: 24155668;PMID: 14612154					CellChatDB v2
Slc1a6+Gls	Grm8	Glutamate	1.0	Non-protein Signaling	CellChatDB	Glutamate-Glu-SLC1A6_GLS_GRM8	PMID: 24155668;PMID: 14612154					CellChatDB v2
Slc1a7+Gls	Grm8	Glutamate	1.0	Non-protein Signaling	CellChatDB	Glutamate-Glu-SLC1A7_GLS_GRM8	PMID: 24155668;PMID: 14612154					CellChatDB v2
Slc17a6+Gls2	Grm8	Glutamate	1.0	Non-protein Signaling	CellChatDB	Glutamate-Glu-SLC17A6_GLS2_GRM8	PMID: 24155668;PMID: 14612154					CellChatDB v2
Slc17a7+Gls2	Grm8	Glutamate	1.0	Non-protein Signaling	CellChatDB	Glutamate-Glu-SLC17A7_GLS2_GRM8	PMID: 24155668;PMID: 14612154					CellChatDB v2
Slc17a8+Gls2	Grm8	Glutamate	1.0	Non-protein Signaling	CellChatDB	Glutamate-Glu-SLC17A8_GLS2_GRM8	PMID: 24155668;PMID: 14612154					CellChatDB v2
Slc1a1+Gls2	Grm8	Glutamate	1.0	Non-protein Signaling	CellChatDB	Glutamate-Glu-SLC1A1_GLS2_GRM8	PMID: 24155668;PMID: 14612154					CellChatDB v2
Slc1a2+Gls2	Grm8	Glutamate	1.0	Non-protein Signaling	CellChatDB	Glutamate-Glu-SLC1A2_GLS2_GRM8	PMID: 24155668;PMID: 14612154					CellChatDB v2
Slc1a3+Gls2	Grm8	Glutamate	1.0	Non-protein Signaling	CellChatDB	Glutamate-Glu-SLC1A3_GLS2_GRM8	PMID: 24155668;PMID: 14612154					CellChatDB v2
Slc1a6+Gls2	Grm8	Glutamate	1.0	Non-protein Signaling	CellChatDB	Glutamate-Glu-SLC1A6_GLS2_GRM8	PMID: 24155668;PMID: 14612154					CellChatDB v2
Slc1a7+Gls2	Grm8	Glutamate	1.0	Non-protein Signaling	CellChatDB	Glutamate-Glu-SLC1A7_GLS2_GRM8	PMID: 24155668;PMID: 14612154					CellChatDB v2
Hdc	Hrh1	Histamine	1.0	Non-protein Signaling	CellChatDB	Histamine-Hist-HDC_HRH1	PMID: 35378699;PMID: 10444208					CellChatDB v2
Hdc	Hrh2	Histamine	1.0	Non-protein Signaling	CellChatDB	Histamine-Hist-HDC_HRH2	PMID: 35378699;PMID: 10444208					CellChatDB v2
Hdc	Hrh3	Histamine	1.0	Non-protein Signaling	CellChatDB	Histamine-Hist-HDC_HRH3	PMID: 35378699;PMID: 10444208					CellChatDB v2
Hdc	Hrh4	Histamine	1.0	Non-protein Signaling	CellChatDB	Histamine-Hist-HDC_HRH4	PMID: 35378699;PMID: 10444208					CellChatDB v2
Tph1+Slc18a1	Htr1a	5-HT	1.0	Non-protein Signaling	CellChatDB	5-HT-TPH1_SLC18A1_HTR1A	PMID: 23328530					CellChatDB v2
Tph1+Slc18a2	Htr1a	5-HT	1.0	Non-protein Signaling	CellChatDB	5-HT-TPH1_SLC18A2_HTR1A	PMID: 23328530					CellChatDB v2
Tph1+Slc6a4	Htr1a	5-HT	1.0	Non-protein Signaling	CellChatDB	5-HT-TPH1_SLC6A4_HTR1A	PMID: 23328530					CellChatDB v2
Tph2+Slc18a1	Htr1a	5-HT	1.0	Non-protein Signaling	CellChatDB	5-HT-TPH2_SLC18A1_HTR1A	PMID: 23328530					CellChatDB v2
Tph2+Slc18a2	Htr1a	5-HT	1.0	Non-protein Signaling	CellChatDB	5-HT-TPH2_SLC18A2_HTR1A	PMID: 23328530					CellChatDB v2
Tph2+Slc6a4	Htr1a	5-HT	1.0	Non-protein Signaling	CellChatDB	5-HT-TPH2_SLC6A4_HTR1A	PMID: 23328530					CellChatDB v2
Tph1+Slc18a1	Htr1b	5-HT	1.0	Non-protein Signaling	CellChatDB	5-HT-TPH1_SLC18A1_HTR1B	PMID: 23328530					CellChatDB v2
Tph1+Slc18a2	Htr1b	5-HT	1.0	Non-protein Signaling	CellChatDB	5-HT-TPH1_SLC18A2_HTR1B	PMID: 23328530					CellChatDB v2
Tph1+Slc6a4	Htr1b	5-HT	1.0	Non-protein Signaling	CellChatDB	5-HT-TPH1_SLC6A4_HTR1B	PMID: 23328530					CellChatDB v2
Tph2+Slc18a1	Htr1b	5-HT	1.0	Non-protein Signaling	CellChatDB	5-HT-TPH2_SLC18A1_HTR1B	PMID: 23328530					CellChatDB v2
Tph2+Slc18a2	Htr1b	5-HT	1.0	Non-protein Signaling	CellChatDB	5-HT-TPH2_SLC18A2_HTR1B	PMID: 23328530					CellChatDB v2
Tph2+Slc6a4	Htr1b	5-HT	1.0	Non-protein Signaling	CellChatDB	5-HT-TPH2_SLC6A4_HTR1B	PMID: 23328530					CellChatDB v2
Tph1+Slc18a1	Htr1d	5-HT	1.0	Non-protein Signaling	CellChatDB	5-HT-TPH1_SLC18A1_HTR1D	PMID: 23328530					CellChatDB v2
Tph1+Slc18a2	Htr1d	5-HT	1.0	Non-protein Signaling	CellChatDB	5-HT-TPH1_SLC18A2_HTR1D	PMID: 23328530					CellChatDB v2
Tph1+Slc6a4	Htr1d	5-HT	1.0	Non-protein Signaling	CellChatDB	5-HT-TPH1_SLC6A4_HTR1D	PMID: 23328530					CellChatDB v2
Tph2+Slc18a1	Htr1d	5-HT	1.0	Non-protein Signaling	CellChatDB	5-HT-TPH2_SLC18A1_HTR1D	PMID: 23328530					CellChatDB v2
Tph2+Slc18a2	Htr1d	5-HT	1.0	Non-protein Signaling	CellChatDB	5-HT-TPH2_SLC18A2_HTR1D	PMID: 23328530					CellChatDB v2
Tph2+Slc6a4	Htr1d	5-HT	1.0	Non-protein Signaling	CellChatDB	5-HT-TPH2_SLC6A4_HTR1D	PMID: 23328530					CellChatDB v2
Tph1+Slc18a1	Htr1e	5-HT	1.0	Non-protein Signaling	CellChatDB	5-HT-TPH1_SLC18A1_HTR1E	PMID: 23328530					CellChatDB v2
Tph1+Slc18a2	Htr1e	5-HT	1.0	Non-protein Signaling	CellChatDB	5-HT-TPH1_SLC18A2_HTR1E	PMID: 23328530					CellChatDB v2
Tph1+Slc6a4	Htr1e	5-HT	1.0	Non-protein Signaling	CellChatDB	5-HT-TPH1_SLC6A4_HTR1E	PMID: 23328530					CellChatDB v2
Tph2+Slc18a1	Htr1e	5-HT	1.0	Non-protein Signaling	CellChatDB	5-HT-TPH2_SLC18A1_HTR1E	PMID: 23328530					CellChatDB v2
Tph2+Slc18a2	Htr1e	5-HT	1.0	Non-protein Signaling	CellChatDB	5-HT-TPH2_SLC18A2_HTR1E	PMID: 23328530					CellChatDB v2
Tph2+Slc6a4	Htr1e	5-HT	1.0	Non-protein Signaling	CellChatDB	5-HT-TPH2_SLC6A4_HTR1E	PMID: 23328530					CellChatDB v2
Tph1+Slc18a1	Htr1f	5-HT	1.0	Non-protein Signaling	CellChatDB	5-HT-TPH1_SLC18A1_HTR1F	PMID: 23328530					CellChatDB v2
Tph1+Slc18a2	Htr1f	5-HT	1.0	Non-protein Signaling	CellChatDB	5-HT-TPH1_SLC18A2_HTR1F	PMID: 23328530					CellChatDB v2
Tph1+Slc6a4	Htr1f	5-HT	1.0	Non-protein Signaling	CellChatDB	5-HT-TPH1_SLC6A4_HTR1F	PMID: 23328530					CellChatDB v2
Tph2+Slc18a1	Htr1f	5-HT	1.0	Non-protein Signaling	CellChatDB	5-HT-TPH2_SLC18A1_HTR1F	PMID: 23328530					CellChatDB v2
Tph2+Slc18a2	Htr1f	5-HT	1.0	Non-protein Signaling	CellChatDB	5-HT-TPH2_SLC18A2_HTR1F	PMID: 23328530					CellChatDB v2
Tph2+Slc6a4	Htr1f	5-HT	1.0	Non-protein Signaling	CellChatDB	5-HT-TPH2_SLC6A4_HTR1F	PMID: 23328530					CellChatDB v2
Tph1+Slc18a1	Htr2a	5-HT	1.0	Non-protein Signaling	CellChatDB	5-HT-TPH1_SLC18A1_HTR2A	PMID: 23328530					CellChatDB v2
Tph1+Slc18a2	Htr2a	5-HT	1.0	Non-protein Signaling	CellChatDB	5-HT-TPH1_SLC18A2_HTR2A	PMID: 23328530					CellChatDB v2
Tph1+Slc6a4	Htr2a	5-HT	1.0	Non-protein Signaling	CellChatDB	5-HT-TPH1_SLC6A4_HTR2A	PMID: 23328530					CellChatDB v2
Tph2+Slc18a1	Htr2a	5-HT	1.0	Non-protein Signaling	CellChatDB	5-HT-TPH2_SLC18A1_HTR2A	PMID: 23328530					CellChatDB v2
Tph2+Slc18a2	Htr2a	5-HT	1.0	Non-protein Signaling	CellChatDB	5-HT-TPH2_SLC18A2_HTR2A	PMID: 23328530					CellChatDB v2
Tph2+Slc6a4	Htr2a	5-HT	1.0	Non-protein Signaling	CellChatDB	5-HT-TPH2_SLC6A4_HTR2A	PMID: 23328530					CellChatDB v2
Tph1+Slc18a1	Htr2b	5-HT	1.0	Non-protein Signaling	CellChatDB	5-HT-TPH1_SLC18A1_HTR2B	PMID: 23328530					CellChatDB v2
Tph1+Slc18a2	Htr2b	5-HT	1.0	Non-protein Signaling	CellChatDB	5-HT-TPH1_SLC18A2_HTR2B	PMID: 23328530					CellChatDB v2
Tph1+Slc6a4	Htr2b	5-HT	1.0	Non-protein Signaling	CellChatDB	5-HT-TPH1_SLC6A4_HTR2B	PMID: 23328530					CellChatDB v2
Tph2+Slc18a1	Htr2b	5-HT	1.0	Non-protein Signaling	CellChatDB	5-HT-TPH2_SLC18A1_HTR2B	PMID: 23328530					CellChatDB v2
Tph2+Slc18a2	Htr2b	5-HT	1.0	Non-protein Signaling	CellChatDB	5-HT-TPH2_SLC18A2_HTR2B	PMID: 23328530					CellChatDB v2
Tph2+Slc6a4	Htr2b	5-HT	1.0	Non-protein Signaling	CellChatDB	5-HT-TPH2_SLC6A4_HTR2B	PMID: 23328530					CellChatDB v2
Tph1+Slc18a1	Htr2c	5-HT	1.0	Non-protein Signaling	CellChatDB	5-HT-TPH1_SLC18A1_HTR2C	PMID: 23328530					CellChatDB v2
Tph1+Slc18a2	Htr2c	5-HT	1.0	Non-protein Signaling	CellChatDB	5-HT-TPH1_SLC18A2_HTR2C	PMID: 23328530					CellChatDB v2
Tph1+Slc6a4	Htr2c	5-HT	1.0	Non-protein Signaling	CellChatDB	5-HT-TPH1_SLC6A4_HTR2C	PMID: 23328530					CellChatDB v2
Tph2+Slc18a1	Htr2c	5-HT	1.0	Non-protein Signaling	CellChatDB	5-HT-TPH2_SLC18A1_HTR2C	PMID: 23328530					CellChatDB v2
Tph2+Slc18a2	Htr2c	5-HT	1.0	Non-protein Signaling	CellChatDB	5-HT-TPH2_SLC18A2_HTR2C	PMID: 23328530					CellChatDB v2
Tph2+Slc6a4	Htr2c	5-HT	1.0	Non-protein Signaling	CellChatDB	5-HT-TPH2_SLC6A4_HTR2C	PMID: 23328530					CellChatDB v2
Tph1+Slc18a1	Htr4	5-HT	1.0	Non-protein Signaling	CellChatDB	5-HT-TPH1_SLC18A1_HTR4	PMID: 23328530					CellChatDB v2
Tph1+Slc18a2	Htr4	5-HT	1.0	Non-protein Signaling	CellChatDB	5-HT-TPH1_SLC18A2_HTR4	PMID: 23328530					CellChatDB v2
Tph1+Slc6a4	Htr4	5-HT	1.0	Non-protein Signaling	CellChatDB	5-HT-TPH1_SLC6A4_HTR4	PMID: 23328530					CellChatDB v2
Tph2+Slc18a1	Htr4	5-HT	1.0	Non-protein Signaling	CellChatDB	5-HT-TPH2_SLC18A1_HTR4	PMID: 23328530					CellChatDB v2
Tph2+Slc18a2	Htr4	5-HT	1.0	Non-protein Signaling	CellChatDB	5-HT-TPH2_SLC18A2_HTR4	PMID: 23328530					CellChatDB v2
Tph2+Slc6a4	Htr4	5-HT	1.0	Non-protein Signaling	CellChatDB	5-HT-TPH2_SLC6A4_HTR4	PMID: 23328530					CellChatDB v2
Tph1+Slc18a1	Htr5a	5-HT	1.0	Non-protein Signaling	CellChatDB	5-HT-TPH1_SLC18A1_HTR5A	PMID: 23328530					CellChatDB v2
Tph1+Slc18a2	Htr5a	5-HT	1.0	Non-protein Signaling	CellChatDB	5-HT-TPH1_SLC18A2_HTR5A	PMID: 23328530					CellChatDB v2
Tph1+Slc6a4	Htr5a	5-HT	1.0	Non-protein Signaling	CellChatDB	5-HT-TPH1_SLC6A4_HTR5A	PMID: 23328530					CellChatDB v2
Tph2+Slc18a1	Htr5a	5-HT	1.0	Non-protein Signaling	CellChatDB	5-HT-TPH2_SLC18A1_HTR5A	PMID: 23328530					CellChatDB v2
Tph2+Slc18a2	Htr5a	5-HT	1.0	Non-protein Signaling	CellChatDB	5-HT-TPH2_SLC18A2_HTR5A	PMID: 23328530					CellChatDB v2
Tph2+Slc6a4	Htr5a	5-HT	1.0	Non-protein Signaling	CellChatDB	5-HT-TPH2_SLC6A4_HTR5A	PMID: 23328530					CellChatDB v2
Tph1+Slc18a1	Htr6	5-HT	1.0	Non-protein Signaling	CellChatDB	5-HT-TPH1_SLC18A1_HTR6	PMID: 23328530					CellChatDB v2
Tph1+Slc18a2	Htr6	5-HT	1.0	Non-protein Signaling	CellChatDB	5-HT-TPH1_SLC18A2_HTR6	PMID: 23328530					CellChatDB v2
Tph1+Slc6a4	Htr6	5-HT	1.0	Non-protein Signaling	CellChatDB	5-HT-TPH1_SLC6A4_HTR6	PMID: 23328530					CellChatDB v2
Tph2+Slc18a1	Htr6	5-HT	1.0	Non-protein Signaling	CellChatDB	5-HT-TPH2_SLC18A1_HTR6	PMID: 23328530					CellChatDB v2
Tph2+Slc18a2	Htr6	5-HT	1.0	Non-protein Signaling	CellChatDB	5-HT-TPH2_SLC18A2_HTR6	PMID: 23328530					CellChatDB v2
Tph2+Slc6a4	Htr6	5-HT	1.0	Non-protein Signaling	CellChatDB	5-HT-TPH2_SLC6A4_HTR6	PMID: 23328530					CellChatDB v2
Tph1+Slc18a1	Htr7	5-HT	1.0	Non-protein Signaling	CellChatDB	5-HT-TPH1_SLC18A1_HTR7	PMID: 23328530					CellChatDB v2
Tph1+Slc18a2	Htr7	5-HT	1.0	Non-protein Signaling	CellChatDB	5-HT-TPH1_SLC18A2_HTR7	PMID: 23328530					CellChatDB v2
Tph1+Slc6a4	Htr7	5-HT	1.0	Non-protein Signaling	CellChatDB	5-HT-TPH1_SLC6A4_HTR7	PMID: 23328530					CellChatDB v2
Tph2+Slc18a1	Htr7	5-HT	1.0	Non-protein Signaling	CellChatDB	5-HT-TPH2_SLC18A1_HTR7	PMID: 23328530					CellChatDB v2
Tph2+Slc18a2	Htr7	5-HT	1.0	Non-protein Signaling	CellChatDB	5-HT-TPH2_SLC18A2_HTR7	PMID: 23328530					CellChatDB v2
Tph2+Slc6a4	Htr7	5-HT	1.0	Non-protein Signaling	CellChatDB	5-HT-TPH2_SLC6A4_HTR7	PMID: 23328530					CellChatDB v2
Lrfn4	Ptprd	PTPR	1.0	Cell-Cell Contact	CellChatDB	LRFN4_PTPRD	PMID: 29674953;PMID: 23916315					CellChatDB v2
Lrfn4	Ptprf	PTPR	1.0	Cell-Cell Contact	CellChatDB	LRFN4_PTPRF	PMID: 29674953;PMID: 23916315					CellChatDB v2
Lrfn4	Ptprs	PTPR	1.0	Cell-Cell Contact	CellChatDB	LRFN4_PTPRS	PMID: 29674953;PMID: 23916315					CellChatDB v2
Lrfn5	Ptprd	PTPR	1.0	Cell-Cell Contact	CellChatDB	LRFN5_PTPRD	PMID: 29674953;PMID: 23916315					CellChatDB v2
Lrfn5	Ptprf	PTPR	1.0	Cell-Cell Contact	CellChatDB	LRFN5_PTPRF	PMID: 29674953;PMID: 23916315					CellChatDB v2
Lrfn5	Ptprs	PTPR	1.0	Cell-Cell Contact	CellChatDB	LRFN5_PTPRS	PMID: 29674953;PMID: 23916315					CellChatDB v2
Lrrc4b	Ptprd	PTPR	1.0	Cell-Cell Contact	CellChatDB	LRRC4B_PTPRD	PMID: 29674953;PMID: 23916315					CellChatDB v2
Lrrc4b	Ptprs	PTPR	1.0	Cell-Cell Contact	CellChatDB	LRRC4B_PTPRS	PMID: 29674953;PMID: 23916315					CellChatDB v2
Lrrc4c	Ptprf	PTPR	1.0	Cell-Cell Contact	CellChatDB	LRRC4C_PTPRF	PMID: 29674953;PMID: 23916315					CellChatDB v2
Nrxn1	Lrrtm1	NRXN	1.0	Cell-Cell Contact	CellChatDB	NRXN1_LRRTM1	PMID:20519524;PMID:20064387;PMID:20064388;					CellChatDB v2
Nrxn2	Lrrtm1	NRXN	1.0	Cell-Cell Contact	CellChatDB	NRXN2_LRRTM1	PMID:20519524;PMID:20064387;PMID:20064388;					CellChatDB v2
Nrxn3	Lrrtm1	NRXN	1.0	Cell-Cell Contact	CellChatDB	NRXN3_LRRTM1	PMID:20519524;PMID:20064387;PMID:20064388;					CellChatDB v2
Nrxn1	Lrrtm2	NRXN	1.0	Cell-Cell Contact	CellChatDB	NRXN1_LRRTM2	PMID:20519524;PMID:20064387;PMID:20064388;					CellChatDB v2
Nrxn2	Lrrtm2	NRXN	1.0	Cell-Cell Contact	CellChatDB	NRXN2_LRRTM2	PMID:20519524;PMID:20064387;PMID:20064388;					CellChatDB v2
Nrxn3	Lrrtm2	NRXN	1.0	Cell-Cell Contact	CellChatDB	NRXN3_LRRTM2	PMID:20519524;PMID:20064387;PMID:20064388;					CellChatDB v2
Nrxn1	Lrrtm3	NRXN	1.0	Cell-Cell Contact	CellChatDB	NRXN1_LRRTM3	PMID:20519524;PMID:20064387;PMID:20064388;					CellChatDB v2
Nrxn2	Lrrtm3	NRXN	1.0	Cell-Cell Contact	CellChatDB	NRXN2_LRRTM3	PMID:20519524;PMID:20064387;PMID:20064388;					CellChatDB v2
Nrxn3	Lrrtm3	NRXN	1.0	Cell-Cell Contact	CellChatDB	NRXN3_LRRTM3	PMID:20519524;PMID:20064387;PMID:20064388;					CellChatDB v2
Nrxn1	Lrrtm4	NRXN	1.0	Cell-Cell Contact	CellChatDB	NRXN1_LRRTM4	PMID:20519524;PMID:20064387;PMID:20064388;					CellChatDB v2
Nrxn2	Lrrtm4	NRXN	1.0	Cell-Cell Contact	CellChatDB	NRXN2_LRRTM4	PMID:20519524;PMID:20064387;PMID:20064388;					CellChatDB v2
Nrxn3	Lrrtm4	NRXN	1.0	Cell-Cell Contact	CellChatDB	NRXN3_LRRTM4	PMID:20519524;PMID:20064387;PMID:20064388;					CellChatDB v2
Lrrtm4	Ptprs	PTPR	1.0	Cell-Cell Contact	CellChatDB	LRRTM4_PTPRS	PMID:31995730					CellChatDB v2
Lta4h	Ltb4r1	CysLTs	1.0	Non-protein Signaling	CellChatDB	LTB4-LTA4H_LTB4R1	PMID:33753496					CellChatDB v2
Lta4h	Ltb4r2	CysLTs	1.0	Non-protein Signaling	CellChatDB	LTB4-LTA4H_LTB4R2	PMID:33753496					CellChatDB v2
Grp	Nmbr	GRP	1.0	Secreted Signaling	CellChatDB	GRP_NMBR	PMID:25209280;PMID:29133874					CellChatDB v2
Ptprs	Ntrk3	PTPR	1.0	Secreted Signaling	CellChatDB	PTPRS_NTRK3	PMID:21262467;PMID:25385546;					CellChatDB v2
Pnoc	Oprl1	OPIOID	1.0	Non-protein Signaling	CellChatDB	PNOC_OPRL1	PMID: 29934561;PMID: 34724150					CellChatDB v2
Ptgds	Ptgdr	Prostaglandin	1.0	Non-protein Signaling	CellChatDB	PGD2-PTGDS_PTGDR	PMID: 34949672;PMID: 21508345					CellChatDB v2
Ptgds	Ptgdr2	Prostaglandin	1.0	Non-protein Signaling	CellChatDB	PGD2-PTGDS_PTGDR2	PMID: 34949672;PMID: 21508345					CellChatDB v2
Ptges	Ptger1	Prostaglandin	1.0	Non-protein Signaling	CellChatDB	PGE2-PTGES_PTGER1	PMID: 34949672;PMID: 21508345					CellChatDB v2
Ptges2	Ptger1	Prostaglandin	1.0	Non-protein Signaling	CellChatDB	PGE2-PTGES2_PTGER1	PMID: 34949672;PMID: 21508345					CellChatDB v2
Ptges3	Ptger1	Prostaglandin	1.0	Non-protein Signaling	CellChatDB	PGE2-PTGES3_PTGER1	PMID: 34949672;PMID: 21508345					CellChatDB v2
Ptges	Ptger2	Prostaglandin	1.0	Non-protein Signaling	CellChatDB	PGE2-PTGES_PTGER2	PMID: 34949672;PMID: 21508345					CellChatDB v2
Ptges2	Ptger2	Prostaglandin	1.0	Non-protein Signaling	CellChatDB	PGE2-PTGES2_PTGER2	PMID: 34949672;PMID: 21508345					CellChatDB v2
Ptges3	Ptger2	Prostaglandin	1.0	Non-protein Signaling	CellChatDB	PGE2-PTGES3_PTGER2	PMID: 34949672;PMID: 21508345					CellChatDB v2
Ptges	Ptger3	Prostaglandin	1.0	Non-protein Signaling	CellChatDB	PGE2-PTGES_PTGER3	PMID: 34949672;PMID: 21508345					CellChatDB v2
Ptges2	Ptger3	Prostaglandin	1.0	Non-protein Signaling	CellChatDB	PGE2-PTGES2_PTGER3	PMID: 34949672;PMID: 21508345					CellChatDB v2
Ptges3	Ptger3	Prostaglandin	1.0	Non-protein Signaling	CellChatDB	PGE2-PTGES3_PTGER3	PMID: 34949672;PMID: 21508345					CellChatDB v2
Ptges	Ptger4	Prostaglandin	1.0	Non-protein Signaling	CellChatDB	PGE2-PTGES_PTGER4	PMID: 34949672;PMID: 21508345					CellChatDB v2
Ptges2	Ptger4	Prostaglandin	1.0	Non-protein Signaling	CellChatDB	PGE2-PTGES2_PTGER4	PMID: 34949672;PMID: 21508345					CellChatDB v2
Ptges3	Ptger4	Prostaglandin	1.0	Non-protein Signaling	CellChatDB	PGE2-PTGES3_PTGER4	PMID: 34949672;PMID: 21508345					CellChatDB v2
Akr1c14+Akr1c20+Akr1cl+Chrng	Ptgfr	Prostaglandin	1.0	Non-protein Signaling	CellChatDB	PGF2a-AKR1C3_PTGFR	PMID: 34949672;PMID: 21508345					CellChatDB v2
Cbr1+Cbr1b	Ptgfr	Prostaglandin	1.0	Non-protein Signaling	CellChatDB	PGF2a-CBR1_PTGFR	PMID: 34949672;PMID: 21508345					CellChatDB v2
Prxl2b	Ptgfr	Prostaglandin	1.0	Non-protein Signaling	CellChatDB	PGF2a-PRXL2B_PTGFR	PMID: 34949672;PMID: 21508345					CellChatDB v2
Ptgis	Ptgir	Prostaglandin	1.0	Non-protein Signaling	CellChatDB	PGI2-PTGIS_PTGIR	PMID: 34949672;PMID: 21508345					CellChatDB v2
Vip	Sctr	VIP	1.0	Secreted Signaling	CellChatDB	VIP_SCTR	PMID: 21597914					CellChatDB v2
Slitrk1	Ptprd	SLITRK	1.0	Secreted Signaling	CellChatDB	SLITRK1_PTPRD	PMID: 30648269;PMID: 30822649					CellChatDB v2
Slitrk1	Ptprs	SLITRK	1.0	Secreted Signaling	CellChatDB	SLITRK1_PTPRS	PMID: 30648269;PMID: 30822649					CellChatDB v2
Slitrk2	Ptprd	SLITRK	1.0	Secreted Signaling	CellChatDB	SLITRK2_PTPRD	PMID: 30648269;PMID: 30822649					CellChatDB v2
Slitrk2	Ptprs	SLITRK	1.0	Secreted Signaling	CellChatDB	SLITRK2_PTPRS	PMID: 30648269;PMID: 30822649					CellChatDB v2
Slitrk3	Ptprd	SLITRK	1.0	Secreted Signaling	CellChatDB	SLITRK3_PTPRD	PMID: 30648269;PMID: 30822649					CellChatDB v2
Slitrk4	Ptprs	SLITRK	1.0	Secreted Signaling	CellChatDB	SLITRK4_PTPRS	PMID: 30648269;PMID: 30822649					CellChatDB v2
Slitrk5	Ptprs	SLITRK	1.0	Secreted Signaling	CellChatDB	SLITRK5_PTPRS	PMID: 30648269;PMID: 30822649					CellChatDB v2
Slitrk6	Ptprs	SLITRK	1.0	Secreted Signaling	CellChatDB	SLITRK6_PTPRS	PMID: 30648269;PMID: 30822649					CellChatDB v2
Tbxas1	Tbxa2r	Prostaglandin	1.0	Non-protein Signaling	CellChatDB	Prostaglandin-TXA2-TBXAS1-TBXA2R	PMID: 34949672;DOI:10.1155/2021/9087816					CellChatDB v2
Slc17a6+Gls	Grik1+Grik4	Glutamate	1.0	Non-protein Signaling	CellChatDB	Glutamate-Glu-SLC17A6_GLS_GRIK1_GRIK4	PMID: 24155668;PMID: 31776169;PMID: 32594024					CellChatDB v2
Slc17a6+Gls	Grik2+Grik4	Glutamate	1.0	Non-protein Signaling	CellChatDB	Glutamate-Glu-SLC17A6_GLS_GRIK2_GRIK4	PMID: 24155668;PMID: 31776169;PMID: 32594024					CellChatDB v2
Slc17a6+Gls	Grik3+Grik4	Glutamate	1.0	Non-protein Signaling	CellChatDB	Glutamate-Glu-SLC17A6_GLS_GRIK3_GRIK4	PMID: 24155668;PMID: 31776169;PMID: 32594024					CellChatDB v2
Slc17a6+Gls	Grik1+Grik5	Glutamate	1.0	Non-protein Signaling	CellChatDB	Glutamate-Glu-SLC17A6_GLS_GRIK1_GRIK5	PMID: 24155668;PMID: 31776169;PMID: 32594024					CellChatDB v2
Slc17a6+Gls	Grik2+Grik5	Glutamate	1.0	Non-protein Signaling	CellChatDB	Glutamate-Glu-SLC17A6_GLS_GRIK2_GRIK5	PMID: 24155668;PMID: 31776169;PMID: 32594024					CellChatDB v2
Slc17a6+Gls	Grik3+Grik5	Glutamate	1.0	Non-protein Signaling	CellChatDB	Glutamate-Glu-SLC17A6_GLS_GRIK3_GRIK5	PMID: 24155668;PMID: 31776169;PMID: 32594024					CellChatDB v2
Slc17a6+Gls	Grin1+Grin2a	Glutamate	1.0	Non-protein Signaling	CellChatDB	Glutamate-Glu-SLC17A6_GLS_GRIN1_GRIN2A	PMID: 24155668;PMID: 31776169;PMID: 32594024					CellChatDB v2
Slc17a6+Gls	Grin1+Grin2b	Glutamate	1.0	Non-protein Signaling	CellChatDB	Glutamate-Glu-SLC17A6_GLS_GRIN1_GRIN2B	PMID: 24155668;PMID: 31776169;PMID: 32594024					CellChatDB v2
Slc17a6+Gls	Grin1+Grin2c	Glutamate	1.0	Non-protein Signaling	CellChatDB	Glutamate-Glu-SLC17A6_GLS_GRIN1_GRIN2C	PMID: 24155668;PMID: 31776169;PMID: 32594024					CellChatDB v2
Slc17a6+Gls	Grin1+Grin2d	Glutamate	1.0	Non-protein Signaling	CellChatDB	Glutamate-Glu-SLC17A6_GLS_GRIN1_GRIN2D	PMID: 24155668;PMID: 31776169;PMID: 32594024					CellChatDB v2
Slc17a7+Gls	Grik1+Grik4	Glutamate	1.0	Non-protein Signaling	CellChatDB	Glutamate-Glu-SLC17A7_GLS_GRIK1_GRIK4	PMID: 24155668;PMID: 31776169;PMID: 32594024					CellChatDB v2
Slc17a7+Gls	Grik2+Grik4	Glutamate	1.0	Non-protein Signaling	CellChatDB	Glutamate-Glu-SLC17A7_GLS_GRIK2_GRIK4	PMID: 24155668;PMID: 31776169;PMID: 32594024					CellChatDB v2
Slc17a7+Gls	Grik3+Grik4	Glutamate	1.0	Non-protein Signaling	CellChatDB	Glutamate-Glu-SLC17A7_GLS_GRIK3_GRIK4	PMID: 24155668;PMID: 31776169;PMID: 32594024					CellChatDB v2
Slc17a7+Gls	Grik1+Grik5	Glutamate	1.0	Non-protein Signaling	CellChatDB	Glutamate-Glu-SLC17A7_GLS_GRIK1_GRIK5	PMID: 24155668;PMID: 31776169;PMID: 32594024					CellChatDB v2
Slc17a7+Gls	Grik2+Grik5	Glutamate	1.0	Non-protein Signaling	CellChatDB	Glutamate-Glu-SLC17A7_GLS_GRIK2_GRIK5	PMID: 24155668;PMID: 31776169;PMID: 32594024					CellChatDB v2
Slc17a7+Gls	Grik3+Grik5	Glutamate	1.0	Non-protein Signaling	CellChatDB	Glutamate-Glu-SLC17A7_GLS_GRIK3_GRIK5	PMID: 24155668;PMID: 31776169;PMID: 32594024					CellChatDB v2
Slc17a7+Gls	Grin1+Grin2a	Glutamate	1.0	Non-protein Signaling	CellChatDB	Glutamate-Glu-SLC17A7_GLS_GRIN1_GRIN2A	PMID: 24155668;PMID: 31776169;PMID: 32594024					CellChatDB v2
Slc17a7+Gls	Grin1+Grin2b	Glutamate	1.0	Non-protein Signaling	CellChatDB	Glutamate-Glu-SLC17A7_GLS_GRIN1_GRIN2B	PMID: 24155668;PMID: 31776169;PMID: 32594024					CellChatDB v2
Slc17a7+Gls	Grin1+Grin2c	Glutamate	1.0	Non-protein Signaling	CellChatDB	Glutamate-Glu-SLC17A7_GLS_GRIN1_GRIN2C	PMID: 24155668;PMID: 31776169;PMID: 32594024					CellChatDB v2
Slc17a7+Gls	Grin1+Grin2d	Glutamate	1.0	Non-protein Signaling	CellChatDB	Glutamate-Glu-SLC17A7_GLS_GRIN1_GRIN2D	PMID: 24155668;PMID: 31776169;PMID: 32594024					CellChatDB v2
Slc17a8+Gls	Grik1+Grik4	Glutamate	1.0	Non-protein Signaling	CellChatDB	Glutamate-Glu-SLC17A8_GLS_GRIK1_GRIK4	PMID: 24155668;PMID: 31776169;PMID: 32594024					CellChatDB v2
Slc17a8+Gls	Grik2+Grik4	Glutamate	1.0	Non-protein Signaling	CellChatDB	Glutamate-Glu-SLC17A8_GLS_GRIK2_GRIK4	PMID: 24155668;PMID: 31776169;PMID: 32594024					CellChatDB v2
Slc17a8+Gls	Grik3+Grik4	Glutamate	1.0	Non-protein Signaling	CellChatDB	Glutamate-Glu-SLC17A8_GLS_GRIK3_GRIK4	PMID: 24155668;PMID: 31776169;PMID: 32594024					CellChatDB v2
Slc17a8+Gls	Grik1+Grik5	Glutamate	1.0	Non-protein Signaling	CellChatDB	Glutamate-Glu-SLC17A8_GLS_GRIK1_GRIK5	PMID: 24155668;PMID: 31776169;PMID: 32594024					CellChatDB v2
Slc17a8+Gls	Grik2+Grik5	Glutamate	1.0	Non-protein Signaling	CellChatDB	Glutamate-Glu-SLC17A8_GLS_GRIK2_GRIK5	PMID: 24155668;PMID: 31776169;PMID: 32594024					CellChatDB v2
Slc17a8+Gls	Grik3+Grik5	Glutamate	1.0	Non-protein Signaling	CellChatDB	Glutamate-Glu-SLC17A8_GLS_GRIK3_GRIK5	PMID: 24155668;PMID: 31776169;PMID: 32594024					CellChatDB v2
Slc17a8+Gls	Grin1+Grin2a	Glutamate	1.0	Non-protein Signaling	CellChatDB	Glutamate-Glu-SLC17A8_GLS_GRIN1_GRIN2A	PMID: 24155668;PMID: 31776169;PMID: 32594024					CellChatDB v2
Slc17a8+Gls	Grin1+Grin2b	Glutamate	1.0	Non-protein Signaling	CellChatDB	Glutamate-Glu-SLC17A8_GLS_GRIN1_GRIN2B	PMID: 24155668;PMID: 31776169;PMID: 32594024					CellChatDB v2
Slc17a8+Gls	Grin1+Grin2c	Glutamate	1.0	Non-protein Signaling	CellChatDB	Glutamate-Glu-SLC17A8_GLS_GRIN1_GRIN2C	PMID: 24155668;PMID: 31776169;PMID: 32594024					CellChatDB v2
Slc17a8+Gls	Grin1+Grin2d	Glutamate	1.0	Non-protein Signaling	CellChatDB	Glutamate-Glu-SLC17A8_GLS_GRIN1_GRIN2D	PMID: 24155668;PMID: 31776169;PMID: 32594024					CellChatDB v2
Slc1a1+Gls	Grik1+Grik4	Glutamate	1.0	Non-protein Signaling	CellChatDB	Glutamate-Glu-SLC1A1_GLS_GRIK1_GRIK4	PMID: 24155668;PMID: 31776169;PMID: 32594024					CellChatDB v2
Slc1a1+Gls	Grik2+Grik4	Glutamate	1.0	Non-protein Signaling	CellChatDB	Glutamate-Glu-SLC1A1_GLS_GRIK2_GRIK4	PMID: 24155668;PMID: 31776169;PMID: 32594024					CellChatDB v2
Slc1a1+Gls	Grik3+Grik4	Glutamate	1.0	Non-protein Signaling	CellChatDB	Glutamate-Glu-SLC1A1_GLS_GRIK3_GRIK4	PMID: 24155668;PMID: 31776169;PMID: 32594024					CellChatDB v2
Slc1a1+Gls	Grik1+Grik5	Glutamate	1.0	Non-protein Signaling	CellChatDB	Glutamate-Glu-SLC1A1_GLS_GRIK1_GRIK5	PMID: 24155668;PMID: 31776169;PMID: 32594024					CellChatDB v2
Slc1a1+Gls	Grik2+Grik5	Glutamate	1.0	Non-protein Signaling	CellChatDB	Glutamate-Glu-SLC1A1_GLS_GRIK2_GRIK5	PMID: 24155668;PMID: 31776169;PMID: 32594024					CellChatDB v2
Slc1a1+Gls	Grik3+Grik5	Glutamate	1.0	Non-protein Signaling	CellChatDB	Glutamate-Glu-SLC1A1_GLS_GRIK3_GRIK5	PMID: 24155668;PMID: 31776169;PMID: 32594024					CellChatDB v2
Slc1a1+Gls	Grin1+Grin2a	Glutamate	1.0	Non-protein Signaling	CellChatDB	Glutamate-Glu-SLC1A1_GLS_GRIN1_GRIN2A	PMID: 24155668;PMID: 31776169;PMID: 32594024					CellChatDB v2
Slc1a1+Gls	Grin1+Grin2b	Glutamate	1.0	Non-protein Signaling	CellChatDB	Glutamate-Glu-SLC1A1_GLS_GRIN1_GRIN2B	PMID: 24155668;PMID: 31776169;PMID: 32594024					CellChatDB v2
Slc1a1+Gls	Grin1+Grin2c	Glutamate	1.0	Non-protein Signaling	CellChatDB	Glutamate-Glu-SLC1A1_GLS_GRIN1_GRIN2C	PMID: 24155668;PMID: 31776169;PMID: 32594024					CellChatDB v2
Slc1a1+Gls	Grin1+Grin2d	Glutamate	1.0	Non-protein Signaling	CellChatDB	Glutamate-Glu-SLC1A1_GLS_GRIN1_GRIN2D	PMID: 24155668;PMID: 31776169;PMID: 32594024					CellChatDB v2
Slc1a2+Gls	Grik1+Grik4	Glutamate	1.0	Non-protein Signaling	CellChatDB	Glutamate-Glu-SLC1A2_GLS_GRIK1_GRIK4	PMID: 24155668;PMID: 31776169;PMID: 32594024					CellChatDB v2
Slc1a2+Gls	Grik2+Grik4	Glutamate	1.0	Non-protein Signaling	CellChatDB	Glutamate-Glu-SLC1A2_GLS_GRIK2_GRIK4	PMID: 24155668;PMID: 31776169;PMID: 32594024					CellChatDB v2
Slc1a2+Gls	Grik3+Grik4	Glutamate	1.0	Non-protein Signaling	CellChatDB	Glutamate-Glu-SLC1A2_GLS_GRIK3_GRIK4	PMID: 24155668;PMID: 31776169;PMID: 32594024					CellChatDB v2
Slc1a2+Gls	Grik1+Grik5	Glutamate	1.0	Non-protein Signaling	CellChatDB	Glutamate-Glu-SLC1A2_GLS_GRIK1_GRIK5	PMID: 24155668;PMID: 31776169;PMID: 32594024					CellChatDB v2
Slc1a2+Gls	Grik2+Grik5	Glutamate	1.0	Non-protein Signaling	CellChatDB	Glutamate-Glu-SLC1A2_GLS_GRIK2_GRIK5	PMID: 24155668;PMID: 31776169;PMID: 32594024					CellChatDB v2
Slc1a2+Gls	Grik3+Grik5	Glutamate	1.0	Non-protein Signaling	CellChatDB	Glutamate-Glu-SLC1A2_GLS_GRIK3_GRIK5	PMID: 24155668;PMID: 31776169;PMID: 32594024					CellChatDB v2
Slc1a2+Gls	Grin1+Grin2a	Glutamate	1.0	Non-protein Signaling	CellChatDB	Glutamate-Glu-SLC1A2_GLS_GRIN1_GRIN2A	PMID: 24155668;PMID: 31776169;PMID: 32594024					CellChatDB v2
Slc1a2+Gls	Grin1+Grin2b	Glutamate	1.0	Non-protein Signaling	CellChatDB	Glutamate-Glu-SLC1A2_GLS_GRIN1_GRIN2B	PMID: 24155668;PMID: 31776169;PMID: 32594024					CellChatDB v2
Slc1a2+Gls	Grin1+Grin2c	Glutamate	1.0	Non-protein Signaling	CellChatDB	Glutamate-Glu-SLC1A2_GLS_GRIN1_GRIN2C	PMID: 24155668;PMID: 31776169;PMID: 32594024					CellChatDB v2
Slc1a2+Gls	Grin1+Grin2d	Glutamate	1.0	Non-protein Signaling	CellChatDB	Glutamate-Glu-SLC1A2_GLS_GRIN1_GRIN2D	PMID: 24155668;PMID: 31776169;PMID: 32594024					CellChatDB v2
Slc1a3+Gls	Grik1+Grik4	Glutamate	1.0	Non-protein Signaling	CellChatDB	Glutamate-Glu-SLC1A3_GLS_GRIK1_GRIK4	PMID: 24155668;PMID: 31776169;PMID: 32594024					CellChatDB v2
Slc1a3+Gls	Grik2+Grik4	Glutamate	1.0	Non-protein Signaling	CellChatDB	Glutamate-Glu-SLC1A3_GLS_GRIK2_GRIK4	PMID: 24155668;PMID: 31776169;PMID: 32594024					CellChatDB v2
Slc1a3+Gls	Grik3+Grik4	Glutamate	1.0	Non-protein Signaling	CellChatDB	Glutamate-Glu-SLC1A3_GLS_GRIK3_GRIK4	PMID: 24155668;PMID: 31776169;PMID: 32594024					CellChatDB v2
Slc1a3+Gls	Grik1+Grik5	Glutamate	1.0	Non-protein Signaling	CellChatDB	Glutamate-Glu-SLC1A3_GLS_GRIK1_GRIK5	PMID: 24155668;PMID: 31776169;PMID: 32594024					CellChatDB v2
Slc1a3+Gls	Grik2+Grik5	Glutamate	1.0	Non-protein Signaling	CellChatDB	Glutamate-Glu-SLC1A3_GLS_GRIK2_GRIK5	PMID: 24155668;PMID: 31776169;PMID: 32594024					CellChatDB v2
Slc1a3+Gls	Grik3+Grik5	Glutamate	1.0	Non-protein Signaling	CellChatDB	Glutamate-Glu-SLC1A3_GLS_GRIK3_GRIK5	PMID: 24155668;PMID: 31776169;PMID: 32594024					CellChatDB v2
Slc1a3+Gls	Grin1+Grin2a	Glutamate	1.0	Non-protein Signaling	CellChatDB	Glutamate-Glu-SLC1A3_GLS_GRIN1_GRIN2A	PMID: 24155668;PMID: 31776169;PMID: 32594024					CellChatDB v2
Slc1a3+Gls	Grin1+Grin2b	Glutamate	1.0	Non-protein Signaling	CellChatDB	Glutamate-Glu-SLC1A3_GLS_GRIN1_GRIN2B	PMID: 24155668;PMID: 31776169;PMID: 32594024					CellChatDB v2
Slc1a3+Gls	Grin1+Grin2c	Glutamate	1.0	Non-protein Signaling	CellChatDB	Glutamate-Glu-SLC1A3_GLS_GRIN1_GRIN2C	PMID: 24155668;PMID: 31776169;PMID: 32594024					CellChatDB v2
Slc1a3+Gls	Grin1+Grin2d	Glutamate	1.0	Non-protein Signaling	CellChatDB	Glutamate-Glu-SLC1A3_GLS_GRIN1_GRIN2D	PMID: 24155668;PMID: 31776169;PMID: 32594024					CellChatDB v2
Slc1a6+Gls	Grik1+Grik4	Glutamate	1.0	Non-protein Signaling	CellChatDB	Glutamate-Glu-SLC1A6_GLS_GRIK1_GRIK4	PMID: 24155668;PMID: 31776169;PMID: 32594024					CellChatDB v2
Slc1a6+Gls	Grik2+Grik4	Glutamate	1.0	Non-protein Signaling	CellChatDB	Glutamate-Glu-SLC1A6_GLS_GRIK2_GRIK4	PMID: 24155668;PMID: 31776169;PMID: 32594024					CellChatDB v2
Slc1a6+Gls	Grik3+Grik4	Glutamate	1.0	Non-protein Signaling	CellChatDB	Glutamate-Glu-SLC1A6_GLS_GRIK3_GRIK4	PMID: 24155668;PMID: 31776169;PMID: 32594024					CellChatDB v2
Slc1a6+Gls	Grik1+Grik5	Glutamate	1.0	Non-protein Signaling	CellChatDB	Glutamate-Glu-SLC1A6_GLS_GRIK1_GRIK5	PMID: 24155668;PMID: 31776169;PMID: 32594024					CellChatDB v2
Slc1a6+Gls	Grik2+Grik5	Glutamate	1.0	Non-protein Signaling	CellChatDB	Glutamate-Glu-SLC1A6_GLS_GRIK2_GRIK5	PMID: 24155668;PMID: 31776169;PMID: 32594024					CellChatDB v2
Slc1a6+Gls	Grik3+Grik5	Glutamate	1.0	Non-protein Signaling	CellChatDB	Glutamate-Glu-SLC1A6_GLS_GRIK3_GRIK5	PMID: 24155668;PMID: 31776169;PMID: 32594024					CellChatDB v2
Slc1a6+Gls	Grin1+Grin2a	Glutamate	1.0	Non-protein Signaling	CellChatDB	Glutamate-Glu-SLC1A6_GLS_GRIN1_GRIN2A	PMID: 24155668;PMID: 31776169;PMID: 32594024					CellChatDB v2
Slc1a6+Gls	Grin1+Grin2b	Glutamate	1.0	Non-protein Signaling	CellChatDB	Glutamate-Glu-SLC1A6_GLS_GRIN1_GRIN2B	PMID: 24155668;PMID: 31776169;PMID: 32594024					CellChatDB v2
Slc1a6+Gls	Grin1+Grin2c	Glutamate	1.0	Non-protein Signaling	CellChatDB	Glutamate-Glu-SLC1A6_GLS_GRIN1_GRIN2C	PMID: 24155668;PMID: 31776169;PMID: 32594024					CellChatDB v2
Slc1a6+Gls	Grin1+Grin2d	Glutamate	1.0	Non-protein Signaling	CellChatDB	Glutamate-Glu-SLC1A6_GLS_GRIN1_GRIN2D	PMID: 24155668;PMID: 31776169;PMID: 32594024					CellChatDB v2
Slc1a7+Gls	Grik1+Grik4	Glutamate	1.0	Non-protein Signaling	CellChatDB	Glutamate-Glu-SLC1A7_GLS_GRIK1_GRIK4	PMID: 24155668;PMID: 31776169;PMID: 32594024					CellChatDB v2
Slc1a7+Gls	Grik2+Grik4	Glutamate	1.0	Non-protein Signaling	CellChatDB	Glutamate-Glu-SLC1A7_GLS_GRIK2_GRIK4	PMID: 24155668;PMID: 31776169;PMID: 32594024					CellChatDB v2
Slc1a7+Gls	Grik3+Grik4	Glutamate	1.0	Non-protein Signaling	CellChatDB	Glutamate-Glu-SLC1A7_GLS_GRIK3_GRIK4	PMID: 24155668;PMID: 31776169;PMID: 32594024					CellChatDB v2
Slc1a7+Gls	Grik1+Grik5	Glutamate	1.0	Non-protein Signaling	CellChatDB	Glutamate-Glu-SLC1A7_GLS_GRIK1_GRIK5	PMID: 24155668;PMID: 31776169;PMID: 32594024					CellChatDB v2
Slc1a7+Gls	Grik2+Grik5	Glutamate	1.0	Non-protein Signaling	CellChatDB	Glutamate-Glu-SLC1A7_GLS_GRIK2_GRIK5	PMID: 24155668;PMID: 31776169;PMID: 32594024					CellChatDB v2
Slc1a7+Gls	Grik3+Grik5	Glutamate	1.0	Non-protein Signaling	CellChatDB	Glutamate-Glu-SLC1A7_GLS_GRIK3_GRIK5	PMID: 24155668;PMID: 31776169;PMID: 32594024					CellChatDB v2
Slc1a7+Gls	Grin1+Grin2a	Glutamate	1.0	Non-protein Signaling	CellChatDB	Glutamate-Glu-SLC1A7_GLS_GRIN1_GRIN2A	PMID: 24155668;PMID: 31776169;PMID: 32594024					CellChatDB v2
Slc1a7+Gls	Grin1+Grin2b	Glutamate	1.0	Non-protein Signaling	CellChatDB	Glutamate-Glu-SLC1A7_GLS_GRIN1_GRIN2B	PMID: 24155668;PMID: 31776169;PMID: 32594024					CellChatDB v2
Slc1a7+Gls	Grin1+Grin2c	Glutamate	1.0	Non-protein Signaling	CellChatDB	Glutamate-Glu-SLC1A7_GLS_GRIN1_GRIN2C	PMID: 24155668;PMID: 31776169;PMID: 32594024					CellChatDB v2
Slc1a7+Gls	Grin1+Grin2d	Glutamate	1.0	Non-protein Signaling	CellChatDB	Glutamate-Glu-SLC1A7_GLS_GRIN1_GRIN2D	PMID: 24155668;PMID: 31776169;PMID: 32594024					CellChatDB v2
Slc17a6+Gls2	Grik1+Grik4	Glutamate	1.0	Non-protein Signaling	CellChatDB	Glutamate-Glu-SLC17A6_GLS2_GRIK1_GRIK4	PMID: 24155668;PMID: 31776169;PMID: 32594024					CellChatDB v2
Slc17a6+Gls2	Grik2+Grik4	Glutamate	1.0	Non-protein Signaling	CellChatDB	Glutamate-Glu-SLC17A6_GLS2_GRIK2_GRIK4	PMID: 24155668;PMID: 31776169;PMID: 32594024					CellChatDB v2
Slc17a6+Gls2	Grik3+Grik4	Glutamate	1.0	Non-protein Signaling	CellChatDB	Glutamate-Glu-SLC17A6_GLS2_GRIK3_GRIK4	PMID: 24155668;PMID: 31776169;PMID: 32594024					CellChatDB v2
Slc17a6+Gls2	Grik1+Grik5	Glutamate	1.0	Non-protein Signaling	CellChatDB	Glutamate-Glu-SLC17A6_GLS2_GRIK1_GRIK5	PMID: 24155668;PMID: 31776169;PMID: 32594024					CellChatDB v2
Slc17a6+Gls2	Grik2+Grik5	Glutamate	1.0	Non-protein Signaling	CellChatDB	Glutamate-Glu-SLC17A6_GLS2_GRIK2_GRIK5	PMID: 24155668;PMID: 31776169;PMID: 32594024					CellChatDB v2
Slc17a6+Gls2	Grik3+Grik5	Glutamate	1.0	Non-protein Signaling	CellChatDB	Glutamate-Glu-SLC17A6_GLS2_GRIK3_GRIK5	PMID: 24155668;PMID: 31776169;PMID: 32594024					CellChatDB v2
Slc17a6+Gls2	Grin1+Grin2a	Glutamate	1.0	Non-protein Signaling	CellChatDB	Glutamate-Glu-SLC17A6_GLS2_GRIN1_GRIN2A	PMID: 24155668;PMID: 31776169;PMID: 32594024					CellChatDB v2
Slc17a6+Gls2	Grin1+Grin2b	Glutamate	1.0	Non-protein Signaling	CellChatDB	Glutamate-Glu-SLC17A6_GLS2_GRIN1_GRIN2B	PMID: 24155668;PMID: 31776169;PMID: 32594024					CellChatDB v2
Slc17a6+Gls2	Grin1+Grin2c	Glutamate	1.0	Non-protein Signaling	CellChatDB	Glutamate-Glu-SLC17A6_GLS2_GRIN1_GRIN2C	PMID: 24155668;PMID: 31776169;PMID: 32594024					CellChatDB v2
Slc17a6+Gls2	Grin1+Grin2d	Glutamate	1.0	Non-protein Signaling	CellChatDB	Glutamate-Glu-SLC17A6_GLS2_GRIN1_GRIN2D	PMID: 24155668;PMID: 31776169;PMID: 32594024					CellChatDB v2
Slc17a7+Gls2	Grik1+Grik4	Glutamate	1.0	Non-protein Signaling	CellChatDB	Glutamate-Glu-SLC17A7_GLS2_GRIK1_GRIK4	PMID: 24155668;PMID: 31776169;PMID: 32594024					CellChatDB v2
Slc17a7+Gls2	Grik2+Grik4	Glutamate	1.0	Non-protein Signaling	CellChatDB	Glutamate-Glu-SLC17A7_GLS2_GRIK2_GRIK4	PMID: 24155668;PMID: 31776169;PMID: 32594024					CellChatDB v2
Slc17a7+Gls2	Grik3+Grik4	Glutamate	1.0	Non-protein Signaling	CellChatDB	Glutamate-Glu-SLC17A7_GLS2_GRIK3_GRIK4	PMID: 24155668;PMID: 31776169;PMID: 32594024					CellChatDB v2
Slc17a7+Gls2	Grik1+Grik5	Glutamate	1.0	Non-protein Signaling	CellChatDB	Glutamate-Glu-SLC17A7_GLS2_GRIK1_GRIK5	PMID: 24155668;PMID: 31776169;PMID: 32594024					CellChatDB v2
Slc17a7+Gls2	Grik2+Grik5	Glutamate	1.0	Non-protein Signaling	CellChatDB	Glutamate-Glu-SLC17A7_GLS2_GRIK2_GRIK5	PMID: 24155668;PMID: 31776169;PMID: 32594024					CellChatDB v2
Slc17a7+Gls2	Grik3+Grik5	Glutamate	1.0	Non-protein Signaling	CellChatDB	Glutamate-Glu-SLC17A7_GLS2_GRIK3_GRIK5	PMID: 24155668;PMID: 31776169;PMID: 32594024					CellChatDB v2
Slc17a7+Gls2	Grin1+Grin2a	Glutamate	1.0	Non-protein Signaling	CellChatDB	Glutamate-Glu-SLC17A7_GLS2_GRIN1_GRIN2A	PMID: 24155668;PMID: 31776169;PMID: 32594024					CellChatDB v2
Slc17a7+Gls2	Grin1+Grin2b	Glutamate	1.0	Non-protein Signaling	CellChatDB	Glutamate-Glu-SLC17A7_GLS2_GRIN1_GRIN2B	PMID: 24155668;PMID: 31776169;PMID: 32594024					CellChatDB v2
Slc17a7+Gls2	Grin1+Grin2c	Glutamate	1.0	Non-protein Signaling	CellChatDB	Glutamate-Glu-SLC17A7_GLS2_GRIN1_GRIN2C	PMID: 24155668;PMID: 31776169;PMID: 32594024					CellChatDB v2
Slc17a7+Gls2	Grin1+Grin2d	Glutamate	1.0	Non-protein Signaling	CellChatDB	Glutamate-Glu-SLC17A7_GLS2_GRIN1_GRIN2D	PMID: 24155668;PMID: 31776169;PMID: 32594024					CellChatDB v2
Slc17a8+Gls2	Grik1+Grik4	Glutamate	1.0	Non-protein Signaling	CellChatDB	Glutamate-Glu-SLC17A8_GLS2_GRIK1_GRIK4	PMID: 24155668;PMID: 31776169;PMID: 32594024					CellChatDB v2
Slc17a8+Gls2	Grik2+Grik4	Glutamate	1.0	Non-protein Signaling	CellChatDB	Glutamate-Glu-SLC17A8_GLS2_GRIK2_GRIK4	PMID: 24155668;PMID: 31776169;PMID: 32594024					CellChatDB v2
Slc17a8+Gls2	Grik3+Grik4	Glutamate	1.0	Non-protein Signaling	CellChatDB	Glutamate-Glu-SLC17A8_GLS2_GRIK3_GRIK4	PMID: 24155668;PMID: 31776169;PMID: 32594024					CellChatDB v2
Slc17a8+Gls2	Grik1+Grik5	Glutamate	1.0	Non-protein Signaling	CellChatDB	Glutamate-Glu-SLC17A8_GLS2_GRIK1_GRIK5	PMID: 24155668;PMID: 31776169;PMID: 32594024					CellChatDB v2
Slc17a8+Gls2	Grik2+Grik5	Glutamate	1.0	Non-protein Signaling	CellChatDB	Glutamate-Glu-SLC17A8_GLS2_GRIK2_GRIK5	PMID: 24155668;PMID: 31776169;PMID: 32594024					CellChatDB v2
Slc17a8+Gls2	Grik3+Grik5	Glutamate	1.0	Non-protein Signaling	CellChatDB	Glutamate-Glu-SLC17A8_GLS2_GRIK3_GRIK5	PMID: 24155668;PMID: 31776169;PMID: 32594024					CellChatDB v2
Slc17a8+Gls2	Grin1+Grin2a	Glutamate	1.0	Non-protein Signaling	CellChatDB	Glutamate-Glu-SLC17A8_GLS2_GRIN1_GRIN2A	PMID: 24155668;PMID: 31776169;PMID: 32594024					CellChatDB v2
Slc17a8+Gls2	Grin1+Grin2b	Glutamate	1.0	Non-protein Signaling	CellChatDB	Glutamate-Glu-SLC17A8_GLS2_GRIN1_GRIN2B	PMID: 24155668;PMID: 31776169;PMID: 32594024					CellChatDB v2
Slc17a8+Gls2	Grin1+Grin2c	Glutamate	1.0	Non-protein Signaling	CellChatDB	Glutamate-Glu-SLC17A8_GLS2_GRIN1_GRIN2C	PMID: 24155668;PMID: 31776169;PMID: 32594024					CellChatDB v2
Slc17a8+Gls2	Grin1+Grin2d	Glutamate	1.0	Non-protein Signaling	CellChatDB	Glutamate-Glu-SLC17A8_GLS2_GRIN1_GRIN2D	PMID: 24155668;PMID: 31776169;PMID: 32594024					CellChatDB v2
Slc1a1+Gls2	Grik1+Grik4	Glutamate	1.0	Non-protein Signaling	CellChatDB	Glutamate-Glu-SLC1A1_GLS2_GRIK1_GRIK4	PMID: 24155668;PMID: 31776169;PMID: 32594024					CellChatDB v2
Slc1a1+Gls2	Grik2+Grik4	Glutamate	1.0	Non-protein Signaling	CellChatDB	Glutamate-Glu-SLC1A1_GLS2_GRIK2_GRIK4	PMID: 24155668;PMID: 31776169;PMID: 32594024					CellChatDB v2
Slc1a1+Gls2	Grik3+Grik4	Glutamate	1.0	Non-protein Signaling	CellChatDB	Glutamate-Glu-SLC1A1_GLS2_GRIK3_GRIK4	PMID: 24155668;PMID: 31776169;PMID: 32594024					CellChatDB v2
Slc1a1+Gls2	Grik1+Grik5	Glutamate	1.0	Non-protein Signaling	CellChatDB	Glutamate-Glu-SLC1A1_GLS2_GRIK1_GRIK5	PMID: 24155668;PMID: 31776169;PMID: 32594024					CellChatDB v2
Slc1a1+Gls2	Grik2+Grik5	Glutamate	1.0	Non-protein Signaling	CellChatDB	Glutamate-Glu-SLC1A1_GLS2_GRIK2_GRIK5	PMID: 24155668;PMID: 31776169;PMID: 32594024					CellChatDB v2
Slc1a1+Gls2	Grik3+Grik5	Glutamate	1.0	Non-protein Signaling	CellChatDB	Glutamate-Glu-SLC1A1_GLS2_GRIK3_GRIK5	PMID: 24155668;PMID: 31776169;PMID: 32594024					CellChatDB v2
Slc1a1+Gls2	Grin1+Grin2a	Glutamate	1.0	Non-protein Signaling	CellChatDB	Glutamate-Glu-SLC1A1_GLS2_GRIN1_GRIN2A	PMID: 24155668;PMID: 31776169;PMID: 32594024					CellChatDB v2
Slc1a1+Gls2	Grin1+Grin2b	Glutamate	1.0	Non-protein Signaling	CellChatDB	Glutamate-Glu-SLC1A1_GLS2_GRIN1_GRIN2B	PMID: 24155668;PMID: 31776169;PMID: 32594024					CellChatDB v2
Slc1a1+Gls2	Grin1+Grin2c	Glutamate	1.0	Non-protein Signaling	CellChatDB	Glutamate-Glu-SLC1A1_GLS2_GRIN1_GRIN2C	PMID: 24155668;PMID: 31776169;PMID: 32594024					CellChatDB v2
Slc1a1+Gls2	Grin1+Grin2d	Glutamate	1.0	Non-protein Signaling	CellChatDB	Glutamate-Glu-SLC1A1_GLS2_GRIN1_GRIN2D	PMID: 24155668;PMID: 31776169;PMID: 32594024					CellChatDB v2
Slc1a2+Gls2	Grik1+Grik4	Glutamate	1.0	Non-protein Signaling	CellChatDB	Glutamate-Glu-SLC1A2_GLS2_GRIK1_GRIK4	PMID: 24155668;PMID: 31776169;PMID: 32594024					CellChatDB v2
Slc1a2+Gls2	Grik2+Grik4	Glutamate	1.0	Non-protein Signaling	CellChatDB	Glutamate-Glu-SLC1A2_GLS2_GRIK2_GRIK4	PMID: 24155668;PMID: 31776169;PMID: 32594024					CellChatDB v2
Slc1a2+Gls2	Grik3+Grik4	Glutamate	1.0	Non-protein Signaling	CellChatDB	Glutamate-Glu-SLC1A2_GLS2_GRIK3_GRIK4	PMID: 24155668;PMID: 31776169;PMID: 32594024					CellChatDB v2
Slc1a2+Gls2	Grik1+Grik5	Glutamate	1.0	Non-protein Signaling	CellChatDB	Glutamate-Glu-SLC1A2_GLS2_GRIK1_GRIK5	PMID: 24155668;PMID: 31776169;PMID: 32594024					CellChatDB v2
Slc1a2+Gls2	Grik2+Grik5	Glutamate	1.0	Non-protein Signaling	CellChatDB	Glutamate-Glu-SLC1A2_GLS2_GRIK2_GRIK5	PMID: 24155668;PMID: 31776169;PMID: 32594024					CellChatDB v2
Slc1a2+Gls2	Grik3+Grik5	Glutamate	1.0	Non-protein Signaling	CellChatDB	Glutamate-Glu-SLC1A2_GLS2_GRIK3_GRIK5	PMID: 24155668;PMID: 31776169;PMID: 32594024					CellChatDB v2
Slc1a2+Gls2	Grin1+Grin2a	Glutamate	1.0	Non-protein Signaling	CellChatDB	Glutamate-Glu-SLC1A2_GLS2_GRIN1_GRIN2A	PMID: 24155668;PMID: 31776169;PMID: 32594024					CellChatDB v2
Slc1a2+Gls2	Grin1+Grin2b	Glutamate	1.0	Non-protein Signaling	CellChatDB	Glutamate-Glu-SLC1A2_GLS2_GRIN1_GRIN2B	PMID: 24155668;PMID: 31776169;PMID: 32594024					CellChatDB v2
Slc1a2+Gls2	Grin1+Grin2c	Glutamate	1.0	Non-protein Signaling	CellChatDB	Glutamate-Glu-SLC1A2_GLS2_GRIN1_GRIN2C	PMID: 24155668;PMID: 31776169;PMID: 32594024					CellChatDB v2
Slc1a2+Gls2	Grin1+Grin2d	Glutamate	1.0	Non-protein Signaling	CellChatDB	Glutamate-Glu-SLC1A2_GLS2_GRIN1_GRIN2D	PMID: 24155668;PMID: 31776169;PMID: 32594024					CellChatDB v2
Slc1a3+Gls2	Grik1+Grik4	Glutamate	1.0	Non-protein Signaling	CellChatDB	Glutamate-Glu-SLC1A3_GLS2_GRIK1_GRIK4	PMID: 24155668;PMID: 31776169;PMID: 32594024					CellChatDB v2
Slc1a3+Gls2	Grik2+Grik4	Glutamate	1.0	Non-protein Signaling	CellChatDB	Glutamate-Glu-SLC1A3_GLS2_GRIK2_GRIK4	PMID: 24155668;PMID: 31776169;PMID: 32594024					CellChatDB v2
Slc1a3+Gls2	Grik3+Grik4	Glutamate	1.0	Non-protein Signaling	CellChatDB	Glutamate-Glu-SLC1A3_GLS2_GRIK3_GRIK4	PMID: 24155668;PMID: 31776169;PMID: 32594024					CellChatDB v2
Slc1a3+Gls2	Grik1+Grik5	Glutamate	1.0	Non-protein Signaling	CellChatDB	Glutamate-Glu-SLC1A3_GLS2_GRIK1_GRIK5	PMID: 24155668;PMID: 31776169;PMID: 32594024					CellChatDB v2
Slc1a3+Gls2	Grik2+Grik5	Glutamate	1.0	Non-protein Signaling	CellChatDB	Glutamate-Glu-SLC1A3_GLS2_GRIK2_GRIK5	PMID: 24155668;PMID: 31776169;PMID: 32594024					CellChatDB v2
Slc1a3+Gls2	Grik3+Grik5	Glutamate	1.0	Non-protein Signaling	CellChatDB	Glutamate-Glu-SLC1A3_GLS2_GRIK3_GRIK5	PMID: 24155668;PMID: 31776169;PMID: 32594024					CellChatDB v2
Slc1a3+Gls2	Grin1+Grin2a	Glutamate	1.0	Non-protein Signaling	CellChatDB	Glutamate-Glu-SLC1A3_GLS2_GRIN1_GRIN2A	PMID: 24155668;PMID: 31776169;PMID: 32594024					CellChatDB v2
Slc1a3+Gls2	Grin1+Grin2b	Glutamate	1.0	Non-protein Signaling	CellChatDB	Glutamate-Glu-SLC1A3_GLS2_GRIN1_GRIN2B	PMID: 24155668;PMID: 31776169;PMID: 32594024					CellChatDB v2
Slc1a3+Gls2	Grin1+Grin2c	Glutamate	1.0	Non-protein Signaling	CellChatDB	Glutamate-Glu-SLC1A3_GLS2_GRIN1_GRIN2C	PMID: 24155668;PMID: 31776169;PMID: 32594024					CellChatDB v2
Slc1a3+Gls2	Grin1+Grin2d	Glutamate	1.0	Non-protein Signaling	CellChatDB	Glutamate-Glu-SLC1A3_GLS2_GRIN1_GRIN2D	PMID: 24155668;PMID: 31776169;PMID: 32594024					CellChatDB v2
Slc1a6+Gls2	Grik1+Grik4	Glutamate	1.0	Non-protein Signaling	CellChatDB	Glutamate-Glu-SLC1A6_GLS2_GRIK1_GRIK4	PMID: 24155668;PMID: 31776169;PMID: 32594024					CellChatDB v2
Slc1a6+Gls2	Grik2+Grik4	Glutamate	1.0	Non-protein Signaling	CellChatDB	Glutamate-Glu-SLC1A6_GLS2_GRIK2_GRIK4	PMID: 24155668;PMID: 31776169;PMID: 32594024					CellChatDB v2
Slc1a6+Gls2	Grik3+Grik4	Glutamate	1.0	Non-protein Signaling	CellChatDB	Glutamate-Glu-SLC1A6_GLS2_GRIK3_GRIK4	PMID: 24155668;PMID: 31776169;PMID: 32594024					CellChatDB v2
Slc1a6+Gls2	Grik1+Grik5	Glutamate	1.0	Non-protein Signaling	CellChatDB	Glutamate-Glu-SLC1A6_GLS2_GRIK1_GRIK5	PMID: 24155668;PMID: 31776169;PMID: 32594024					CellChatDB v2
Slc1a6+Gls2	Grik2+Grik5	Glutamate	1.0	Non-protein Signaling	CellChatDB	Glutamate-Glu-SLC1A6_GLS2_GRIK2_GRIK5	PMID: 24155668;PMID: 31776169;PMID: 32594024					CellChatDB v2
Slc1a6+Gls2	Grik3+Grik5	Glutamate	1.0	Non-protein Signaling	CellChatDB	Glutamate-Glu-SLC1A6_GLS2_GRIK3_GRIK5	PMID: 24155668;PMID: 31776169;PMID: 32594024					CellChatDB v2
Slc1a6+Gls2	Grin1+Grin2a	Glutamate	1.0	Non-protein Signaling	CellChatDB	Glutamate-Glu-SLC1A6_GLS2_GRIN1_GRIN2A	PMID: 24155668;PMID: 31776169;PMID: 32594024					CellChatDB v2
Slc1a6+Gls2	Grin1+Grin2b	Glutamate	1.0	Non-protein Signaling	CellChatDB	Glutamate-Glu-SLC1A6_GLS2_GRIN1_GRIN2B	PMID: 24155668;PMID: 31776169;PMID: 32594024					CellChatDB v2
Slc1a6+Gls2	Grin1+Grin2c	Glutamate	1.0	Non-protein Signaling	CellChatDB	Glutamate-Glu-SLC1A6_GLS2_GRIN1_GRIN2C	PMID: 24155668;PMID: 31776169;PMID: 32594024					CellChatDB v2
Slc1a6+Gls2	Grin1+Grin2d	Glutamate	1.0	Non-protein Signaling	CellChatDB	Glutamate-Glu-SLC1A6_GLS2_GRIN1_GRIN2D	PMID: 24155668;PMID: 31776169;PMID: 32594024					CellChatDB v2
Slc1a7+Gls2	Grik1+Grik4	Glutamate	1.0	Non-protein Signaling	CellChatDB	Glutamate-Glu-SLC1A7_GLS2_GRIK1_GRIK4	PMID: 24155668;PMID: 31776169;PMID: 32594024					CellChatDB v2
Slc1a7+Gls2	Grik2+Grik4	Glutamate	1.0	Non-protein Signaling	CellChatDB	Glutamate-Glu-SLC1A7_GLS2_GRIK2_GRIK4	PMID: 24155668;PMID: 31776169;PMID: 32594024					CellChatDB v2
Slc1a7+Gls2	Grik3+Grik4	Glutamate	1.0	Non-protein Signaling	CellChatDB	Glutamate-Glu-SLC1A7_GLS2_GRIK3_GRIK4	PMID: 24155668;PMID: 31776169;PMID: 32594024					CellChatDB v2
Slc1a7+Gls2	Grik1+Grik5	Glutamate	1.0	Non-protein Signaling	CellChatDB	Glutamate-Glu-SLC1A7_GLS2_GRIK1_GRIK5	PMID: 24155668;PMID: 31776169;PMID: 32594024					CellChatDB v2
Slc1a7+Gls2	Grik2+Grik5	Glutamate	1.0	Non-protein Signaling	CellChatDB	Glutamate-Glu-SLC1A7_GLS2_GRIK2_GRIK5	PMID: 24155668;PMID: 31776169;PMID: 32594024					CellChatDB v2
Slc1a7+Gls2	Grik3+Grik5	Glutamate	1.0	Non-protein Signaling	CellChatDB	Glutamate-Glu-SLC1A7_GLS2_GRIK3_GRIK5	PMID: 24155668;PMID: 31776169;PMID: 32594024					CellChatDB v2
Slc1a7+Gls2	Grin1+Grin2a	Glutamate	1.0	Non-protein Signaling	CellChatDB	Glutamate-Glu-SLC1A7_GLS2_GRIN1_GRIN2A	PMID: 24155668;PMID: 31776169;PMID: 32594024					CellChatDB v2
Slc1a7+Gls2	Grin1+Grin2b	Glutamate	1.0	Non-protein Signaling	CellChatDB	Glutamate-Glu-SLC1A7_GLS2_GRIN1_GRIN2B	PMID: 24155668;PMID: 31776169;PMID: 32594024					CellChatDB v2
Slc1a7+Gls2	Grin1+Grin2c	Glutamate	1.0	Non-protein Signaling	CellChatDB	Glutamate-Glu-SLC1A7_GLS2_GRIN1_GRIN2C	PMID: 24155668;PMID: 31776169;PMID: 32594024					CellChatDB v2
Slc1a7+Gls2	Grin1+Grin2d	Glutamate	1.0	Non-protein Signaling	CellChatDB	Glutamate-Glu-SLC1A7_GLS2_GRIN1_GRIN2D	PMID: 24155668;PMID: 31776169;PMID: 32594024					CellChatDB v2
Ptgr1	Ltb4r1	12oxoLTB4	1.0	Non-protein Signaling	CellChatDB	12oxoLeukotrieneB4-12oxoLTB4-PTGR1_LTB4R1	PMID: 33037399					CellChatDB v2
Ptgr1	Ltb4r2	12oxoLTB5	1.0	Non-protein Signaling	CellChatDB	12oxoLeukotrieneB4-12oxoLTB4-PTGR1_LTB4R2	PMID: 33037400					CellChatDB v2
Cyp11a1	Nr1h4	27HC	1.0	Non-protein Signaling	CellChatDB	27Hydroxycholesterol-27HC-CYP11A1_NR1H4	HMRbase;uniprot					CellChatDB v2
Cyp3a13	Nr1h4	27HC	1.0	Non-protein Signaling	CellChatDB	27Hydroxycholesterol-27HC-CYP3A4_NR1H4	HMRbase;uniprot					CellChatDB v2
Dagla	Cnr1	2-AG	1.0	Non-protein Signaling	CellChatDB	2arachidonoylglycerol-2AG-DAGLA_CNR1	PMID: 15115777					CellChatDB v2
Dagla	Cnr2	2-AG	1.0	Non-protein Signaling	CellChatDB	2arachidonoylglycerol-2AG-DAGLA_CNR2	PMID: 15115778					CellChatDB v2
Dagla	Gpr55	2-AG	1.0	Non-protein Signaling	CellChatDB	2arachidonoylglycerol-2AG-DAGLA_GPR55	PMID: 20298715					CellChatDB v2
Daglb	Cnr1	2-AG	1.0	Non-protein Signaling	CellChatDB	2arachidonoylglycerol-2AG-DAGLB_CNR1	PMID: 15115777					CellChatDB v2
Daglb	Cnr2	2-AG	1.0	Non-protein Signaling	CellChatDB	2arachidonoylglycerol-2AG-DAGLB_CNR2	PMID: 15115778					CellChatDB v2
Daglb	Gpr55	2-AG	1.0	Non-protein Signaling	CellChatDB	2arachidonoylglycerol-2AG-DAGLB_GPR55	PMID: 20298715					CellChatDB v2
Dhrs9	Pgr	5alphaP	1.0	Non-protein Signaling	CellChatDB	5alphaDihydroprogesterone-DHRS9_PGR	HMRbase					CellChatDB v2
App	Sorl1	APP	1.0	Cell-Cell Contact	CellChatDB	APP_SORL1	PMID: 24523320					CellChatDB v2
App	Tnfrsf21	APP	1.0	Cell-Cell Contact	CellChatDB	APP_TNFRSF21	PMID: 33075465					CellChatDB v2
App	Trem2+Tyrobp	APP	1.0	Cell-Cell Contact	CellChatDB	APP_TREM2_TYROBP	PMID:27477013					CellChatDB v2
Entpd1	Adora3	CD39	1.0	Cell-Cell Contact	CellChatDB	ENTPD1_ADORA3	uniprot					CellChatDB v2
Cyp11b2+Cyp11b1	Nr3c1	Aldo	1.0	Non-protein Signaling	CellChatDB	Aldosterone-Aldo-CYP11B2_NR3C1	PMID: 28116713					CellChatDB v2
Cyp11b2+Cyp11b1	Nr3c2	Aldo	1.0	Non-protein Signaling	CellChatDB	Aldosterone-Aldo-CYP11B2_NR3C2	PMID: 28116713					CellChatDB v2
Cyp17a1	Ar	Androstenedione	1.0	Non-protein Signaling	CellChatDB	ANDROSTENEDIONE-CYP17A1_AR	HMRbase;reactome					CellChatDB v2
Hsd17b6	Nr1h4	Androsterone	1.0	Non-protein Signaling	CellChatDB	ANDROSTERONE-HSD17B6_NR1H4	HMRbase					CellChatDB v2
Apoa1	Abca1	ApoA	1.0	Cell-Cell Contact	CellChatDB	APOA1_ABCA1	PMID: 20064972					CellChatDB v2
Apoa1	Amn+Cubn	ApoA	1.0	Cell-Cell Contact	CellChatDB	APOA1_CUBN_AMN	reactome					CellChatDB v2
Apoa1	Trem2+Tyrobp	ApoA	1.0	Cell-Cell Contact	CellChatDB	APOA1_TREM2_TYROBP	uniprot;PMID:27477018					CellChatDB v2
Apoa2	Trem2+Tyrobp	ApoA	1.0	Cell-Cell Contact	CellChatDB	APOA2_TREM2_TYROBP	uniprot;PMID:27477017					CellChatDB v2
Apob	Apobr	ApoB	1.0	Cell-Cell Contact	CellChatDB	APOB_APOBR	uniprot					CellChatDB v2
Apob	Trem2+Tyrobp	ApoB	1.0	Cell-Cell Contact	CellChatDB	APOB_TREM2_TYROBP	uniprot;PMID:27477016					CellChatDB v2
Apoe	Trem2+Tyrobp	ApoE	1.0	Cell-Cell Contact	CellChatDB	APOE_TREM2_TYROBP	uniprot;PMID:27477015					CellChatDB v2
Aldh1a1+Aldh1a7	Rara+Crabp2	RA	1.0	Non-protein Signaling	CellChatDB	RetinoicAcid-RA-ALDH1A1_RARA_CRABP2	uniprot;reactome					CellChatDB v2
Aldh1a1+Aldh1a7	Rara+Rxra+Crabp2	RA	1.0	Non-protein Signaling	CellChatDB	RetinoicAcid-RA-ALDH1A1_RARA_RXRA_CRABP2	uniprot;reactome					CellChatDB v2
Aldh1a1+Aldh1a7	Rarb+Crabp2	RA	1.0	Non-protein Signaling	CellChatDB	RetinoicAcid-RA-ALDH1A1_RARB_CRABP2	uniprot;reactome					CellChatDB v2
Aldh1a1+Aldh1a7	Rarb+Rxrb+Crabp2	RA	1.0	Non-protein Signaling	CellChatDB	RetinoicAcid-RA-ALDH1A1_RARB_RXRB_CRABP2	uniprot;reactome					CellChatDB v2
Aldh1a1+Aldh1a7	Rarg+Crabp2	RA	1.0	Non-protein Signaling	CellChatDB	RetinoicAcid-RA-ALDH1A1_RARG_CRABP2	uniprot;reactome					CellChatDB v2
Aldh1a1+Aldh1a7	Rarg+Rxrg+Crabp2	RA	1.0	Non-protein Signaling	CellChatDB	RetinoicAcid-RA-ALDH1A1_RARG_RXRG_CRABP2	uniprot;reactome					CellChatDB v2
Aldh1a1+Aldh1a7	Rxra+Crabp2	RA	1.0	Non-protein Signaling	CellChatDB	RetinoicAcid-RA-ALDH1A1_RXRA_CRABP2	uniprot;reactome					CellChatDB v2
Aldh1a1+Aldh1a7	Rxrb+Crabp2	RA	1.0	Non-protein Signaling	CellChatDB	RetinoicAcid-RA-ALDH1A1_RXRB_CRABP2	uniprot;reactome					CellChatDB v2
Aldh1a1+Aldh1a7	Rxrg+Crabp2	RA	1.0	Non-protein Signaling	CellChatDB	RetinoicAcid-RA-ALDH1A1_RXRG_CRABP2	uniprot;reactome					CellChatDB v2
Aldh1a1+Aldh1a7	Rorb	RA	1.0	Non-protein Signaling	CellChatDB	RetinoicAcid-RA-ALDH1A1_RORB	uniprot					CellChatDB v2
Aldh1a2	Rara+Crabp2	RA	1.0	Non-protein Signaling	CellChatDB	RetinoicAcid-RA-ALDH1A2_RARA_CRABP2	uniprot;reactome					CellChatDB v2
Aldh1a2	Rara+Rxra+Crabp2	RA	1.0	Non-protein Signaling	CellChatDB	RetinoicAcid-RA-ALDH1A2_RARA_RXRA_CRABP2	uniprot;reactome					CellChatDB v2
Aldh1a2	Rarb+Crabp2	RA	1.0	Non-protein Signaling	CellChatDB	RetinoicAcid-RA-ALDH1A2_RARB_CRABP2	uniprot;reactome					CellChatDB v2
Aldh1a2	Rarb+Rxrb+Crabp2	RA	1.0	Non-protein Signaling	CellChatDB	RetinoicAcid-RA-ALDH1A2_RARB_RXRB_CRABP2	uniprot;reactome					CellChatDB v2
Aldh1a2	Rarg+Crabp2	RA	1.0	Non-protein Signaling	CellChatDB	RetinoicAcid-RA-ALDH1A2_RARG_CRABP2	uniprot;reactome					CellChatDB v2
Aldh1a2	Rarg+Rxrg+Crabp2	RA	1.0	Non-protein Signaling	CellChatDB	RetinoicAcid-RA-ALDH1A2_RARG_RXRG_CRABP2	uniprot;reactome					CellChatDB v2
Aldh1a2	Rxra+Crabp2	RA	1.0	Non-protein Signaling	CellChatDB	RetinoicAcid-RA-ALDH1A2_RXRA_CRABP2	uniprot;reactome					CellChatDB v2
Aldh1a2	Rxrb+Crabp2	RA	1.0	Non-protein Signaling	CellChatDB	RetinoicAcid-RA-ALDH1A2_RXRB_CRABP2	uniprot;reactome					CellChatDB v2
Aldh1a2	Rxrg+Crabp2	RA	1.0	Non-protein Signaling	CellChatDB	RetinoicAcid-RA-ALDH1A2_RXRG_CRABP2	uniprot;reactome					CellChatDB v2
Aldh1a2	Rorb	RA	1.0	Non-protein Signaling	CellChatDB	RetinoicAcid-RA-ALDH1A2_RORB	uniprot					CellChatDB v2
Aldh1a3	Rara+Crabp2	RA	1.0	Non-protein Signaling	CellChatDB	RetinoicAcid-RA-ALDH1A3_RARA_CRABP2	uniprot;reactome					CellChatDB v2
Aldh1a3	Rara+Rxra+Crabp2	RA	1.0	Non-protein Signaling	CellChatDB	RetinoicAcid-RA-ALDH1A3_RARA_RXRA_CRABP2	uniprot;reactome					CellChatDB v2
Aldh1a3	Rarb+Crabp2	RA	1.0	Non-protein Signaling	CellChatDB	RetinoicAcid-RA-ALDH1A3_RARB_CRABP2	uniprot;reactome					CellChatDB v2
Aldh1a3	Rarb+Rxrb+Crabp2	RA	1.0	Non-protein Signaling	CellChatDB	RetinoicAcid-RA-ALDH1A3_RARB_RXRB_CRABP2	uniprot;reactome					CellChatDB v2
Aldh1a3	Rarg+Crabp2	RA	1.0	Non-protein Signaling	CellChatDB	RetinoicAcid-RA-ALDH1A3_RARG_CRABP2	uniprot;reactome					CellChatDB v2
Aldh1a3	Rarg+Rxrg+Crabp2	RA	1.0	Non-protein Signaling	CellChatDB	RetinoicAcid-RA-ALDH1A3_RARG_RXRG_CRABP2	uniprot;reactome					CellChatDB v2
Aldh1a3	Rxra+Crabp2	RA	1.0	Non-protein Signaling	CellChatDB	RetinoicAcid-RA-ALDH1A3_RXRA_CRABP2	uniprot;reactome					CellChatDB v2
Aldh1a3	Rxrb+Crabp2	RA	1.0	Non-protein Signaling	CellChatDB	RetinoicAcid-RA-ALDH1A3_RXRB_CRABP2	uniprot;reactome					CellChatDB v2
Aldh1a3	Rxrg+Crabp2	RA	1.0	Non-protein Signaling	CellChatDB	RetinoicAcid-RA-ALDH1A3_RXRG_CRABP2	uniprot;reactome					CellChatDB v2
Aldh1a3	Rorb	RA	1.0	Non-protein Signaling	CellChatDB	RetinoicAcid-RA-ALDH1A3_RORB	uniprot					CellChatDB v2
Bdnf	Sort1	NT	1.0	Secreted Signaling	CellChatDB	BDNF_SORT1	uniprot					CellChatDB v2
Bdnf	Ngfr	NT	1.0	Secreted Signaling	CellChatDB	BDNF_NGFR	uniprot					CellChatDB v2
Cd160	Tnfrsf14	CD160	1.0	Cell-Cell Contact	CellChatDB	CD160_TNFRSF14	PMID:21959263;PMID:18193050					CellChatDB v2
Cadm1	Nectin3	CADM	1.0	Cell-Cell Contact	CellChatDB	CADM1_NECTIN3	uniprot					CellChatDB v2
Cadm3	Cadm1	CADM	1.0	Cell-Cell Contact	CellChatDB	CADM3_CADM1	PMID: 33397712;					CellChatDB v2
Cadm3	Cadm4	CADM	1.0	Cell-Cell Contact	CellChatDB	CADM3_CADM4	PMID: 33397712;					CellChatDB v2
Cadm3	Epb41l1	CADM	1.0	Cell-Cell Contact	CellChatDB	CADM3_EPB41L1	uniprot					CellChatDB v2
Cadm3	Nectin3	CADM	1.0	Cell-Cell Contact	CellChatDB	CADM3_NECTIN3	uniprot					CellChatDB v2
Cyp27b1	Vdr	Calcitriol	1.0	Non-protein Signaling	CellChatDB	CALCITRIOL-CYP27B1_VDR	HMRbase;uniprot					CellChatDB v2
Cd276	Treml2	CD276	1.0	Cell-Cell Contact	CellChatDB	CD276_TREML2	PMID: 31044564					CellChatDB v2
Cd99	Pilrb1	CD99	1.0	Cell-Cell Contact	CellChatDB	CD99_PILRB1	uniprot;PMID:18234675					CellChatDB v2
Cd99	Pilrb2	CD99	1.0	Cell-Cell Contact	CellChatDB	CD99_PILRB2	uniprot;PMID:18234675					CellChatDB v2
Ceacam2	Cd209c	CEACAM	1.0	Cell-Cell Contact	CellChatDB	CEACAM2_CD209C	PMID:16282604;PMID:16246332					CellChatDB v2
Ceacam2	Cd209a	CEACAM	1.0	Cell-Cell Contact	CellChatDB	CEACAM2_CD209A	PMID:16282604;PMID:16246332					CellChatDB v2
Ceacam2	Cd209d	CEACAM	1.0	Cell-Cell Contact	CellChatDB	CEACAM2_CD209D	PMID:16282604;PMID:16246332					CellChatDB v2
Ceacam2	Cd209b	CEACAM	1.0	Cell-Cell Contact	CellChatDB	CEACAM2_CD209B	PMID:16282604;PMID:16246332					CellChatDB v2
Ceacam2	Cd209e	CEACAM	1.0	Cell-Cell Contact	CellChatDB	CEACAM2_CD209E	PMID:16282604;PMID:16246332					CellChatDB v2
Ceacam1	Cd209c	CEACAM	1.0	Cell-Cell Contact	CellChatDB	CEACAM1_CD209C	PMID:16282604;PMID:16246332					CellChatDB v2
Ceacam1	Cd209d	CEACAM	1.0	Cell-Cell Contact	CellChatDB	CEACAM1_CD209D	PMID:16282604;PMID:16246332					CellChatDB v2
Ceacam1	Cd209b	CEACAM	1.0	Cell-Cell Contact	CellChatDB	CEACAM1_CD209B	PMID:16282604;PMID:16246332					CellChatDB v2
Ceacam1	Cd209e	CEACAM	1.0	Cell-Cell Contact	CellChatDB	CEACAM1_CD209E	PMID:16282604;PMID:16246332					CellChatDB v2
Ceacam2	Ceacam2	CEACAM	1.0	Cell-Cell Contact	CellChatDB	CEACAM2_CEACAM2	PMID:21982860					CellChatDB v2
Ceacam1	Ceacam2	CEACAM	1.0	Cell-Cell Contact	CellChatDB	CEACAM1_CEACAM2	PMID:21982860					CellChatDB v2
Ceacam1	Ceacam1	CEACAM	1.0	Cell-Cell Contact	CellChatDB	CEACAM1_CEACAM1	PMID:21982860					CellChatDB v2
Ceacam2	Psg20	CEACAM	1.0	Cell-Cell Contact	CellChatDB	CEACAM2_PSG20	PMID:24743304					CellChatDB v2
Ceacam1	Psg20	CEACAM	1.0	Cell-Cell Contact	CellChatDB	CEACAM1_PSG20	PMID:24743304					CellChatDB v2
Ceacam2	Sele	CEACAM	1.0	Cell-Cell Contact	CellChatDB	CEACAM2_SELE	PMID:1378450					CellChatDB v2
Ceacam2	Cd8a	CEACAM	1.0	Cell-Cell Contact	CellChatDB	CEACAM2_CD8A	PMID:24104458					CellChatDB v2
Ceacam1	Cd8a	CEACAM	1.0	Cell-Cell Contact	CellChatDB	CEACAM1_CD8A	PMID:24104458					CellChatDB v2
Ceacam2	Cd1d2	CEACAM	1.0	Cell-Cell Contact	CellChatDB	CEACAM2_CD1D2	PMID:24104458					CellChatDB v2
Ceacam2	Cd1d1	CEACAM	1.0	Cell-Cell Contact	CellChatDB	CEACAM2_CD1D1	PMID:24104458					CellChatDB v2
Ceacam1	Cd1d2	CEACAM	1.0	Cell-Cell Contact	CellChatDB	CEACAM1_CD1D2	PMID:24104458					CellChatDB v2
Ceacam1	Cd1d1	CEACAM	1.0	Cell-Cell Contact	CellChatDB	CEACAM1_CD1D1	PMID:24104458					CellChatDB v2
Cel	Rora	Cholesterol	1.0	Non-protein Signaling	CellChatDB	Cholesterol-Cholesterol-CEL_RORA	HMRbase;PMID:12467577;PDB:1N83					CellChatDB v2
Cel	Rorc	Cholesterol	1.0	Non-protein Signaling	CellChatDB	Cholesterol-Cholesterol-CEL_RORC	uniprot					CellChatDB v2
Dhcr24	Rora	Cholesterol	1.0	Non-protein Signaling	CellChatDB	Cholesterol-Cholesterol-DHCR24_RORA	HMRbase;PMID:12467577;PDB:1N83					CellChatDB v2
Dhcr24	Rorc	Cholesterol	1.0	Non-protein Signaling	CellChatDB	Cholesterol-Cholesterol-DHCR24_RORC	uniprot					CellChatDB v2
Dhcr7	Rora	Cholesterol	1.0	Non-protein Signaling	CellChatDB	Cholesterol-Cholesterol-DHCR7_RORA	HMRbase;PMID:12467577;PDB:1N83					CellChatDB v2
Dhcr7	Rorc	Cholesterol	1.0	Non-protein Signaling	CellChatDB	Cholesterol-Cholesterol-DHCR7_RORC	uniprot					CellChatDB v2
Lipa	Rora	Cholesterol	1.0	Non-protein Signaling	CellChatDB	Cholesterol-Cholesterol-LIPA_RORA	HMRbase;PMID:12467577;PDB:1N83					CellChatDB v2
Lipa	Rorc	Cholesterol	1.0	Non-protein Signaling	CellChatDB	Cholesterol-Cholesterol-LIPA_RORC	uniprot					CellChatDB v2
Cntn1	Notch1	CNTN	1.0	Cell-Cell Contact	CellChatDB	CNTN1_NOTCH1	PMID:14567914					CellChatDB v2
Cntn1	Notch2	CNTN	1.0	Cell-Cell Contact	CellChatDB	CNTN1_NOTCH2	PMID:14567914;PMID: 33957164					CellChatDB v2
Cyp11b2+Cyp11b1	Nr3c1	Cort	1.0	Non-protein Signaling	CellChatDB	Corticosterone-CYP11B1_NR3C1	PMID: 28116713					CellChatDB v2
Cyp11b2+Cyp11b1	Nr3c2	Cort	1.0	Non-protein Signaling	CellChatDB	Corticosterone-CYP11B1_NR3C2	PMID: 28116713					CellChatDB v2
Crtam	Cadm1	CADM	1.0	Cell-Cell Contact	CellChatDB	CRTAM_CADM1	PMID: 26694968					CellChatDB v2
Ubash3b	Esr1	DHEA	1.0	Non-protein Signaling	CellChatDB	Dehydroepiandrosterone-DHEA-STS_ESR1	HMRbase					CellChatDB v2
Ubash3b	Nr1i2	DHEA	1.0	Non-protein Signaling	CellChatDB	Dehydroepiandrosterone-DHEA-STS_NR1I2	HMRbase					CellChatDB v2
Ubash3b	Ppara	DHEA	1.0	Non-protein Signaling	CellChatDB	Dehydroepiandrosterone-DHEA-STS_PPARA	HMRbase;PMID:18079279					CellChatDB v2
Dhcr7	Nr1h2	Desmosterol	1.0	Non-protein Signaling	CellChatDB	Desmosterol-Desmosterol-DHCR7_NR1H2	HMRbase;uniprot					CellChatDB v2
Dhcr7	Nr1h3	Desmosterol	1.0	Non-protein Signaling	CellChatDB	Desmosterol-Desmosterol-DHCR7_NR1H3	HMRbase					CellChatDB v2
Cyp21a1+Fdxr	Nr3c2	Desoxycorticosterone	1.0	Non-protein Signaling	CellChatDB	Desoxycorticosterone-DOC-CYP21A2_NR3C2	HMRbase;uniprot					CellChatDB v2
Sult1e1	Ppara	DHEAS	1.0	Non-protein Signaling	CellChatDB	DHEAsulfate-DHEAS-SULT1E1_PPARA	HMRbase					CellChatDB v2
Sult1e1	Ppard	DHEAS	1.0	Non-protein Signaling	CellChatDB	DHEAsulfate-DHEAS-SULT1E1_PPARD	HMRbase					CellChatDB v2
Sult1e1	Pparg	DHEAS	1.0	Non-protein Signaling	CellChatDB	DHEAsulfate-DHEAS-SULT1E1_PPARG	HMRbase					CellChatDB v2
Sult2a1	Ppara	DHEAS	1.0	Non-protein Signaling	CellChatDB	DHEAsulfate-DHEAS-SULT2A1_PPARA	HMRbase					CellChatDB v2
Sult2a1	Ppard	DHEAS	1.0	Non-protein Signaling	CellChatDB	DHEAsulfate-DHEAS-SULT2A1_PPARD	HMRbase					CellChatDB v2
Sult2a1	Pparg	DHEAS	1.0	Non-protein Signaling	CellChatDB	DHEAsulfate-DHEAS-SULT2A1_PPARG	HMRbase					CellChatDB v2
Sult1a1	Ppara	DHEAS	1.0	Non-protein Signaling	CellChatDB	DHEAsulfate-DHEAS-SULT2B_PPARA	HMRbase					CellChatDB v2
Sult1a1	Ppard	DHEAS	1.0	Non-protein Signaling	CellChatDB	DHEAsulfate-DHEAS-SULT2B_PPARD	HMRbase					CellChatDB v2
Sult1a1	Pparg	DHEAS	1.0	Non-protein Signaling	CellChatDB	DHEAsulfate-DHEAS-SULT2B_PPARG	HMRbase					CellChatDB v2
Srd5a1	Ar	DHT	1.0	Non-protein Signaling	CellChatDB	Dihydrotestosterone-DHT-SRD5A1_AR	HMRbase;uniprot					CellChatDB v2
Srd5a2	Ar	DHT	1.0	Non-protein Signaling	CellChatDB	Dihydrotestosterone-DHT-SRD5A2_AR	HMRbase;uniprot					CellChatDB v2
Srd5a3	Ar	DHT	1.0	Non-protein Signaling	CellChatDB	Dihydrotestosterone-DHT-SRD5A3_AR	HMRbase;uniprot					CellChatDB v2
Cyp19a1	Esr1	Estradiol	1.0	Non-protein Signaling	CellChatDB	Estradiol-E2-CYP19A1_ESR1	HMRbase;reactome					CellChatDB v2
Cyp19a1	Esr2	Estradiol	1.0	Non-protein Signaling	CellChatDB	Estradiol-E2-CYP19A1_ESR2	HMRbase					CellChatDB v2
Cyp19a1	Gper1	Estradiol	1.0	Non-protein Signaling	CellChatDB	Estradiol-E2-CYP19A1_GPER1	reactome;uniprot					CellChatDB v2
Cyp19a1	Nr1i2	Estradiol	1.0	Non-protein Signaling	CellChatDB	Estradiol-E2-CYP19A1_NR1I2	HMRbase					CellChatDB v2
Hsd17b1	Esr1	Estradiol	1.0	Non-protein Signaling	CellChatDB	Estradiol-E2-HSD17B1_ESR1	HMRbase;reactome					CellChatDB v2
Hsd17b1	Esr2	Estradiol	1.0	Non-protein Signaling	CellChatDB	Estradiol-E2-HSD17B1_ESR2	HMRbase					CellChatDB v2
Hsd17b1	Gper1	Estradiol	1.0	Non-protein Signaling	CellChatDB	Estradiol-E2-HSD17B1_GPER1	reactome;uniprot					CellChatDB v2
Hsd17b1	Nr1i2	Estradiol	1.0	Non-protein Signaling	CellChatDB	Estradiol-E2-HSD17B1_NR1I2	HMRbase					CellChatDB v2
Igfbp3	Tmem219	IGFBP	1.0	Secreted Signaling	CellChatDB	IGFBP3_TMEM219	PMID: 35115561;PMID:20353938					CellChatDB v2
Clec2f	Klrb1b	CLEC	1.0	Cell-Cell Contact	CellChatDB	CLEC2F_KLRB1B	PMID:24223577					CellChatDB v2
Clec2g	Klrb1b	CLEC	1.0	Cell-Cell Contact	CellChatDB	CLEC2G_KLRB1B	PMID:24223577					CellChatDB v2
Clec2h	Klrb1b	CLEC	1.0	Cell-Cell Contact	CellChatDB	CLEC2H_KLRB1B	PMID:24223577					CellChatDB v2
Clec2i	Klrb1b	CLEC	1.0	Cell-Cell Contact	CellChatDB	CLEC2I_KLRB1B	PMID:24223577					CellChatDB v2
Clec2e	Klrb1b	CLEC	1.0	Cell-Cell Contact	CellChatDB	CLEC2E_KLRB1B	PMID:24223577					CellChatDB v2
Clec2f	Klrb1	CLEC	1.0	Cell-Cell Contact	CellChatDB	CLEC2F_KLRB1	PMID:24223577					CellChatDB v2
Clec2d	Klrb1	CLEC	1.0	Cell-Cell Contact	CellChatDB	CLEC2D_KLRB1	PMID:24223577					CellChatDB v2
Clec2e	Klrb1	CLEC	1.0	Cell-Cell Contact	CellChatDB	CLEC2E_KLRB1	PMID:24223577					CellChatDB v2
Clec2h	Klrb1f	CLEC	1.0	Cell-Cell Contact	CellChatDB	CLEC2H_KLRB1F	PMID:24223577					CellChatDB v2
Clec2d	Klrb1f	CLEC	1.0	Cell-Cell Contact	CellChatDB	CLEC2D_KLRB1F	PMID:24223577					CellChatDB v2
Clec2e	Klrb1f	CLEC	1.0	Cell-Cell Contact	CellChatDB	CLEC2E_KLRB1F	PMID:24223577					CellChatDB v2
Clec2f	Klrb1a	CLEC	1.0	Cell-Cell Contact	CellChatDB	CLEC2F_KLRB1A	PMID:24223577					CellChatDB v2
Clec2g	Klrb1a	CLEC	1.0	Cell-Cell Contact	CellChatDB	CLEC2G_KLRB1A	PMID:24223577					CellChatDB v2
Clec2h	Klrb1a	CLEC	1.0	Cell-Cell Contact	CellChatDB	CLEC2H_KLRB1A	PMID:24223577					CellChatDB v2
Clec2d	Klrb1a	CLEC	1.0	Cell-Cell Contact	CellChatDB	CLEC2D_KLRB1A	PMID:24223577					CellChatDB v2
Clec2i	Klrb1a	CLEC	1.0	Cell-Cell Contact	CellChatDB	CLEC2I_KLRB1A	PMID:24223577					CellChatDB v2
Clec2e	Klrb1a	CLEC	1.0	Cell-Cell Contact	CellChatDB	CLEC2E_KLRB1A	PMID:24223577					CellChatDB v2
Clec2f	Klrb1c	CLEC	1.0	Cell-Cell Contact	CellChatDB	CLEC2F_KLRB1C	PMID:24223577					CellChatDB v2
Clec2g	Klrb1c	CLEC	1.0	Cell-Cell Contact	CellChatDB	CLEC2G_KLRB1C	PMID:24223577					CellChatDB v2
Clec2h	Klrb1c	CLEC	1.0	Cell-Cell Contact	CellChatDB	CLEC2H_KLRB1C	PMID:24223577					CellChatDB v2
Clec2d	Klrb1c	CLEC	1.0	Cell-Cell Contact	CellChatDB	CLEC2D_KLRB1C	PMID:24223577					CellChatDB v2
Clec2i	Klrb1c	CLEC	1.0	Cell-Cell Contact	CellChatDB	CLEC2I_KLRB1C	PMID:24223577					CellChatDB v2
Clec2e	Klrb1c	CLEC	1.0	Cell-Cell Contact	CellChatDB	CLEC2E_KLRB1C	PMID:24223577					CellChatDB v2
Lair1	Lilrb4a	LAIR1	1.0	Cell-Cell Contact	CellChatDB	LAIR1_LILRB4A	PMID:19283782					CellChatDB v2
Lgals9	Bcr+Ptprc+Cd22	GALECTIN	1.0	Secreted Signaling	CellChatDB	LGALS9_BCR_CD45_CD22	PMID:30120235					CellChatDB v2
Lgals9	P4hb	GALECTIN	1.0	Secreted Signaling	CellChatDB	LGALS9_P4HB	PMID:21670307;uniprot					CellChatDB v2
Asmt	Mtnr1a	Melatonin	1.0	Non-protein Signaling	CellChatDB	Melatonin-ASMT_MTNR1A	PMID: 26484897					CellChatDB v2
Asmt	Mtnr1b	Melatonin	1.0	Non-protein Signaling	CellChatDB	Melatonin-ASMT_MTNR1B	PMID: 26484897					CellChatDB v2
Amh	Amhr2+Bmpr1b	AMH	1.0	Secreted Signaling	CellChatDB	AMH_AMHR2_BMPR1B	PMID:22710174					CellChatDB v2
Mmp2	Mmp14+Itgav+Itgb3	MMP	1.0	Cell-Cell Contact	CellChatDB	MMP2_INTEGRIN_AVB3_COMPLEX	PMID: 29986882					CellChatDB v2
Ntn1	Dcc	Netrin	1.0	Cell-Cell Contact	CellChatDB	NTN1_DCC	PMID: 22685302					CellChatDB v2
Ntn1	Dscam	Netrin	1.0	Cell-Cell Contact	CellChatDB	NTN1_DSCAM	PMID:18585357;PMID: 22685302					CellChatDB v2
Ntn1	Unc5a	Netrin	1.0	Cell-Cell Contact	CellChatDB	NTN1_UNC5A	PMID: 22685302					CellChatDB v2
Ntn1	Unc5b	Netrin	1.0	Cell-Cell Contact	CellChatDB	NTN1_UNC5B	PMID: 22685302					CellChatDB v2
Ntn1	Unc5c	Netrin	1.0	Cell-Cell Contact	CellChatDB	NTN1_UNC5C	PMID: 22685302					CellChatDB v2
Ntn4	Ntrk2	Netrin	1.0	Cell-Cell Contact	CellChatDB	NTN4_NTRK2	PMID: 34531526					CellChatDB v2
Ntn4	Unc5b	Netrin	1.0	Cell-Cell Contact	CellChatDB	NTN4_UNC5B	PMID: 31914695					CellChatDB v2
Ntn4	Unc5d	Netrin	1.0	Cell-Cell Contact	CellChatDB	NTN4_UNC5D	uniprot					CellChatDB v2
Nts	Sort1	NTS	1.0	Secreted Signaling	CellChatDB	NTS_SORT1	PMID: 34038712					CellChatDB v2
Nrg1	Itga6+Itgb4	NRG	1.0	Secreted Signaling	CellChatDB	NRG1_ITGA6_ITGB4	PMID: 20682778					CellChatDB v2
Ntf3	Ngfr	NT	1.0	Secreted Signaling	CellChatDB	NTF3_NGFR	uniprot					CellChatDB v2
Ntf5	Ngfr	NT	1.0	Secreted Signaling	CellChatDB	NTF5_NGFR	uniprot					CellChatDB v2
Cd200	Cd200r1l	CD200	1.0	Cell-Cell Contact	CellChatDB	CD200_CD200R1L	PMID:22020332;also_called_CD200_CD200R					CellChatDB v2
Pecam1	Cd177	PECAM1	1.0	Cell-Cell Contact	CellChatDB	PECAM1_CD177	PMID:17580308					CellChatDB v2
Pecam1	Cd38	PECAM2	1.0	Cell-Cell Contact	CellChatDB	PECAM1_CD38	PMID:26407101					CellChatDB v2
Ppia	Bsg	CypA	1.0	Non-protein Signaling	CellChatDB	PPIA_BSG	PMID: 36012604					CellChatDB v2
Cyp11a1+Fdx2+Fdx1	Nr1i2	Pregnenolone	1.0	Non-protein Signaling	CellChatDB	Pregnenolone-CYP11A1_NR1I2	HMRbase;uniprot					CellChatDB v2
Hsd3b1	Catsper1+Catsperb	Progesterone	1.0	Non-protein Signaling	CellChatDB	Progesterone-Progesterone-HSD3B1_CATSPER1_CATSPERB	uniprot;reactome					CellChatDB v2
Hsd3b1	Catsper1+Catsperd	Progesterone	1.0	Non-protein Signaling	CellChatDB	Progesterone-Progesterone-HSD3B1_CATSPER1_CATSPERD	uniprot;reactome					CellChatDB v2
Hsd3b1	Catsper2+Catsperb	Progesterone	1.0	Non-protein Signaling	CellChatDB	Progesterone-Progesterone-HSD3B1_CATSPER2_CATSPERB	uniprot;reactome					CellChatDB v2
Hsd3b1	Catsper2+Catsperd	Progesterone	1.0	Non-protein Signaling	CellChatDB	Progesterone-Progesterone-HSD3B1_CATSPER2_CATSPERD	uniprot;reactome					CellChatDB v2
Hsd3b1	Catsper3+Catsperb	Progesterone	1.0	Non-protein Signaling	CellChatDB	Progesterone-Progesterone-HSD3B1_CATSPER3_CATSPERB	uniprot;reactome					CellChatDB v2
Hsd3b1	Catsper3+Catsperd	Progesterone	1.0	Non-protein Signaling	CellChatDB	Progesterone-Progesterone-HSD3B1_CATSPER3_CATSPERD	uniprot;reactome					CellChatDB v2
Hsd3b1	Catsper4+Catsperb	Progesterone	1.0	Non-protein Signaling	CellChatDB	Progesterone-Progesterone-HSD3B1_CATSPER4_CATSPERB	uniprot;reactome					CellChatDB v2
Hsd3b1	Catsper4+Catsperd+Chrne	Progesterone	1.0	Non-protein Signaling	CellChatDB	Progesterone-Progesterone-HSD3B1_CATSPER4_CATSPERD	uniprot;reactome					CellChatDB v2
Akr1c14+Akr1c20+Akr1cl+Chrng	Ptgdr2	Prostaglandin	1.0	Non-protein Signaling	CellChatDB	Prostaglandin-PGD2-AKR1C3_PTGDR2	uniprot;reactome					CellChatDB v2
Reln	Lrp8	RELN	1.0	ECM-Receptor	CellChatDB	RELN_LRP8	PMID: 14578885					CellChatDB v2
Reln	Vldlr	RELN	1.0	ECM-Receptor	CellChatDB	RELN_VLDLR	PMID: 14578885					CellChatDB v2
Raet1e	Klrk1+Hcst	NKG2D	1.0	Cell-Cell Contact	CellChatDB	RAET1E_NKG2D_HCST	PMID: 10894171;PMID:24223579					CellChatDB v2
Raet1c	Klrk1+Hcst	NKG2D	1.0	Cell-Cell Contact	CellChatDB	RAET1C_NKG2D_HCST	PMID: 10894171;PMID:24223579					CellChatDB v2
Raet1b	Klrk1+Hcst	NKG2D	1.0	Cell-Cell Contact	CellChatDB	RAET1B_NKG2D_HCST	PMID: 10894171;PMID:24223579					CellChatDB v2
Raet1a	Klrk1+Hcst	NKG2D	1.0	Cell-Cell Contact	CellChatDB	RAET1A_NKG2D_HCST	PMID: 10894171;PMID:24223579					CellChatDB v2
Raet1d	Klrk1+Hcst	NKG2D	1.0	Cell-Cell Contact	CellChatDB	RAET1D_NKG2D_HCST	PMID: 10894171;PMID:24223579					CellChatDB v2
H60a	Klrk1+Hcst	NKG2D	1.0	Cell-Cell Contact	CellChatDB	H60A_NKG2D_HCST	PMID: 10894171;PMID:24223578					CellChatDB v2
H60b	Klrk1+Hcst	NKG2D	1.0	Cell-Cell Contact	CellChatDB	H60B_NKG2D_HCST	PMID: 10894171;PMID:24223579					CellChatDB v2
H60c	Klrk1+Hcst	NKG2D	1.0	Cell-Cell Contact	CellChatDB	H60C_NKG2D_HCST	PMID: 10894171;PMID:24223580					CellChatDB v2
Rbp4	Stra6	RBP4	1.0	Secreted Signaling	CellChatDB	RBP4_STRA6	PMID: 33199363					CellChatDB v2
Ddc	Htr1a	SerotoninDopamin	1.0	Non-protein Signaling	CellChatDB	SerotoninDopamin-5-HT-DOPA-DDC_HTR1A	HMRbase;uniprot;reactome					CellChatDB v2
Ddc	Htr1b	SerotoninDopamin	1.0	Non-protein Signaling	CellChatDB	SerotoninDopamin-5-HT-DOPA-DDC_HTR1B	uniprot;reactome					CellChatDB v2
Ddc	Htr1d	SerotoninDopamin	1.0	Non-protein Signaling	CellChatDB	SerotoninDopamin-5-HT-DOPA-DDC_HTR1D	uniprot;reactome					CellChatDB v2
Ddc	Htr1f	SerotoninDopamin	1.0	Non-protein Signaling	CellChatDB	SerotoninDopamin-5-HT-DOPA-DDC_HTR1F	uniprot;reactome					CellChatDB v2
Ddc	Htr2a	SerotoninDopamin	1.0	Non-protein Signaling	CellChatDB	SerotoninDopamin-5-HT-DOPA-DDC_HTR2A	HMRbase;uniprot;reactome					CellChatDB v2
Ddc	Htr2b	SerotoninDopamin	1.0	Non-protein Signaling	CellChatDB	SerotoninDopamin-5-HT-DOPA-DDC_HTR2B	uniprot;reactome					CellChatDB v2
Ddc	Htr2c	SerotoninDopamin	1.0	Non-protein Signaling	CellChatDB	SerotoninDopamin-5-HT-DOPA-DDC_HTR2C	HMRbase;uniprot;reactome					CellChatDB v2
Ddc	Htr3a	SerotoninDopamin	1.0	Non-protein Signaling	CellChatDB	SerotoninDopamin-5-HT-DOPA-DDC_HTR3A	HMRbase;uniprot					CellChatDB v2
Ddc	Htr3b	SerotoninDopamin	1.0	Non-protein Signaling	CellChatDB	SerotoninDopamin-5-HT-DOPA-DDC_HTR3B	uniprot					CellChatDB v2
Ddc	Htr4	SerotoninDopamin	1.0	Non-protein Signaling	CellChatDB	SerotoninDopamin-5-HT-DOPA-DDC_HTR4	HMRbase;uniprot;reactome					CellChatDB v2
Ddc	Htr5a	SerotoninDopamin	1.0	Non-protein Signaling	CellChatDB	SerotoninDopamin-5-HT-DOPA-DDC_HTR5A	HMRbase;uniprot;reactome					CellChatDB v2
Ddc	Htr6	SerotoninDopamin	1.0	Non-protein Signaling	CellChatDB	SerotoninDopamin-5-HT-DOPA-DDC_HTR6	uniprot;reactome					CellChatDB v2
Ddc	Htr7	SerotoninDopamin	1.0	Non-protein Signaling	CellChatDB	SerotoninDopamin-5-HT-DOPA-DDC_HTR7	uniprot;reactome					CellChatDB v2
Ddc	Drd1	SerotoninDopamin	1.0	Non-protein Signaling	CellChatDB	SerotoninDopamin-5-HT-DOPA-DDC_DRD1	uniprot;reactome					CellChatDB v2
Ddc	Drd2	SerotoninDopamin	1.0	Non-protein Signaling	CellChatDB	SerotoninDopamin-5-HT-DOPA-DDC_DRD2	uniprot;reactome					CellChatDB v2
Ddc	Drd3	SerotoninDopamin	1.0	Non-protein Signaling	CellChatDB	SerotoninDopamin-5-HT-DOPA-DDC_DRD3	uniprot;reactome					CellChatDB v2
Ddc	Drd4	SerotoninDopamin	1.0	Non-protein Signaling	CellChatDB	SerotoninDopamin-5-HT-DOPA-DDC_DRD4	uniprot;reactome					CellChatDB v2
Ddc	Drd5	SerotoninDopamin	1.0	Non-protein Signaling	CellChatDB	SerotoninDopamin-5-HT-DOPA-DDC_DRD5	uniprot;reactome					CellChatDB v2
Sirpb1a	Cd47	SIRP	1.0	Cell-Cell Contact	CellChatDB	SIRPB1A_CD47	PMID:15294972					CellChatDB v2
Sirpb1b	Cd47	SIRP	1.0	Cell-Cell Contact	CellChatDB	SIRPB1B_CD47	PMID:15294972					CellChatDB v2
Sirpb1c	Cd47	SIRP	1.0	Cell-Cell Contact	CellChatDB	SIRPB1C_CD47	PMID:15294972					CellChatDB v2
Slit1	Robo1	SLIT	1.0	Secreted Signaling	CellChatDB	SLIT1_ROBO1	PMID:10102268					CellChatDB v2
Slit2	Robo1	SLIT	1.0	Secreted Signaling	CellChatDB	SLIT2_ROBO1	PMID:10102268					CellChatDB v2
Slit2	Robo2	SLIT	1.0	Secreted Signaling	CellChatDB	SLIT2_ROBO2	PMID:10102268					CellChatDB v2
Akr1d1	Ar	Testosterone	1.0	Non-protein Signaling	CellChatDB	Testosterone-Testosterone-AKR1D1_AR	HMRbase;uniprot					CellChatDB v2
Hsd17b12	Ar	Testosterone	1.0	Non-protein Signaling	CellChatDB	Testosterone-Testosterone-HSD17B12_AR	HMRbase;uniprot					CellChatDB v2
Hsd17b3	Ar	Testosterone	1.0	Non-protein Signaling	CellChatDB	Testosterone-Testosterone-HSD17B3_AR	HMRbase;uniprot					CellChatDB v2
Gphb5+Gpha2	Tshr	TSH	1.0	Non-protein Signaling	CellChatDB	Thyrostimulin-GPHB5_GPHA2_TSHR	PMID: 12045258					CellChatDB v2
Cga+Tshb	Tshr	TSH	1.0	Non-protein Signaling	CellChatDB	Thyrotropin-CGA_TSHB_TSHR	PMID: 12045259					CellChatDB v2
Dio3+Tg	Thra	Triiodothyronine	1.0	Non-protein Signaling	CellChatDB	Triiodothyronine-T3-DIO3_THRA	HMRbase;uniprot					CellChatDB v2
Dio3+Tg	Thrb	Triiodothyronine	1.0	Non-protein Signaling	CellChatDB	Triiodothyronine-T3-DIO3_THRB	HMRbase;uniprot					CellChatDB v2
Tulp1	Tyro3	TULP	1.0	Secreted Signaling	CellChatDB	TULP1_TYRO3	PMID: 20978472					CellChatDB v2
Tulp2	Tyro3	TULP	1.0	Secreted Signaling	CellChatDB	TULP2_TYRO3	PMID: 30501104					CellChatDB v2
Tulp1	Axl	TULP	1.0	Secreted Signaling	CellChatDB	TULP1_AXL	PMID: 20978473					CellChatDB v2
Tulp1	Mertk	TULP	1.0	Secreted Signaling	CellChatDB	TULP1_MERTK	PMID: 20978474					CellChatDB v2
Tub	Mertk	TULP	1.0	Secreted Signaling	CellChatDB	TUB_MERTK	PMID: 20978475					CellChatDB v2
Pros1	Mertk	PROS	1.0	Secreted Signaling	CellChatDB	PROS1_MERTK	PMID: 34631419					CellChatDB v2
Plau	Plaur	PLAU	1.0	Secreted Signaling	CellChatDB	PLAU_PLAUR	uniprot					CellChatDB v2
Vcam1	Itgad+Itgb2	VCAM	1.0	Cell-Cell Contact	CellChatDB	VCAM1_INTEGRIN_ADB2	PMID: 9525279					CellChatDB v2
2300002M23Rik	Ddr1		0.9	nichenet_prior	NicheNet	omnipath	omnipath					
2610528A11Rik	Gpr15		0.9	nichenet_prior	NicheNet	omnipath	omnipath					
9530003J23Rik	Itgal		0.9	nichenet_prior	NicheNet	omnipath	omnipath					
a	Atrn		0.9	nichenet_prior	NicheNet	omnipath	omnipath					
a	F11r		0.9	nichenet_prior	NicheNet	omnipath	omnipath					
a	Mc1r		0.9	nichenet_prior	NicheNet	omnipath	omnipath					
a	Mc2r		0.9	nichenet_prior	NicheNet	omnipath	omnipath					
a	Mc3r		0.9	nichenet_prior	NicheNet	omnipath	omnipath					
a	Mc4r		0.9	nichenet_prior	NicheNet	omnipath	omnipath					
a	Mc5r		0.9	nichenet_prior	NicheNet	omnipath	omnipath					
a	Mgrn1		0.9	nichenet_prior	NicheNet	nichenet_verschueren	nichenet_verschueren					
A2m	Klk1b22		0.9	nichenet_prior	NicheNet	omnipath	omnipath					
A2m	Klk1b9		0.9	nichenet_prior	NicheNet	omnipath	omnipath					
A2m	Klk1		0.9	nichenet_prior	NicheNet	omnipath	omnipath					
A2m	Klk1b11		0.9	nichenet_prior	NicheNet	omnipath	omnipath					
A2m	Klk1b16		0.9	nichenet_prior	NicheNet	omnipath	omnipath					
A2m	Klk1b21		0.9	nichenet_prior	NicheNet	omnipath	omnipath					
A2m	Klk1b24		0.9	nichenet_prior	NicheNet	omnipath	omnipath					
A2m	Klk1b26		0.9	nichenet_prior	NicheNet	omnipath	omnipath					
A2m	Klk1b27		0.9	nichenet_prior	NicheNet	omnipath	omnipath					
A2m	Klk1b5		0.9	nichenet_prior	NicheNet	omnipath	omnipath					
A2m	Klk1b1		0.9	nichenet_prior	NicheNet	omnipath	omnipath					
A2m	Klk1b8		0.9	nichenet_prior	NicheNet	omnipath	omnipath					
A2m	Klk1b4		0.9	nichenet_prior	NicheNet	omnipath	omnipath					
A2m	Klk1b3		0.9	nichenet_prior	NicheNet	omnipath	omnipath					
A2m	Lrp1		0.9	nichenet_prior	NicheNet	omnipath	omnipath					
A2m	Mmp2		0.9	nichenet_prior	NicheNet	omnipath	omnipath					
A2m	Mmp9		0.9	nichenet_prior	NicheNet	omnipath	omnipath					
Aanat	Mtnr1a		0.9	nichenet_prior	NicheNet	nichenet_verschueren	nichenet_verschueren					
Aanat	Mtnr1b		0.9	nichenet_prior	NicheNet	nichenet_verschueren	nichenet_verschueren					
Abca1	Apoa1		0.9	nichenet_prior	NicheNet	omnipath	omnipath					
Abca1	Megf10		0.9	nichenet_prior	NicheNet	omnipath	omnipath					
Ace	Agtr2		0.9	nichenet_prior	NicheNet	omnipath	omnipath					
Ace	Bdkrb2		0.9	nichenet_prior	NicheNet	omnipath	omnipath					
Ace2	Slc6a19		0.9	nichenet_prior	NicheNet	omnipath	omnipath					
Ace2	Tigit		0.9	nichenet_prior	NicheNet	omnipath	omnipath					
Ace2	Tnfrsf11a		0.9	nichenet_prior	NicheNet	nichenet_verschueren	nichenet_verschueren					
Ace2	Tnfrsf11b		0.9	nichenet_prior	NicheNet	nichenet_verschueren	nichenet_verschueren					
Acp4	Erbb4		0.9	nichenet_prior	NicheNet	omnipath	omnipath					
Acp4	Vstm2b		0.9	nichenet_prior	NicheNet	omnipath	omnipath					
Adam10	App		0.9	nichenet_prior	NicheNet	omnipath	omnipath					
Adam10	Axl		0.9	nichenet_prior	NicheNet	omnipath	omnipath					
Adam10	Cd44		0.9	nichenet_prior	NicheNet	omnipath	omnipath					
Adam10	Epha3		0.9	nichenet_prior	NicheNet	omnipath	omnipath					
Adam10	Notch1		0.9	nichenet_prior	NicheNet	omnipath	omnipath					
Adam10	Notch2		0.9	nichenet_prior	NicheNet	omnipath	omnipath					
Adam10	Notch3		0.9	nichenet_prior	NicheNet	omnipath	omnipath					
Adam10	Notch4		0.9	nichenet_prior	NicheNet	omnipath	omnipath					
Adam10	Tspan10		0.9	nichenet_prior	NicheNet	omnipath	omnipath					
Adam10	Tspan14		0.9	nichenet_prior	NicheNet	omnipath	omnipath					
Adam10	Tspan15		0.9	nichenet_prior	NicheNet	omnipath	omnipath					
Adam10	Tspan17		0.9	nichenet_prior	NicheNet	omnipath	omnipath					
Adam10	Tspan33		0.9	nichenet_prior	NicheNet	omnipath	omnipath					
Adam10	Tspan5		0.9	nichenet_prior	NicheNet	omnipath	omnipath					
Adam11	Ccr4		0.9	nichenet_prior	NicheNet	omnipath	omnipath					
Adam11	Itga4		0.9	nichenet_prior	NicheNet	omnipath	omnipath					
Adam12	Itga9		0.9	nichenet_prior	NicheNet	omnipath	omnipath					
Adam12	Itgb1		0.9	nichenet_prior	NicheNet	omnipath	omnipath					
Adam12	Sdc4		0.9	nichenet_prior	NicheNet	omnipath	omnipath					
Adam15	Itga5		0.9	nichenet_prior	NicheNet	nichenet_verschueren	nichenet_verschueren					
Adam15	Itga9		0.9	nichenet_prior	NicheNet	nichenet_verschueren	nichenet_verschueren					
Adam15	Itgb1		0.9	nichenet_prior	NicheNet	nichenet_verschueren	nichenet_verschueren					
Adam15	Itgb3		0.9	nichenet_prior	NicheNet	nichenet_verschueren	nichenet_verschueren					
Adam17	Erbb4		0.9	nichenet_prior	NicheNet	omnipath	omnipath					
Adam17	Il6ra		0.9	nichenet_prior	NicheNet	omnipath	omnipath					
Adam17	Itga5		0.9	nichenet_prior	NicheNet	omnipath	omnipath					
Adam17	Itgb1		0.9	nichenet_prior	NicheNet	omnipath	omnipath					
Adam17	Muc1		0.9	nichenet_prior	NicheNet	omnipath	omnipath					
Adam17	Notch1		0.9	nichenet_prior	NicheNet	omnipath	omnipath					
Adam17	Notch2		0.9	nichenet_prior	NicheNet	omnipath	omnipath					
Adam17	Notch3		0.9	nichenet_prior	NicheNet	omnipath	omnipath					
Adam17	Notch4		0.9	nichenet_prior	NicheNet	omnipath	omnipath					
Adam2	Cd9		0.9	nichenet_prior	NicheNet	omnipath	omnipath					
Adam2	Itga6		0.9	nichenet_prior	NicheNet	omnipath	omnipath					
Adam2	Itga9		0.9	nichenet_prior	NicheNet	omnipath	omnipath					
Adam2	Itgb1		0.9	nichenet_prior	NicheNet	omnipath	omnipath					
Adam2	Itgb7		0.9	nichenet_prior	NicheNet	omnipath	omnipath					
Adam20	Il1rapl1		0.9	nichenet_prior	NicheNet	omnipath	omnipath					
Adam20	Il1rapl2		0.9	nichenet_prior	NicheNet	omnipath	omnipath					
Adam21	Clec12b		0.9	nichenet_prior	NicheNet	omnipath	omnipath					
Adam21	Flt4		0.9	nichenet_prior	NicheNet	nichenet_verschueren	nichenet_verschueren					
Adam21	Igsf21		0.9	nichenet_prior	NicheNet	omnipath	omnipath					
Adam23	Itga5		0.9	nichenet_prior	NicheNet	nichenet_verschueren	nichenet_verschueren					
Adam23	Itgb3		0.9	nichenet_prior	NicheNet	nichenet_verschueren	nichenet_verschueren					
Adam25	Il1rapl1		0.9	nichenet_prior	NicheNet	omnipath	omnipath					
Adam25	Il1rapl2		0.9	nichenet_prior	NicheNet	omnipath	omnipath					
Adam28	Itga4		0.9	nichenet_prior	NicheNet	omnipath	omnipath					
Adam29	Itga4		0.9	nichenet_prior	NicheNet	omnipath	omnipath					
Adam39	Il1rapl1		0.9	nichenet_prior	NicheNet	omnipath	omnipath					
Adam39	Il1rapl2		0.9	nichenet_prior	NicheNet	omnipath	omnipath					
Adam7	Itga4		0.9	nichenet_prior	NicheNet	omnipath	omnipath					
Adam7	Itgb7		0.9	nichenet_prior	NicheNet	omnipath	omnipath					
Adam9	Itga6		0.9	nichenet_prior	NicheNet	nichenet_verschueren	nichenet_verschueren					
Adam9	Itgav		0.9	nichenet_prior	NicheNet	nichenet_verschueren	nichenet_verschueren					
Adam9	Itgb1		0.9	nichenet_prior	NicheNet	nichenet_verschueren	nichenet_verschueren					
Adam9	Itgb5		0.9	nichenet_prior	NicheNet	nichenet_verschueren	nichenet_verschueren					
Adamts3	Ccbe1		0.9	nichenet_prior	NicheNet	omnipath	omnipath					
Adcyap1	Sctr		0.9	nichenet_prior	NicheNet	omnipath	omnipath					
Adcyap1	Vipr1		0.9	nichenet_prior	NicheNet	omnipath	omnipath					
Adcyap1	Vipr2		0.9	nichenet_prior	NicheNet	omnipath	omnipath					
Adgrb1	Rtn4r		0.9	nichenet_prior	NicheNet	omnipath	omnipath					
Adgre5	Cd55		0.9	nichenet_prior	NicheNet	omnipath	omnipath					
Adgre5	Cd55b		0.9	nichenet_prior	NicheNet	omnipath	omnipath					
Adgrf5	Treml2		0.9	nichenet_prior	NicheNet	nichenet_verschueren	nichenet_verschueren					
Adipoq	Cnr2		0.9	nichenet_prior	NicheNet	omnipath	omnipath					
Adipoq	Ffar3		0.9	nichenet_prior	NicheNet	omnipath	omnipath					
Adm	Calcr		0.9	nichenet_prior	NicheNet	omnipath	omnipath					
Adm	Calcrl		0.9	nichenet_prior	NicheNet	omnipath	omnipath					
Adm	Gpr182		0.9	nichenet_prior	NicheNet	omnipath	omnipath					
Adm	Mrgprx2		0.9	nichenet_prior	NicheNet	omnipath	omnipath					
Adm	Mrgpra1		0.9	nichenet_prior	NicheNet	nichenet_verschueren	nichenet_verschueren					
Adm	Mrgpra2b		0.9	nichenet_prior	NicheNet	nichenet_verschueren	nichenet_verschueren					
Adm	Mrgpra9		0.9	nichenet_prior	NicheNet	nichenet_verschueren	nichenet_verschueren					
Adm	Mrgpra2a		0.9	nichenet_prior	NicheNet	nichenet_verschueren	nichenet_verschueren					
Adm	Mrgprx1		0.9	nichenet_prior	NicheNet	nichenet_verschueren	nichenet_verschueren					
Adm	Mrgprb4		0.9	nichenet_prior	NicheNet	nichenet_verschueren	nichenet_verschueren					
Adm	Mrgprb5		0.9	nichenet_prior	NicheNet	nichenet_verschueren	nichenet_verschueren					
Adm	Mrgprb2		0.9	nichenet_prior	NicheNet	nichenet_verschueren	nichenet_verschueren					
Adm	Mrgpra4		0.9	nichenet_prior	NicheNet	nichenet_verschueren	nichenet_verschueren					
Adm	Mrgpra6		0.9	nichenet_prior	NicheNet	nichenet_verschueren	nichenet_verschueren					
Adm	Mrgprb8		0.9	nichenet_prior	NicheNet	nichenet_verschueren	nichenet_verschueren					
Adm	Mrgpra3		0.9	nichenet_prior	NicheNet	nichenet_verschueren	nichenet_verschueren					
Adm	Mrgprb3		0.9	nichenet_prior	NicheNet	nichenet_verschueren	nichenet_verschueren					
Adm	Mrgprb1		0.9	nichenet_prior	NicheNet	nichenet_verschueren	nichenet_verschueren					
Adm	Ramp1		0.9	nichenet_prior	NicheNet	omnipath	omnipath					
Adm	Ramp2		0.9	nichenet_prior	NicheNet	omnipath	omnipath					
Adm	Ramp3		0.9	nichenet_prior	NicheNet	omnipath	omnipath					
Adm2	Adcyap1r1		0.9	nichenet_prior	NicheNet	omnipath	omnipath					
Adm2	Adrb2		0.9	nichenet_prior	NicheNet	omnipath	omnipath					
Adm2	Adrb3		0.9	nichenet_prior	NicheNet	omnipath	omnipath					
Adm2	Calcr		0.9	nichenet_prior	NicheNet	omnipath	omnipath					
Adm2	Calcrl		0.9	nichenet_prior	NicheNet	omnipath	omnipath					
Adm2	Gpr20		0.9	nichenet_prior	NicheNet	omnipath	omnipath					
Adm2	Gpr84		0.9	nichenet_prior	NicheNet	omnipath	omnipath					
Adm2	Pth1r		0.9	nichenet_prior	NicheNet	omnipath	omnipath					
Adm2	Ramp1		0.9	nichenet_prior	NicheNet	omnipath	omnipath					
Adm2	Ramp2		0.9	nichenet_prior	NicheNet	omnipath	omnipath					
Adm2	Ramp3		0.9	nichenet_prior	NicheNet	omnipath	omnipath					
Adm2	Tshr		0.9	nichenet_prior	NicheNet	omnipath	omnipath					
Adm2	Vipr1		0.9	nichenet_prior	NicheNet	omnipath	omnipath					
Agrn	Atp1a3		0.9	nichenet_prior	NicheNet	omnipath	omnipath					
Agrn	Chrnb3		0.9	nichenet_prior	NicheNet	omnipath	omnipath					
Agrn	Itgb1		0.9	nichenet_prior	NicheNet	omnipath	omnipath					
Agrn	Lrp1		0.9	nichenet_prior	NicheNet	omnipath	omnipath					
Agrn	Lrp2		0.9	nichenet_prior	NicheNet	omnipath	omnipath					
Agrn	Lrp4		0.9	nichenet_prior	NicheNet	omnipath	omnipath					
Agrn	Musk		0.9	nichenet_prior	NicheNet	omnipath	omnipath					
Agrp	Mc3r		0.9	nichenet_prior	NicheNet	omnipath	omnipath					
Agrp	Mc4r		0.9	nichenet_prior	NicheNet	omnipath	omnipath					
Agrp	Mc5r		0.9	nichenet_prior	NicheNet	omnipath	omnipath					
Agrp	Sdc3		0.9	nichenet_prior	NicheNet	omnipath	omnipath					
Agt	Lrp2		0.9	nichenet_prior	NicheNet	omnipath	omnipath					
Agt	Ren1		0.9	nichenet_prior	NicheNet	omnipath	omnipath					
Ahsg	Insr		0.9	nichenet_prior	NicheNet	omnipath	omnipath					
Aimp1	Ntrk1		0.9	nichenet_prior	NicheNet	omnipath	omnipath					
Alb	Lrp2		0.9	nichenet_prior	NicheNet	omnipath	omnipath					
Alcam	Alcam		0.9	nichenet_prior	NicheNet	nichenet_verschueren	nichenet_verschueren					
Alcam	Cd6		0.9	nichenet_prior	NicheNet	omnipath	omnipath					
Alcam	Chl1		0.9	nichenet_prior	NicheNet	omnipath	omnipath					
Alcam	Nrp1		0.9	nichenet_prior	NicheNet	omnipath	omnipath					
Alkal1	Alk		0.9	nichenet_prior	NicheNet	omnipath	omnipath					
Alkal1	Ltk		0.9	nichenet_prior	NicheNet	omnipath	omnipath					
Alkal2	Alk		0.9	nichenet_prior	NicheNet	omnipath	omnipath					
Alkal2	Ltk		0.9	nichenet_prior	NicheNet	omnipath	omnipath					
Alox5ap	Alox5		0.9	nichenet_prior	NicheNet	nichenet_verschueren	nichenet_verschueren					
Ambn	Cd63		0.9	nichenet_prior	NicheNet	omnipath	omnipath					
Amelx	Cd63		0.9	nichenet_prior	NicheNet	omnipath	omnipath					
Amelx	Lamp1		0.9	nichenet_prior	NicheNet	omnipath	omnipath					
Amelx	Lamp2		0.9	nichenet_prior	NicheNet	omnipath	omnipath					
Amh	Acvr1		0.9	nichenet_prior	NicheNet	omnipath	omnipath					
Amh	Amhr2		0.9	nichenet_prior	NicheNet	omnipath	omnipath					
Amh	Bmpr1a		0.9	nichenet_prior	NicheNet	omnipath	omnipath					
Amh	Bmpr1b		0.9	nichenet_prior	NicheNet	omnipath	omnipath					
Amh	Egfr		0.9	nichenet_prior	NicheNet	omnipath	omnipath					
Amh	Grem2		0.9	nichenet_prior	NicheNet	omnipath	omnipath					
Ang	Egfr		0.9	nichenet_prior	NicheNet	omnipath	omnipath					
Ang	Plxnb2		0.9	nichenet_prior	NicheNet	omnipath	omnipath					
Ang2	Egfr		0.9	nichenet_prior	NicheNet	omnipath	omnipath					
Ang2	Plxnb2		0.9	nichenet_prior	NicheNet	omnipath	omnipath					
Ang4	Egfr		0.9	nichenet_prior	NicheNet	omnipath	omnipath					
Ang4	Plxnb2		0.9	nichenet_prior	NicheNet	omnipath	omnipath					
Ang5	Egfr		0.9	nichenet_prior	NicheNet	omnipath	omnipath					
Ang5	Plxnb2		0.9	nichenet_prior	NicheNet	omnipath	omnipath					
Ang6	Egfr		0.9	nichenet_prior	NicheNet	omnipath	omnipath					
Ang6	Plxnb2		0.9	nichenet_prior	NicheNet	omnipath	omnipath					
Angpt1	Itga5		0.9	nichenet_prior	NicheNet	omnipath	omnipath					
Angpt1	Itgb1		0.9	nichenet_prior	NicheNet	omnipath	omnipath					
Angpt1	Tie1		0.9	nichenet_prior	NicheNet	omnipath	omnipath					
Angpt2	Itga5		0.9	nichenet_prior	NicheNet	omnipath	omnipath					
Angpt2	Itgb1		0.9	nichenet_prior	NicheNet	omnipath	omnipath					
Angpt2	Tie1		0.9	nichenet_prior	NicheNet	omnipath	omnipath					
Angpt4	Tek		0.9	nichenet_prior	NicheNet	omnipath	omnipath					
Angpt4	Tie1		0.9	nichenet_prior	NicheNet	omnipath	omnipath					
Angptl1	Itga1		0.9	nichenet_prior	NicheNet	omnipath	omnipath					
Angptl1	Itgb1		0.9	nichenet_prior	NicheNet	omnipath	omnipath					
Angptl1	Pira1		0.9	nichenet_prior	NicheNet	omnipath	omnipath					
Angptl1	Pira2		0.9	nichenet_prior	NicheNet	omnipath	omnipath					
Angptl1	Lilra6		0.9	nichenet_prior	NicheNet	omnipath	omnipath					
Angptl1	Pira6		0.9	nichenet_prior	NicheNet	omnipath	omnipath					
Angptl1	Gm14548		0.9	nichenet_prior	NicheNet	omnipath	omnipath					
Angptl1	Gm15448		0.9	nichenet_prior	NicheNet	omnipath	omnipath					
Angptl1	Pira12		0.9	nichenet_prior	NicheNet	omnipath	omnipath					
Angptl1	Lilra5		0.9	nichenet_prior	NicheNet	omnipath	omnipath					
Angptl1	Pira13		0.9	nichenet_prior	NicheNet	omnipath	omnipath					
Angptl1	Tek		0.9	nichenet_prior	NicheNet	omnipath	omnipath					
Angptl2	Itga5		0.9	nichenet_prior	NicheNet	omnipath	omnipath					
Angptl2	Itgb1		0.9	nichenet_prior	NicheNet	omnipath	omnipath					
Angptl2	Pira1		0.9	nichenet_prior	NicheNet	omnipath	omnipath					
Angptl2	Pira2		0.9	nichenet_prior	NicheNet	omnipath	omnipath					
Angptl2	Lilra6		0.9	nichenet_prior	NicheNet	omnipath	omnipath					
Angptl2	Pira6		0.9	nichenet_prior	NicheNet	omnipath	omnipath					
Angptl2	Gm14548		0.9	nichenet_prior	NicheNet	omnipath	omnipath					
Angptl2	Gm15448		0.9	nichenet_prior	NicheNet	omnipath	omnipath					
Angptl2	Pira12		0.9	nichenet_prior	NicheNet	omnipath	omnipath					
Angptl2	Lilra5		0.9	nichenet_prior	NicheNet	omnipath	omnipath					
Angptl2	Pira13		0.9	nichenet_prior	NicheNet	omnipath	omnipath					
Angptl2	Tie1		0.9	nichenet_prior	NicheNet	omnipath	omnipath					
Angptl3	Itga5		0.9	nichenet_prior	NicheNet	omnipath	omnipath					
Angptl3	Itgav		0.9	nichenet_prior	NicheNet	omnipath	omnipath					
Angptl3	Itgb3		0.9	nichenet_prior	NicheNet	omnipath	omnipath					
Angptl3	Lpl		0.9	nichenet_prior	NicheNet	omnipath	omnipath					
Angptl4	Gpihbp1		0.9	nichenet_prior	NicheNet	omnipath	omnipath					
Angptl4	Itga5		0.9	nichenet_prior	NicheNet	omnipath	omnipath					
Angptl4	Itgav		0.9	nichenet_prior	NicheNet	omnipath	omnipath					
Angptl4	Itgb1		0.9	nichenet_prior	NicheNet	omnipath	omnipath					
Angptl4	Itgb3		0.9	nichenet_prior	NicheNet	omnipath	omnipath					
Angptl4	Lpl		0.9	nichenet_prior	NicheNet	omnipath	omnipath					
Angptl4	Tie1		0.9	nichenet_prior	NicheNet	omnipath	omnipath					
Angptl6	Tek		0.9	nichenet_prior	NicheNet	omnipath	omnipath					
Angptl7	Pira1		0.9	nichenet_prior	NicheNet	omnipath	omnipath					
Angptl7	Pira2		0.9	nichenet_prior	NicheNet	omnipath	omnipath					
Angptl7	Lilra6		0.9	nichenet_prior	NicheNet	omnipath	omnipath					
Angptl7	Pira6		0.9	nichenet_prior	NicheNet	omnipath	omnipath					
Angptl7	Gm14548		0.9	nichenet_prior	NicheNet	omnipath	omnipath					
Angptl7	Gm15448		0.9	nichenet_prior	NicheNet	omnipath	omnipath					
Angptl7	Pira12		0.9	nichenet_prior	NicheNet	omnipath	omnipath					
Angptl7	Lilra5		0.9	nichenet_prior	NicheNet	omnipath	omnipath					
Angptl7	Pira13		0.9	nichenet_prior	NicheNet	omnipath	omnipath					
Anpep	Sele		0.9	nichenet_prior	NicheNet	omnipath	omnipath					
Antxr1	Treml2		0.9	nichenet_prior	NicheNet	nichenet_verschueren	nichenet_verschueren					
Anxa1	Dysf		0.9	nichenet_prior	NicheNet	omnipath	omnipath					
Anxa1	Egfr		0.9	nichenet_prior	NicheNet	omnipath	omnipath					
Anxa2	Dysf		0.9	nichenet_prior	NicheNet	omnipath	omnipath					
Anxa2	Egfr		0.9	nichenet_prior	NicheNet	omnipath	omnipath					
Anxa2	Plat		0.9	nichenet_prior	NicheNet	omnipath	omnipath					
Anxa2	Robo4		0.9	nichenet_prior	NicheNet	omnipath	omnipath					
Anxa2	Tlr2		0.9	nichenet_prior	NicheNet	omnipath	omnipath					
Apln	Grm7		0.9	nichenet_prior	NicheNet	omnipath	omnipath					
Apoa1	Ldlr		0.9	nichenet_prior	NicheNet	omnipath	omnipath					
Apoa1	Lrp1		0.9	nichenet_prior	NicheNet	omnipath	omnipath					
Apoa1	Lrp2		0.9	nichenet_prior	NicheNet	omnipath	omnipath					
Apoa2	Ldlr		0.9	nichenet_prior	NicheNet	omnipath	omnipath					
Apoa2	Lrp1		0.9	nichenet_prior	NicheNet	omnipath	omnipath					
Apoa2	Lrp2		0.9	nichenet_prior	NicheNet	omnipath	omnipath					
Apoa4	Ldlr		0.9	nichenet_prior	NicheNet	omnipath	omnipath					
Apoa4	Lrp1		0.9	nichenet_prior	NicheNet	omnipath	omnipath					
Apoa4	Lrp2		0.9	nichenet_prior	NicheNet	omnipath	omnipath					
Apoa5	Lpl		0.9	nichenet_prior	NicheNet	omnipath	omnipath					
Apob	Adrb2		0.9	nichenet_prior	NicheNet	omnipath	omnipath					
Apob	Calcr		0.9	nichenet_prior	NicheNet	omnipath	omnipath					
Apob	Itgam		0.9	nichenet_prior	NicheNet	omnipath	omnipath					
Apob	Gm49368		0.9	nichenet_prior	NicheNet	omnipath	omnipath					
Apob	Itgb2		0.9	nichenet_prior	NicheNet	omnipath	omnipath					
Apob	Itgb2l		0.9	nichenet_prior	NicheNet	omnipath	omnipath					
Apob	Ldlr		0.9	nichenet_prior	NicheNet	omnipath	omnipath					
Apob	Lrp1		0.9	nichenet_prior	NicheNet	omnipath	omnipath					
Apob	Lrp2		0.9	nichenet_prior	NicheNet	omnipath	omnipath					
Apob	Lrp8		0.9	nichenet_prior	NicheNet	omnipath	omnipath					
Apob	Lsr		0.9	nichenet_prior	NicheNet	omnipath	omnipath					
Apob	Olr1		0.9	nichenet_prior	NicheNet	omnipath	omnipath					
Apob	Tlr4		0.9	nichenet_prior	NicheNet	omnipath	omnipath					
Apob	Tlr6		0.9	nichenet_prior	NicheNet	omnipath	omnipath					
Apob	Trem2		0.9	nichenet_prior	NicheNet	omnipath	omnipath					
Apob	Vldlr		0.9	nichenet_prior	NicheNet	omnipath	omnipath					
Apoc1	Vldlr		0.9	nichenet_prior	NicheNet	omnipath	omnipath					
Apoc2	Ldlr		0.9	nichenet_prior	NicheNet	omnipath	omnipath					
Apoc2	Lpl		0.9	nichenet_prior	NicheNet	omnipath	omnipath					
Apoc2	Lrp1		0.9	nichenet_prior	NicheNet	omnipath	omnipath					
Apoc2	Lrp2		0.9	nichenet_prior	NicheNet	omnipath	omnipath					
Apoc3	Ldlr		0.9	nichenet_prior	NicheNet	omnipath	omnipath					
Apoc3	Lrp1		0.9	nichenet_prior	NicheNet	omnipath	omnipath					
Apoc3	Lrp2		0.9	nichenet_prior	NicheNet	omnipath	omnipath					
Apoc3	Sdc2		0.9	nichenet_prior	NicheNet	omnipath	omnipath					
Apoc3	Tlr2		0.9	nichenet_prior	NicheNet	omnipath	omnipath					
Apoc4	Vldlr		0.9	nichenet_prior	NicheNet	omnipath	omnipath					
Apod	Lepr		0.9	nichenet_prior	NicheNet	omnipath	omnipath					
Apoe	App		0.9	nichenet_prior	NicheNet	omnipath	omnipath					
Apoe	Ldlr		0.9	nichenet_prior	NicheNet	omnipath	omnipath					
Apoe	Lrp1		0.9	nichenet_prior	NicheNet	omnipath	omnipath					
Apoe	Lrp2		0.9	nichenet_prior	NicheNet	omnipath	omnipath					
Apoe	Lrp5		0.9	nichenet_prior	NicheNet	omnipath	omnipath					
Apoe	Lrp8		0.9	nichenet_prior	NicheNet	omnipath	omnipath					
Apoe	Scarb1		0.9	nichenet_prior	NicheNet	omnipath	omnipath					
Apoe	Sorl1		0.9	nichenet_prior	NicheNet	omnipath	omnipath					
Apoe	Trem2		0.9	nichenet_prior	NicheNet	omnipath	omnipath					
Apoe	Vldlr		0.9	nichenet_prior	NicheNet	omnipath	omnipath					
Apoo	Il1rapl1		0.9	nichenet_prior	NicheNet	omnipath	omnipath					
Apoo	Il1rapl2		0.9	nichenet_prior	NicheNet	omnipath	omnipath					
App	Bace1		0.9	nichenet_prior	NicheNet	omnipath	omnipath					
App	Flt1		0.9	nichenet_prior	NicheNet	nichenet_verschueren	nichenet_verschueren					
App	Fpr2		0.9	nichenet_prior	NicheNet	omnipath	omnipath					
App	Fpr3		0.9	nichenet_prior	NicheNet	omnipath	omnipath					
App	Gpc1		0.9	nichenet_prior	NicheNet	omnipath	omnipath					
App	Lrp1		0.9	nichenet_prior	NicheNet	omnipath	omnipath					
App	Ncstn		0.9	nichenet_prior	NicheNet	omnipath	omnipath					
App	Ngfr		0.9	nichenet_prior	NicheNet	omnipath	omnipath					
Areg	Erbb2		0.9	nichenet_prior	NicheNet	omnipath	omnipath					
Areg	Erbb3		0.9	nichenet_prior	NicheNet	omnipath	omnipath					
Areg	Mmp9		0.9	nichenet_prior	NicheNet	omnipath	omnipath					
Arf1	Pld2		0.9	nichenet_prior	NicheNet	nichenet_verschueren	nichenet_verschueren					
Armh4	Tnfrsf11b		0.9	nichenet_prior	NicheNet	nichenet_verschueren	nichenet_verschueren					
Artn	Gfra1		0.9	nichenet_prior	NicheNet	omnipath	omnipath					
Artn	Gfra2		0.9	nichenet_prior	NicheNet	omnipath	omnipath					
Artn	Gfra3		0.9	nichenet_prior	NicheNet	omnipath	omnipath					
Artn	Ncam1		0.9	nichenet_prior	NicheNet	omnipath	omnipath					
Artn	Ret		0.9	nichenet_prior	NicheNet	omnipath	omnipath					
Atp1b1	Negr1		0.9	nichenet_prior	NicheNet	omnipath	omnipath					
AU040320	Ildr1		0.9	nichenet_prior	NicheNet	omnipath	omnipath					
AU040320	Mpzl3		0.9	nichenet_prior	NicheNet	omnipath	omnipath					
AU040320	Siglecf		0.9	nichenet_prior	NicheNet	nichenet_verschueren	nichenet_verschueren					
AU040320	Siglece		0.9	nichenet_prior	NicheNet	nichenet_verschueren	nichenet_verschueren					
AU040320	Unc5a		0.9	nichenet_prior	NicheNet	omnipath	omnipath					
Avp	Aqp2		0.9	nichenet_prior	NicheNet	omnipath	omnipath					
Avp	Oxtr		0.9	nichenet_prior	NicheNet	omnipath	omnipath					
Azgp1	Itgav		0.9	nichenet_prior	NicheNet	omnipath	omnipath					
B2m	Klrc1		0.9	nichenet_prior	NicheNet	omnipath	omnipath					
B2m	Klrc3		0.9	nichenet_prior	NicheNet	omnipath	omnipath					
B2m	Klrc2		0.9	nichenet_prior	NicheNet	omnipath	omnipath					
B2m	Klrd1		0.9	nichenet_prior	NicheNet	omnipath	omnipath					
B2m	Tap1		0.9	nichenet_prior	NicheNet	omnipath	omnipath					
B2m	Tap2		0.9	nichenet_prior	NicheNet	omnipath	omnipath					
Bace1	App		0.9	nichenet_prior	NicheNet	omnipath	omnipath					
Bace1	Selplg		0.9	nichenet_prior	NicheNet	omnipath	omnipath					
Bace2	App		0.9	nichenet_prior	NicheNet	omnipath	omnipath					
BC053393	Cd300lb		0.9	nichenet_prior	NicheNet	omnipath	omnipath					
BC053393	Igsf21		0.9	nichenet_prior	NicheNet	omnipath	omnipath					
BC053393	Siglec1		0.9	nichenet_prior	NicheNet	omnipath	omnipath					
BC053393	Timd4		0.9	nichenet_prior	NicheNet	omnipath	omnipath					
Bcan	Egfr		0.9	nichenet_prior	NicheNet	omnipath	omnipath					
Bcan	Nrcam		0.9	nichenet_prior	NicheNet	omnipath	omnipath					
Bdnf	Drd4		0.9	nichenet_prior	NicheNet	omnipath	omnipath					
Bdnf	Erbb2		0.9	nichenet_prior	NicheNet	omnipath	omnipath					
Bgn	Fgfr3		0.9	nichenet_prior	NicheNet	omnipath	omnipath					
Bgn	Tlr1		0.9	nichenet_prior	NicheNet	omnipath	omnipath					
Bgn	Tlr2		0.9	nichenet_prior	NicheNet	omnipath	omnipath					
Bgn	Tlr4		0.9	nichenet_prior	NicheNet	omnipath	omnipath					
Bmp1	Bmpr1a		0.9	nichenet_prior	NicheNet	omnipath	omnipath					
Bmp1	Bmpr1b		0.9	nichenet_prior	NicheNet	omnipath	omnipath					
Bmp1	Bmpr2		0.9	nichenet_prior	NicheNet	omnipath	omnipath					
Bmp10	Acvr1		0.9	nichenet_prior	NicheNet	omnipath	omnipath					
Bmp10	Acvr2a		0.9	nichenet_prior	NicheNet	omnipath	omnipath					
Bmp10	Acvr2b		0.9	nichenet_prior	NicheNet	nichenet_verschueren	nichenet_verschueren					
Bmp10	Acvrl1		0.9	nichenet_prior	NicheNet	omnipath	omnipath					
Bmp10	Bmpr1a		0.9	nichenet_prior	NicheNet	omnipath	omnipath					
Bmp10	Bmpr1b		0.9	nichenet_prior	NicheNet	omnipath	omnipath					
Bmp10	Bmpr2		0.9	nichenet_prior	NicheNet	omnipath	omnipath					
Bmp10	Eng		0.9	nichenet_prior	NicheNet	omnipath	omnipath					
Bmp15	Acvr1		0.9	nichenet_prior	NicheNet	nichenet_verschueren	nichenet_verschueren					
Bmp15	Acvr2a		0.9	nichenet_prior	NicheNet	omnipath	omnipath					
Bmp15	Acvr2b		0.9	nichenet_prior	NicheNet	omnipath	omnipath					
Bmp15	Bmpr1a		0.9	nichenet_prior	NicheNet	omnipath	omnipath					
Bmp15	Bmpr1b		0.9	nichenet_prior	NicheNet	omnipath	omnipath					
Bmp15	Bmpr2		0.9	nichenet_prior	NicheNet	omnipath	omnipath					
Bmp15	Tgfbr1		0.9	nichenet_prior	NicheNet	omnipath	omnipath					
Bmp2	Acvr1		0.9	nichenet_prior	NicheNet	omnipath	omnipath					
Bmp2	Acvr2a		0.9	nichenet_prior	NicheNet	omnipath	omnipath					
Bmp2	Acvr2b		0.9	nichenet_prior	NicheNet	omnipath	omnipath					
Bmp2	Bmpr1a		0.9	nichenet_prior	NicheNet	omnipath	omnipath					
Bmp2	Bmpr1b		0.9	nichenet_prior	NicheNet	omnipath	omnipath					
Bmp2	Bmpr2		0.9	nichenet_prior	NicheNet	omnipath	omnipath					
Bmp2	Eng		0.9	nichenet_prior	NicheNet	omnipath	omnipath					
Bmp2	Hjv		0.9	nichenet_prior	NicheNet	omnipath	omnipath					
Bmp3	Acvr1		0.9	nichenet_prior	NicheNet	nichenet_verschueren	nichenet_verschueren					
Bmp3	Acvr1b		0.9	nichenet_prior	NicheNet	omnipath	omnipath					
Bmp3	Acvr2a		0.9	nichenet_prior	NicheNet	omnipath	omnipath					
Bmp3	Acvr2b		0.9	nichenet_prior	NicheNet	omnipath	omnipath					
Bmp3	Bmpr1a		0.9	nichenet_prior	NicheNet	omnipath	omnipath					
Bmp3	Bmpr1b		0.9	nichenet_prior	NicheNet	omnipath	omnipath					
Bmp3	Bmpr2		0.9	nichenet_prior	NicheNet	omnipath	omnipath					
Bmp4	Acvr1		0.9	nichenet_prior	NicheNet	nichenet_verschueren	nichenet_verschueren					
Bmp4	Acvr2a		0.9	nichenet_prior	NicheNet	omnipath	omnipath					
Bmp4	Acvr2b		0.9	nichenet_prior	NicheNet	omnipath	omnipath					
Bmp4	Bmpr1a		0.9	nichenet_prior	NicheNet	omnipath	omnipath					
Bmp4	Bmpr1b		0.9	nichenet_prior	NicheNet	omnipath	omnipath					
Bmp4	Bmpr2		0.9	nichenet_prior	NicheNet	omnipath	omnipath					
Bmp4	Grem2		0.9	nichenet_prior	NicheNet	omnipath	omnipath					
Bmp5	Acvr1		0.9	nichenet_prior	NicheNet	omnipath	omnipath					
Bmp5	Acvr2a		0.9	nichenet_prior	NicheNet	omnipath	omnipath					
Bmp5	Acvr2b		0.9	nichenet_prior	NicheNet	omnipath	omnipath					
Bmp5	Bmpr1a		0.9	nichenet_prior	NicheNet	omnipath	omnipath					
Bmp5	Bmpr1b		0.9	nichenet_prior	NicheNet	omnipath	omnipath					
Bmp5	Bmpr2		0.9	nichenet_prior	NicheNet	omnipath	omnipath					
Bmp5	Hjv		0.9	nichenet_prior	NicheNet	omnipath	omnipath					
Bmp5	Ptprd		0.9	nichenet_prior	NicheNet	omnipath	omnipath					
Bmp6	Acvr1		0.9	nichenet_prior	NicheNet	omnipath	omnipath					
Bmp6	Acvr2a		0.9	nichenet_prior	NicheNet	omnipath	omnipath					
Bmp6	Acvr2b		0.9	nichenet_prior	NicheNet	omnipath	omnipath					
Bmp6	Amhr2		0.9	nichenet_prior	NicheNet	omnipath	omnipath					
Bmp6	Bmpr1a		0.9	nichenet_prior	NicheNet	omnipath	omnipath					
Bmp6	Bmpr1b		0.9	nichenet_prior	NicheNet	omnipath	omnipath					
Bmp6	Bmpr2		0.9	nichenet_prior	NicheNet	omnipath	omnipath					
Bmp6	Hjv		0.9	nichenet_prior	NicheNet	omnipath	omnipath					
Bmp7	Acvr1		0.9	nichenet_prior	NicheNet	omnipath	omnipath					
Bmp7	Acvr2a		0.9	nichenet_prior	NicheNet	omnipath	omnipath					
Bmp7	Acvr2b		0.9	nichenet_prior	NicheNet	omnipath	omnipath					
Bmp7	Bmpr1a		0.9	nichenet_prior	NicheNet	omnipath	omnipath					
Bmp7	Bmpr1b		0.9	nichenet_prior	NicheNet	omnipath	omnipath					
Bmp7	Bmpr2		0.9	nichenet_prior	NicheNet	omnipath	omnipath					
Bmp7	Eng		0.9	nichenet_prior	NicheNet	omnipath	omnipath					
Bmp8a	Acvr1		0.9	nichenet_prior	NicheNet	omnipath	omnipath					
Bmp8a	Acvr2a		0.9	nichenet_prior	NicheNet	omnipath	omnipath					
Bmp8a	Acvr2b		0.9	nichenet_prior	NicheNet	omnipath	omnipath					
Bmp8a	Bmpr1a		0.9	nichenet_prior	NicheNet	omnipath	omnipath					
Bmp8a	Bmpr1b		0.9	nichenet_prior	NicheNet	omnipath	omnipath					
Bmp8a	Bmpr2		0.9	nichenet_prior	NicheNet	omnipath	omnipath					
Bmp8a	Tgfbr1		0.9	nichenet_prior	NicheNet	omnipath	omnipath					
Bmp8a	Tgfbr2		0.9	nichenet_prior	NicheNet	omnipath	omnipath					
Boc	Lilra6		0.9	nichenet_prior	NicheNet	omnipath	omnipath					
Boc	Ptch1		0.9	nichenet_prior	NicheNet	omnipath	omnipath					
Boc	Ptch2		0.9	nichenet_prior	NicheNet	omnipath	omnipath					
Boc	Smo		0.9	nichenet_prior	NicheNet	omnipath	omnipath					
Bpi	Slamf9		0.9	nichenet_prior	NicheNet	omnipath	omnipath					
Bst2	Pira1		0.9	nichenet_prior	NicheNet	omnipath	omnipath					
Bst2	Pira12		0.9	nichenet_prior	NicheNet	omnipath	omnipath					
Bst2	Lilra5		0.9	nichenet_prior	NicheNet	omnipath	omnipath					
Bst2	Lilra6		0.9	nichenet_prior	NicheNet	omnipath	omnipath					
Bst2	Pirb		0.9	nichenet_prior	NicheNet	omnipath	omnipath					
Bst2	Pira13		0.9	nichenet_prior	NicheNet	omnipath	omnipath					
Btc	Erbb2		0.9	nichenet_prior	NicheNet	omnipath	omnipath					
Btc	Erbb3		0.9	nichenet_prior	NicheNet	omnipath	omnipath					
Btla	Cd247		0.9	nichenet_prior	NicheNet	omnipath	omnipath					
Btla	Cd276		0.9	nichenet_prior	NicheNet	omnipath	omnipath					
Btla	Cd79a		0.9	nichenet_prior	NicheNet	omnipath	omnipath					
Btla	Vtcn1		0.9	nichenet_prior	NicheNet	omnipath	omnipath					
Btn1a1	Jaml		0.9	nichenet_prior	NicheNet	omnipath	omnipath					
Btn1a1	Negr1		0.9	nichenet_prior	NicheNet	omnipath	omnipath					
Btn1a1	Tarm1		0.9	nichenet_prior	NicheNet	omnipath	omnipath					
Btnl9	Il6ra		0.9	nichenet_prior	NicheNet	nichenet_verschueren	nichenet_verschueren					
Btnl9	Lrfn5		0.9	nichenet_prior	NicheNet	omnipath	omnipath					
C1qa	Cd33		0.9	nichenet_prior	NicheNet	omnipath	omnipath					
C1qa	Cd93		0.9	nichenet_prior	NicheNet	omnipath	omnipath					
C1qa	Cr1l		0.9	nichenet_prior	NicheNet	omnipath	omnipath					
C1qa	Cspg4		0.9	nichenet_prior	NicheNet	omnipath	omnipath					
C1qb	Cd33		0.9	nichenet_prior	NicheNet	omnipath	omnipath					
C1qb	Lrp1		0.9	nichenet_prior	NicheNet	omnipath	omnipath					
C1qtnf1	Avpr2		0.9	nichenet_prior	NicheNet	omnipath	omnipath					
C1qtnf5	Mfrp		0.9	nichenet_prior	NicheNet	omnipath	omnipath					
C3	C5ar2		0.9	nichenet_prior	NicheNet	omnipath	omnipath					
C3	Cd19		0.9	nichenet_prior	NicheNet	omnipath	omnipath					
C3	Cd46		0.9	nichenet_prior	NicheNet	omnipath	omnipath					
C3	Cr1l		0.9	nichenet_prior	NicheNet	omnipath	omnipath					
C3	Itgam		0.9	nichenet_prior	NicheNet	omnipath	omnipath					
C3	Gm49368		0.9	nichenet_prior	NicheNet	omnipath	omnipath					
C3	Itgax		0.9	nichenet_prior	NicheNet	omnipath	omnipath					
C3	Itgb2		0.9	nichenet_prior	NicheNet	omnipath	omnipath					
C3	Itgb2l		0.9	nichenet_prior	NicheNet	omnipath	omnipath					
C3	Lrp1		0.9	nichenet_prior	NicheNet	omnipath	omnipath					
C3	Vsig4		0.9	nichenet_prior	NicheNet	omnipath	omnipath					
C4b	C3ar1		0.9	nichenet_prior	NicheNet	omnipath	omnipath					
C4b	C5ar2		0.9	nichenet_prior	NicheNet	omnipath	omnipath					
C4b	Cd46		0.9	nichenet_prior	NicheNet	omnipath	omnipath					
C4b	Cr1l		0.9	nichenet_prior	NicheNet	omnipath	omnipath					
C4b	Nrp1		0.9	nichenet_prior	NicheNet	omnipath	omnipath					
C4bp	Bmpr2		0.9	nichenet_prior	NicheNet	omnipath	omnipath					
C4bp	Cd40		0.9	nichenet_prior	NicheNet	omnipath	omnipath					
C4bp	Lrp1		0.9	nichenet_prior	NicheNet	omnipath	omnipath					
Cadm1	Cadm3		0.9	nichenet_prior	NicheNet	omnipath	omnipath					
Cadm1	Erbb3		0.9	nichenet_prior	NicheNet	omnipath	omnipath					
Cadm2	Cadm1		0.9	nichenet_prior	NicheNet	omnipath	omnipath					
Cadm2	Cadm3		0.9	nichenet_prior	NicheNet	nichenet_verschueren	nichenet_verschueren					
Cadm2	Cadm4		0.9	nichenet_prior	NicheNet	nichenet_verschueren	nichenet_verschueren					
Cadm3	Cadm2		0.9	nichenet_prior	NicheNet	omnipath	omnipath					
Cadm3	Cfap54		0.9	nichenet_prior	NicheNet	nichenet_verschueren	nichenet_verschueren					
Cadm3	Il2rg		0.9	nichenet_prior	NicheNet	nichenet_verschueren	nichenet_verschueren					
Cadm3	Lrch4		0.9	nichenet_prior	NicheNet	nichenet_verschueren	nichenet_verschueren					
Cadm3	Gm20605		0.9	nichenet_prior	NicheNet	nichenet_verschueren	nichenet_verschueren					
Cadm3	Nectin1		0.9	nichenet_prior	NicheNet	omnipath	omnipath					
Cadm3	Pear1		0.9	nichenet_prior	NicheNet	omnipath	omnipath					
Cadm3	Prlr		0.9	nichenet_prior	NicheNet	nichenet_verschueren	nichenet_verschueren					
Cadm4	Cadm2		0.9	nichenet_prior	NicheNet	omnipath	omnipath					
Cadm4	Cadm3		0.9	nichenet_prior	NicheNet	omnipath	omnipath					
Cadm4	Erbb3		0.9	nichenet_prior	NicheNet	omnipath	omnipath					
Cadm4	Mag		0.9	nichenet_prior	NicheNet	omnipath	omnipath					
Cadm4	Sdk2		0.9	nichenet_prior	NicheNet	omnipath	omnipath					
Calca	Calcr		0.9	nichenet_prior	NicheNet	omnipath	omnipath					
Calca	Calcrl		0.9	nichenet_prior	NicheNet	omnipath	omnipath					
Calca	Ramp1		0.9	nichenet_prior	NicheNet	omnipath	omnipath					
Calca	Ramp2		0.9	nichenet_prior	NicheNet	omnipath	omnipath					
Calca	Ramp3		0.9	nichenet_prior	NicheNet	omnipath	omnipath					
Calcb	Calcr		0.9	nichenet_prior	NicheNet	omnipath	omnipath					
Calcb	Calcrl		0.9	nichenet_prior	NicheNet	omnipath	omnipath					
Calcb	Ramp1		0.9	nichenet_prior	NicheNet	omnipath	omnipath					
Calcb	Ramp2		0.9	nichenet_prior	NicheNet	omnipath	omnipath					
Calcb	Ramp3		0.9	nichenet_prior	NicheNet	omnipath	omnipath					
Calm1	Cnga2		0.9	nichenet_prior	NicheNet	nichenet_verschueren	nichenet_verschueren					
Calm1	Kcnh1		0.9	nichenet_prior	NicheNet	nichenet_verschueren	nichenet_verschueren					
Calm1	Mylk		0.9	nichenet_prior	NicheNet	nichenet_verschueren	nichenet_verschueren					
Calm1	Mylk2		0.9	nichenet_prior	NicheNet	nichenet_verschueren	nichenet_verschueren					
Calm1	Pde1a		0.9	nichenet_prior	NicheNet	nichenet_verschueren	nichenet_verschueren					
Calm1	Pde1b		0.9	nichenet_prior	NicheNet	nichenet_verschueren	nichenet_verschueren					
Calm1	Pde1c		0.9	nichenet_prior	NicheNet	nichenet_verschueren	nichenet_verschueren					
Calm2	Cnga2		0.9	nichenet_prior	NicheNet	nichenet_verschueren	nichenet_verschueren					
Calm2	Kcnh1		0.9	nichenet_prior	NicheNet	nichenet_verschueren	nichenet_verschueren					
Calm2	Mylk		0.9	nichenet_prior	NicheNet	nichenet_verschueren	nichenet_verschueren					
Calm2	Mylk2		0.9	nichenet_prior	NicheNet	nichenet_verschueren	nichenet_verschueren					
Calm2	Pde1a		0.9	nichenet_prior	NicheNet	nichenet_verschueren	nichenet_verschueren					
Calm2	Pde1b		0.9	nichenet_prior	NicheNet	nichenet_verschueren	nichenet_verschueren					
Calm2	Pde1c		0.9	nichenet_prior	NicheNet	nichenet_verschueren	nichenet_verschueren					
Calm3	Cnga2		0.9	nichenet_prior	NicheNet	nichenet_verschueren	nichenet_verschueren					
Calm3	Kcnh1		0.9	nichenet_prior	NicheNet	nichenet_verschueren	nichenet_verschueren					
Calm3	Mylk		0.9	nichenet_prior	NicheNet	nichenet_verschueren	nichenet_verschueren					
Calm3	Mylk2		0.9	nichenet_prior	NicheNet	nichenet_verschueren	nichenet_verschueren					
Calm3	Pde1a		0.9	nichenet_prior	NicheNet	nichenet_verschueren	nichenet_verschueren					
Calm3	Pde1b		0.9	nichenet_prior	NicheNet	nichenet_verschueren	nichenet_verschueren					
Calm3	Pde1c		0.9	nichenet_prior	NicheNet	nichenet_verschueren	nichenet_verschueren					
Calr	Itga2b		0.9	nichenet_prior	NicheNet	omnipath	omnipath					
Calr	Itga3		0.9	nichenet_prior	NicheNet	omnipath	omnipath					
Calr	Itgav		0.9	nichenet_prior	NicheNet	omnipath	omnipath					
Calr	Lrp1		0.9	nichenet_prior	NicheNet	omnipath	omnipath					
Calr	Mpl		0.9	nichenet_prior	NicheNet	omnipath	omnipath					
Calr	Mtnr1a		0.9	nichenet_prior	NicheNet	omnipath	omnipath					
Calr	Scarf1		0.9	nichenet_prior	NicheNet	omnipath	omnipath					
Calr	Tap1		0.9	nichenet_prior	NicheNet	omnipath	omnipath					
Calr	Tap2		0.9	nichenet_prior	NicheNet	omnipath	omnipath					
Calr	Tshr		0.9	nichenet_prior	NicheNet	omnipath	omnipath					
Camp	Egfr		0.9	nichenet_prior	NicheNet	omnipath	omnipath					
Camp	Fpr2		0.9	nichenet_prior	NicheNet	omnipath	omnipath					
Camp	Fpr3		0.9	nichenet_prior	NicheNet	omnipath	omnipath					
Camp	Igf1r		0.9	nichenet_prior	NicheNet	omnipath	omnipath					
Camp	P2rx7		0.9	nichenet_prior	NicheNet	omnipath	omnipath					
Car12	Siglech		0.9	nichenet_prior	NicheNet	omnipath	omnipath					
Car12	Siglecf		0.9	nichenet_prior	NicheNet	omnipath	omnipath					
Car12	Cd33		0.9	nichenet_prior	NicheNet	omnipath	omnipath					
Ccl1	Ackr2		0.9	nichenet_prior	NicheNet	nichenet_verschueren	nichenet_verschueren					
Ccl1	Ccr1		0.9	nichenet_prior	NicheNet	omnipath	omnipath					
Ccl1	Ccr1l1		0.9	nichenet_prior	NicheNet	omnipath	omnipath					
Ccl1	Ccr2		0.9	nichenet_prior	NicheNet	nichenet_verschueren	nichenet_verschueren					
Ccl1	Ccr3		0.9	nichenet_prior	NicheNet	nichenet_verschueren	nichenet_verschueren					
Ccl1	Ccr5		0.9	nichenet_prior	NicheNet	nichenet_verschueren	nichenet_verschueren					
Ccl11	Ackr4		0.9	nichenet_prior	NicheNet	omnipath	omnipath					
Ccl11	Ccr2		0.9	nichenet_prior	NicheNet	omnipath	omnipath					
Ccl11	Ccr5		0.9	nichenet_prior	NicheNet	omnipath	omnipath					
Ccl11	Cxcr3		0.9	nichenet_prior	NicheNet	omnipath	omnipath					
Ccl11	Dpp4		0.9	nichenet_prior	NicheNet	omnipath	omnipath					
Ccl12	Ackr1		0.9	nichenet_prior	NicheNet	omnipath	omnipath					
Ccl12	Ackr2		0.9	nichenet_prior	NicheNet	omnipath	omnipath					
Ccl12	Ackr4		0.9	nichenet_prior	NicheNet	omnipath	omnipath					
Ccl12	Ccr1		0.9	nichenet_prior	NicheNet	omnipath	omnipath					
Ccl12	Ccr1l1		0.9	nichenet_prior	NicheNet	omnipath	omnipath					
Ccl12	Ccr10		0.9	nichenet_prior	NicheNet	omnipath	omnipath					
Ccl12	Ccr3		0.9	nichenet_prior	NicheNet	omnipath	omnipath					
Ccl12	Ccr4		0.9	nichenet_prior	NicheNet	omnipath	omnipath					
Ccl12	Ccr5		0.9	nichenet_prior	NicheNet	omnipath	omnipath					
Ccl12	Ccr8		0.9	nichenet_prior	NicheNet	nichenet_verschueren	nichenet_verschueren					
Ccl17	Ccr8		0.9	nichenet_prior	NicheNet	omnipath	omnipath					
Ccl19	Ackr2		0.9	nichenet_prior	NicheNet	omnipath	omnipath					
Ccl19	Ccr10		0.9	nichenet_prior	NicheNet	omnipath	omnipath					
Ccl19	Ccrl2		0.9	nichenet_prior	NicheNet	omnipath	omnipath					
Ccl19	Cxcr3		0.9	nichenet_prior	NicheNet	omnipath	omnipath					
Ccl19-ps1	Ackr2		0.9	nichenet_prior	NicheNet	omnipath	omnipath					
Ccl19-ps1	Ackr4		0.9	nichenet_prior	NicheNet	omnipath	omnipath					
Ccl19-ps1	Ccr10		0.9	nichenet_prior	NicheNet	omnipath	omnipath					
Ccl19-ps1	Ccr7		0.9	nichenet_prior	NicheNet	omnipath	omnipath					
Ccl19-ps1	Ccrl2		0.9	nichenet_prior	NicheNet	omnipath	omnipath					
Ccl19-ps1	Cxcr3		0.9	nichenet_prior	NicheNet	omnipath	omnipath					
Ccl2	Ackr4		0.9	nichenet_prior	NicheNet	omnipath	omnipath					
Ccl2	Ccr1		0.9	nichenet_prior	NicheNet	omnipath	omnipath					
Ccl2	Ccr1l1		0.9	nichenet_prior	NicheNet	omnipath	omnipath					
Ccl2	Ccr3		0.9	nichenet_prior	NicheNet	omnipath	omnipath					
Ccl2	Ccr5		0.9	nichenet_prior	NicheNet	omnipath	omnipath					
Ccl2	Cxcr3		0.9	nichenet_prior	NicheNet	omnipath	omnipath					
Ccl20	Ackr4		0.9	nichenet_prior	NicheNet	omnipath	omnipath					
Ccl20	Cxcr3		0.9	nichenet_prior	NicheNet	omnipath	omnipath					
Ccl21a	Ackr2		0.9	nichenet_prior	NicheNet	omnipath	omnipath					
Ccl21a	Cxcr3		0.9	nichenet_prior	NicheNet	omnipath	omnipath					
Ccl21b	Ackr2		0.9	nichenet_prior	NicheNet	omnipath	omnipath					
Ccl21b	Cxcr3		0.9	nichenet_prior	NicheNet	omnipath	omnipath					
Ccl21d	Ackr2		0.9	nichenet_prior	NicheNet	omnipath	omnipath					
Ccl21d	Cxcr3		0.9	nichenet_prior	NicheNet	omnipath	omnipath					
Ccl22	Ackr1		0.9	nichenet_prior	NicheNet	omnipath	omnipath					
Ccl22	Ccr7		0.9	nichenet_prior	NicheNet	omnipath	omnipath					
Ccl22	Dpp4		0.9	nichenet_prior	NicheNet	omnipath	omnipath					
Ccl24	Ccr2		0.9	nichenet_prior	NicheNet	omnipath	omnipath					
Ccl25	Ackr2		0.9	nichenet_prior	NicheNet	omnipath	omnipath					
Ccl25	Ccr10		0.9	nichenet_prior	NicheNet	omnipath	omnipath					
Ccl26	Ccr2		0.9	nichenet_prior	NicheNet	nichenet_verschueren	nichenet_verschueren					
Ccl27a	Ackr2		0.9	nichenet_prior	NicheNet	omnipath	omnipath					
Ccl27a	Adra2a		0.9	nichenet_prior	NicheNet	omnipath	omnipath					
Ccl27a	Grm7		0.9	nichenet_prior	NicheNet	omnipath	omnipath					
Ccl27a	Mtnr1a		0.9	nichenet_prior	NicheNet	omnipath	omnipath					
Ccl27b	Ackr2		0.9	nichenet_prior	NicheNet	omnipath	omnipath					
Ccl27b	Adra2a		0.9	nichenet_prior	NicheNet	omnipath	omnipath					
Ccl27b	Grm7		0.9	nichenet_prior	NicheNet	omnipath	omnipath					
Ccl27b	Mtnr1a		0.9	nichenet_prior	NicheNet	omnipath	omnipath					
Ccl28	Ackr2		0.9	nichenet_prior	NicheNet	omnipath	omnipath					
Ccl28	Ackr4		0.9	nichenet_prior	NicheNet	omnipath	omnipath					
Ccl28	Adra2a		0.9	nichenet_prior	NicheNet	omnipath	omnipath					
Ccl28	Grm7		0.9	nichenet_prior	NicheNet	omnipath	omnipath					
Ccl28	Mtnr1a		0.9	nichenet_prior	NicheNet	omnipath	omnipath					
Ccl3	Ackr1		0.9	nichenet_prior	NicheNet	omnipath	omnipath					
Ccl3	Ccr3		0.9	nichenet_prior	NicheNet	omnipath	omnipath					
Ccl3	Ccr4		0.9	nichenet_prior	NicheNet	omnipath	omnipath					
Ccl3	Ccr8		0.9	nichenet_prior	NicheNet	omnipath	omnipath					
Ccl4	Ccr1		0.9	nichenet_prior	NicheNet	omnipath	omnipath					
Ccl4	Ccr1l1		0.9	nichenet_prior	NicheNet	omnipath	omnipath					
Ccl4	Ccr3		0.9	nichenet_prior	NicheNet	omnipath	omnipath					
Ccl4	Ccr8		0.9	nichenet_prior	NicheNet	omnipath	omnipath					
Ccl5	Cxcr3		0.9	nichenet_prior	NicheNet	omnipath	omnipath					
Ccl5	Gpr75		0.9	nichenet_prior	NicheNet	omnipath	omnipath					
Ccl5	Sdc1		0.9	nichenet_prior	NicheNet	omnipath	omnipath					
Ccl5	Sdc4		0.9	nichenet_prior	NicheNet	omnipath	omnipath					
Ccl6	Ackr2		0.9	nichenet_prior	NicheNet	omnipath	omnipath					
Ccl6	Fpr2		0.9	nichenet_prior	NicheNet	omnipath	omnipath					
Ccl6	Fpr3		0.9	nichenet_prior	NicheNet	omnipath	omnipath					
Ccl7	Ackr2		0.9	nichenet_prior	NicheNet	omnipath	omnipath					
Ccl7	Ackr4		0.9	nichenet_prior	NicheNet	omnipath	omnipath					
Ccl7	Ccr10		0.9	nichenet_prior	NicheNet	omnipath	omnipath					
Ccl7	Ccr5		0.9	nichenet_prior	NicheNet	omnipath	omnipath					
Ccl7	Cxcr3		0.9	nichenet_prior	NicheNet	omnipath	omnipath					
Ccl8	Ackr2		0.9	nichenet_prior	NicheNet	nichenet_verschueren	nichenet_verschueren					
Ccl8	Ccr3		0.9	nichenet_prior	NicheNet	nichenet_verschueren	nichenet_verschueren					
Ccl8	Ccr8		0.9	nichenet_prior	NicheNet	omnipath	omnipath					
Ccl9	Ackr2		0.9	nichenet_prior	NicheNet	omnipath	omnipath					
Ccl9	Ccr3		0.9	nichenet_prior	NicheNet	omnipath	omnipath					
Ccl9	Fpr2		0.9	nichenet_prior	NicheNet	omnipath	omnipath					
Ccl9	Fpr3		0.9	nichenet_prior	NicheNet	omnipath	omnipath					
Ccn1	Itga2b		0.9	nichenet_prior	NicheNet	omnipath	omnipath					
Ccn1	Itga5		0.9	nichenet_prior	NicheNet	omnipath	omnipath					
Ccn1	Itga6		0.9	nichenet_prior	NicheNet	omnipath	omnipath					
Ccn1	Itgad		0.9	nichenet_prior	NicheNet	omnipath	omnipath					
Ccn1	Itgam		0.9	nichenet_prior	NicheNet	omnipath	omnipath					
Ccn1	Gm49368		0.9	nichenet_prior	NicheNet	omnipath	omnipath					
Ccn1	Itgav		0.9	nichenet_prior	NicheNet	omnipath	omnipath					
Ccn1	Itgb1		0.9	nichenet_prior	NicheNet	omnipath	omnipath					
Ccn1	Itgb2		0.9	nichenet_prior	NicheNet	omnipath	omnipath					
Ccn1	Itgb2l		0.9	nichenet_prior	NicheNet	omnipath	omnipath					
Ccn1	Itgb3		0.9	nichenet_prior	NicheNet	omnipath	omnipath					
Ccn1	Itgb5		0.9	nichenet_prior	NicheNet	omnipath	omnipath					
Ccn1	Sdc4		0.9	nichenet_prior	NicheNet	omnipath	omnipath					
Ccn1	Tlr2		0.9	nichenet_prior	NicheNet	omnipath	omnipath					
Ccn1	Tlr4		0.9	nichenet_prior	NicheNet	omnipath	omnipath					
Ccn2	Erbb4		0.9	nichenet_prior	NicheNet	omnipath	omnipath					
Ccn2	Fgfr2		0.9	nichenet_prior	NicheNet	omnipath	omnipath					
Ccn2	Igf2r		0.9	nichenet_prior	NicheNet	omnipath	omnipath					
Ccn2	Itga5		0.9	nichenet_prior	NicheNet	omnipath	omnipath					
Ccn2	Itgam		0.9	nichenet_prior	NicheNet	omnipath	omnipath					
Ccn2	Gm49368		0.9	nichenet_prior	NicheNet	omnipath	omnipath					
Ccn2	Itgb2		0.9	nichenet_prior	NicheNet	omnipath	omnipath					
Ccn2	Itgb2l		0.9	nichenet_prior	NicheNet	omnipath	omnipath					
Ccn2	Lrp1		0.9	nichenet_prior	NicheNet	omnipath	omnipath					
Ccn2	Lrp6		0.9	nichenet_prior	NicheNet	omnipath	omnipath					
Ccn2	Ntrk1		0.9	nichenet_prior	NicheNet	omnipath	omnipath					
Ccn3	Notch1		0.9	nichenet_prior	NicheNet	omnipath	omnipath					
Ccn3	Plxna1		0.9	nichenet_prior	NicheNet	omnipath	omnipath					
Ccn4	Itga5		0.9	nichenet_prior	NicheNet	omnipath	omnipath					
Ccn4	Itgb1		0.9	nichenet_prior	NicheNet	omnipath	omnipath					
Ccn6	Sorl1		0.9	nichenet_prior	NicheNet	omnipath	omnipath					
Cd14	Plxnd1		0.9	nichenet_prior	NicheNet	nichenet_verschueren	nichenet_verschueren					
Cd2	Cd53		0.9	nichenet_prior	NicheNet	omnipath	omnipath					
Cd2	Nlgn3		0.9	nichenet_prior	NicheNet	omnipath	omnipath					
Cd209a	Ceacam2		0.9	nichenet_prior	NicheNet	omnipath	omnipath					
Cd209b	Ceacam1		0.9	nichenet_prior	NicheNet	omnipath	omnipath					
Cd209b	Ceacam2		0.9	nichenet_prior	NicheNet	omnipath	omnipath					
Cd209c	Ceacam1		0.9	nichenet_prior	NicheNet	omnipath	omnipath					
Cd209c	Ceacam2		0.9	nichenet_prior	NicheNet	omnipath	omnipath					
Cd209d	Ceacam1		0.9	nichenet_prior	NicheNet	omnipath	omnipath					
Cd209d	Ceacam2		0.9	nichenet_prior	NicheNet	omnipath	omnipath					
Cd209e	Ceacam1		0.9	nichenet_prior	NicheNet	omnipath	omnipath					
Cd209e	Ceacam2		0.9	nichenet_prior	NicheNet	omnipath	omnipath					
Cd22	Igsf21		0.9	nichenet_prior	NicheNet	omnipath	omnipath					
Cd22	Ptprc		0.9	nichenet_prior	NicheNet	omnipath	omnipath					
Cd226	Mcam		0.9	nichenet_prior	NicheNet	nichenet_verschueren	nichenet_verschueren					
Cd226	Nectin2		0.9	nichenet_prior	NicheNet	omnipath	omnipath					
Cd226	Pvr		0.9	nichenet_prior	NicheNet	omnipath	omnipath					
Cd244a	Cd79b		0.9	nichenet_prior	NicheNet	nichenet_verschueren	nichenet_verschueren					
Cd244a	Csf3r		0.9	nichenet_prior	NicheNet	nichenet_verschueren	nichenet_verschueren					
Cd244a	Iyd		0.9	nichenet_prior	NicheNet	omnipath	omnipath					
Cd244a	Lat		0.9	nichenet_prior	NicheNet	omnipath	omnipath					
Cd244a	Muc15		0.9	nichenet_prior	NicheNet	omnipath	omnipath					
Cd24a	Selp		0.9	nichenet_prior	NicheNet	nichenet_verschueren	nichenet_verschueren					
Cd274	Cd80		0.9	nichenet_prior	NicheNet	omnipath	omnipath					
Cd274	Epha3		0.9	nichenet_prior	NicheNet	nichenet_verschueren	nichenet_verschueren					
Cd28	Cd247		0.9	nichenet_prior	NicheNet	omnipath	omnipath					
Cd28	Cd4		0.9	nichenet_prior	NicheNet	omnipath	omnipath					
Cd28	Cd80		0.9	nichenet_prior	NicheNet	omnipath	omnipath					
Cd28	Cd86		0.9	nichenet_prior	NicheNet	omnipath	omnipath					
Cd28	Tmem95		0.9	nichenet_prior	NicheNet	omnipath	omnipath					
Cd300a	Igsf5		0.9	nichenet_prior	NicheNet	nichenet_verschueren	nichenet_verschueren					
Cd300c	Igsf5		0.9	nichenet_prior	NicheNet	nichenet_verschueren	nichenet_verschueren					
Cd300c	Ntng1		0.9	nichenet_prior	NicheNet	nichenet_verschueren	nichenet_verschueren					
Cd300c	Ptpro		0.9	nichenet_prior	NicheNet	nichenet_verschueren	nichenet_verschueren					
Cd300c2	Igsf5		0.9	nichenet_prior	NicheNet	nichenet_verschueren	nichenet_verschueren					
Cd300c2	Ntng1		0.9	nichenet_prior	NicheNet	nichenet_verschueren	nichenet_verschueren					
Cd300c2	Ptpro		0.9	nichenet_prior	NicheNet	nichenet_verschueren	nichenet_verschueren					
Cd300ld2	Flt1		0.9	nichenet_prior	NicheNet	nichenet_verschueren	nichenet_verschueren					
Cd300ld2	Igsf5		0.9	nichenet_prior	NicheNet	nichenet_verschueren	nichenet_verschueren					
Cd300ld3	Flt1		0.9	nichenet_prior	NicheNet	nichenet_verschueren	nichenet_verschueren					
Cd300ld3	Igsf5		0.9	nichenet_prior	NicheNet	nichenet_verschueren	nichenet_verschueren					
Cd300ld4	Flt1		0.9	nichenet_prior	NicheNet	nichenet_verschueren	nichenet_verschueren					
Cd300ld4	Igsf5		0.9	nichenet_prior	NicheNet	nichenet_verschueren	nichenet_verschueren					
Cd300ld5	Flt1		0.9	nichenet_prior	NicheNet	nichenet_verschueren	nichenet_verschueren					
Cd300ld5	Igsf5		0.9	nichenet_prior	NicheNet	nichenet_verschueren	nichenet_verschueren					
Cd300lf	Flt1		0.9	nichenet_prior	NicheNet	nichenet_verschueren	nichenet_verschueren					
Cd300lf	Igsf5		0.9	nichenet_prior	NicheNet	nichenet_verschueren	nichenet_verschueren					
Cd320	Igsf5		0.9	nichenet_prior	NicheNet	omnipath	omnipath					
Cd320	Jaml		0.9	nichenet_prior	NicheNet	omnipath	omnipath					
Cd320	Lrpap1		0.9	nichenet_prior	NicheNet	nichenet_verschueren	nichenet_verschueren					
Cd320	Ror2		0.9	nichenet_prior	NicheNet	nichenet_verschueren	nichenet_verschueren					
Cd320	Siglece		0.9	nichenet_prior	NicheNet	nichenet_verschueren	nichenet_verschueren					
Cd320	Tmem167		0.9	nichenet_prior	NicheNet	omnipath	omnipath					
Cd33	Cd4		0.9	nichenet_prior	NicheNet	nichenet_verschueren	nichenet_verschueren					
Cd33	Kir3dl2		0.9	nichenet_prior	NicheNet	omnipath	omnipath					
Cd33	Kir3dl1		0.9	nichenet_prior	NicheNet	omnipath	omnipath					
Cd33	Ncr1		0.9	nichenet_prior	NicheNet	omnipath	omnipath					
Cd34	Nectin3		0.9	nichenet_prior	NicheNet	omnipath	omnipath					
Cd34	Nectin4		0.9	nichenet_prior	NicheNet	omnipath	omnipath					
Cd34	Sele		0.9	nichenet_prior	NicheNet	omnipath	omnipath					
Cd34	Sell		0.9	nichenet_prior	NicheNet	omnipath	omnipath					
Cd38	Pecam1		0.9	nichenet_prior	NicheNet	omnipath	omnipath					
Cd40	Cd40lg		0.9	nichenet_prior	NicheNet	nichenet_verschueren	nichenet_verschueren					
Cd40lg	Itga2b		0.9	nichenet_prior	NicheNet	omnipath	omnipath					
Cd40lg	Itga5		0.9	nichenet_prior	NicheNet	omnipath	omnipath					
Cd40lg	Itgam		0.9	nichenet_prior	NicheNet	omnipath	omnipath					
Cd40lg	Gm49368		0.9	nichenet_prior	NicheNet	omnipath	omnipath					
Cd40lg	Itgb1		0.9	nichenet_prior	NicheNet	omnipath	omnipath					
Cd40lg	Itgb2		0.9	nichenet_prior	NicheNet	omnipath	omnipath					
Cd40lg	Itgb2l		0.9	nichenet_prior	NicheNet	omnipath	omnipath					
Cd40lg	Itgb3		0.9	nichenet_prior	NicheNet	omnipath	omnipath					
Cd44	Acvr2b		0.9	nichenet_prior	NicheNet	omnipath	omnipath					
Cd44	Cldn7		0.9	nichenet_prior	NicheNet	omnipath	omnipath					
Cd44	Epcam		0.9	nichenet_prior	NicheNet	omnipath	omnipath					
Cd44	Has2		0.9	nichenet_prior	NicheNet	omnipath	omnipath					
Cd44	Sele		0.9	nichenet_prior	NicheNet	omnipath	omnipath					
Cd47	Pcsk4		0.9	nichenet_prior	NicheNet	omnipath	omnipath					
Cd47	Scn1b		0.9	nichenet_prior	NicheNet	omnipath	omnipath					
Cd47	Siglec1		0.9	nichenet_prior	NicheNet	omnipath	omnipath					
Cd47	Sirpa		0.9	nichenet_prior	NicheNet	omnipath	omnipath					
Cd47	Gm9733		0.9	nichenet_prior	NicheNet	omnipath	omnipath					
Cd47	Sirpb1a		0.9	nichenet_prior	NicheNet	omnipath	omnipath					
Cd47	Sirpb1c		0.9	nichenet_prior	NicheNet	omnipath	omnipath					
Cd47	Gm5150		0.9	nichenet_prior	NicheNet	omnipath	omnipath					
Cd47	Sirpb1b		0.9	nichenet_prior	NicheNet	omnipath	omnipath					
Cd48	Cd2		0.9	nichenet_prior	NicheNet	omnipath	omnipath					
Cd48	Pdcd1		0.9	nichenet_prior	NicheNet	omnipath	omnipath					
Cd55	Cr1l		0.9	nichenet_prior	NicheNet	omnipath	omnipath					
Cd55b	Cr1l		0.9	nichenet_prior	NicheNet	omnipath	omnipath					
Cd59a	Cd2		0.9	nichenet_prior	NicheNet	omnipath	omnipath					
Cd59a	Siglec1		0.9	nichenet_prior	NicheNet	omnipath	omnipath					
Cd59a	Stab1		0.9	nichenet_prior	NicheNet	omnipath	omnipath					
Cd59b	Cd2		0.9	nichenet_prior	NicheNet	omnipath	omnipath					
Cd59b	Siglec1		0.9	nichenet_prior	NicheNet	omnipath	omnipath					
Cd59b	Stab1		0.9	nichenet_prior	NicheNet	omnipath	omnipath					
Cd5l	Cd5		0.9	nichenet_prior	NicheNet	omnipath	omnipath					
Cd6	Dag1		0.9	nichenet_prior	NicheNet	omnipath	omnipath					
Cd6	Siglecf		0.9	nichenet_prior	NicheNet	omnipath	omnipath					
Cd6	Siglece		0.9	nichenet_prior	NicheNet	omnipath	omnipath					
Cd7	Adam15		0.9	nichenet_prior	NicheNet	omnipath	omnipath					
Cd72	Cd5		0.9	nichenet_prior	NicheNet	omnipath	omnipath					
Cd72	Ncam2		0.9	nichenet_prior	NicheNet	omnipath	omnipath					
Cd72	Sema4d		0.9	nichenet_prior	NicheNet	omnipath	omnipath					
Cd79b	Cd244a		0.9	nichenet_prior	NicheNet	nichenet_verschueren	nichenet_verschueren					
Cd79b	Igsf21		0.9	nichenet_prior	NicheNet	nichenet_verschueren	nichenet_verschueren					
Cd79b	Kremen1		0.9	nichenet_prior	NicheNet	nichenet_verschueren	nichenet_verschueren					
Cd79b	Ntm		0.9	nichenet_prior	NicheNet	nichenet_verschueren	nichenet_verschueren					
Cd80	Ngfr		0.9	nichenet_prior	NicheNet	omnipath	omnipath					
Cd82	Cd37		0.9	nichenet_prior	NicheNet	omnipath	omnipath					
Cd82	Itgb2		0.9	nichenet_prior	NicheNet	omnipath	omnipath					
Cd82	Itgb2l		0.9	nichenet_prior	NicheNet	omnipath	omnipath					
Cd9	Adam2		0.9	nichenet_prior	NicheNet	omnipath	omnipath					
Cd9	Cd36		0.9	nichenet_prior	NicheNet	omnipath	omnipath					
Cd9	Cldn1		0.9	nichenet_prior	NicheNet	omnipath	omnipath					
Cd9	Igsf8		0.9	nichenet_prior	NicheNet	omnipath	omnipath					
Cd9	Kit		0.9	nichenet_prior	NicheNet	omnipath	omnipath					
Cd96	Nectin1		0.9	nichenet_prior	NicheNet	omnipath	omnipath					
Cd96	Nectin2		0.9	nichenet_prior	NicheNet	omnipath	omnipath					
Cdcp1	Egfr		0.9	nichenet_prior	NicheNet	omnipath	omnipath					
Cdh1	Egfr		0.9	nichenet_prior	NicheNet	omnipath	omnipath					
Cdh1	Igf1r		0.9	nichenet_prior	NicheNet	omnipath	omnipath					
Cdh1	Itgae		0.9	nichenet_prior	NicheNet	omnipath	omnipath					
Cdh1	Itgb7		0.9	nichenet_prior	NicheNet	omnipath	omnipath					
Cdh1	Ptprf		0.9	nichenet_prior	NicheNet	omnipath	omnipath					
Cdh1	Ptprm		0.9	nichenet_prior	NicheNet	omnipath	omnipath					
Cdh13	Ncam2		0.9	nichenet_prior	NicheNet	nichenet_verschueren	nichenet_verschueren					
Cdh15	Cdon		0.9	nichenet_prior	NicheNet	omnipath	omnipath					
Cdh2	Cdon		0.9	nichenet_prior	NicheNet	omnipath	omnipath					
Cdh6	Cntn1		0.9	nichenet_prior	NicheNet	omnipath	omnipath					
Cdh6	Ptgfrn		0.9	nichenet_prior	NicheNet	omnipath	omnipath					
Cdh9	Gm36028		0.9	nichenet_prior	NicheNet	omnipath	omnipath					
Cdhr2	Cd3d		0.9	nichenet_prior	NicheNet	nichenet_verschueren	nichenet_verschueren					
Cdhr2	Kirrel		0.9	nichenet_prior	NicheNet	omnipath	omnipath					
Cdhr2	Unc5a		0.9	nichenet_prior	NicheNet	omnipath	omnipath					
Ceacam1	Cd209a		0.9	nichenet_prior	NicheNet	omnipath	omnipath					
Ceacam1	Egfr		0.9	nichenet_prior	NicheNet	omnipath	omnipath					
Ceacam1	Havcr2		0.9	nichenet_prior	NicheNet	omnipath	omnipath					
Ceacam1	Sele		0.9	nichenet_prior	NicheNet	omnipath	omnipath					
Ceacam10	Lilra6		0.9	nichenet_prior	NicheNet	omnipath	omnipath					
Ceacam11	Lilra6		0.9	nichenet_prior	NicheNet	omnipath	omnipath					
Ceacam12	Lilra6		0.9	nichenet_prior	NicheNet	omnipath	omnipath					
Ceacam13	Lilra6		0.9	nichenet_prior	NicheNet	omnipath	omnipath					
Ceacam14	Lilra6		0.9	nichenet_prior	NicheNet	omnipath	omnipath					
Ceacam15	Lilra6		0.9	nichenet_prior	NicheNet	omnipath	omnipath					
Ceacam2	Egfr		0.9	nichenet_prior	NicheNet	omnipath	omnipath					
Ceacam2	Havcr2		0.9	nichenet_prior	NicheNet	omnipath	omnipath					
Ceacam20	Vsig8		0.9	nichenet_prior	NicheNet	omnipath	omnipath					
Ceacam3	Lilra6		0.9	nichenet_prior	NicheNet	omnipath	omnipath					
Ceacam5	Lilra6		0.9	nichenet_prior	NicheNet	omnipath	omnipath					
Ceacam9	Lilra6		0.9	nichenet_prior	NicheNet	omnipath	omnipath					
Cel	Cxcr4		0.9	nichenet_prior	NicheNet	omnipath	omnipath					
Cer1	Mrc2		0.9	nichenet_prior	NicheNet	omnipath	omnipath					
Cfap54	Cadm3		0.9	nichenet_prior	NicheNet	nichenet_verschueren	nichenet_verschueren					
Cfc1	Acvr1b		0.9	nichenet_prior	NicheNet	omnipath	omnipath					
Cfc1	Acvr2a		0.9	nichenet_prior	NicheNet	omnipath	omnipath					
Cfd	Cfb		0.9	nichenet_prior	NicheNet	omnipath	omnipath					
Cfh	Cfb		0.9	nichenet_prior	NicheNet	omnipath	omnipath					
Cfh	Itgam		0.9	nichenet_prior	NicheNet	omnipath	omnipath					
Cfh	Gm49368		0.9	nichenet_prior	NicheNet	omnipath	omnipath					
Cfh	Sell		0.9	nichenet_prior	NicheNet	omnipath	omnipath					
Cfp	Ncr1		0.9	nichenet_prior	NicheNet	omnipath	omnipath					
Cga	Adcyap1r1		0.9	nichenet_prior	NicheNet	omnipath	omnipath					
Cga	Adrb2		0.9	nichenet_prior	NicheNet	omnipath	omnipath					
Cga	Adrb3		0.9	nichenet_prior	NicheNet	omnipath	omnipath					
Cga	Gpr20		0.9	nichenet_prior	NicheNet	omnipath	omnipath					
Cga	Gpr84		0.9	nichenet_prior	NicheNet	omnipath	omnipath					
Cga	Pth1r		0.9	nichenet_prior	NicheNet	omnipath	omnipath					
Cga	Ramp2		0.9	nichenet_prior	NicheNet	omnipath	omnipath					
Cga	Ramp3		0.9	nichenet_prior	NicheNet	omnipath	omnipath					
Cga	Vipr1		0.9	nichenet_prior	NicheNet	omnipath	omnipath					
Chad	Itga2		0.9	nichenet_prior	NicheNet	omnipath	omnipath					
Chad	Itgb1		0.9	nichenet_prior	NicheNet	omnipath	omnipath					
Chl1	Cntn1		0.9	nichenet_prior	NicheNet	nichenet_verschueren	nichenet_verschueren					
Chl1	Cntn5		0.9	nichenet_prior	NicheNet	nichenet_verschueren	nichenet_verschueren					
Chl1	Sirpa		0.9	nichenet_prior	NicheNet	omnipath	omnipath					
Chl1	Tmem132a		0.9	nichenet_prior	NicheNet	omnipath	omnipath					
Cib1	Itga2b		0.9	nichenet_prior	NicheNet	omnipath	omnipath					
Cib1	Itgb3		0.9	nichenet_prior	NicheNet	omnipath	omnipath					
Cklf	Ccr4		0.9	nichenet_prior	NicheNet	omnipath	omnipath					
Cklf	Lrp6		0.9	nichenet_prior	NicheNet	omnipath	omnipath					
Clcf1	Cntfr		0.9	nichenet_prior	NicheNet	omnipath	omnipath					
Clcf1	Crlf1		0.9	nichenet_prior	NicheNet	omnipath	omnipath					
Clcf1	Il6st		0.9	nichenet_prior	NicheNet	omnipath	omnipath					
Clcf1	Lifr		0.9	nichenet_prior	NicheNet	omnipath	omnipath					
Clcf1	Sorl1		0.9	nichenet_prior	NicheNet	omnipath	omnipath					
Cldn1	Cldn2		0.9	nichenet_prior	NicheNet	omnipath	omnipath					
Cldn1	Mmp2		0.9	nichenet_prior	NicheNet	omnipath	omnipath					
Cldn14	Cldn16		0.9	nichenet_prior	NicheNet	omnipath	omnipath					
Cldn16	Cldn19		0.9	nichenet_prior	NicheNet	omnipath	omnipath					
Cldn19	Cldn6		0.9	nichenet_prior	NicheNet	omnipath	omnipath					
Cldn19	Cldn7		0.9	nichenet_prior	NicheNet	omnipath	omnipath					
Cldn19	Cldn8		0.9	nichenet_prior	NicheNet	omnipath	omnipath					
Cldn19	Cldn9		0.9	nichenet_prior	NicheNet	omnipath	omnipath					
Cldn2	Cldn3		0.9	nichenet_prior	NicheNet	omnipath	omnipath					
Cldn24	Cldn24		0.9	nichenet_prior	NicheNet	nichenet_verschueren	nichenet_verschueren					
Cldn3	Cldn1		0.9	nichenet_prior	NicheNet	omnipath	omnipath					
Clec11a	Itga10		0.9	nichenet_prior	NicheNet	omnipath	omnipath					
Clec11a	Itga11		0.9	nichenet_prior	NicheNet	omnipath	omnipath					
Clec11a	Itgb1		0.9	nichenet_prior	NicheNet	omnipath	omnipath					
Clec11a	Kit		0.9	nichenet_prior	NicheNet	omnipath	omnipath					
Clec2l	Igsf11		0.9	nichenet_prior	NicheNet	nichenet_verschueren	nichenet_verschueren					
Clec2l	Klrb1		0.9	nichenet_prior	NicheNet	omnipath	omnipath					
Clec2l	Klrb1a		0.9	nichenet_prior	NicheNet	omnipath	omnipath					
Clec2l	Klrb1c		0.9	nichenet_prior	NicheNet	omnipath	omnipath					
Clec2l	Klrb1b		0.9	nichenet_prior	NicheNet	omnipath	omnipath					
Clec2l	Klrb1f		0.9	nichenet_prior	NicheNet	omnipath	omnipath					
Clec2l	Ncam1		0.9	nichenet_prior	NicheNet	nichenet_verschueren	nichenet_verschueren					
Clec3a	Clec10a		0.9	nichenet_prior	NicheNet	omnipath	omnipath					
Clec3a	Mgl2		0.9	nichenet_prior	NicheNet	omnipath	omnipath					
Clec4g	Lag3		0.9	nichenet_prior	NicheNet	omnipath	omnipath					
Clmp	Jaml		0.9	nichenet_prior	NicheNet	omnipath	omnipath					
Clu	Lrp2		0.9	nichenet_prior	NicheNet	omnipath	omnipath					
Clu	Trem2		0.9	nichenet_prior	NicheNet	omnipath	omnipath					
Cmtm8	Egfr		0.9	nichenet_prior	NicheNet	omnipath	omnipath					
Cnmd	Ptprd		0.9	nichenet_prior	NicheNet	omnipath	omnipath					
Cntf	Cntfr		0.9	nichenet_prior	NicheNet	omnipath	omnipath					
Cntf	Crlf1		0.9	nichenet_prior	NicheNet	omnipath	omnipath					
Cntf	Il6ra		0.9	nichenet_prior	NicheNet	omnipath	omnipath					
Cntf	Il6st		0.9	nichenet_prior	NicheNet	omnipath	omnipath					
Cntf	Lifr		0.9	nichenet_prior	NicheNet	omnipath	omnipath					
Cntn1	Chl1		0.9	nichenet_prior	NicheNet	omnipath	omnipath					
Cntn1	Fcgrt		0.9	nichenet_prior	NicheNet	omnipath	omnipath					
Cntn1	Il23r		0.9	nichenet_prior	NicheNet	omnipath	omnipath					
Cntn1	Mcam		0.9	nichenet_prior	NicheNet	nichenet_verschueren	nichenet_verschueren					
Cntn1	Nfasc		0.9	nichenet_prior	NicheNet	omnipath	omnipath					
Cntn1	Pcdhb15		0.9	nichenet_prior	NicheNet	omnipath	omnipath					
Cntn1	Ptprz1		0.9	nichenet_prior	NicheNet	omnipath	omnipath					
Cntn1	Sgcg		0.9	nichenet_prior	NicheNet	omnipath	omnipath					
Cntn2	Cntn1		0.9	nichenet_prior	NicheNet	omnipath	omnipath					
Cntn2	Cntnap2		0.9	nichenet_prior	NicheNet	omnipath	omnipath					
Cntn2	Kremen1		0.9	nichenet_prior	NicheNet	omnipath	omnipath					
Cntn2	Nrcam		0.9	nichenet_prior	NicheNet	omnipath	omnipath					
Cntn2	Nrp1		0.9	nichenet_prior	NicheNet	omnipath	omnipath					
Cntn3	Aplp1		0.9	nichenet_prior	NicheNet	nichenet_verschueren	nichenet_verschueren					
Cntn3	App		0.9	nichenet_prior	NicheNet	nichenet_verschueren	nichenet_verschueren					
Cntn3	Ptprg		0.9	nichenet_prior	NicheNet	omnipath	omnipath					
Cntn4	Aplp1		0.9	nichenet_prior	NicheNet	omnipath	omnipath					
Cntn4	App		0.9	nichenet_prior	NicheNet	omnipath	omnipath					
Cntn4	Lvrn		0.9	nichenet_prior	NicheNet	omnipath	omnipath					
Cntn4	Ptprg		0.9	nichenet_prior	NicheNet	omnipath	omnipath					
Cntn5	Chl1		0.9	nichenet_prior	NicheNet	omnipath	omnipath					
Cntn5	Fam187a		0.9	nichenet_prior	NicheNet	omnipath	omnipath					
Cntn5	Il1rapl1		0.9	nichenet_prior	NicheNet	nichenet_verschueren	nichenet_verschueren					
Cntn5	Il1rapl2		0.9	nichenet_prior	NicheNet	nichenet_verschueren	nichenet_verschueren					
Cntn5	Ptprg		0.9	nichenet_prior	NicheNet	omnipath	omnipath					
Cntn5	Slamf1		0.9	nichenet_prior	NicheNet	omnipath	omnipath					
Cntn5	Spaca6		0.9	nichenet_prior	NicheNet	omnipath	omnipath					
Cntn5	Tmem81		0.9	nichenet_prior	NicheNet	omnipath	omnipath					
Cntn6	Notch1		0.9	nichenet_prior	NicheNet	omnipath	omnipath					
Cntn6	Ptprg		0.9	nichenet_prior	NicheNet	omnipath	omnipath					
Col10a1	Itga1		0.9	nichenet_prior	NicheNet	omnipath	omnipath					
Col10a1	Itga10		0.9	nichenet_prior	NicheNet	omnipath	omnipath					
Col10a1	Itga11		0.9	nichenet_prior	NicheNet	omnipath	omnipath					
Col10a1	Itga2		0.9	nichenet_prior	NicheNet	omnipath	omnipath					
Col10a1	Itgb1		0.9	nichenet_prior	NicheNet	omnipath	omnipath					
Col10a1	Lair1		0.9	nichenet_prior	NicheNet	omnipath	omnipath					
Col11a1	Ddr1		0.9	nichenet_prior	NicheNet	omnipath	omnipath					
Col11a1	Itga1		0.9	nichenet_prior	NicheNet	omnipath	omnipath					
Col11a1	Itga10		0.9	nichenet_prior	NicheNet	omnipath	omnipath					
Col11a1	Itga11		0.9	nichenet_prior	NicheNet	omnipath	omnipath					
Col11a1	Itga2		0.9	nichenet_prior	NicheNet	omnipath	omnipath					
Col11a1	Itgb1		0.9	nichenet_prior	NicheNet	omnipath	omnipath					
Col11a2	Itga1		0.9	nichenet_prior	NicheNet	omnipath	omnipath					
Col11a2	Itga10		0.9	nichenet_prior	NicheNet	omnipath	omnipath					
Col11a2	Itga11		0.9	nichenet_prior	NicheNet	omnipath	omnipath					
Col11a2	Itga2		0.9	nichenet_prior	NicheNet	omnipath	omnipath					
Col11a2	Itgb1		0.9	nichenet_prior	NicheNet	omnipath	omnipath					
Col12a1	Itga1		0.9	nichenet_prior	NicheNet	omnipath	omnipath					
Col12a1	Itga10		0.9	nichenet_prior	NicheNet	omnipath	omnipath					
Col12a1	Itga11		0.9	nichenet_prior	NicheNet	omnipath	omnipath					
Col12a1	Itga2		0.9	nichenet_prior	NicheNet	omnipath	omnipath					
Col12a1	Itgb1		0.9	nichenet_prior	NicheNet	omnipath	omnipath					
Col13a1	Itga1		0.9	nichenet_prior	NicheNet	omnipath	omnipath					
Col13a1	Itga10		0.9	nichenet_prior	NicheNet	omnipath	omnipath					
Col13a1	Itga11		0.9	nichenet_prior	NicheNet	omnipath	omnipath					
Col13a1	Itga2		0.9	nichenet_prior	NicheNet	omnipath	omnipath					
Col13a1	Itgb1		0.9	nichenet_prior	NicheNet	omnipath	omnipath					
Col14a1	Cd44		0.9	nichenet_prior	NicheNet	omnipath	omnipath					
Col14a1	Itga1		0.9	nichenet_prior	NicheNet	omnipath	omnipath					
Col14a1	Itga10		0.9	nichenet_prior	NicheNet	omnipath	omnipath					
Col14a1	Itga11		0.9	nichenet_prior	NicheNet	omnipath	omnipath					
Col14a1	Itga2		0.9	nichenet_prior	NicheNet	omnipath	omnipath					
Col14a1	Itgb1		0.9	nichenet_prior	NicheNet	omnipath	omnipath					
Col15a1	Itga1		0.9	nichenet_prior	NicheNet	omnipath	omnipath					
Col15a1	Itga10		0.9	nichenet_prior	NicheNet	omnipath	omnipath					
Col15a1	Itga11		0.9	nichenet_prior	NicheNet	omnipath	omnipath					
Col15a1	Itga2		0.9	nichenet_prior	NicheNet	omnipath	omnipath					
Col15a1	Itgb1		0.9	nichenet_prior	NicheNet	omnipath	omnipath					
Col16a1	Itga1		0.9	nichenet_prior	NicheNet	omnipath	omnipath					
Col16a1	Itga10		0.9	nichenet_prior	NicheNet	omnipath	omnipath					
Col16a1	Itga11		0.9	nichenet_prior	NicheNet	omnipath	omnipath					
Col16a1	Itga2		0.9	nichenet_prior	NicheNet	omnipath	omnipath					
Col16a1	Itgb1		0.9	nichenet_prior	NicheNet	omnipath	omnipath					
Col17a1	Itga1		0.9	nichenet_prior	NicheNet	omnipath	omnipath					
Col17a1	Itga10		0.9	nichenet_prior	NicheNet	omnipath	omnipath					
Col17a1	Itga11		0.9	nichenet_prior	NicheNet	omnipath	omnipath					
Col17a1	Itga2		0.9	nichenet_prior	NicheNet	omnipath	omnipath					
Col17a1	Itgb1		0.9	nichenet_prior	NicheNet	omnipath	omnipath					
Col18a1	Gpc1		0.9	nichenet_prior	NicheNet	omnipath	omnipath					
Col18a1	Gpc4		0.9	nichenet_prior	NicheNet	omnipath	omnipath					
Col18a1	Itga1		0.9	nichenet_prior	NicheNet	omnipath	omnipath					
Col18a1	Itga10		0.9	nichenet_prior	NicheNet	omnipath	omnipath					
Col18a1	Itga11		0.9	nichenet_prior	NicheNet	omnipath	omnipath					
Col18a1	Itga2		0.9	nichenet_prior	NicheNet	omnipath	omnipath					
Col18a1	Itga5		0.9	nichenet_prior	NicheNet	omnipath	omnipath					
Col18a1	Itgb1		0.9	nichenet_prior	NicheNet	omnipath	omnipath					
Col18a1	Kdr		0.9	nichenet_prior	NicheNet	omnipath	omnipath					
Col18a1	Ptprs		0.9	nichenet_prior	NicheNet	omnipath	omnipath					
Col19a1	Itga1		0.9	nichenet_prior	NicheNet	omnipath	omnipath					
Col19a1	Itga10		0.9	nichenet_prior	NicheNet	omnipath	omnipath					
Col19a1	Itga11		0.9	nichenet_prior	NicheNet	omnipath	omnipath					
Col19a1	Itga2		0.9	nichenet_prior	NicheNet	omnipath	omnipath					
Col19a1	Itgb1		0.9	nichenet_prior	NicheNet	omnipath	omnipath					
Col1a1	Cd36		0.9	nichenet_prior	NicheNet	omnipath	omnipath					
Col1a1	Cd93		0.9	nichenet_prior	NicheNet	omnipath	omnipath					
Col1a1	Ddr1		0.9	nichenet_prior	NicheNet	omnipath	omnipath					
Col1a1	Ddr2		0.9	nichenet_prior	NicheNet	omnipath	omnipath					
Col1a1	Itga1		0.9	nichenet_prior	NicheNet	omnipath	omnipath					
Col1a1	Itga10		0.9	nichenet_prior	NicheNet	omnipath	omnipath					
Col1a1	Itga11		0.9	nichenet_prior	NicheNet	omnipath	omnipath					
Col1a1	Itga2		0.9	nichenet_prior	NicheNet	omnipath	omnipath					
Col1a1	Itga3		0.9	nichenet_prior	NicheNet	nichenet_verschueren	nichenet_verschueren					
Col1a1	Itga5		0.9	nichenet_prior	NicheNet	omnipath	omnipath					
Col1a1	Itga9		0.9	nichenet_prior	NicheNet	nichenet_verschueren	nichenet_verschueren					
Col1a1	Itgav		0.9	nichenet_prior	NicheNet	nichenet_verschueren	nichenet_verschueren					
Col1a1	Itgb1		0.9	nichenet_prior	NicheNet	omnipath	omnipath					
Col1a1	Itgb8		0.9	nichenet_prior	NicheNet	nichenet_verschueren	nichenet_verschueren					
Col1a1	Tmprss6		0.9	nichenet_prior	NicheNet	omnipath	omnipath					
Col1a2	Cd36		0.9	nichenet_prior	NicheNet	omnipath	omnipath					
Col1a2	Cd93		0.9	nichenet_prior	NicheNet	omnipath	omnipath					
Col1a2	Ddr1		0.9	nichenet_prior	NicheNet	omnipath	omnipath					
Col1a2	Itga1		0.9	nichenet_prior	NicheNet	omnipath	omnipath					
Col1a2	Itga10		0.9	nichenet_prior	NicheNet	omnipath	omnipath					
Col1a2	Itga11		0.9	nichenet_prior	NicheNet	omnipath	omnipath					
Col1a2	Itga2		0.9	nichenet_prior	NicheNet	omnipath	omnipath					
Col1a2	Itga2b		0.9	nichenet_prior	NicheNet	omnipath	omnipath					
Col1a2	Itgb1		0.9	nichenet_prior	NicheNet	omnipath	omnipath					
Col1a2	Itgb3		0.9	nichenet_prior	NicheNet	omnipath	omnipath					
Col20a1	Itga1		0.9	nichenet_prior	NicheNet	omnipath	omnipath					
Col20a1	Itga10		0.9	nichenet_prior	NicheNet	omnipath	omnipath					
Col20a1	Itga11		0.9	nichenet_prior	NicheNet	omnipath	omnipath					
Col20a1	Itga2		0.9	nichenet_prior	NicheNet	omnipath	omnipath					
Col20a1	Itgb1		0.9	nichenet_prior	NicheNet	omnipath	omnipath					
Col22a1	Itga1		0.9	nichenet_prior	NicheNet	omnipath	omnipath					
Col22a1	Itga10		0.9	nichenet_prior	NicheNet	omnipath	omnipath					
Col22a1	Itga11		0.9	nichenet_prior	NicheNet	omnipath	omnipath					
Col22a1	Itga2		0.9	nichenet_prior	NicheNet	omnipath	omnipath					
Col22a1	Itgb1		0.9	nichenet_prior	NicheNet	omnipath	omnipath					
Col24a1	Itga1		0.9	nichenet_prior	NicheNet	omnipath	omnipath					
Col24a1	Itga10		0.9	nichenet_prior	NicheNet	omnipath	omnipath					
Col24a1	Itga11		0.9	nichenet_prior	NicheNet	omnipath	omnipath					
Col24a1	Itga2		0.9	nichenet_prior	NicheNet	omnipath	omnipath					
Col24a1	Itgb1		0.9	nichenet_prior	NicheNet	omnipath	omnipath					
Col26a1	Itga1		0.9	nichenet_prior	NicheNet	omnipath	omnipath					
Col26a1	Itga10		0.9	nichenet_prior	NicheNet	omnipath	omnipath					
Col26a1	Itga11		0.9	nichenet_prior	NicheNet	omnipath	omnipath					
Col26a1	Itga2		0.9	nichenet_prior	NicheNet	omnipath	omnipath					
Col26a1	Itgb1		0.9	nichenet_prior	NicheNet	omnipath	omnipath					
Col27a1	Itga1		0.9	nichenet_prior	NicheNet	omnipath	omnipath					
Col27a1	Itga10		0.9	nichenet_prior	NicheNet	omnipath	omnipath					
Col27a1	Itga11		0.9	nichenet_prior	NicheNet	omnipath	omnipath					
Col27a1	Itga2		0.9	nichenet_prior	NicheNet	omnipath	omnipath					
Col27a1	Itgb1		0.9	nichenet_prior	NicheNet	omnipath	omnipath					
Col28a1	Itga1		0.9	nichenet_prior	NicheNet	omnipath	omnipath					
Col28a1	Itga10		0.9	nichenet_prior	NicheNet	omnipath	omnipath					
Col28a1	Itga11		0.9	nichenet_prior	NicheNet	omnipath	omnipath					
Col28a1	Itga2		0.9	nichenet_prior	NicheNet	omnipath	omnipath					
Col28a1	Itgb1		0.9	nichenet_prior	NicheNet	omnipath	omnipath					
Col2a1	Ddr1		0.9	nichenet_prior	NicheNet	omnipath	omnipath					
Col2a1	Itga1		0.9	nichenet_prior	NicheNet	omnipath	omnipath					
Col2a1	Itga10		0.9	nichenet_prior	NicheNet	omnipath	omnipath					
Col2a1	Itga11		0.9	nichenet_prior	NicheNet	omnipath	omnipath					
Col2a1	Itga2		0.9	nichenet_prior	NicheNet	omnipath	omnipath					
Col2a1	Itga2b		0.9	nichenet_prior	NicheNet	omnipath	omnipath					
Col2a1	Itga3		0.9	nichenet_prior	NicheNet	nichenet_verschueren	nichenet_verschueren					
Col2a1	Itga9		0.9	nichenet_prior	NicheNet	nichenet_verschueren	nichenet_verschueren					
Col2a1	Itgav		0.9	nichenet_prior	NicheNet	nichenet_verschueren	nichenet_verschueren					
Col2a1	Itgb1		0.9	nichenet_prior	NicheNet	omnipath	omnipath					
Col2a1	Itgb8		0.9	nichenet_prior	NicheNet	nichenet_verschueren	nichenet_verschueren					
Col2a1	Mag		0.9	nichenet_prior	NicheNet	omnipath	omnipath					
Col2a1	Tnfrsf10b		0.9	nichenet_prior	NicheNet	omnipath	omnipath					
Col3a1	Ddr1		0.9	nichenet_prior	NicheNet	omnipath	omnipath					
Col3a1	Ddr2		0.9	nichenet_prior	NicheNet	omnipath	omnipath					
Col3a1	Itga1		0.9	nichenet_prior	NicheNet	omnipath	omnipath					
Col3a1	Itga10		0.9	nichenet_prior	NicheNet	omnipath	omnipath					
Col3a1	Itga11		0.9	nichenet_prior	NicheNet	omnipath	omnipath					
Col3a1	Itga2		0.9	nichenet_prior	NicheNet	omnipath	omnipath					
Col3a1	Itgb1		0.9	nichenet_prior	NicheNet	omnipath	omnipath					
Col3a1	Mag		0.9	nichenet_prior	NicheNet	omnipath	omnipath					
Col4a1	Cd93		0.9	nichenet_prior	NicheNet	omnipath	omnipath					
Col4a1	Itga1		0.9	nichenet_prior	NicheNet	omnipath	omnipath					
Col4a1	Itga10		0.9	nichenet_prior	NicheNet	omnipath	omnipath					
Col4a1	Itga11		0.9	nichenet_prior	NicheNet	omnipath	omnipath					
Col4a1	Itga2		0.9	nichenet_prior	NicheNet	omnipath	omnipath					
Col4a1	Itgav		0.9	nichenet_prior	NicheNet	omnipath	omnipath					
Col4a1	Itgb1		0.9	nichenet_prior	NicheNet	omnipath	omnipath					
Col4a1	Itgb8		0.9	nichenet_prior	NicheNet	omnipath	omnipath					
Col4a2	Cd93		0.9	nichenet_prior	NicheNet	omnipath	omnipath					
Col4a2	Ddr1		0.9	nichenet_prior	NicheNet	omnipath	omnipath					
Col4a2	Ddr2		0.9	nichenet_prior	NicheNet	omnipath	omnipath					
Col4a2	Itga1		0.9	nichenet_prior	NicheNet	omnipath	omnipath					
Col4a2	Itga10		0.9	nichenet_prior	NicheNet	omnipath	omnipath					
Col4a2	Itga11		0.9	nichenet_prior	NicheNet	omnipath	omnipath					
Col4a2	Itga2		0.9	nichenet_prior	NicheNet	omnipath	omnipath					
Col4a2	Itgb1		0.9	nichenet_prior	NicheNet	omnipath	omnipath					
Col4a2	Itgb3		0.9	nichenet_prior	NicheNet	omnipath	omnipath					
Col4a2	Itgb5		0.9	nichenet_prior	NicheNet	omnipath	omnipath					
Col4a3	Cd47		0.9	nichenet_prior	NicheNet	omnipath	omnipath					
Col4a3	Cd93		0.9	nichenet_prior	NicheNet	omnipath	omnipath					
Col4a3	Itga1		0.9	nichenet_prior	NicheNet	omnipath	omnipath					
Col4a3	Itga10		0.9	nichenet_prior	NicheNet	omnipath	omnipath					
Col4a3	Itga11		0.9	nichenet_prior	NicheNet	omnipath	omnipath					
Col4a3	Itga2		0.9	nichenet_prior	NicheNet	omnipath	omnipath					
Col4a3	Itgav		0.9	nichenet_prior	NicheNet	omnipath	omnipath					
Col4a3	Itgb1		0.9	nichenet_prior	NicheNet	omnipath	omnipath					
Col4a3	Itgb3		0.9	nichenet_prior	NicheNet	omnipath	omnipath					
Col4a3	Itgb8		0.9	nichenet_prior	NicheNet	omnipath	omnipath					
Col4a4	Cd47		0.9	nichenet_prior	NicheNet	omnipath	omnipath					
Col4a4	Cd93		0.9	nichenet_prior	NicheNet	omnipath	omnipath					
Col4a4	Ddr1		0.9	nichenet_prior	NicheNet	omnipath	omnipath					
Col4a4	Ddr2		0.9	nichenet_prior	NicheNet	omnipath	omnipath					
Col4a4	Itga1		0.9	nichenet_prior	NicheNet	omnipath	omnipath					
Col4a4	Itga10		0.9	nichenet_prior	NicheNet	omnipath	omnipath					
Col4a4	Itga11		0.9	nichenet_prior	NicheNet	omnipath	omnipath					
Col4a4	Itga2		0.9	nichenet_prior	NicheNet	omnipath	omnipath					
Col4a4	Itgav		0.9	nichenet_prior	NicheNet	omnipath	omnipath					
Col4a4	Itgb1		0.9	nichenet_prior	NicheNet	omnipath	omnipath					
Col4a4	Itgb3		0.9	nichenet_prior	NicheNet	omnipath	omnipath					
Col4a5	Cd47		0.9	nichenet_prior	NicheNet	omnipath	omnipath					
Col4a5	Cd93		0.9	nichenet_prior	NicheNet	omnipath	omnipath					
Col4a5	Ddr1		0.9	nichenet_prior	NicheNet	omnipath	omnipath					
Col4a5	Ddr2		0.9	nichenet_prior	NicheNet	omnipath	omnipath					
Col4a5	Itga1		0.9	nichenet_prior	NicheNet	omnipath	omnipath					
Col4a5	Itga10		0.9	nichenet_prior	NicheNet	omnipath	omnipath					
Col4a5	Itga11		0.9	nichenet_prior	NicheNet	omnipath	omnipath					
Col4a5	Itga2		0.9	nichenet_prior	NicheNet	omnipath	omnipath					
Col4a5	Itgav		0.9	nichenet_prior	NicheNet	omnipath	omnipath					
Col4a5	Itgb1		0.9	nichenet_prior	NicheNet	omnipath	omnipath					
Col4a6	Cd47		0.9	nichenet_prior	NicheNet	omnipath	omnipath					
Col4a6	Cd93		0.9	nichenet_prior	NicheNet	omnipath	omnipath					
Col4a6	Ddr1		0.9	nichenet_prior	NicheNet	omnipath	omnipath					
Col4a6	Ddr2		0.9	nichenet_prior	NicheNet	omnipath	omnipath					
Col4a6	Itga1		0.9	nichenet_prior	NicheNet	omnipath	omnipath					
Col4a6	Itga10		0.9	nichenet_prior	NicheNet	omnipath	omnipath					
Col4a6	Itga11		0.9	nichenet_prior	NicheNet	omnipath	omnipath					
Col4a6	Itga2		0.9	nichenet_prior	NicheNet	omnipath	omnipath					
Col4a6	Itgav		0.9	nichenet_prior	NicheNet	omnipath	omnipath					
Col4a6	Itgb1		0.9	nichenet_prior	NicheNet	omnipath	omnipath					
Col5a1	Cd93		0.9	nichenet_prior	NicheNet	omnipath	omnipath					
Col5a1	Ddr1		0.9	nichenet_prior	NicheNet	omnipath	omnipath					
Col5a1	Ddr2		0.9	nichenet_prior	NicheNet	omnipath	omnipath					
Col5a1	Itga1		0.9	nichenet_prior	NicheNet	omnipath	omnipath					
Col5a1	Itga10		0.9	nichenet_prior	NicheNet	omnipath	omnipath					
Col5a1	Itga11		0.9	nichenet_prior	NicheNet	omnipath	omnipath					
Col5a1	Itga2		0.9	nichenet_prior	NicheNet	omnipath	omnipath					
Col5a1	Itgb1		0.9	nichenet_prior	NicheNet	omnipath	omnipath					
Col5a1	Lair1		0.9	nichenet_prior	NicheNet	omnipath	omnipath					
Col5a1	Sdc1		0.9	nichenet_prior	NicheNet	omnipath	omnipath					
Col5a1	Sdc3		0.9	nichenet_prior	NicheNet	omnipath	omnipath					
Col5a2	Cd93		0.9	nichenet_prior	NicheNet	omnipath	omnipath					
Col5a2	Ddr1		0.9	nichenet_prior	NicheNet	omnipath	omnipath					
Col5a2	Ddr2		0.9	nichenet_prior	NicheNet	omnipath	omnipath					
Col5a2	Itga1		0.9	nichenet_prior	NicheNet	omnipath	omnipath					
Col5a2	Itga10		0.9	nichenet_prior	NicheNet	omnipath	omnipath					
Col5a2	Itga11		0.9	nichenet_prior	NicheNet	omnipath	omnipath					
Col5a2	Itga2		0.9	nichenet_prior	NicheNet	omnipath	omnipath					
Col5a2	Itgb1		0.9	nichenet_prior	NicheNet	omnipath	omnipath					
Col5a2	Lair1		0.9	nichenet_prior	NicheNet	omnipath	omnipath					
Col5a2	Sdc1		0.9	nichenet_prior	NicheNet	omnipath	omnipath					
Col5a3	Cd93		0.9	nichenet_prior	NicheNet	omnipath	omnipath					
Col5a3	Ddr1		0.9	nichenet_prior	NicheNet	omnipath	omnipath					
Col5a3	Ddr2		0.9	nichenet_prior	NicheNet	omnipath	omnipath					
Col5a3	Itga1		0.9	nichenet_prior	NicheNet	omnipath	omnipath					
Col5a3	Itga10		0.9	nichenet_prior	NicheNet	omnipath	omnipath					
Col5a3	Itga11		0.9	nichenet_prior	NicheNet	omnipath	omnipath					
Col5a3	Itga2		0.9	nichenet_prior	NicheNet	omnipath	omnipath					
Col5a3	Itgb1		0.9	nichenet_prior	NicheNet	omnipath	omnipath					
Col5a3	Sdc1		0.9	nichenet_prior	NicheNet	omnipath	omnipath					
Col5a3	Sdc3		0.9	nichenet_prior	NicheNet	omnipath	omnipath					
Col6a1	Itga1		0.9	nichenet_prior	NicheNet	omnipath	omnipath					
Col6a1	Itga10		0.9	nichenet_prior	NicheNet	omnipath	omnipath					
Col6a1	Itga11		0.9	nichenet_prior	NicheNet	omnipath	omnipath					
Col6a1	Itga2		0.9	nichenet_prior	NicheNet	omnipath	omnipath					
Col6a1	Itga6		0.9	nichenet_prior	NicheNet	omnipath	omnipath					
Col6a1	Itgb1		0.9	nichenet_prior	NicheNet	omnipath	omnipath					
Col6a2	Itga1		0.9	nichenet_prior	NicheNet	omnipath	omnipath					
Col6a2	Itga10		0.9	nichenet_prior	NicheNet	omnipath	omnipath					
Col6a2	Itga11		0.9	nichenet_prior	NicheNet	omnipath	omnipath					
Col6a2	Itga2		0.9	nichenet_prior	NicheNet	omnipath	omnipath					
Col6a2	Itgb1		0.9	nichenet_prior	NicheNet	omnipath	omnipath					
Col6a3	Itga1		0.9	nichenet_prior	NicheNet	omnipath	omnipath					
Col6a3	Itga10		0.9	nichenet_prior	NicheNet	omnipath	omnipath					
Col6a3	Itga11		0.9	nichenet_prior	NicheNet	omnipath	omnipath					
Col6a3	Itga2		0.9	nichenet_prior	NicheNet	omnipath	omnipath					
Col6a3	Itgb1		0.9	nichenet_prior	NicheNet	omnipath	omnipath					
Col6a5	Itga1		0.9	nichenet_prior	NicheNet	omnipath	omnipath					
Col6a5	Itga10		0.9	nichenet_prior	NicheNet	omnipath	omnipath					
Col6a5	Itga11		0.9	nichenet_prior	NicheNet	omnipath	omnipath					
Col6a5	Itga2		0.9	nichenet_prior	NicheNet	omnipath	omnipath					
Col6a5	Itgb1		0.9	nichenet_prior	NicheNet	omnipath	omnipath					
Col6a6	Itga1		0.9	nichenet_prior	NicheNet	omnipath	omnipath					
Col6a6	Itga10		0.9	nichenet_prior	NicheNet	omnipath	omnipath					
Col6a6	Itga11		0.9	nichenet_prior	NicheNet	omnipath	omnipath					
Col6a6	Itga2		0.9	nichenet_prior	NicheNet	omnipath	omnipath					
Col6a6	Itgb1		0.9	nichenet_prior	NicheNet	omnipath	omnipath					
Col7a1	Itga1		0.9	nichenet_prior	NicheNet	omnipath	omnipath					
Col7a1	Itga10		0.9	nichenet_prior	NicheNet	omnipath	omnipath					
Col7a1	Itga11		0.9	nichenet_prior	NicheNet	omnipath	omnipath					
Col7a1	Itga2		0.9	nichenet_prior	NicheNet	omnipath	omnipath					
Col7a1	Itgb1		0.9	nichenet_prior	NicheNet	omnipath	omnipath					
Col8a1	Ddr1		0.9	nichenet_prior	NicheNet	omnipath	omnipath					
Col8a1	Itga1		0.9	nichenet_prior	NicheNet	omnipath	omnipath					
Col8a1	Itga10		0.9	nichenet_prior	NicheNet	omnipath	omnipath					
Col8a1	Itga11		0.9	nichenet_prior	NicheNet	omnipath	omnipath					
Col8a1	Itga2		0.9	nichenet_prior	NicheNet	omnipath	omnipath					
Col8a1	Itgb1		0.9	nichenet_prior	NicheNet	omnipath	omnipath					
Col8a2	Ddr1		0.9	nichenet_prior	NicheNet	omnipath	omnipath					
Col8a2	Itga1		0.9	nichenet_prior	NicheNet	omnipath	omnipath					
Col8a2	Itga10		0.9	nichenet_prior	NicheNet	omnipath	omnipath					
Col8a2	Itga11		0.9	nichenet_prior	NicheNet	omnipath	omnipath					
Col8a2	Itga2		0.9	nichenet_prior	NicheNet	omnipath	omnipath					
Col8a2	Itgb1		0.9	nichenet_prior	NicheNet	omnipath	omnipath					
Col8a2	Slc4a11		0.9	nichenet_prior	NicheNet	omnipath	omnipath					
Col9a1	Itga1		0.9	nichenet_prior	NicheNet	omnipath	omnipath					
Col9a1	Itga10		0.9	nichenet_prior	NicheNet	omnipath	omnipath					
Col9a1	Itga11		0.9	nichenet_prior	NicheNet	omnipath	omnipath					
Col9a1	Itga2		0.9	nichenet_prior	NicheNet	omnipath	omnipath					
Col9a1	Itgb1		0.9	nichenet_prior	NicheNet	omnipath	omnipath					
Col9a1	Mag		0.9	nichenet_prior	NicheNet	omnipath	omnipath					
Col9a2	Itga1		0.9	nichenet_prior	NicheNet	omnipath	omnipath					
Col9a2	Itga10		0.9	nichenet_prior	NicheNet	omnipath	omnipath					
Col9a2	Itga11		0.9	nichenet_prior	NicheNet	omnipath	omnipath					
Col9a2	Itga2		0.9	nichenet_prior	NicheNet	omnipath	omnipath					
Col9a2	Itgb1		0.9	nichenet_prior	NicheNet	omnipath	omnipath					
Col9a2	Mag		0.9	nichenet_prior	NicheNet	omnipath	omnipath					
Col9a3	Itga1		0.9	nichenet_prior	NicheNet	omnipath	omnipath					
Col9a3	Itga10		0.9	nichenet_prior	NicheNet	omnipath	omnipath					
Col9a3	Itga11		0.9	nichenet_prior	NicheNet	omnipath	omnipath					
Col9a3	Itga2		0.9	nichenet_prior	NicheNet	omnipath	omnipath					
Col9a3	Itgb1		0.9	nichenet_prior	NicheNet	omnipath	omnipath					
Col9a3	Mag		0.9	nichenet_prior	NicheNet	omnipath	omnipath					
Colq	Musk		0.9	nichenet_prior	NicheNet	omnipath	omnipath					
Comp	Itga2b		0.9	nichenet_prior	NicheNet	nichenet_verschueren	nichenet_verschueren					
Comp	Itga3		0.9	nichenet_prior	NicheNet	omnipath	omnipath					
Comp	Itga5		0.9	nichenet_prior	NicheNet	omnipath	omnipath					
Comp	Itga7		0.9	nichenet_prior	NicheNet	omnipath	omnipath					
Comp	Itgav		0.9	nichenet_prior	NicheNet	nichenet_verschueren	nichenet_verschueren					
Comp	Itgb1		0.9	nichenet_prior	NicheNet	omnipath	omnipath					
Comp	Itgb3		0.9	nichenet_prior	NicheNet	omnipath	omnipath					
Copa	Cd74		0.9	nichenet_prior	NicheNet	omnipath	omnipath					
Copa	Mtnr1b		0.9	nichenet_prior	NicheNet	omnipath	omnipath					
Copa	Ntrk1		0.9	nichenet_prior	NicheNet	omnipath	omnipath					
Copa	Ntsr2		0.9	nichenet_prior	NicheNet	nichenet_verschueren	nichenet_verschueren					
Copa	P2ry6		0.9	nichenet_prior	NicheNet	omnipath	omnipath					
Copa	Sort1		0.9	nichenet_prior	NicheNet	omnipath	omnipath					
Corin	Kirrel		0.9	nichenet_prior	NicheNet	omnipath	omnipath					
Corin	Lrrc4c		0.9	nichenet_prior	NicheNet	omnipath	omnipath					
Cort	Ghsr		0.9	nichenet_prior	NicheNet	omnipath	omnipath					
Cort	Mrgprx2		0.9	nichenet_prior	NicheNet	omnipath	omnipath					
Cort	Mrgpra1		0.9	nichenet_prior	NicheNet	nichenet_verschueren	nichenet_verschueren					
Cort	Mrgpra2b		0.9	nichenet_prior	NicheNet	nichenet_verschueren	nichenet_verschueren					
Cort	Mrgpra9		0.9	nichenet_prior	NicheNet	nichenet_verschueren	nichenet_verschueren					
Cort	Mrgpra2a		0.9	nichenet_prior	NicheNet	nichenet_verschueren	nichenet_verschueren					
Cort	Mrgprx1		0.9	nichenet_prior	NicheNet	nichenet_verschueren	nichenet_verschueren					
Cort	Mrgprb4		0.9	nichenet_prior	NicheNet	nichenet_verschueren	nichenet_verschueren					
Cort	Mrgprb5		0.9	nichenet_prior	NicheNet	nichenet_verschueren	nichenet_verschueren					
Cort	Mrgprb2		0.9	nichenet_prior	NicheNet	nichenet_verschueren	nichenet_verschueren					
Cort	Mrgpra4		0.9	nichenet_prior	NicheNet	nichenet_verschueren	nichenet_verschueren					
Cort	Mrgpra6		0.9	nichenet_prior	NicheNet	nichenet_verschueren	nichenet_verschueren					
Cort	Mrgprb8		0.9	nichenet_prior	NicheNet	nichenet_verschueren	nichenet_verschueren					
Cort	Mrgpra3		0.9	nichenet_prior	NicheNet	nichenet_verschueren	nichenet_verschueren					
Cort	Mrgprb3		0.9	nichenet_prior	NicheNet	nichenet_verschueren	nichenet_verschueren					
Cort	Mrgprb1		0.9	nichenet_prior	NicheNet	nichenet_verschueren	nichenet_verschueren					
Cp	Slc40a1		0.9	nichenet_prior	NicheNet	omnipath	omnipath					
Cp	Smo		0.9	nichenet_prior	NicheNet	omnipath	omnipath					
Crb3	Lin7c		0.9	nichenet_prior	NicheNet	omnipath	omnipath					
Crb3	Patj		0.9	nichenet_prior	NicheNet	omnipath	omnipath					
Crh	Mc2r		0.9	nichenet_prior	NicheNet	nichenet_verschueren	nichenet_verschueren					
Crhr2	Gnas		0.9	nichenet_prior	NicheNet	omnipath	omnipath					
Crisp1	A1bg		0.9	nichenet_prior	NicheNet	omnipath	omnipath					
Crisp2	Catsper1		0.9	nichenet_prior	NicheNet	omnipath	omnipath					
Crisp3	A1bg		0.9	nichenet_prior	NicheNet	omnipath	omnipath					
Crlf1	Cntfr		0.9	nichenet_prior	NicheNet	omnipath	omnipath					
Crlf1	Il6st		0.9	nichenet_prior	NicheNet	omnipath	omnipath					
Crlf1	Lifr		0.9	nichenet_prior	NicheNet	omnipath	omnipath					
Crlf1	Sorl1		0.9	nichenet_prior	NicheNet	omnipath	omnipath					
Crp	Cr1l		0.9	nichenet_prior	NicheNet	omnipath	omnipath					
Crp	Olr1		0.9	nichenet_prior	NicheNet	omnipath	omnipath					
Crtam	Dsc3		0.9	nichenet_prior	NicheNet	nichenet_verschueren	nichenet_verschueren					
Crtam	Ildr2		0.9	nichenet_prior	NicheNet	omnipath	omnipath					
Crtam	Muc15		0.9	nichenet_prior	NicheNet	omnipath	omnipath					
Crtam	Ntrk3		0.9	nichenet_prior	NicheNet	nichenet_verschueren	nichenet_verschueren					
Csf1	Csf2ra		0.9	nichenet_prior	NicheNet	omnipath	omnipath					
Csf1	Csf3r		0.9	nichenet_prior	NicheNet	omnipath	omnipath					
Csf1	Sirpa		0.9	nichenet_prior	NicheNet	omnipath	omnipath					
Csf2	Csf1r		0.9	nichenet_prior	NicheNet	nichenet_verschueren	nichenet_verschueren					
Csf2	Csf2ra		0.9	nichenet_prior	NicheNet	omnipath	omnipath					
Csf2	Csf2rb		0.9	nichenet_prior	NicheNet	omnipath	omnipath					
Csf2	Csf2rb2		0.9	nichenet_prior	NicheNet	omnipath	omnipath					
Csf2	Csf3r		0.9	nichenet_prior	NicheNet	omnipath	omnipath					
Csf2	Il3ra		0.9	nichenet_prior	NicheNet	omnipath	omnipath					
Csf2	Sdc2		0.9	nichenet_prior	NicheNet	omnipath	omnipath					
Csf3	Csf1r		0.9	nichenet_prior	NicheNet	nichenet_verschueren	nichenet_verschueren					
Csf3	Csf2ra		0.9	nichenet_prior	NicheNet	omnipath	omnipath					
Ctf1	Il6st		0.9	nichenet_prior	NicheNet	omnipath	omnipath					
Ctf1	Lifr		0.9	nichenet_prior	NicheNet	omnipath	omnipath					
Cthrc1	Fzd3		0.9	nichenet_prior	NicheNet	omnipath	omnipath					
Cthrc1	Fzd5		0.9	nichenet_prior	NicheNet	omnipath	omnipath					
Cthrc1	Fzd6		0.9	nichenet_prior	NicheNet	omnipath	omnipath					
Cthrc1	Ror2		0.9	nichenet_prior	NicheNet	omnipath	omnipath					
Ctsd	App		0.9	nichenet_prior	NicheNet	omnipath	omnipath					
Cx3cl1	Itga4		0.9	nichenet_prior	NicheNet	omnipath	omnipath					
Cx3cl1	Itgav		0.9	nichenet_prior	NicheNet	omnipath	omnipath					
Cx3cl1	Itgb1		0.9	nichenet_prior	NicheNet	omnipath	omnipath					
Cx3cl1	Itgb3		0.9	nichenet_prior	NicheNet	omnipath	omnipath					
Cxadr	Jaml		0.9	nichenet_prior	NicheNet	omnipath	omnipath					
Cxcl1	Dpp4		0.9	nichenet_prior	NicheNet	omnipath	omnipath					
Cxcl1	Xcr1		0.9	nichenet_prior	NicheNet	omnipath	omnipath					
Cxcl10	Ccr3		0.9	nichenet_prior	NicheNet	omnipath	omnipath					
Cxcl10	Dpp4		0.9	nichenet_prior	NicheNet	omnipath	omnipath					
Cxcl10	Sdc4		0.9	nichenet_prior	NicheNet	omnipath	omnipath					
Cxcl11	Ccr3		0.9	nichenet_prior	NicheNet	omnipath	omnipath					
Cxcl11	Ccr5		0.9	nichenet_prior	NicheNet	omnipath	omnipath					
Cxcl11	Dpp4		0.9	nichenet_prior	NicheNet	omnipath	omnipath					
Cxcl12	Cd4		0.9	nichenet_prior	NicheNet	omnipath	omnipath					
Cxcl12	Cxcr3		0.9	nichenet_prior	NicheNet	omnipath	omnipath					
Cxcl12	Dpp4		0.9	nichenet_prior	NicheNet	omnipath	omnipath					
Cxcl12	Itgb1		0.9	nichenet_prior	NicheNet	omnipath	omnipath					
Cxcl13	Ackr4		0.9	nichenet_prior	NicheNet	omnipath	omnipath					
Cxcl13	Ccr10		0.9	nichenet_prior	NicheNet	omnipath	omnipath					
Cxcl14	Cxcr4		0.9	nichenet_prior	NicheNet	omnipath	omnipath					
Cxcl16	Adra2a		0.9	nichenet_prior	NicheNet	omnipath	omnipath					
Cxcl16	Grm7		0.9	nichenet_prior	NicheNet	omnipath	omnipath					
Cxcl16	Mtnr1a		0.9	nichenet_prior	NicheNet	omnipath	omnipath					
Cxcl17	Gpr35		0.9	nichenet_prior	NicheNet	omnipath	omnipath					
Cxcl2	Adra2a		0.9	nichenet_prior	NicheNet	omnipath	omnipath					
Cxcl2	Grm7		0.9	nichenet_prior	NicheNet	omnipath	omnipath					
Cxcl2	Mtnr1a		0.9	nichenet_prior	NicheNet	omnipath	omnipath					
Cxcl9	Ccr3		0.9	nichenet_prior	NicheNet	omnipath	omnipath					
Cxcl9	Dpp4		0.9	nichenet_prior	NicheNet	omnipath	omnipath					
Cytl1	Ccr2		0.9	nichenet_prior	NicheNet	omnipath	omnipath					
Dbh	Adra1a		0.9	nichenet_prior	NicheNet	omnipath	omnipath					
Dbh	Adra1b		0.9	nichenet_prior	NicheNet	omnipath	omnipath					
Dbh	Adra1d		0.9	nichenet_prior	NicheNet	omnipath	omnipath					
Dbh	Adra2a		0.9	nichenet_prior	NicheNet	omnipath	omnipath					
Dbh	Adra2b		0.9	nichenet_prior	NicheNet	omnipath	omnipath					
Dbh	Adra2c		0.9	nichenet_prior	NicheNet	omnipath	omnipath					
Dbh	Adrb1		0.9	nichenet_prior	NicheNet	omnipath	omnipath					
Dbh	Adrb2		0.9	nichenet_prior	NicheNet	omnipath	omnipath					
Dbh	Adrb3		0.9	nichenet_prior	NicheNet	omnipath	omnipath					
Dbh	Gpr161		0.9	nichenet_prior	NicheNet	omnipath	omnipath					
Dchs1	Fat4		0.9	nichenet_prior	NicheNet	omnipath	omnipath					
Dcn	Egfr		0.9	nichenet_prior	NicheNet	omnipath	omnipath					
Dcn	Erbb4		0.9	nichenet_prior	NicheNet	omnipath	omnipath					
Dcn	Igf1r		0.9	nichenet_prior	NicheNet	omnipath	omnipath					
Dcn	Kdr		0.9	nichenet_prior	NicheNet	omnipath	omnipath					
Dcn	Lrp1		0.9	nichenet_prior	NicheNet	omnipath	omnipath					
Dcn	Met		0.9	nichenet_prior	NicheNet	omnipath	omnipath					
Dcn	Tlr2		0.9	nichenet_prior	NicheNet	omnipath	omnipath					
Dcn	Tlr4		0.9	nichenet_prior	NicheNet	omnipath	omnipath					
Defb14	Ccr2		0.9	nichenet_prior	NicheNet	omnipath	omnipath					
Defb14	Ccr6		0.9	nichenet_prior	NicheNet	omnipath	omnipath					
Dhh	Boc		0.9	nichenet_prior	NicheNet	omnipath	omnipath					
Dhh	Cdon		0.9	nichenet_prior	NicheNet	omnipath	omnipath					
Dhh	Hhip		0.9	nichenet_prior	NicheNet	omnipath	omnipath					
Dhh	Ptch1		0.9	nichenet_prior	NicheNet	omnipath	omnipath					
Dhh	Ptch2		0.9	nichenet_prior	NicheNet	omnipath	omnipath					
Dkk1	Kremen1		0.9	nichenet_prior	NicheNet	omnipath	omnipath					
Dkk1	Kremen2		0.9	nichenet_prior	NicheNet	omnipath	omnipath					
Dkk1	Lrp5		0.9	nichenet_prior	NicheNet	omnipath	omnipath					
Dkk1	Lrp6		0.9	nichenet_prior	NicheNet	omnipath	omnipath					
Dkk2	Kremen1		0.9	nichenet_prior	NicheNet	omnipath	omnipath					
Dkk2	Kremen2		0.9	nichenet_prior	NicheNet	omnipath	omnipath					
Dkk2	Lrp5		0.9	nichenet_prior	NicheNet	omnipath	omnipath					
Dkk2	Lrp6		0.9	nichenet_prior	NicheNet	omnipath	omnipath					
Dkk3	Kremen1		0.9	nichenet_prior	NicheNet	omnipath	omnipath					
Dkk4	Kremen1		0.9	nichenet_prior	NicheNet	omnipath	omnipath					
Dkk4	Kremen2		0.9	nichenet_prior	NicheNet	omnipath	omnipath					
Dkk4	Lrp5		0.9	nichenet_prior	NicheNet	omnipath	omnipath					
Dkk4	Lrp6		0.9	nichenet_prior	NicheNet	omnipath	omnipath					
Dlk1	Acvr2b		0.9	nichenet_prior	NicheNet	nichenet_verschueren	nichenet_verschueren					
Dlk1	Erbb4		0.9	nichenet_prior	NicheNet	nichenet_verschueren	nichenet_verschueren					
Dlk2	Notch1		0.9	nichenet_prior	NicheNet	omnipath	omnipath					
Dll1	Musk		0.9	nichenet_prior	NicheNet	nichenet_verschueren	nichenet_verschueren					
Dmp1	Itgav		0.9	nichenet_prior	NicheNet	omnipath	omnipath					
Dmp1	Itgb3		0.9	nichenet_prior	NicheNet	omnipath	omnipath					
Draxin	Dcc		0.9	nichenet_prior	NicheNet	omnipath	omnipath					
Dsc1	Dsg1a		0.9	nichenet_prior	NicheNet	omnipath	omnipath					
Dsc1	Dsg1b		0.9	nichenet_prior	NicheNet	omnipath	omnipath					
Dsc2	Dsg1a		0.9	nichenet_prior	NicheNet	omnipath	omnipath					
Dsc2	Dsg1b		0.9	nichenet_prior	NicheNet	omnipath	omnipath					
Dsc3	Dsg1a		0.9	nichenet_prior	NicheNet	omnipath	omnipath					
Dsc3	Dsg1b		0.9	nichenet_prior	NicheNet	omnipath	omnipath					
Dsc3	Dsg1c		0.9	nichenet_prior	NicheNet	omnipath	omnipath					
Dsc3	Dsg2		0.9	nichenet_prior	NicheNet	omnipath	omnipath					
Dscam	Dcc		0.9	nichenet_prior	NicheNet	omnipath	omnipath					
Dscam	Dscam		0.9	nichenet_prior	NicheNet	nichenet_verschueren	nichenet_verschueren					
Dscam	Notch3		0.9	nichenet_prior	NicheNet	omnipath	omnipath					
Dscam	Ptprk		0.9	nichenet_prior	NicheNet	omnipath	omnipath					
Dscam	Ptprm		0.9	nichenet_prior	NicheNet	omnipath	omnipath					
Dscam	Ptprt		0.9	nichenet_prior	NicheNet	omnipath	omnipath					
Dscaml1	Aqp9		0.9	nichenet_prior	NicheNet	omnipath	omnipath					
Dscaml1	Ptprk		0.9	nichenet_prior	NicheNet	omnipath	omnipath					
Dscaml1	Ptprm		0.9	nichenet_prior	NicheNet	omnipath	omnipath					
Dscaml1	Ptprt		0.9	nichenet_prior	NicheNet	omnipath	omnipath					
Dsg1a	Dsc3		0.9	nichenet_prior	NicheNet	omnipath	omnipath					
Dsg1a	Flt4		0.9	nichenet_prior	NicheNet	omnipath	omnipath					
Dsg1b	Dsc3		0.9	nichenet_prior	NicheNet	omnipath	omnipath					
Dsg1b	Flt4		0.9	nichenet_prior	NicheNet	omnipath	omnipath					
Dsg1c	Flt4		0.9	nichenet_prior	NicheNet	omnipath	omnipath					
Dsg2	Dsc1		0.9	nichenet_prior	NicheNet	omnipath	omnipath					
Dspp	Itgav		0.9	nichenet_prior	NicheNet	omnipath	omnipath					
Dspp	Itgb1		0.9	nichenet_prior	NicheNet	omnipath	omnipath					
Dspp	Itgb6		0.9	nichenet_prior	NicheNet	omnipath	omnipath					
Dusp18	Cd151		0.9	nichenet_prior	NicheNet	nichenet_verschueren	nichenet_verschueren					
Dusp18	Itga1		0.9	nichenet_prior	NicheNet	nichenet_verschueren	nichenet_verschueren					
Dusp18	Itga2		0.9	nichenet_prior	NicheNet	nichenet_verschueren	nichenet_verschueren					
Dusp18	Itga3		0.9	nichenet_prior	NicheNet	nichenet_verschueren	nichenet_verschueren					
Dusp18	Itga6		0.9	nichenet_prior	NicheNet	nichenet_verschueren	nichenet_verschueren					
Dusp18	Itga7		0.9	nichenet_prior	NicheNet	nichenet_verschueren	nichenet_verschueren					
Dusp18	Itgb1		0.9	nichenet_prior	NicheNet	nichenet_verschueren	nichenet_verschueren					
Dusp18	Itgb4		0.9	nichenet_prior	NicheNet	nichenet_verschueren	nichenet_verschueren					
Dusp18	Rpsa		0.9	nichenet_prior	NicheNet	nichenet_verschueren	nichenet_verschueren					
Ebi3	Il27ra		0.9	nichenet_prior	NicheNet	omnipath	omnipath					
Ebi3	Il6st		0.9	nichenet_prior	NicheNet	omnipath	omnipath					
Ecm1	Cachd1		0.9	nichenet_prior	NicheNet	omnipath	omnipath					
Ecm1	Itgb4		0.9	nichenet_prior	NicheNet	omnipath	omnipath					
Eda	Il1rl1		0.9	nichenet_prior	NicheNet	omnipath	omnipath					
Edil3	Itga5		0.9	nichenet_prior	NicheNet	omnipath	omnipath					
Edil3	Itgav		0.9	nichenet_prior	NicheNet	omnipath	omnipath					
Edil3	Itgb1		0.9	nichenet_prior	NicheNet	omnipath	omnipath					
Edil3	Itgb3		0.9	nichenet_prior	NicheNet	omnipath	omnipath					
Edil3	Itgb5		0.9	nichenet_prior	NicheNet	omnipath	omnipath					
Edn1	Adgrl4		0.9	nichenet_prior	NicheNet	omnipath	omnipath					
Edn1	Ece1		0.9	nichenet_prior	NicheNet	omnipath	omnipath					
Edn1	Egfr		0.9	nichenet_prior	NicheNet	omnipath	omnipath					
Efemp1	Egfr		0.9	nichenet_prior	NicheNet	omnipath	omnipath					
Efemp2	Aqp1		0.9	nichenet_prior	NicheNet	omnipath	omnipath					
Efemp2	Catsper1		0.9	nichenet_prior	NicheNet	omnipath	omnipath					
Efemp2	Lingo1		0.9	nichenet_prior	NicheNet	omnipath	omnipath					
Efemp2	Plscr4		0.9	nichenet_prior	NicheNet	omnipath	omnipath					
Efna1	Epha6		0.9	nichenet_prior	NicheNet	omnipath	omnipath					
Efna1	Ephb1		0.9	nichenet_prior	NicheNet	omnipath	omnipath					
Efna2	Epha10		0.9	nichenet_prior	NicheNet	omnipath	omnipath					
Efna2	Epha6		0.9	nichenet_prior	NicheNet	omnipath	omnipath					
Efna3	Epha10		0.9	nichenet_prior	NicheNet	omnipath	omnipath					
Efna3	Epha6		0.9	nichenet_prior	NicheNet	omnipath	omnipath					
Efna3	Ephb1		0.9	nichenet_prior	NicheNet	omnipath	omnipath					
Efna4	Epha10		0.9	nichenet_prior	NicheNet	omnipath	omnipath					
Efna4	Epha6		0.9	nichenet_prior	NicheNet	omnipath	omnipath					
Efna5	Epha6		0.9	nichenet_prior	NicheNet	omnipath	omnipath					
Efna5	Ephb1		0.9	nichenet_prior	NicheNet	omnipath	omnipath					
Efna5	Ephb6		0.9	nichenet_prior	NicheNet	omnipath	omnipath					
Efnb1	Dag1		0.9	nichenet_prior	NicheNet	nichenet_verschueren	nichenet_verschueren					
Efnb1	Dsg4		0.9	nichenet_prior	NicheNet	nichenet_verschueren	nichenet_verschueren					
Efnb1	Epha3		0.9	nichenet_prior	NicheNet	nichenet_verschueren	nichenet_verschueren					
Efnb1	Ephb6		0.9	nichenet_prior	NicheNet	omnipath	omnipath					
Efnb1	Erbb2		0.9	nichenet_prior	NicheNet	omnipath	omnipath					
Efnb1	Evc2		0.9	nichenet_prior	NicheNet	nichenet_verschueren	nichenet_verschueren					
Efnb1	Fam187b		0.9	nichenet_prior	NicheNet	nichenet_verschueren	nichenet_verschueren					
Efnb1	Itln1		0.9	nichenet_prior	NicheNet	nichenet_verschueren	nichenet_verschueren					
Efnb1	Lvrn		0.9	nichenet_prior	NicheNet	nichenet_verschueren	nichenet_verschueren					
Efnb1	Naalad2		0.9	nichenet_prior	NicheNet	nichenet_verschueren	nichenet_verschueren					
Efnb1	Slamf9		0.9	nichenet_prior	NicheNet	nichenet_verschueren	nichenet_verschueren					
Efnb1	Trhde		0.9	nichenet_prior	NicheNet	nichenet_verschueren	nichenet_verschueren					
Efnb2	AB124611		0.9	nichenet_prior	NicheNet	nichenet_verschueren	nichenet_verschueren					
Efnb2	Epha10		0.9	nichenet_prior	NicheNet	nichenet_verschueren	nichenet_verschueren					
Efnb2	Epha3		0.9	nichenet_prior	NicheNet	omnipath	omnipath					
Efnb2	Epha6		0.9	nichenet_prior	NicheNet	omnipath	omnipath					
Efnb2	Epha8		0.9	nichenet_prior	NicheNet	nichenet_verschueren	nichenet_verschueren					
Efnb2	Ephb6		0.9	nichenet_prior	NicheNet	omnipath	omnipath					
Efnb2	Fcrl1		0.9	nichenet_prior	NicheNet	nichenet_verschueren	nichenet_verschueren					
Efnb2	Grm1		0.9	nichenet_prior	NicheNet	omnipath	omnipath					
Efnb2	Grm5		0.9	nichenet_prior	NicheNet	omnipath	omnipath					
Efnb2	Pecam1		0.9	nichenet_prior	NicheNet	omnipath	omnipath					
Efnb2	Rhbdl2		0.9	nichenet_prior	NicheNet	omnipath	omnipath					
Efnb2	Tctn2		0.9	nichenet_prior	NicheNet	nichenet_verschueren	nichenet_verschueren					
Efnb3	AB124611		0.9	nichenet_prior	NicheNet	nichenet_verschueren	nichenet_verschueren					
Efnb3	Epha10		0.9	nichenet_prior	NicheNet	nichenet_verschueren	nichenet_verschueren					
Efnb3	Epha3		0.9	nichenet_prior	NicheNet	nichenet_verschueren	nichenet_verschueren					
Efnb3	Rhbdl2		0.9	nichenet_prior	NicheNet	omnipath	omnipath					
Egf	Erbb2		0.9	nichenet_prior	NicheNet	omnipath	omnipath					
Egf	Erbb3		0.9	nichenet_prior	NicheNet	omnipath	omnipath					
Egf	Erbb4		0.9	nichenet_prior	NicheNet	omnipath	omnipath					
Egf	Tnfrsf11b		0.9	nichenet_prior	NicheNet	nichenet_verschueren	nichenet_verschueren					
Elfn1	Flt1		0.9	nichenet_prior	NicheNet	nichenet_verschueren	nichenet_verschueren					
Emc1	Prlr		0.9	nichenet_prior	NicheNet	nichenet_verschueren	nichenet_verschueren					
Enam	Cd63		0.9	nichenet_prior	NicheNet	omnipath	omnipath					
Eng	Acvr2a		0.9	nichenet_prior	NicheNet	omnipath	omnipath					
Eng	Acvrl1		0.9	nichenet_prior	NicheNet	omnipath	omnipath					
Eng	Bmpr2		0.9	nichenet_prior	NicheNet	omnipath	omnipath					
Eng	Cdh5		0.9	nichenet_prior	NicheNet	omnipath	omnipath					
Eng	Itgav		0.9	nichenet_prior	NicheNet	omnipath	omnipath					
Enpp1	Insr		0.9	nichenet_prior	NicheNet	omnipath	omnipath					
Epcam	Cldn1		0.9	nichenet_prior	NicheNet	omnipath	omnipath					
Epcam	Cldn7		0.9	nichenet_prior	NicheNet	omnipath	omnipath					
Epgn	Erbb4		0.9	nichenet_prior	NicheNet	omnipath	omnipath					
Epgn	Igsf11		0.9	nichenet_prior	NicheNet	nichenet_verschueren	nichenet_verschueren					
Epha4	Fgfr1		0.9	nichenet_prior	NicheNet	omnipath	omnipath					
Epha4	Fgfr2		0.9	nichenet_prior	NicheNet	omnipath	omnipath					
Epha4	Fgfr3		0.9	nichenet_prior	NicheNet	omnipath	omnipath					
Epha4	Fgfr4		0.9	nichenet_prior	NicheNet	omnipath	omnipath					
Epo	Ephb4		0.9	nichenet_prior	NicheNet	omnipath	omnipath					
Ereg	Erbb2		0.9	nichenet_prior	NicheNet	omnipath	omnipath					
Ereg	Erbb3		0.9	nichenet_prior	NicheNet	omnipath	omnipath					
Erfe	Lrp1		0.9	nichenet_prior	NicheNet	omnipath	omnipath					
Esam	Robo3		0.9	nichenet_prior	NicheNet	nichenet_verschueren	nichenet_verschueren					
Esm1	Itgal		0.9	nichenet_prior	NicheNet	omnipath	omnipath					
Esm1	Itgb2		0.9	nichenet_prior	NicheNet	omnipath	omnipath					
Esm1	Itgb2l		0.9	nichenet_prior	NicheNet	omnipath	omnipath					
Ezr	Slc9a1		0.9	nichenet_prior	NicheNet	omnipath	omnipath					
F10	F3		0.9	nichenet_prior	NicheNet	omnipath	omnipath					
F10	F7		0.9	nichenet_prior	NicheNet	omnipath	omnipath					
F10	Itgam		0.9	nichenet_prior	NicheNet	omnipath	omnipath					
F10	Gm49368		0.9	nichenet_prior	NicheNet	omnipath	omnipath					
F10	Itgb2		0.9	nichenet_prior	NicheNet	omnipath	omnipath					
F10	Itgb2l		0.9	nichenet_prior	NicheNet	omnipath	omnipath					
F11	F9		0.9	nichenet_prior	NicheNet	omnipath	omnipath					
F11	Gp1ba		0.9	nichenet_prior	NicheNet	omnipath	omnipath					
F11	Gp1bb		0.9	nichenet_prior	NicheNet	omnipath	omnipath					
F11	Gp5		0.9	nichenet_prior	NicheNet	omnipath	omnipath					
F11	Gp9		0.9	nichenet_prior	NicheNet	omnipath	omnipath					
F11r	Itgal		0.9	nichenet_prior	NicheNet	omnipath	omnipath					
F11r	Itgb2		0.9	nichenet_prior	NicheNet	omnipath	omnipath					
F11r	Itgb2l		0.9	nichenet_prior	NicheNet	omnipath	omnipath					
F11r	Jam2		0.9	nichenet_prior	NicheNet	omnipath	omnipath					
F11r	Jam3		0.9	nichenet_prior	NicheNet	nichenet_verschueren	nichenet_verschueren					
F11r	Robo3		0.9	nichenet_prior	NicheNet	nichenet_verschueren	nichenet_verschueren					
F12	Cd93		0.9	nichenet_prior	NicheNet	omnipath	omnipath					
F12	F11		0.9	nichenet_prior	NicheNet	omnipath	omnipath					
F12	Gp1ba		0.9	nichenet_prior	NicheNet	omnipath	omnipath					
F12	Gp1bb		0.9	nichenet_prior	NicheNet	omnipath	omnipath					
F12	Gp5		0.9	nichenet_prior	NicheNet	omnipath	omnipath					
F12	Gp9		0.9	nichenet_prior	NicheNet	omnipath	omnipath					
F12	Klkb1		0.9	nichenet_prior	NicheNet	omnipath	omnipath					
F13a1	Itga4		0.9	nichenet_prior	NicheNet	omnipath	omnipath					
F13a1	Itga9		0.9	nichenet_prior	NicheNet	omnipath	omnipath					
F13a1	Itgb1		0.9	nichenet_prior	NicheNet	omnipath	omnipath					
F2	F5		0.9	nichenet_prior	NicheNet	omnipath	omnipath					
F2	F8		0.9	nichenet_prior	NicheNet	omnipath	omnipath					
F2	Gp1ba		0.9	nichenet_prior	NicheNet	omnipath	omnipath					
F2	Gp9		0.9	nichenet_prior	NicheNet	omnipath	omnipath					
F2	Itga2b		0.9	nichenet_prior	NicheNet	omnipath	omnipath					
F2	Thbd		0.9	nichenet_prior	NicheNet	omnipath	omnipath					
F5	Proc		0.9	nichenet_prior	NicheNet	omnipath	omnipath					
F7	F10		0.9	nichenet_prior	NicheNet	omnipath	omnipath					
F7	F3		0.9	nichenet_prior	NicheNet	omnipath	omnipath					
F7	F9		0.9	nichenet_prior	NicheNet	omnipath	omnipath					
F8	Asgr2		0.9	nichenet_prior	NicheNet	omnipath	omnipath					
F8	F10		0.9	nichenet_prior	NicheNet	omnipath	omnipath					
F8	Ldlr		0.9	nichenet_prior	NicheNet	omnipath	omnipath					
F8	Lrp1		0.9	nichenet_prior	NicheNet	omnipath	omnipath					
F8	Lrp2		0.9	nichenet_prior	NicheNet	omnipath	omnipath					
F8	Lrp4		0.9	nichenet_prior	NicheNet	omnipath	omnipath					
F9	F7		0.9	nichenet_prior	NicheNet	omnipath	omnipath					
F9	Lrp1		0.9	nichenet_prior	NicheNet	omnipath	omnipath					
Fam3b	Lrp5		0.9	nichenet_prior	NicheNet	omnipath	omnipath					
Fam3c	Adgrg5		0.9	nichenet_prior	NicheNet	omnipath	omnipath					
Fam3c	Clec2d		0.9	nichenet_prior	NicheNet	omnipath	omnipath					
Fam3c	Clec2i		0.9	nichenet_prior	NicheNet	omnipath	omnipath					
Fam3c	Clec2h		0.9	nichenet_prior	NicheNet	omnipath	omnipath					
Fam3c	Clec2e		0.9	nichenet_prior	NicheNet	omnipath	omnipath					
Fam3c	Clec2g		0.9	nichenet_prior	NicheNet	omnipath	omnipath					
Fam3c	Ffar2		0.9	nichenet_prior	NicheNet	omnipath	omnipath					
Fam3c	Glra2		0.9	nichenet_prior	NicheNet	omnipath	omnipath					
Fam3c	Ffar3		0.9	nichenet_prior	NicheNet	omnipath	omnipath					
Fam3c	Kir3dl2		0.9	nichenet_prior	NicheNet	omnipath	omnipath					
Fam3c	Kir3dl1		0.9	nichenet_prior	NicheNet	omnipath	omnipath					
Fam3c	Lamp1		0.9	nichenet_prior	NicheNet	omnipath	omnipath					
Fam3c	Lifr		0.9	nichenet_prior	NicheNet	omnipath	omnipath					
Fam3c	Pdcd1		0.9	nichenet_prior	NicheNet	omnipath	omnipath					
Fam3d	Fpr1		0.9	nichenet_prior	NicheNet	omnipath	omnipath					
Fam3d	Fpr2		0.9	nichenet_prior	NicheNet	omnipath	omnipath					
Fam3d	Fpr3		0.9	nichenet_prior	NicheNet	omnipath	omnipath					
Fap	Dpp4		0.9	nichenet_prior	NicheNet	omnipath	omnipath					
Fap	Npr2		0.9	nichenet_prior	NicheNet	omnipath	omnipath					
Fat4	Dchs1		0.9	nichenet_prior	NicheNet	omnipath	omnipath					
Fbln1	Itgb1		0.9	nichenet_prior	NicheNet	omnipath	omnipath					
Fbln2	Itgb3		0.9	nichenet_prior	NicheNet	omnipath	omnipath					
Fbn1	Itga5		0.9	nichenet_prior	NicheNet	omnipath	omnipath					
Fbn1	Itgav		0.9	nichenet_prior	NicheNet	omnipath	omnipath					
Fbn1	Itgb1		0.9	nichenet_prior	NicheNet	omnipath	omnipath					
Fbn1	Itgb3		0.9	nichenet_prior	NicheNet	omnipath	omnipath					
Fbn1	Itgb6		0.9	nichenet_prior	NicheNet	omnipath	omnipath					
Fcer2a	Itgam		0.9	nichenet_prior	NicheNet	omnipath	omnipath					
Fcer2a	Gm49368		0.9	nichenet_prior	NicheNet	omnipath	omnipath					
Fcer2a	Itgav		0.9	nichenet_prior	NicheNet	omnipath	omnipath					
Fcer2a	Itgax		0.9	nichenet_prior	NicheNet	omnipath	omnipath					
Fcer2a	Itgb2		0.9	nichenet_prior	NicheNet	omnipath	omnipath					
Fcer2a	Itgb2l		0.9	nichenet_prior	NicheNet	omnipath	omnipath					
Fcer2a	Itgb3		0.9	nichenet_prior	NicheNet	omnipath	omnipath					
Fcgr4	Eda2r		0.9	nichenet_prior	NicheNet	nichenet_verschueren	nichenet_verschueren					
Fcnb	Lrp1		0.9	nichenet_prior	NicheNet	omnipath	omnipath					
Fcrl6	Nrp2		0.9	nichenet_prior	NicheNet	nichenet_verschueren	nichenet_verschueren					
Fga	Cdh5		0.9	nichenet_prior	NicheNet	omnipath	omnipath					
Fga	Itga2b		0.9	nichenet_prior	NicheNet	omnipath	omnipath					
Fga	Itga5		0.9	nichenet_prior	NicheNet	omnipath	omnipath					
Fga	Itgam		0.9	nichenet_prior	NicheNet	omnipath	omnipath					
Fga	Gm49368		0.9	nichenet_prior	NicheNet	omnipath	omnipath					
Fga	Itgav		0.9	nichenet_prior	NicheNet	omnipath	omnipath					
Fga	Itgax		0.9	nichenet_prior	NicheNet	omnipath	omnipath					
Fga	Itgb1		0.9	nichenet_prior	NicheNet	omnipath	omnipath					
Fga	Itgb2		0.9	nichenet_prior	NicheNet	omnipath	omnipath					
Fga	Itgb2l		0.9	nichenet_prior	NicheNet	omnipath	omnipath					
Fga	Itgb3		0.9	nichenet_prior	NicheNet	omnipath	omnipath					
Fga	Plat		0.9	nichenet_prior	NicheNet	omnipath	omnipath					
Fga	Tlr4		0.9	nichenet_prior	NicheNet	omnipath	omnipath					
Fgb	Cdh5		0.9	nichenet_prior	NicheNet	omnipath	omnipath					
Fgb	Itga2b		0.9	nichenet_prior	NicheNet	omnipath	omnipath					
Fgb	Itga5		0.9	nichenet_prior	NicheNet	omnipath	omnipath					
Fgb	Itgam		0.9	nichenet_prior	NicheNet	omnipath	omnipath					
Fgb	Gm49368		0.9	nichenet_prior	NicheNet	omnipath	omnipath					
Fgb	Itgav		0.9	nichenet_prior	NicheNet	omnipath	omnipath					
Fgb	Itgb1		0.9	nichenet_prior	NicheNet	omnipath	omnipath					
Fgb	Itgb2		0.9	nichenet_prior	NicheNet	omnipath	omnipath					
Fgb	Itgb2l		0.9	nichenet_prior	NicheNet	omnipath	omnipath					
Fgb	Itgb3		0.9	nichenet_prior	NicheNet	omnipath	omnipath					
Fgb	Tlr4		0.9	nichenet_prior	NicheNet	omnipath	omnipath					
Fgf1	Nrp1		0.9	nichenet_prior	NicheNet	omnipath	omnipath					
Fgf10	Fgfr3		0.9	nichenet_prior	NicheNet	nichenet_verschueren	nichenet_verschueren					
Fgf10	Fgfr4		0.9	nichenet_prior	NicheNet	nichenet_verschueren	nichenet_verschueren					
Fgf10	Fgfrl1		0.9	nichenet_prior	NicheNet	omnipath	omnipath					
Fgf11	Fgfr1		0.9	nichenet_prior	NicheNet	omnipath	omnipath					
Fgf11	Fgfr2		0.9	nichenet_prior	NicheNet	omnipath	omnipath					
Fgf11	Fgfr3		0.9	nichenet_prior	NicheNet	omnipath	omnipath					
Fgf11	Fgfr4		0.9	nichenet_prior	NicheNet	omnipath	omnipath					
Fgf11	Scn10a		0.9	nichenet_prior	NicheNet	omnipath	omnipath					
Fgf11	Scn11a		0.9	nichenet_prior	NicheNet	omnipath	omnipath					
Fgf11	Scn1a		0.9	nichenet_prior	NicheNet	omnipath	omnipath					
Fgf11	Scn2a		0.9	nichenet_prior	NicheNet	omnipath	omnipath					
Fgf11	Scn3a		0.9	nichenet_prior	NicheNet	omnipath	omnipath					
Fgf11	Scn4a		0.9	nichenet_prior	NicheNet	omnipath	omnipath					
Fgf11	Scn5a		0.9	nichenet_prior	NicheNet	omnipath	omnipath					
Fgf11	Scn8a		0.9	nichenet_prior	NicheNet	omnipath	omnipath					
Fgf11	Scn9a		0.9	nichenet_prior	NicheNet	omnipath	omnipath					
Fgf12	Fgfr1		0.9	nichenet_prior	NicheNet	omnipath	omnipath					
Fgf12	Fgfr2		0.9	nichenet_prior	NicheNet	omnipath	omnipath					
Fgf12	Fgfr3		0.9	nichenet_prior	NicheNet	omnipath	omnipath					
Fgf12	Fgfr4		0.9	nichenet_prior	NicheNet	omnipath	omnipath					
Fgf12	Scn10a		0.9	nichenet_prior	NicheNet	omnipath	omnipath					
Fgf12	Scn11a		0.9	nichenet_prior	NicheNet	omnipath	omnipath					
Fgf12	Scn1a		0.9	nichenet_prior	NicheNet	omnipath	omnipath					
Fgf12	Scn2a		0.9	nichenet_prior	NicheNet	omnipath	omnipath					
Fgf12	Scn3a		0.9	nichenet_prior	NicheNet	omnipath	omnipath					
Fgf12	Scn4a		0.9	nichenet_prior	NicheNet	omnipath	omnipath					
Fgf12	Scn5a		0.9	nichenet_prior	NicheNet	omnipath	omnipath					
Fgf12	Scn8a		0.9	nichenet_prior	NicheNet	omnipath	omnipath					
Fgf12	Scn9a		0.9	nichenet_prior	NicheNet	omnipath	omnipath					
Fgf13	Egfr		0.9	nichenet_prior	NicheNet	omnipath	omnipath					
Fgf13	Fgfr1		0.9	nichenet_prior	NicheNet	omnipath	omnipath					
Fgf13	Fgfr2		0.9	nichenet_prior	NicheNet	omnipath	omnipath					
Fgf13	Fgfr3		0.9	nichenet_prior	NicheNet	omnipath	omnipath					
Fgf13	Fgfr4		0.9	nichenet_prior	NicheNet	omnipath	omnipath					
Fgf13	Scn10a		0.9	nichenet_prior	NicheNet	omnipath	omnipath					
Fgf13	Scn11a		0.9	nichenet_prior	NicheNet	omnipath	omnipath					
Fgf13	Scn1a		0.9	nichenet_prior	NicheNet	omnipath	omnipath					
Fgf13	Scn2a		0.9	nichenet_prior	NicheNet	omnipath	omnipath					
Fgf13	Scn3a		0.9	nichenet_prior	NicheNet	omnipath	omnipath					
Fgf13	Scn4a		0.9	nichenet_prior	NicheNet	omnipath	omnipath					
Fgf13	Scn5a		0.9	nichenet_prior	NicheNet	omnipath	omnipath					
Fgf13	Scn8a		0.9	nichenet_prior	NicheNet	omnipath	omnipath					
Fgf13	Scn9a		0.9	nichenet_prior	NicheNet	omnipath	omnipath					
Fgf14	Fgfr1		0.9	nichenet_prior	NicheNet	omnipath	omnipath					
Fgf14	Fgfr2		0.9	nichenet_prior	NicheNet	omnipath	omnipath					
Fgf14	Fgfr3		0.9	nichenet_prior	NicheNet	omnipath	omnipath					
Fgf14	Fgfr4		0.9	nichenet_prior	NicheNet	omnipath	omnipath					
Fgf14	Scn10a		0.9	nichenet_prior	NicheNet	omnipath	omnipath					
Fgf14	Scn11a		0.9	nichenet_prior	NicheNet	omnipath	omnipath					
Fgf14	Scn1a		0.9	nichenet_prior	NicheNet	omnipath	omnipath					
Fgf14	Scn2a		0.9	nichenet_prior	NicheNet	omnipath	omnipath					
Fgf14	Scn3a		0.9	nichenet_prior	NicheNet	omnipath	omnipath					
Fgf14	Scn4a		0.9	nichenet_prior	NicheNet	omnipath	omnipath					
Fgf14	Scn5a		0.9	nichenet_prior	NicheNet	omnipath	omnipath					
Fgf14	Scn8a		0.9	nichenet_prior	NicheNet	omnipath	omnipath					
Fgf14	Scn9a		0.9	nichenet_prior	NicheNet	omnipath	omnipath					
Fgf15	Klb		0.9	nichenet_prior	NicheNet	omnipath	omnipath					
Fgf2	Cd44		0.9	nichenet_prior	NicheNet	omnipath	omnipath					
Fgf2	Fgfrl1		0.9	nichenet_prior	NicheNet	omnipath	omnipath					
Fgf2	Gpc4		0.9	nichenet_prior	NicheNet	omnipath	omnipath					
Fgf2	Nrp1		0.9	nichenet_prior	NicheNet	omnipath	omnipath					
Fgf2	Sdc1		0.9	nichenet_prior	NicheNet	omnipath	omnipath					
Fgf2	Sdc2		0.9	nichenet_prior	NicheNet	omnipath	omnipath					
Fgf2	Sdc3		0.9	nichenet_prior	NicheNet	omnipath	omnipath					
Fgf2	Sdc4		0.9	nichenet_prior	NicheNet	omnipath	omnipath					
Fgf21	Fgfr2		0.9	nichenet_prior	NicheNet	omnipath	omnipath					
Fgf21	Fgfr4		0.9	nichenet_prior	NicheNet	omnipath	omnipath					
Fgf21	Klb		0.9	nichenet_prior	NicheNet	omnipath	omnipath					
Fgf22	Fgfr1		0.9	nichenet_prior	NicheNet	omnipath	omnipath					
Fgf22	Fgfrl1		0.9	nichenet_prior	NicheNet	omnipath	omnipath					
Fgf23	Fgfr2		0.9	nichenet_prior	NicheNet	omnipath	omnipath					
Fgf3	Fgfr3		0.9	nichenet_prior	NicheNet	omnipath	omnipath					
Fgf3	Fgfr4		0.9	nichenet_prior	NicheNet	omnipath	omnipath					
Fgf3	Fgfrl1		0.9	nichenet_prior	NicheNet	omnipath	omnipath					
Fgf4	Nrp1		0.9	nichenet_prior	NicheNet	omnipath	omnipath					
Fgf6	Sdc4		0.9	nichenet_prior	NicheNet	omnipath	omnipath					
Fgf7	Fgfr3		0.9	nichenet_prior	NicheNet	omnipath	omnipath					
Fgf7	Fgfr4		0.9	nichenet_prior	NicheNet	omnipath	omnipath					
Fgf7	Nrp1		0.9	nichenet_prior	NicheNet	omnipath	omnipath					
Fgf8	Fgfrl1		0.9	nichenet_prior	NicheNet	omnipath	omnipath					
Fgfrl1	Fgfr1		0.9	nichenet_prior	NicheNet	omnipath	omnipath					
Fgfrl1	Gp6		0.9	nichenet_prior	NicheNet	omnipath	omnipath					
Fgfrl1	Gpc4		0.9	nichenet_prior	NicheNet	nichenet_verschueren	nichenet_verschueren					
Fgfrl1	Nrxn2		0.9	nichenet_prior	NicheNet	nichenet_verschueren	nichenet_verschueren					
Fgfrl1	Nrxn3		0.9	nichenet_prior	NicheNet	nichenet_verschueren	nichenet_verschueren					
Fgfrl1	Plvap		0.9	nichenet_prior	NicheNet	omnipath	omnipath					
Fgg	Itga2b		0.9	nichenet_prior	NicheNet	omnipath	omnipath					
Fgg	Itga5		0.9	nichenet_prior	NicheNet	omnipath	omnipath					
Fgg	Itgav		0.9	nichenet_prior	NicheNet	omnipath	omnipath					
Fgg	Itgb1		0.9	nichenet_prior	NicheNet	omnipath	omnipath					
Fgg	Itgb2		0.9	nichenet_prior	NicheNet	omnipath	omnipath					
Fgg	Itgb2l		0.9	nichenet_prior	NicheNet	omnipath	omnipath					
Fgg	Itgb3		0.9	nichenet_prior	NicheNet	omnipath	omnipath					
Fgg	Tlr4		0.9	nichenet_prior	NicheNet	omnipath	omnipath					
Fgl1	Egfr		0.9	nichenet_prior	NicheNet	omnipath	omnipath					
Fgl1	Lag3		0.9	nichenet_prior	NicheNet	omnipath	omnipath					
Flrt2	Flt4		0.9	nichenet_prior	NicheNet	nichenet_verschueren	nichenet_verschueren					
Fn1	Col13a1		0.9	nichenet_prior	NicheNet	omnipath	omnipath					
Fn1	Itga2		0.9	nichenet_prior	NicheNet	nichenet_verschueren	nichenet_verschueren					
Fn1	Itga2b		0.9	nichenet_prior	NicheNet	nichenet_verschueren	nichenet_verschueren					
Fn1	Itga3		0.9	nichenet_prior	NicheNet	nichenet_verschueren	nichenet_verschueren					
Fn1	Itga4		0.9	nichenet_prior	NicheNet	omnipath	omnipath					
Fn1	Itga5		0.9	nichenet_prior	NicheNet	omnipath	omnipath					
Fn1	Itga8		0.9	nichenet_prior	NicheNet	omnipath	omnipath					
Fn1	Itga9		0.9	nichenet_prior	NicheNet	omnipath	omnipath					
Fn1	Itgav		0.9	nichenet_prior	NicheNet	omnipath	omnipath					
Fn1	Itgb1		0.9	nichenet_prior	NicheNet	omnipath	omnipath					
Fn1	Itgb3		0.9	nichenet_prior	NicheNet	omnipath	omnipath					
Fn1	Itgb6		0.9	nichenet_prior	NicheNet	omnipath	omnipath					
Fn1	Itgb7		0.9	nichenet_prior	NicheNet	omnipath	omnipath					
Fn1	Itgb8		0.9	nichenet_prior	NicheNet	nichenet_verschueren	nichenet_verschueren					
Fn1	Mag		0.9	nichenet_prior	NicheNet	omnipath	omnipath					
Fn1	Nt5e		0.9	nichenet_prior	NicheNet	omnipath	omnipath					
Fn1	Plaur		0.9	nichenet_prior	NicheNet	omnipath	omnipath					
Fn1	Sdc2		0.9	nichenet_prior	NicheNet	omnipath	omnipath					
Fn1	Tnfrsf11b		0.9	nichenet_prior	NicheNet	omnipath	omnipath					
Fn1	Tshr		0.9	nichenet_prior	NicheNet	omnipath	omnipath					
Fndc5	Itgav		0.9	nichenet_prior	NicheNet	omnipath	omnipath					
Fndc5	Itgb5		0.9	nichenet_prior	NicheNet	omnipath	omnipath					
Fshb	Adcyap1r1		0.9	nichenet_prior	NicheNet	omnipath	omnipath					
Fshb	Adrb2		0.9	nichenet_prior	NicheNet	omnipath	omnipath					
Fshb	Adrb3		0.9	nichenet_prior	NicheNet	omnipath	omnipath					
Fshb	Gpr20		0.9	nichenet_prior	NicheNet	omnipath	omnipath					
Fshb	Gpr84		0.9	nichenet_prior	NicheNet	omnipath	omnipath					
Fshb	Pth1r		0.9	nichenet_prior	NicheNet	omnipath	omnipath					
Fshb	Ramp2		0.9	nichenet_prior	NicheNet	omnipath	omnipath					
Fshb	Ramp3		0.9	nichenet_prior	NicheNet	omnipath	omnipath					
Fshb	Tshr		0.9	nichenet_prior	NicheNet	omnipath	omnipath					
Fshb	Vipr1		0.9	nichenet_prior	NicheNet	omnipath	omnipath					
Fst	Bmpr1b		0.9	nichenet_prior	NicheNet	omnipath	omnipath					
Fst	Bmpr2		0.9	nichenet_prior	NicheNet	omnipath	omnipath					
Fst	Hjv		0.9	nichenet_prior	NicheNet	omnipath	omnipath					
Fstl5	Cd86		0.9	nichenet_prior	NicheNet	omnipath	omnipath					
Fstl5	Ceacam19		0.9	nichenet_prior	NicheNet	omnipath	omnipath					
Fstl5	Chl1		0.9	nichenet_prior	NicheNet	omnipath	omnipath					
Fstl5	Cntn5		0.9	nichenet_prior	NicheNet	omnipath	omnipath					
Fstl5	Gp6		0.9	nichenet_prior	NicheNet	omnipath	omnipath					
Fstl5	Il6ra		0.9	nichenet_prior	NicheNet	omnipath	omnipath					
Fstl5	Sdk2		0.9	nichenet_prior	NicheNet	omnipath	omnipath					
Fstl5	Siglech		0.9	nichenet_prior	NicheNet	omnipath	omnipath					
Fstl5	Siglecf		0.9	nichenet_prior	NicheNet	omnipath	omnipath					
Fstl5	Cd33		0.9	nichenet_prior	NicheNet	omnipath	omnipath					
Furin	Adam19		0.9	nichenet_prior	NicheNet	omnipath	omnipath					
Furin	Adamts1		0.9	nichenet_prior	NicheNet	omnipath	omnipath					
Furin	Bace1		0.9	nichenet_prior	NicheNet	omnipath	omnipath					
Furin	Dsg3		0.9	nichenet_prior	NicheNet	omnipath	omnipath					
Furin	Insr		0.9	nichenet_prior	NicheNet	omnipath	omnipath					
Furin	Lrp1		0.9	nichenet_prior	NicheNet	omnipath	omnipath					
Furin	Notch1		0.9	nichenet_prior	NicheNet	omnipath	omnipath					
Furin	Sorcs1		0.9	nichenet_prior	NicheNet	omnipath	omnipath					
Gad1	Grm4		0.9	nichenet_prior	NicheNet	nichenet_verschueren	nichenet_verschueren					
Gal	Gpr151		0.9	nichenet_prior	NicheNet	omnipath	omnipath					
Gast	Cckar		0.9	nichenet_prior	NicheNet	nichenet_verschueren	nichenet_verschueren					
Gast	Cckbr		0.9	nichenet_prior	NicheNet	omnipath	omnipath					
Gc	Lrp2		0.9	nichenet_prior	NicheNet	omnipath	omnipath					
Gcg	Dpp4		0.9	nichenet_prior	NicheNet	omnipath	omnipath					
Gdf1	Acvr1		0.9	nichenet_prior	NicheNet	omnipath	omnipath					
Gdf1	Acvr1b		0.9	nichenet_prior	NicheNet	omnipath	omnipath					
Gdf1	Acvr1c		0.9	nichenet_prior	NicheNet	omnipath	omnipath					
Gdf1	Acvr2a		0.9	nichenet_prior	NicheNet	omnipath	omnipath					
Gdf1	Acvr2b		0.9	nichenet_prior	NicheNet	omnipath	omnipath					
Gdf1	Bmpr1a		0.9	nichenet_prior	NicheNet	omnipath	omnipath					
Gdf1	Bmpr2		0.9	nichenet_prior	NicheNet	omnipath	omnipath					
Gdf1	Cfc1		0.9	nichenet_prior	NicheNet	omnipath	omnipath					
Gdf10	Acvr1b		0.9	nichenet_prior	NicheNet	omnipath	omnipath					
Gdf10	Acvr2a		0.9	nichenet_prior	NicheNet	omnipath	omnipath					
Gdf10	Acvr2b		0.9	nichenet_prior	NicheNet	omnipath	omnipath					
Gdf10	Bmpr2		0.9	nichenet_prior	NicheNet	omnipath	omnipath					
Gdf11	Acvr1b		0.9	nichenet_prior	NicheNet	omnipath	omnipath					
Gdf11	Acvr1c		0.9	nichenet_prior	NicheNet	omnipath	omnipath					
Gdf11	Acvr2a		0.9	nichenet_prior	NicheNet	omnipath	omnipath					
Gdf11	Acvr2b		0.9	nichenet_prior	NicheNet	omnipath	omnipath					
Gdf11	Bmpr1a		0.9	nichenet_prior	NicheNet	omnipath	omnipath					
Gdf11	Bmpr1b		0.9	nichenet_prior	NicheNet	omnipath	omnipath					
Gdf11	Bmpr2		0.9	nichenet_prior	NicheNet	omnipath	omnipath					
Gdf11	Tgfbr1		0.9	nichenet_prior	NicheNet	omnipath	omnipath					
Gdf15	Erbb2		0.9	nichenet_prior	NicheNet	omnipath	omnipath					
Gdf15	Gfral		0.9	nichenet_prior	NicheNet	omnipath	omnipath					
Gdf15	Ret		0.9	nichenet_prior	NicheNet	omnipath	omnipath					
Gdf2	Acvr1		0.9	nichenet_prior	NicheNet	omnipath	omnipath					
Gdf2	Acvr2a		0.9	nichenet_prior	NicheNet	omnipath	omnipath					
Gdf2	Acvr2b		0.9	nichenet_prior	NicheNet	omnipath	omnipath					
Gdf2	Acvrl1		0.9	nichenet_prior	NicheNet	omnipath	omnipath					
Gdf2	Bmpr2		0.9	nichenet_prior	NicheNet	omnipath	omnipath					
Gdf2	Eng		0.9	nichenet_prior	NicheNet	omnipath	omnipath					
Gdf3	Acvr1b		0.9	nichenet_prior	NicheNet	omnipath	omnipath					
Gdf3	Acvr1c		0.9	nichenet_prior	NicheNet	omnipath	omnipath					
Gdf3	Acvr2a		0.9	nichenet_prior	NicheNet	omnipath	omnipath					
Gdf3	Acvr2b		0.9	nichenet_prior	NicheNet	omnipath	omnipath					
Gdf3	Cfc1		0.9	nichenet_prior	NicheNet	omnipath	omnipath					
Gdf3	Tdgf1		0.9	nichenet_prior	NicheNet	omnipath	omnipath					
Gdf5	Acvr1		0.9	nichenet_prior	NicheNet	omnipath	omnipath					
Gdf5	Acvr2a		0.9	nichenet_prior	NicheNet	omnipath	omnipath					
Gdf5	Acvr2b		0.9	nichenet_prior	NicheNet	omnipath	omnipath					
Gdf5	Bmpr1a		0.9	nichenet_prior	NicheNet	omnipath	omnipath					
Gdf5	Bmpr1b		0.9	nichenet_prior	NicheNet	omnipath	omnipath					
Gdf5	Bmpr2		0.9	nichenet_prior	NicheNet	omnipath	omnipath					
Gdf5	Ror2		0.9	nichenet_prior	NicheNet	omnipath	omnipath					
Gdf6	Acvr2a		0.9	nichenet_prior	NicheNet	omnipath	omnipath					
Gdf6	Acvr2b		0.9	nichenet_prior	NicheNet	omnipath	omnipath					
Gdf6	Bmpr1a		0.9	nichenet_prior	NicheNet	omnipath	omnipath					
Gdf6	Bmpr1b		0.9	nichenet_prior	NicheNet	omnipath	omnipath					
Gdf6	Bmpr2		0.9	nichenet_prior	NicheNet	omnipath	omnipath					
Gdf7	Acvr2a		0.9	nichenet_prior	NicheNet	omnipath	omnipath					
Gdf7	Acvr2b		0.9	nichenet_prior	NicheNet	omnipath	omnipath					
Gdf7	Bmpr1a		0.9	nichenet_prior	NicheNet	omnipath	omnipath					
Gdf7	Bmpr1b		0.9	nichenet_prior	NicheNet	omnipath	omnipath					
Gdf7	Bmpr2		0.9	nichenet_prior	NicheNet	omnipath	omnipath					
Gdf9	Acvr1b		0.9	nichenet_prior	NicheNet	omnipath	omnipath					
Gdf9	Acvr2a		0.9	nichenet_prior	NicheNet	omnipath	omnipath					
Gdf9	Bmpr1a		0.9	nichenet_prior	NicheNet	omnipath	omnipath					
Gdf9	Bmpr1b		0.9	nichenet_prior	NicheNet	omnipath	omnipath					
Gdf9	Bmpr2		0.9	nichenet_prior	NicheNet	omnipath	omnipath					
Gdf9	Fxyd6		0.9	nichenet_prior	NicheNet	omnipath	omnipath					
Gdf9	Orai2		0.9	nichenet_prior	NicheNet	omnipath	omnipath					
Gdf9	Tgfbr1		0.9	nichenet_prior	NicheNet	omnipath	omnipath					
Gdnf	Gfra1		0.9	nichenet_prior	NicheNet	omnipath	omnipath					
Gdnf	Gfra2		0.9	nichenet_prior	NicheNet	omnipath	omnipath					
Gdnf	Ncam1		0.9	nichenet_prior	NicheNet	omnipath	omnipath					
Gdnf	Ret		0.9	nichenet_prior	NicheNet	omnipath	omnipath					
Ggt1	Cd53		0.9	nichenet_prior	NicheNet	omnipath	omnipath					
Ggt1	Cd81		0.9	nichenet_prior	NicheNet	omnipath	omnipath					
Ggt1	Cd82		0.9	nichenet_prior	NicheNet	omnipath	omnipath					
Ghrh	Adcyap1r1		0.9	nichenet_prior	NicheNet	omnipath	omnipath					
Ghrh	Adrb2		0.9	nichenet_prior	NicheNet	omnipath	omnipath					
Ghrh	Adrb3		0.9	nichenet_prior	NicheNet	omnipath	omnipath					
Ghrh	Dpp4		0.9	nichenet_prior	NicheNet	omnipath	omnipath					
Ghrh	Gpr20		0.9	nichenet_prior	NicheNet	omnipath	omnipath					
Ghrh	Gpr84		0.9	nichenet_prior	NicheNet	omnipath	omnipath					
Ghrh	Pth1r		0.9	nichenet_prior	NicheNet	omnipath	omnipath					
Ghrh	Ramp2		0.9	nichenet_prior	NicheNet	omnipath	omnipath					
Ghrh	Ramp3		0.9	nichenet_prior	NicheNet	omnipath	omnipath					
Ghrh	Tshr		0.9	nichenet_prior	NicheNet	omnipath	omnipath					
Ghrl	Ghrhr		0.9	nichenet_prior	NicheNet	omnipath	omnipath					
Ghrl	Gpr39		0.9	nichenet_prior	NicheNet	omnipath	omnipath					
Ghrl	Ptger3		0.9	nichenet_prior	NicheNet	omnipath	omnipath					
Ghrl	Tbxa2r		0.9	nichenet_prior	NicheNet	omnipath	omnipath					
Gip	Dpp4		0.9	nichenet_prior	NicheNet	omnipath	omnipath					
Gjb2	Gjb6		0.9	nichenet_prior	NicheNet	omnipath	omnipath					
Gjb6	Gjb2		0.9	nichenet_prior	NicheNet	omnipath	omnipath					
Glg1	Mog		0.9	nichenet_prior	NicheNet	omnipath	omnipath					
Glg1	Sele		0.9	nichenet_prior	NicheNet	omnipath	omnipath					
Glg1	Unc5b		0.9	nichenet_prior	NicheNet	omnipath	omnipath					
Glycam1	Sell		0.9	nichenet_prior	NicheNet	nichenet_verschueren	nichenet_verschueren					
Gm10334	F2r		0.9	nichenet_prior	NicheNet	omnipath	omnipath					
Gm10334	F2rl1		0.9	nichenet_prior	NicheNet	omnipath	omnipath					
Gm10334	F2rl2		0.9	nichenet_prior	NicheNet	omnipath	omnipath					
Gm10334	F2rl3		0.9	nichenet_prior	NicheNet	omnipath	omnipath					
Gm10499	Aplp2		0.9	nichenet_prior	NicheNet	omnipath	omnipath					
Gm10499	Erbb2		0.9	nichenet_prior	NicheNet	omnipath	omnipath					
Gm10499	Kir3dl1		0.9	nichenet_prior	NicheNet	omnipath	omnipath					
Gm10499	Kir3dl2		0.9	nichenet_prior	NicheNet	omnipath	omnipath					
Gm10499	Klrd1		0.9	nichenet_prior	NicheNet	omnipath	omnipath					
Gm10591	Ackr2		0.9	nichenet_prior	NicheNet	omnipath	omnipath					
Gm10591	Ackr4		0.9	nichenet_prior	NicheNet	omnipath	omnipath					
Gm10591	Ccr7		0.9	nichenet_prior	NicheNet	omnipath	omnipath					
Gm10591	Cxcr3		0.9	nichenet_prior	NicheNet	omnipath	omnipath					
Gm11127	Cd8a		0.9	nichenet_prior	NicheNet	nichenet_verschueren	nichenet_verschueren					
Gm11127	Kir3dl2		0.9	nichenet_prior	NicheNet	omnipath	omnipath					
Gm11127	Kir3dl1		0.9	nichenet_prior	NicheNet	omnipath	omnipath					
Gm11127	Klrc1		0.9	nichenet_prior	NicheNet	omnipath	omnipath					
Gm11127	Klrc3		0.9	nichenet_prior	NicheNet	omnipath	omnipath					
Gm11127	Klrc2		0.9	nichenet_prior	NicheNet	omnipath	omnipath					
Gm11127	Klrh1		0.9	nichenet_prior	NicheNet	omnipath	omnipath					
Gm11127	Clec2m		0.9	nichenet_prior	NicheNet	omnipath	omnipath					
Gm11127	Klri2		0.9	nichenet_prior	NicheNet	omnipath	omnipath					
Gm11127	Klri1		0.9	nichenet_prior	NicheNet	omnipath	omnipath					
Gm11127	Klre1		0.9	nichenet_prior	NicheNet	omnipath	omnipath					
Gm11127	Klrd1		0.9	nichenet_prior	NicheNet	omnipath	omnipath					
Gm11127	Klrk1		0.9	nichenet_prior	NicheNet	omnipath	omnipath					
Gm1123	Jaml		0.9	nichenet_prior	NicheNet	omnipath	omnipath					
Gm12169	Cd300lb		0.9	nichenet_prior	NicheNet	omnipath	omnipath					
Gm12169	Igsf21		0.9	nichenet_prior	NicheNet	omnipath	omnipath					
Gm12169	Siglec1		0.9	nichenet_prior	NicheNet	omnipath	omnipath					
Gm12169	Timd4		0.9	nichenet_prior	NicheNet	omnipath	omnipath					
Gm12407	Ackr2		0.9	nichenet_prior	NicheNet	omnipath	omnipath					
Gm12407	Ackr4		0.9	nichenet_prior	NicheNet	omnipath	omnipath					
Gm12407	Ccr10		0.9	nichenet_prior	NicheNet	omnipath	omnipath					
Gm12407	Ccr7		0.9	nichenet_prior	NicheNet	omnipath	omnipath					
Gm12407	Ccrl2		0.9	nichenet_prior	NicheNet	omnipath	omnipath					
Gm12407	Cxcr3		0.9	nichenet_prior	NicheNet	omnipath	omnipath					
Gm13304	Ackr2		0.9	nichenet_prior	NicheNet	omnipath	omnipath					
Gm13304	Ackr4		0.9	nichenet_prior	NicheNet	omnipath	omnipath					
Gm13304	Ccr7		0.9	nichenet_prior	NicheNet	omnipath	omnipath					
Gm13304	Cxcr3		0.9	nichenet_prior	NicheNet	omnipath	omnipath					
Gm13306	Ackr2		0.9	nichenet_prior	NicheNet	omnipath	omnipath					
Gm13306	Adra2a		0.9	nichenet_prior	NicheNet	omnipath	omnipath					
Gm13306	Ccr10		0.9	nichenet_prior	NicheNet	omnipath	omnipath					
Gm13306	Grm7		0.9	nichenet_prior	NicheNet	omnipath	omnipath					
Gm13306	Mtnr1a		0.9	nichenet_prior	NicheNet	omnipath	omnipath					
Gm13309	Ackr2		0.9	nichenet_prior	NicheNet	omnipath	omnipath					
Gm13309	Ackr4		0.9	nichenet_prior	NicheNet	omnipath	omnipath					
Gm13309	Ccr10		0.9	nichenet_prior	NicheNet	omnipath	omnipath					
Gm13309	Ccr7		0.9	nichenet_prior	NicheNet	omnipath	omnipath					
Gm13309	Ccrl2		0.9	nichenet_prior	NicheNet	omnipath	omnipath					
Gm13309	Cxcr3		0.9	nichenet_prior	NicheNet	omnipath	omnipath					
Gm20605	Cadm3		0.9	nichenet_prior	NicheNet	nichenet_verschueren	nichenet_verschueren					
Gm21104	Ackr2		0.9	nichenet_prior	NicheNet	omnipath	omnipath					
Gm21104	Ackr4		0.9	nichenet_prior	NicheNet	omnipath	omnipath					
Gm21104	Ccr10		0.9	nichenet_prior	NicheNet	omnipath	omnipath					
Gm21104	Ccr7		0.9	nichenet_prior	NicheNet	omnipath	omnipath					
Gm21104	Ccrl2		0.9	nichenet_prior	NicheNet	omnipath	omnipath					
Gm21104	Cxcr3		0.9	nichenet_prior	NicheNet	omnipath	omnipath					
Gm2457	Ackr2		0.9	nichenet_prior	NicheNet	omnipath	omnipath					
Gm2457	Ackr4		0.9	nichenet_prior	NicheNet	omnipath	omnipath					
Gm2457	Ccr10		0.9	nichenet_prior	NicheNet	omnipath	omnipath					
Gm2457	Ccr7		0.9	nichenet_prior	NicheNet	omnipath	omnipath					
Gm2457	Ccrl2		0.9	nichenet_prior	NicheNet	omnipath	omnipath					
Gm2457	Cxcr3		0.9	nichenet_prior	NicheNet	omnipath	omnipath					
Gm2564	Ackr2		0.9	nichenet_prior	NicheNet	omnipath	omnipath					
Gm2564	Ackr4		0.9	nichenet_prior	NicheNet	omnipath	omnipath					
Gm2564	Ccr10		0.9	nichenet_prior	NicheNet	omnipath	omnipath					
Gm2564	Ccr7		0.9	nichenet_prior	NicheNet	omnipath	omnipath					
Gm2564	Ccrl2		0.9	nichenet_prior	NicheNet	omnipath	omnipath					
Gm2564	Cxcr3		0.9	nichenet_prior	NicheNet	omnipath	omnipath					
Gm37013	Itgb1		0.9	nichenet_prior	NicheNet	omnipath	omnipath					
Gm49368	Icam1		0.9	nichenet_prior	NicheNet	nichenet_verschueren	nichenet_verschueren					
Gm5150	Cd47		0.9	nichenet_prior	NicheNet	omnipath	omnipath					
Gm5150	Ptprd		0.9	nichenet_prior	NicheNet	nichenet_verschueren	nichenet_verschueren					
Gm5155	Lilra6		0.9	nichenet_prior	NicheNet	omnipath	omnipath					
Gm5771	F2r		0.9	nichenet_prior	NicheNet	omnipath	omnipath					
Gm5771	F2rl1		0.9	nichenet_prior	NicheNet	omnipath	omnipath					
Gm5771	F2rl2		0.9	nichenet_prior	NicheNet	omnipath	omnipath					
Gm5771	F2rl3		0.9	nichenet_prior	NicheNet	omnipath	omnipath					
Gm5849	Ager		0.9	nichenet_prior	NicheNet	omnipath	omnipath					
Gm5849	Alcam		0.9	nichenet_prior	NicheNet	omnipath	omnipath					
Gm5849	Cd36		0.9	nichenet_prior	NicheNet	omnipath	omnipath					
Gm5849	Cd68		0.9	nichenet_prior	NicheNet	omnipath	omnipath					
Gm5849	Itgb2		0.9	nichenet_prior	NicheNet	omnipath	omnipath					
Gm5849	Itgb2l		0.9	nichenet_prior	NicheNet	omnipath	omnipath					
Gm5849	Tlr4		0.9	nichenet_prior	NicheNet	omnipath	omnipath					
Gm7030	Cd8a		0.9	nichenet_prior	NicheNet	nichenet_verschueren	nichenet_verschueren					
Gm7030	Kir3dl2		0.9	nichenet_prior	NicheNet	omnipath	omnipath					
Gm7030	Kir3dl1		0.9	nichenet_prior	NicheNet	omnipath	omnipath					
Gm7030	Klrc1		0.9	nichenet_prior	NicheNet	omnipath	omnipath					
Gm7030	Klrc3		0.9	nichenet_prior	NicheNet	omnipath	omnipath					
Gm7030	Klrc2		0.9	nichenet_prior	NicheNet	omnipath	omnipath					
Gm7030	Klrh1		0.9	nichenet_prior	NicheNet	omnipath	omnipath					
Gm7030	Clec2m		0.9	nichenet_prior	NicheNet	omnipath	omnipath					
Gm7030	Klri2		0.9	nichenet_prior	NicheNet	omnipath	omnipath					
Gm7030	Klri1		0.9	nichenet_prior	NicheNet	omnipath	omnipath					
Gm7030	Klre1		0.9	nichenet_prior	NicheNet	omnipath	omnipath					
Gm7030	Klrd1		0.9	nichenet_prior	NicheNet	omnipath	omnipath					
Gm7030	Klrk1		0.9	nichenet_prior	NicheNet	omnipath	omnipath					
Gm7298	Mmp2		0.9	nichenet_prior	NicheNet	omnipath	omnipath					
Gm7298	Mmp9		0.9	nichenet_prior	NicheNet	omnipath	omnipath					
Gm7298	Sctr		0.9	nichenet_prior	NicheNet	omnipath	omnipath					
Gm8909	Aplp2		0.9	nichenet_prior	NicheNet	omnipath	omnipath					
Gm8909	Cd8a		0.9	nichenet_prior	NicheNet	omnipath	omnipath					
Gm8909	Erbb2		0.9	nichenet_prior	NicheNet	omnipath	omnipath					
Gm8909	Kir3dl1		0.9	nichenet_prior	NicheNet	omnipath	omnipath					
Gm8909	Kir3dl2		0.9	nichenet_prior	NicheNet	omnipath	omnipath					
Gm8909	Klrc1		0.9	nichenet_prior	NicheNet	omnipath	omnipath					
Gm8909	Klrc3		0.9	nichenet_prior	NicheNet	omnipath	omnipath					
Gm8909	Klrc2		0.9	nichenet_prior	NicheNet	omnipath	omnipath					
Gm8909	Klrh1		0.9	nichenet_prior	NicheNet	omnipath	omnipath					
Gm8909	Clec2m		0.9	nichenet_prior	NicheNet	omnipath	omnipath					
Gm8909	Klri2		0.9	nichenet_prior	NicheNet	omnipath	omnipath					
Gm8909	Klri1		0.9	nichenet_prior	NicheNet	omnipath	omnipath					
Gm8909	Klre1		0.9	nichenet_prior	NicheNet	omnipath	omnipath					
Gm8909	Klrd1		0.9	nichenet_prior	NicheNet	omnipath	omnipath					
Gm8909	Klrk1		0.9	nichenet_prior	NicheNet	omnipath	omnipath					
Gm9733	Cd47		0.9	nichenet_prior	NicheNet	omnipath	omnipath					
Gm9733	Ptprd		0.9	nichenet_prior	NicheNet	nichenet_verschueren	nichenet_verschueren					
Gnas	Adcy1		0.9	nichenet_prior	NicheNet	omnipath	omnipath					
Gnas	Adcy2		0.9	nichenet_prior	NicheNet	omnipath	omnipath					
Gnas	Adcy5		0.9	nichenet_prior	NicheNet	omnipath	omnipath					
Gnas	Adcy6		0.9	nichenet_prior	NicheNet	omnipath	omnipath					
Gnas	Adcy8		0.9	nichenet_prior	NicheNet	omnipath	omnipath					
Gnas	Adcy9		0.9	nichenet_prior	NicheNet	omnipath	omnipath					
Gnas	Adora1		0.9	nichenet_prior	NicheNet	omnipath	omnipath					
Gnas	Adrb2		0.9	nichenet_prior	NicheNet	omnipath	omnipath					
Gnas	Adrb3		0.9	nichenet_prior	NicheNet	omnipath	omnipath					
Gnas	Avpr2		0.9	nichenet_prior	NicheNet	omnipath	omnipath					
Gnas	Crhr1		0.9	nichenet_prior	NicheNet	omnipath	omnipath					
Gnas	Gcgr		0.9	nichenet_prior	NicheNet	omnipath	omnipath					
Gnas	Htr6		0.9	nichenet_prior	NicheNet	omnipath	omnipath					
Gnas	Lhcgr		0.9	nichenet_prior	NicheNet	omnipath	omnipath					
Gnas	Ptgdr		0.9	nichenet_prior	NicheNet	omnipath	omnipath					
Gnas	Ptgir		0.9	nichenet_prior	NicheNet	omnipath	omnipath					
Gnas	Tshr		0.9	nichenet_prior	NicheNet	omnipath	omnipath					
Gnas	Vipr1		0.9	nichenet_prior	NicheNet	omnipath	omnipath					
Gnrh1	Camk2a		0.9	nichenet_prior	NicheNet	omnipath	omnipath					
Gp1ba	Itgam		0.9	nichenet_prior	NicheNet	omnipath	omnipath					
Gp1ba	Gm49368		0.9	nichenet_prior	NicheNet	omnipath	omnipath					
Gp1ba	Itgb2		0.9	nichenet_prior	NicheNet	omnipath	omnipath					
Gp1ba	Itgb2l		0.9	nichenet_prior	NicheNet	omnipath	omnipath					
Gp1ba	Selp		0.9	nichenet_prior	NicheNet	omnipath	omnipath					
Gp5	Itgam		0.9	nichenet_prior	NicheNet	omnipath	omnipath					
Gp5	Gm49368		0.9	nichenet_prior	NicheNet	omnipath	omnipath					
Gp5	Itgb2		0.9	nichenet_prior	NicheNet	omnipath	omnipath					
Gp5	Itgb2l		0.9	nichenet_prior	NicheNet	omnipath	omnipath					
Gp5	Layn		0.9	nichenet_prior	NicheNet	omnipath	omnipath					
Gp5	Selp		0.9	nichenet_prior	NicheNet	omnipath	omnipath					
Gpc3	Cd81		0.9	nichenet_prior	NicheNet	omnipath	omnipath					
Gpc3	Dpp4		0.9	nichenet_prior	NicheNet	omnipath	omnipath					
Gpc3	Fgfr4		0.9	nichenet_prior	NicheNet	omnipath	omnipath					
Gpc3	Flt1		0.9	nichenet_prior	NicheNet	omnipath	omnipath					
Gpc3	Igf1r		0.9	nichenet_prior	NicheNet	omnipath	omnipath					
Gpc3	Lrp1		0.9	nichenet_prior	NicheNet	omnipath	omnipath					
Gpc3	Lrp2		0.9	nichenet_prior	NicheNet	omnipath	omnipath					
Gpc3	Tnfrsf11b		0.9	nichenet_prior	NicheNet	omnipath	omnipath					
Gpc3	Unc5c		0.9	nichenet_prior	NicheNet	omnipath	omnipath					
Gpc3	Unc5d		0.9	nichenet_prior	NicheNet	omnipath	omnipath					
Gpc3	Vsig10l		0.9	nichenet_prior	NicheNet	omnipath	omnipath					
Gpc6	Fgfr4		0.9	nichenet_prior	NicheNet	nichenet_verschueren	nichenet_verschueren					
Gpc6	Fgfrl1		0.9	nichenet_prior	NicheNet	omnipath	omnipath					
Gpc6	Lrp1		0.9	nichenet_prior	NicheNet	omnipath	omnipath					
Gpc6	Lrp2		0.9	nichenet_prior	NicheNet	omnipath	omnipath					
Gpc6	Ptch1		0.9	nichenet_prior	NicheNet	omnipath	omnipath					
Gpc6	Tnfrsf11b		0.9	nichenet_prior	NicheNet	nichenet_verschueren	nichenet_verschueren					
Gpha2	Epha6		0.9	nichenet_prior	NicheNet	omnipath	omnipath					
Gpha2	Tshr		0.9	nichenet_prior	NicheNet	omnipath	omnipath					
Gphb5	Tshr		0.9	nichenet_prior	NicheNet	omnipath	omnipath					
Gpi1	Amfr		0.9	nichenet_prior	NicheNet	omnipath	omnipath					
Grem1	Kdr		0.9	nichenet_prior	NicheNet	omnipath	omnipath					
Grn	Cd209a		0.9	nichenet_prior	NicheNet	omnipath	omnipath					
Grn	Cd209g		0.9	nichenet_prior	NicheNet	omnipath	omnipath					
Grn	Cd209f		0.9	nichenet_prior	NicheNet	omnipath	omnipath					
Grn	Egfr		0.9	nichenet_prior	NicheNet	omnipath	omnipath					
Grn	Tnfrsf1a		0.9	nichenet_prior	NicheNet	omnipath	omnipath					
Grn	Tnfrsf1b		0.9	nichenet_prior	NicheNet	omnipath	omnipath					
Grp	Brs3		0.9	nichenet_prior	NicheNet	omnipath	omnipath					
Grp	Fap		0.9	nichenet_prior	NicheNet	omnipath	omnipath					
Gstp-ps	Traf2		0.9	nichenet_prior	NicheNet	nichenet_verschueren	nichenet_verschueren					
Gstp1	Traf2		0.9	nichenet_prior	NicheNet	nichenet_verschueren	nichenet_verschueren					
Gstp2	Traf2		0.9	nichenet_prior	NicheNet	nichenet_verschueren	nichenet_verschueren					
Guca2b	Gucy2e		0.9	nichenet_prior	NicheNet	omnipath	omnipath					
Gucy2e	Nectin3		0.9	nichenet_prior	NicheNet	omnipath	omnipath					
Gucy2e	Nectin4		0.9	nichenet_prior	NicheNet	omnipath	omnipath					
Gzmb	Chrm3		0.9	nichenet_prior	NicheNet	omnipath	omnipath					
Gzmb	Igf2r		0.9	nichenet_prior	NicheNet	omnipath	omnipath					
Gzmb	Mcl1		0.9	nichenet_prior	NicheNet	omnipath	omnipath					
Gzmc	Chrm3		0.9	nichenet_prior	NicheNet	omnipath	omnipath					
Gzmc	Igf2r		0.9	nichenet_prior	NicheNet	omnipath	omnipath					
Gzmc	Mcl1		0.9	nichenet_prior	NicheNet	omnipath	omnipath					
Gzmn	Chrm3		0.9	nichenet_prior	NicheNet	omnipath	omnipath					
Gzmn	Igf2r		0.9	nichenet_prior	NicheNet	omnipath	omnipath					
Gzmn	Mcl1		0.9	nichenet_prior	NicheNet	omnipath	omnipath					
H2-Aa	Lag3		0.9	nichenet_prior	NicheNet	omnipath	omnipath					
H2-Ab1	Lag3		0.9	nichenet_prior	NicheNet	omnipath	omnipath					
H2-Bl	Aplp2		0.9	nichenet_prior	NicheNet	omnipath	omnipath					
H2-Bl	Erbb2		0.9	nichenet_prior	NicheNet	omnipath	omnipath					
H2-Bl	Kir3dl1		0.9	nichenet_prior	NicheNet	omnipath	omnipath					
H2-Bl	Kir3dl2		0.9	nichenet_prior	NicheNet	omnipath	omnipath					
H2-Bl	Klrd1		0.9	nichenet_prior	NicheNet	omnipath	omnipath					
H2-D1	Aplp2		0.9	nichenet_prior	NicheNet	omnipath	omnipath					
H2-D1	Erbb2		0.9	nichenet_prior	NicheNet	omnipath	omnipath					
H2-D1	Kir3dl2		0.9	nichenet_prior	NicheNet	omnipath	omnipath					
H2-D1	Klrc1		0.9	nichenet_prior	NicheNet	omnipath	omnipath					
H2-D1	Klrc3		0.9	nichenet_prior	NicheNet	omnipath	omnipath					
H2-D1	Klrc2		0.9	nichenet_prior	NicheNet	omnipath	omnipath					
H2-D1	Klrh1		0.9	nichenet_prior	NicheNet	omnipath	omnipath					
H2-D1	Clec2m		0.9	nichenet_prior	NicheNet	omnipath	omnipath					
H2-D1	Klri2		0.9	nichenet_prior	NicheNet	omnipath	omnipath					
H2-D1	Klri1		0.9	nichenet_prior	NicheNet	omnipath	omnipath					
H2-D1	Klre1		0.9	nichenet_prior	NicheNet	omnipath	omnipath					
H2-D1	Klrd1		0.9	nichenet_prior	NicheNet	omnipath	omnipath					
H2-D1	Klrk1		0.9	nichenet_prior	NicheNet	omnipath	omnipath					
H2-DMa	Cd74		0.9	nichenet_prior	NicheNet	omnipath	omnipath					
H2-DMb1	Cd74		0.9	nichenet_prior	NicheNet	omnipath	omnipath					
H2-DMb2	Cd74		0.9	nichenet_prior	NicheNet	omnipath	omnipath					
H2-Ea	Cd19		0.9	nichenet_prior	NicheNet	omnipath	omnipath					
H2-Ea	Cd37		0.9	nichenet_prior	NicheNet	omnipath	omnipath					
H2-Ea	Cd53		0.9	nichenet_prior	NicheNet	omnipath	omnipath					
H2-Ea	Cd63		0.9	nichenet_prior	NicheNet	omnipath	omnipath					
H2-Ea	Cd81		0.9	nichenet_prior	NicheNet	omnipath	omnipath					
H2-Ea	Cd82		0.9	nichenet_prior	NicheNet	omnipath	omnipath					
H2-Ea	Cd9		0.9	nichenet_prior	NicheNet	omnipath	omnipath					
H2-Ea	Cr2		0.9	nichenet_prior	NicheNet	omnipath	omnipath					
H2-Ea	Lag3		0.9	nichenet_prior	NicheNet	omnipath	omnipath					
H2-Eb1	Lag3		0.9	nichenet_prior	NicheNet	omnipath	omnipath					
H2-Eb2	Cd19		0.9	nichenet_prior	NicheNet	omnipath	omnipath					
H2-Eb2	Cd37		0.9	nichenet_prior	NicheNet	omnipath	omnipath					
H2-Eb2	Cd4		0.9	nichenet_prior	NicheNet	omnipath	omnipath					
H2-Eb2	Cd53		0.9	nichenet_prior	NicheNet	omnipath	omnipath					
H2-Eb2	Cd81		0.9	nichenet_prior	NicheNet	omnipath	omnipath					
H2-Eb2	Cd82		0.9	nichenet_prior	NicheNet	omnipath	omnipath					
H2-Eb2	Cr2		0.9	nichenet_prior	NicheNet	omnipath	omnipath					
H2-Eb2	Lag3		0.9	nichenet_prior	NicheNet	omnipath	omnipath					
H2-K1	Aplp2		0.9	nichenet_prior	NicheNet	omnipath	omnipath					
H2-K1	Erbb2		0.9	nichenet_prior	NicheNet	omnipath	omnipath					
H2-K1	Kir3dl2		0.9	nichenet_prior	NicheNet	omnipath	omnipath					
H2-K1	Klrc1		0.9	nichenet_prior	NicheNet	omnipath	omnipath					
H2-K1	Klrc3		0.9	nichenet_prior	NicheNet	omnipath	omnipath					
H2-K1	Klrc2		0.9	nichenet_prior	NicheNet	omnipath	omnipath					
H2-K1	Klrh1		0.9	nichenet_prior	NicheNet	omnipath	omnipath					
H2-K1	Clec2m		0.9	nichenet_prior	NicheNet	omnipath	omnipath					
H2-K1	Klri2		0.9	nichenet_prior	NicheNet	omnipath	omnipath					
H2-K1	Klri1		0.9	nichenet_prior	NicheNet	omnipath	omnipath					
H2-K1	Klre1		0.9	nichenet_prior	NicheNet	omnipath	omnipath					
H2-K1	Klrd1		0.9	nichenet_prior	NicheNet	omnipath	omnipath					
H2-K1	Klrk1		0.9	nichenet_prior	NicheNet	omnipath	omnipath					
H2-M1	Klrc1		0.9	nichenet_prior	NicheNet	omnipath	omnipath					
H2-M1	Klrc3		0.9	nichenet_prior	NicheNet	omnipath	omnipath					
H2-M1	Klrc2		0.9	nichenet_prior	NicheNet	omnipath	omnipath					
H2-M1	Klrh1		0.9	nichenet_prior	NicheNet	omnipath	omnipath					
H2-M1	Clec2m		0.9	nichenet_prior	NicheNet	omnipath	omnipath					
H2-M1	Klri2		0.9	nichenet_prior	NicheNet	omnipath	omnipath					
H2-M1	Klri1		0.9	nichenet_prior	NicheNet	omnipath	omnipath					
H2-M1	Klre1		0.9	nichenet_prior	NicheNet	omnipath	omnipath					
H2-M1	Klrd1		0.9	nichenet_prior	NicheNet	omnipath	omnipath					
H2-M1	Klrk1		0.9	nichenet_prior	NicheNet	omnipath	omnipath					
H2-M10.1	Klrc1		0.9	nichenet_prior	NicheNet	omnipath	omnipath					
H2-M10.1	Klrc3		0.9	nichenet_prior	NicheNet	omnipath	omnipath					
H2-M10.1	Klrc2		0.9	nichenet_prior	NicheNet	omnipath	omnipath					
H2-M10.1	Klrh1		0.9	nichenet_prior	NicheNet	omnipath	omnipath					
H2-M10.1	Clec2m		0.9	nichenet_prior	NicheNet	omnipath	omnipath					
H2-M10.1	Klri2		0.9	nichenet_prior	NicheNet	omnipath	omnipath					
H2-M10.1	Klri1		0.9	nichenet_prior	NicheNet	omnipath	omnipath					
H2-M10.1	Klre1		0.9	nichenet_prior	NicheNet	omnipath	omnipath					
H2-M10.1	Klrd1		0.9	nichenet_prior	NicheNet	omnipath	omnipath					
H2-M10.1	Klrk1		0.9	nichenet_prior	NicheNet	omnipath	omnipath					
H2-M10.2	Klrc1		0.9	nichenet_prior	NicheNet	omnipath	omnipath					
H2-M10.2	Klrc3		0.9	nichenet_prior	NicheNet	omnipath	omnipath					
H2-M10.2	Klrc2		0.9	nichenet_prior	NicheNet	omnipath	omnipath					
H2-M10.2	Klrh1		0.9	nichenet_prior	NicheNet	omnipath	omnipath					
H2-M10.2	Clec2m		0.9	nichenet_prior	NicheNet	omnipath	omnipath					
H2-M10.2	Klri2		0.9	nichenet_prior	NicheNet	omnipath	omnipath					
H2-M10.2	Klri1		0.9	nichenet_prior	NicheNet	omnipath	omnipath					
H2-M10.2	Klre1		0.9	nichenet_prior	NicheNet	omnipath	omnipath					
H2-M10.2	Klrd1		0.9	nichenet_prior	NicheNet	omnipath	omnipath					
H2-M10.2	Klrk1		0.9	nichenet_prior	NicheNet	omnipath	omnipath					
H2-M10.3	Klrc1		0.9	nichenet_prior	NicheNet	omnipath	omnipath					
H2-M10.3	Klrc3		0.9	nichenet_prior	NicheNet	omnipath	omnipath					
H2-M10.3	Klrc2		0.9	nichenet_prior	NicheNet	omnipath	omnipath					
H2-M10.3	Klrh1		0.9	nichenet_prior	NicheNet	omnipath	omnipath					
H2-M10.3	Clec2m		0.9	nichenet_prior	NicheNet	omnipath	omnipath					
H2-M10.3	Klri2		0.9	nichenet_prior	NicheNet	omnipath	omnipath					
H2-M10.3	Klri1		0.9	nichenet_prior	NicheNet	omnipath	omnipath					
H2-M10.3	Klre1		0.9	nichenet_prior	NicheNet	omnipath	omnipath					
H2-M10.3	Klrd1		0.9	nichenet_prior	NicheNet	omnipath	omnipath					
H2-M10.3	Klrk1		0.9	nichenet_prior	NicheNet	omnipath	omnipath					
H2-M10.4	Klrc1		0.9	nichenet_prior	NicheNet	omnipath	omnipath					
H2-M10.4	Klrc3		0.9	nichenet_prior	NicheNet	omnipath	omnipath					
H2-M10.4	Klrc2		0.9	nichenet_prior	NicheNet	omnipath	omnipath					
H2-M10.4	Klrh1		0.9	nichenet_prior	NicheNet	omnipath	omnipath					
H2-M10.4	Clec2m		0.9	nichenet_prior	NicheNet	omnipath	omnipath					
H2-M10.4	Klri2		0.9	nichenet_prior	NicheNet	omnipath	omnipath					
H2-M10.4	Klri1		0.9	nichenet_prior	NicheNet	omnipath	omnipath					
H2-M10.4	Klre1		0.9	nichenet_prior	NicheNet	omnipath	omnipath					
H2-M10.4	Klrd1		0.9	nichenet_prior	NicheNet	omnipath	omnipath					
H2-M10.4	Klrk1		0.9	nichenet_prior	NicheNet	omnipath	omnipath					
H2-M10.5	Klrc1		0.9	nichenet_prior	NicheNet	omnipath	omnipath					
H2-M10.5	Klrc3		0.9	nichenet_prior	NicheNet	omnipath	omnipath					
H2-M10.5	Klrc2		0.9	nichenet_prior	NicheNet	omnipath	omnipath					
H2-M10.5	Klrh1		0.9	nichenet_prior	NicheNet	omnipath	omnipath					
H2-M10.5	Clec2m		0.9	nichenet_prior	NicheNet	omnipath	omnipath					
H2-M10.5	Klri2		0.9	nichenet_prior	NicheNet	omnipath	omnipath					
H2-M10.5	Klri1		0.9	nichenet_prior	NicheNet	omnipath	omnipath					
H2-M10.5	Klre1		0.9	nichenet_prior	NicheNet	omnipath	omnipath					
H2-M10.5	Klrd1		0.9	nichenet_prior	NicheNet	omnipath	omnipath					
H2-M10.5	Klrk1		0.9	nichenet_prior	NicheNet	omnipath	omnipath					
H2-M10.6	Klrc1		0.9	nichenet_prior	NicheNet	omnipath	omnipath					
H2-M10.6	Klrc3		0.9	nichenet_prior	NicheNet	omnipath	omnipath					
H2-M10.6	Klrc2		0.9	nichenet_prior	NicheNet	omnipath	omnipath					
H2-M10.6	Klrh1		0.9	nichenet_prior	NicheNet	omnipath	omnipath					
H2-M10.6	Clec2m		0.9	nichenet_prior	NicheNet	omnipath	omnipath					
H2-M10.6	Klri2		0.9	nichenet_prior	NicheNet	omnipath	omnipath					
H2-M10.6	Klri1		0.9	nichenet_prior	NicheNet	omnipath	omnipath					
H2-M10.6	Klre1		0.9	nichenet_prior	NicheNet	omnipath	omnipath					
H2-M10.6	Klrd1		0.9	nichenet_prior	NicheNet	omnipath	omnipath					
H2-M10.6	Klrk1		0.9	nichenet_prior	NicheNet	omnipath	omnipath					
H2-M11	Klrc1		0.9	nichenet_prior	NicheNet	omnipath	omnipath					
H2-M11	Klrc3		0.9	nichenet_prior	NicheNet	omnipath	omnipath					
H2-M11	Klrc2		0.9	nichenet_prior	NicheNet	omnipath	omnipath					
H2-M11	Klrh1		0.9	nichenet_prior	NicheNet	omnipath	omnipath					
H2-M11	Clec2m		0.9	nichenet_prior	NicheNet	omnipath	omnipath					
H2-M11	Klri2		0.9	nichenet_prior	NicheNet	omnipath	omnipath					
H2-M11	Klri1		0.9	nichenet_prior	NicheNet	omnipath	omnipath					
H2-M11	Klre1		0.9	nichenet_prior	NicheNet	omnipath	omnipath					
H2-M11	Klrd1		0.9	nichenet_prior	NicheNet	omnipath	omnipath					
H2-M11	Klrk1		0.9	nichenet_prior	NicheNet	omnipath	omnipath					
H2-M2	Klrc1		0.9	nichenet_prior	NicheNet	omnipath	omnipath					
H2-M2	Klrc3		0.9	nichenet_prior	NicheNet	omnipath	omnipath					
H2-M2	Klrc2		0.9	nichenet_prior	NicheNet	omnipath	omnipath					
H2-M2	Klrh1		0.9	nichenet_prior	NicheNet	omnipath	omnipath					
H2-M2	Clec2m		0.9	nichenet_prior	NicheNet	omnipath	omnipath					
H2-M2	Klri2		0.9	nichenet_prior	NicheNet	omnipath	omnipath					
H2-M2	Klri1		0.9	nichenet_prior	NicheNet	omnipath	omnipath					
H2-M2	Klre1		0.9	nichenet_prior	NicheNet	omnipath	omnipath					
H2-M2	Klrd1		0.9	nichenet_prior	NicheNet	omnipath	omnipath					
H2-M2	Klrk1		0.9	nichenet_prior	NicheNet	omnipath	omnipath					
H2-M3	Kir3dl2		0.9	nichenet_prior	NicheNet	omnipath	omnipath					
H2-M3	Kir3dl1		0.9	nichenet_prior	NicheNet	omnipath	omnipath					
H2-M3	Klrc1		0.9	nichenet_prior	NicheNet	omnipath	omnipath					
H2-M3	Klrc3		0.9	nichenet_prior	NicheNet	omnipath	omnipath					
H2-M3	Klrc2		0.9	nichenet_prior	NicheNet	omnipath	omnipath					
H2-M3	Klrh1		0.9	nichenet_prior	NicheNet	omnipath	omnipath					
H2-M3	Clec2m		0.9	nichenet_prior	NicheNet	omnipath	omnipath					
H2-M3	Klri2		0.9	nichenet_prior	NicheNet	omnipath	omnipath					
H2-M3	Klri1		0.9	nichenet_prior	NicheNet	omnipath	omnipath					
H2-M3	Klre1		0.9	nichenet_prior	NicheNet	omnipath	omnipath					
H2-M3	Klrd1		0.9	nichenet_prior	NicheNet	omnipath	omnipath					
H2-M3	Klrk1		0.9	nichenet_prior	NicheNet	omnipath	omnipath					
H2-M5	Klrc1		0.9	nichenet_prior	NicheNet	omnipath	omnipath					
H2-M5	Klrc3		0.9	nichenet_prior	NicheNet	omnipath	omnipath					
H2-M5	Klrc2		0.9	nichenet_prior	NicheNet	omnipath	omnipath					
H2-M5	Klrh1		0.9	nichenet_prior	NicheNet	omnipath	omnipath					
H2-M5	Clec2m		0.9	nichenet_prior	NicheNet	omnipath	omnipath					
H2-M5	Klri2		0.9	nichenet_prior	NicheNet	omnipath	omnipath					
H2-M5	Klri1		0.9	nichenet_prior	NicheNet	omnipath	omnipath					
H2-M5	Klre1		0.9	nichenet_prior	NicheNet	omnipath	omnipath					
H2-M5	Klrd1		0.9	nichenet_prior	NicheNet	omnipath	omnipath					
H2-M5	Klrk1		0.9	nichenet_prior	NicheNet	omnipath	omnipath					
H2-M9	Klrc1		0.9	nichenet_prior	NicheNet	omnipath	omnipath					
H2-M9	Klrc3		0.9	nichenet_prior	NicheNet	omnipath	omnipath					
H2-M9	Klrc2		0.9	nichenet_prior	NicheNet	omnipath	omnipath					
H2-M9	Klrh1		0.9	nichenet_prior	NicheNet	omnipath	omnipath					
H2-M9	Clec2m		0.9	nichenet_prior	NicheNet	omnipath	omnipath					
H2-M9	Klri2		0.9	nichenet_prior	NicheNet	omnipath	omnipath					
H2-M9	Klri1		0.9	nichenet_prior	NicheNet	omnipath	omnipath					
H2-M9	Klre1		0.9	nichenet_prior	NicheNet	omnipath	omnipath					
H2-M9	Klrd1		0.9	nichenet_prior	NicheNet	omnipath	omnipath					
H2-M9	Klrk1		0.9	nichenet_prior	NicheNet	omnipath	omnipath					
H2-Q1	Aplp2		0.9	nichenet_prior	NicheNet	omnipath	omnipath					
H2-Q1	Erbb2		0.9	nichenet_prior	NicheNet	omnipath	omnipath					
H2-Q1	Kir3dl2		0.9	nichenet_prior	NicheNet	omnipath	omnipath					
H2-Q1	Klrc1		0.9	nichenet_prior	NicheNet	omnipath	omnipath					
H2-Q1	Klrc3		0.9	nichenet_prior	NicheNet	omnipath	omnipath					
H2-Q1	Klrc2		0.9	nichenet_prior	NicheNet	omnipath	omnipath					
H2-Q1	Klrh1		0.9	nichenet_prior	NicheNet	omnipath	omnipath					
H2-Q1	Clec2m		0.9	nichenet_prior	NicheNet	omnipath	omnipath					
H2-Q1	Klri2		0.9	nichenet_prior	NicheNet	omnipath	omnipath					
H2-Q1	Klri1		0.9	nichenet_prior	NicheNet	omnipath	omnipath					
H2-Q1	Klre1		0.9	nichenet_prior	NicheNet	omnipath	omnipath					
H2-Q1	Klrd1		0.9	nichenet_prior	NicheNet	omnipath	omnipath					
H2-Q1	Klrk1		0.9	nichenet_prior	NicheNet	omnipath	omnipath					
H2-Q10	Aplp2		0.9	nichenet_prior	NicheNet	omnipath	omnipath					
H2-Q10	Erbb2		0.9	nichenet_prior	NicheNet	omnipath	omnipath					
H2-Q10	Kir3dl2		0.9	nichenet_prior	NicheNet	omnipath	omnipath					
H2-Q10	Klrc1		0.9	nichenet_prior	NicheNet	omnipath	omnipath					
H2-Q10	Klrc3		0.9	nichenet_prior	NicheNet	omnipath	omnipath					
H2-Q10	Klrc2		0.9	nichenet_prior	NicheNet	omnipath	omnipath					
H2-Q10	Klrh1		0.9	nichenet_prior	NicheNet	omnipath	omnipath					
H2-Q10	Clec2m		0.9	nichenet_prior	NicheNet	omnipath	omnipath					
H2-Q10	Klri2		0.9	nichenet_prior	NicheNet	omnipath	omnipath					
H2-Q10	Klri1		0.9	nichenet_prior	NicheNet	omnipath	omnipath					
H2-Q10	Klre1		0.9	nichenet_prior	NicheNet	omnipath	omnipath					
H2-Q10	Klrd1		0.9	nichenet_prior	NicheNet	omnipath	omnipath					
H2-Q10	Klrk1		0.9	nichenet_prior	NicheNet	omnipath	omnipath					
H2-Q2	Aplp2		0.9	nichenet_prior	NicheNet	omnipath	omnipath					
H2-Q2	Erbb2		0.9	nichenet_prior	NicheNet	omnipath	omnipath					
H2-Q2	Kir3dl2		0.9	nichenet_prior	NicheNet	omnipath	omnipath					
H2-Q2	Klrc1		0.9	nichenet_prior	NicheNet	omnipath	omnipath					
H2-Q2	Klrc3		0.9	nichenet_prior	NicheNet	omnipath	omnipath					
H2-Q2	Klrc2		0.9	nichenet_prior	NicheNet	omnipath	omnipath					
H2-Q2	Klrh1		0.9	nichenet_prior	NicheNet	omnipath	omnipath					
H2-Q2	Clec2m		0.9	nichenet_prior	NicheNet	omnipath	omnipath					
H2-Q2	Klri2		0.9	nichenet_prior	NicheNet	omnipath	omnipath					
H2-Q2	Klri1		0.9	nichenet_prior	NicheNet	omnipath	omnipath					
H2-Q2	Klre1		0.9	nichenet_prior	NicheNet	omnipath	omnipath					
H2-Q2	Klrd1		0.9	nichenet_prior	NicheNet	omnipath	omnipath					
H2-Q2	Klrk1		0.9	nichenet_prior	NicheNet	omnipath	omnipath					
H2-Q4	Aplp2		0.9	nichenet_prior	NicheNet	omnipath	omnipath					
H2-Q4	Erbb2		0.9	nichenet_prior	NicheNet	omnipath	omnipath					
H2-Q4	Kir3dl2		0.9	nichenet_prior	NicheNet	omnipath	omnipath					
H2-Q4	Klrc1		0.9	nichenet_prior	NicheNet	omnipath	omnipath					
H2-Q4	Klrc3		0.9	nichenet_prior	NicheNet	omnipath	omnipath					
H2-Q4	Klrc2		0.9	nichenet_prior	NicheNet	omnipath	omnipath					
H2-Q4	Klrh1		0.9	nichenet_prior	NicheNet	omnipath	omnipath					
H2-Q4	Clec2m		0.9	nichenet_prior	NicheNet	omnipath	omnipath					
H2-Q4	Klri2		0.9	nichenet_prior	NicheNet	omnipath	omnipath					
H2-Q4	Klri1		0.9	nichenet_prior	NicheNet	omnipath	omnipath					
H2-Q4	Klre1		0.9	nichenet_prior	NicheNet	omnipath	omnipath					
H2-Q4	Klrd1		0.9	nichenet_prior	NicheNet	omnipath	omnipath					
H2-Q4	Klrk1		0.9	nichenet_prior	NicheNet	omnipath	omnipath					
H2-Q6	Aplp2		0.9	nichenet_prior	NicheNet	omnipath	omnipath					
H2-Q6	Erbb2		0.9	nichenet_prior	NicheNet	omnipath	omnipath					
H2-Q6	Kir3dl2		0.9	nichenet_prior	NicheNet	omnipath	omnipath					
H2-Q6	Klrc1		0.9	nichenet_prior	NicheNet	omnipath	omnipath					
H2-Q6	Klrc3		0.9	nichenet_prior	NicheNet	omnipath	omnipath					
H2-Q6	Klrc2		0.9	nichenet_prior	NicheNet	omnipath	omnipath					
H2-Q6	Klrh1		0.9	nichenet_prior	NicheNet	omnipath	omnipath					
H2-Q6	Clec2m		0.9	nichenet_prior	NicheNet	omnipath	omnipath					
H2-Q6	Klri2		0.9	nichenet_prior	NicheNet	omnipath	omnipath					
H2-Q6	Klri1		0.9	nichenet_prior	NicheNet	omnipath	omnipath					
H2-Q6	Klre1		0.9	nichenet_prior	NicheNet	omnipath	omnipath					
H2-Q6	Klrd1		0.9	nichenet_prior	NicheNet	omnipath	omnipath					
H2-Q6	Klrk1		0.9	nichenet_prior	NicheNet	omnipath	omnipath					
H2-Q7	Aplp2		0.9	nichenet_prior	NicheNet	omnipath	omnipath					
H2-Q7	Erbb2		0.9	nichenet_prior	NicheNet	omnipath	omnipath					
H2-Q7	Kir3dl2		0.9	nichenet_prior	NicheNet	omnipath	omnipath					
H2-Q7	Klrc1		0.9	nichenet_prior	NicheNet	omnipath	omnipath					
H2-Q7	Klrc3		0.9	nichenet_prior	NicheNet	omnipath	omnipath					
H2-Q7	Klrc2		0.9	nichenet_prior	NicheNet	omnipath	omnipath					
H2-Q7	Klrh1		0.9	nichenet_prior	NicheNet	omnipath	omnipath					
H2-Q7	Clec2m		0.9	nichenet_prior	NicheNet	omnipath	omnipath					
H2-Q7	Klri2		0.9	nichenet_prior	NicheNet	omnipath	omnipath					
H2-Q7	Klri1		0.9	nichenet_prior	NicheNet	omnipath	omnipath					
H2-Q7	Klre1		0.9	nichenet_prior	NicheNet	omnipath	omnipath					
H2-Q7	Klrd1		0.9	nichenet_prior	NicheNet	omnipath	omnipath					
H2-Q7	Klrk1		0.9	nichenet_prior	NicheNet	omnipath	omnipath					
H2-T-ps	Klrc1		0.9	nichenet_prior	NicheNet	omnipath	omnipath					
H2-T-ps	Klrc3		0.9	nichenet_prior	NicheNet	omnipath	omnipath					
H2-T-ps	Klrc2		0.9	nichenet_prior	NicheNet	omnipath	omnipath					
H2-T-ps	Klrh1		0.9	nichenet_prior	NicheNet	omnipath	omnipath					
H2-T-ps	Clec2m		0.9	nichenet_prior	NicheNet	omnipath	omnipath					
H2-T-ps	Klri2		0.9	nichenet_prior	NicheNet	omnipath	omnipath					
H2-T-ps	Klri1		0.9	nichenet_prior	NicheNet	omnipath	omnipath					
H2-T-ps	Klre1		0.9	nichenet_prior	NicheNet	omnipath	omnipath					
H2-T-ps	Klrd1		0.9	nichenet_prior	NicheNet	omnipath	omnipath					
H2-T-ps	Klrk1		0.9	nichenet_prior	NicheNet	omnipath	omnipath					
H2-T10	Klrc1		0.9	nichenet_prior	NicheNet	omnipath	omnipath					
H2-T10	Klrc3		0.9	nichenet_prior	NicheNet	omnipath	omnipath					
H2-T10	Klrc2		0.9	nichenet_prior	NicheNet	omnipath	omnipath					
H2-T10	Klrh1		0.9	nichenet_prior	NicheNet	omnipath	omnipath					
H2-T10	Clec2m		0.9	nichenet_prior	NicheNet	omnipath	omnipath					
H2-T10	Klri2		0.9	nichenet_prior	NicheNet	omnipath	omnipath					
H2-T10	Klri1		0.9	nichenet_prior	NicheNet	omnipath	omnipath					
H2-T10	Klre1		0.9	nichenet_prior	NicheNet	omnipath	omnipath					
H2-T10	Klrd1		0.9	nichenet_prior	NicheNet	omnipath	omnipath					
H2-T10	Klrk1		0.9	nichenet_prior	NicheNet	omnipath	omnipath					
H2-T22	Klrc1		0.9	nichenet_prior	NicheNet	omnipath	omnipath					
H2-T22	Klrc3		0.9	nichenet_prior	NicheNet	omnipath	omnipath					
H2-T22	Klrc2		0.9	nichenet_prior	NicheNet	omnipath	omnipath					
H2-T22	Klrh1		0.9	nichenet_prior	NicheNet	omnipath	omnipath					
H2-T22	Clec2m		0.9	nichenet_prior	NicheNet	omnipath	omnipath					
H2-T22	Klri2		0.9	nichenet_prior	NicheNet	omnipath	omnipath					
H2-T22	Klri1		0.9	nichenet_prior	NicheNet	omnipath	omnipath					
H2-T22	Klre1		0.9	nichenet_prior	NicheNet	omnipath	omnipath					
H2-T22	Klrd1		0.9	nichenet_prior	NicheNet	omnipath	omnipath					
H2-T22	Klrk1		0.9	nichenet_prior	NicheNet	omnipath	omnipath					
H2-T23	Klrc1		0.9	nichenet_prior	NicheNet	omnipath	omnipath					
H2-T23	Klrc3		0.9	nichenet_prior	NicheNet	omnipath	omnipath					
H2-T23	Klrc2		0.9	nichenet_prior	NicheNet	omnipath	omnipath					
H2-T23	Klrh1		0.9	nichenet_prior	NicheNet	omnipath	omnipath					
H2-T23	Clec2m		0.9	nichenet_prior	NicheNet	omnipath	omnipath					
H2-T23	Klri2		0.9	nichenet_prior	NicheNet	omnipath	omnipath					
H2-T23	Klri1		0.9	nichenet_prior	NicheNet	omnipath	omnipath					
H2-T23	Klre1		0.9	nichenet_prior	NicheNet	omnipath	omnipath					
H2-T23	Klrd1		0.9	nichenet_prior	NicheNet	omnipath	omnipath					
H2-T23	Klrk1		0.9	nichenet_prior	NicheNet	omnipath	omnipath					
H2-T24	Klrc1		0.9	nichenet_prior	NicheNet	omnipath	omnipath					
H2-T24	Klrc3		0.9	nichenet_prior	NicheNet	omnipath	omnipath					
H2-T24	Klrc2		0.9	nichenet_prior	NicheNet	omnipath	omnipath					
H2-T24	Klrh1		0.9	nichenet_prior	NicheNet	omnipath	omnipath					
H2-T24	Clec2m		0.9	nichenet_prior	NicheNet	omnipath	omnipath					
H2-T24	Klri2		0.9	nichenet_prior	NicheNet	omnipath	omnipath					
H2-T24	Klri1		0.9	nichenet_prior	NicheNet	omnipath	omnipath					
H2-T24	Klre1		0.9	nichenet_prior	NicheNet	omnipath	omnipath					
H2-T24	Klrd1		0.9	nichenet_prior	NicheNet	omnipath	omnipath					
H2-T24	Klrk1		0.9	nichenet_prior	NicheNet	omnipath	omnipath					
H2-T3	Klrc1		0.9	nichenet_prior	NicheNet	omnipath	omnipath					
H2-T3	Klrc3		0.9	nichenet_prior	NicheNet	omnipath	omnipath					
H2-T3	Klrc2		0.9	nichenet_prior	NicheNet	omnipath	omnipath					
H2-T3	Klrh1		0.9	nichenet_prior	NicheNet	omnipath	omnipath					
H2-T3	Clec2m		0.9	nichenet_prior	NicheNet	omnipath	omnipath					
H2-T3	Klri2		0.9	nichenet_prior	NicheNet	omnipath	omnipath					
H2-T3	Klri1		0.9	nichenet_prior	NicheNet	omnipath	omnipath					
H2-T3	Klre1		0.9	nichenet_prior	NicheNet	omnipath	omnipath					
H2-T3	Klrd1		0.9	nichenet_prior	NicheNet	omnipath	omnipath					
H2-T3	Klrk1		0.9	nichenet_prior	NicheNet	omnipath	omnipath					
Hapln1	Adgra2		0.9	nichenet_prior	NicheNet	omnipath	omnipath					
Hapln1	Ager		0.9	nichenet_prior	NicheNet	omnipath	omnipath					
Hapln1	Igdcc4		0.9	nichenet_prior	NicheNet	omnipath	omnipath					
Hapln1	Il1rl1		0.9	nichenet_prior	NicheNet	omnipath	omnipath					
Hapln1	Mpig6b		0.9	nichenet_prior	NicheNet	omnipath	omnipath					
Hapln1	Prtg		0.9	nichenet_prior	NicheNet	omnipath	omnipath					
Hapln1	Tnfrsf11b		0.9	nichenet_prior	NicheNet	omnipath	omnipath					
Hapln1	Treml2		0.9	nichenet_prior	NicheNet	omnipath	omnipath					
Has1	Cd44		0.9	nichenet_prior	NicheNet	omnipath	omnipath					
Has2	Cd44		0.9	nichenet_prior	NicheNet	omnipath	omnipath					
Has2	Erbb2		0.9	nichenet_prior	NicheNet	omnipath	omnipath					
Has2	Ezr		0.9	nichenet_prior	NicheNet	omnipath	omnipath					
Has2	Hmmr		0.9	nichenet_prior	NicheNet	nichenet_verschueren	nichenet_verschueren					
Havcr1	Cd300lb		0.9	nichenet_prior	NicheNet	omnipath	omnipath					
Havcr1	Igsf21		0.9	nichenet_prior	NicheNet	omnipath	omnipath					
Havcr1	Siglec1		0.9	nichenet_prior	NicheNet	omnipath	omnipath					
Havcr1	Timd4		0.9	nichenet_prior	NicheNet	omnipath	omnipath					
Hbegf	Cd44		0.9	nichenet_prior	NicheNet	omnipath	omnipath					
Hbegf	Cd6		0.9	nichenet_prior	NicheNet	nichenet_verschueren	nichenet_verschueren					
Hbegf	Cd82		0.9	nichenet_prior	NicheNet	omnipath	omnipath					
Hbegf	Cd9		0.9	nichenet_prior	NicheNet	omnipath	omnipath					
Hbegf	Erbb2		0.9	nichenet_prior	NicheNet	omnipath	omnipath					
Hbegf	Mog		0.9	nichenet_prior	NicheNet	nichenet_verschueren	nichenet_verschueren					
Hc	C5ar2		0.9	nichenet_prior	NicheNet	omnipath	omnipath					
Hcrt	Npffr2		0.9	nichenet_prior	NicheNet	omnipath	omnipath					
Hebp1	Fpr2		0.9	nichenet_prior	NicheNet	nichenet_verschueren	nichenet_verschueren					
Hebp1	Fpr3		0.9	nichenet_prior	NicheNet	nichenet_verschueren	nichenet_verschueren					
Hgf	Cd44		0.9	nichenet_prior	NicheNet	omnipath	omnipath					
Hgf	Sdc1		0.9	nichenet_prior	NicheNet	omnipath	omnipath					
Hgf	Sdc2		0.9	nichenet_prior	NicheNet	omnipath	omnipath					
Hgf	St14		0.9	nichenet_prior	NicheNet	omnipath	omnipath					
Hhipl2	Cachd1		0.9	nichenet_prior	NicheNet	omnipath	omnipath					
Hjv	Neo1		0.9	nichenet_prior	NicheNet	nichenet_verschueren	nichenet_verschueren					
Hp	Apoa1		0.9	nichenet_prior	NicheNet	omnipath	omnipath					
Hp	Asgr1		0.9	nichenet_prior	NicheNet	omnipath	omnipath					
Hp	Asgr2		0.9	nichenet_prior	NicheNet	omnipath	omnipath					
Hp	Cd163		0.9	nichenet_prior	NicheNet	omnipath	omnipath					
Hp	Cd22		0.9	nichenet_prior	NicheNet	omnipath	omnipath					
Hp	Itgam		0.9	nichenet_prior	NicheNet	omnipath	omnipath					
Hp	Gm49368		0.9	nichenet_prior	NicheNet	omnipath	omnipath					
Hp	Itgb2		0.9	nichenet_prior	NicheNet	omnipath	omnipath					
Hp	Itgb2l		0.9	nichenet_prior	NicheNet	omnipath	omnipath					
Hp	Tlr4		0.9	nichenet_prior	NicheNet	omnipath	omnipath					
Hpx	Lrp1		0.9	nichenet_prior	NicheNet	omnipath	omnipath					
Hrg	Erbb2		0.9	nichenet_prior	NicheNet	omnipath	omnipath					
Hrg	Erbb3		0.9	nichenet_prior	NicheNet	omnipath	omnipath					
Hrg	Fcgr1		0.9	nichenet_prior	NicheNet	omnipath	omnipath					
Hsp90b1	Lrp1		0.9	nichenet_prior	NicheNet	nichenet_verschueren	nichenet_verschueren					
Hspg2	Col13a1		0.9	nichenet_prior	NicheNet	omnipath	omnipath					
Hspg2	Fgfr1		0.9	nichenet_prior	NicheNet	omnipath	omnipath					
Hspg2	Itga2		0.9	nichenet_prior	NicheNet	omnipath	omnipath					
Hspg2	Itgb1		0.9	nichenet_prior	NicheNet	omnipath	omnipath					
Hspg2	Lrp1		0.9	nichenet_prior	NicheNet	omnipath	omnipath					
Hspg2	Lrp2		0.9	nichenet_prior	NicheNet	omnipath	omnipath					
Hspg2	Ptprs		0.9	nichenet_prior	NicheNet	omnipath	omnipath					
Hspg2	Sdc1		0.9	nichenet_prior	NicheNet	omnipath	omnipath					
Iapp	Calcr		0.9	nichenet_prior	NicheNet	omnipath	omnipath					
Iapp	Ramp1		0.9	nichenet_prior	NicheNet	omnipath	omnipath					
Iapp	Ramp2		0.9	nichenet_prior	NicheNet	omnipath	omnipath					
Iapp	Ramp3		0.9	nichenet_prior	NicheNet	omnipath	omnipath					
Ibsp	Itgav		0.9	nichenet_prior	NicheNet	omnipath	omnipath					
Ibsp	Itgb3		0.9	nichenet_prior	NicheNet	omnipath	omnipath					
Ibsp	Itgb5		0.9	nichenet_prior	NicheNet	omnipath	omnipath					
Icam1	Cdh5		0.9	nichenet_prior	NicheNet	omnipath	omnipath					
Icam1	Egfr		0.9	nichenet_prior	NicheNet	omnipath	omnipath					
Icam1	Ezr		0.9	nichenet_prior	NicheNet	omnipath	omnipath					
Icam1	Il2ra		0.9	nichenet_prior	NicheNet	omnipath	omnipath					
Icam1	Il2rg		0.9	nichenet_prior	NicheNet	omnipath	omnipath					
Icam1	Itgam		0.9	nichenet_prior	NicheNet	omnipath	omnipath					
Icam1	Gm49368		0.9	nichenet_prior	NicheNet	omnipath	omnipath					
Icam1	Itgax		0.9	nichenet_prior	NicheNet	omnipath	omnipath					
Icam1	Itgb2		0.9	nichenet_prior	NicheNet	omnipath	omnipath					
Icam1	Itgb2l		0.9	nichenet_prior	NicheNet	omnipath	omnipath					
Icam1	Msn		0.9	nichenet_prior	NicheNet	omnipath	omnipath					
Icam2	Itgal		0.9	nichenet_prior	NicheNet	omnipath	omnipath					
Icam2	Itgam		0.9	nichenet_prior	NicheNet	omnipath	omnipath					
Icam2	Gm49368		0.9	nichenet_prior	NicheNet	omnipath	omnipath					
Icam2	Itgb2		0.9	nichenet_prior	NicheNet	omnipath	omnipath					
Icam2	Itgb2l		0.9	nichenet_prior	NicheNet	omnipath	omnipath					
Icam4	Itga2b		0.9	nichenet_prior	NicheNet	omnipath	omnipath					
Icam4	Itga4		0.9	nichenet_prior	NicheNet	omnipath	omnipath					
Icam4	Itgal		0.9	nichenet_prior	NicheNet	omnipath	omnipath					
Icam4	Itgam		0.9	nichenet_prior	NicheNet	omnipath	omnipath					
Icam4	Gm49368		0.9	nichenet_prior	NicheNet	omnipath	omnipath					
Icam4	Itgav		0.9	nichenet_prior	NicheNet	omnipath	omnipath					
Icam4	Itgb1		0.9	nichenet_prior	NicheNet	omnipath	omnipath					
Icam4	Itgb2		0.9	nichenet_prior	NicheNet	omnipath	omnipath					
Icam4	Itgb2l		0.9	nichenet_prior	NicheNet	omnipath	omnipath					
Icam4	Itgb3		0.9	nichenet_prior	NicheNet	omnipath	omnipath					
Icam4	Rhag		0.9	nichenet_prior	NicheNet	omnipath	omnipath					
Icam5	Cd209e		0.9	nichenet_prior	NicheNet	omnipath	omnipath					
Icam5	Cd209c		0.9	nichenet_prior	NicheNet	omnipath	omnipath					
Icam5	Cd209b		0.9	nichenet_prior	NicheNet	omnipath	omnipath					
Icam5	Cd209d		0.9	nichenet_prior	NicheNet	omnipath	omnipath					
Icam5	Igdcc4		0.9	nichenet_prior	NicheNet	omnipath	omnipath					
Icam5	Itgal		0.9	nichenet_prior	NicheNet	omnipath	omnipath					
Icam5	Itgb2		0.9	nichenet_prior	NicheNet	omnipath	omnipath					
Icam5	Itgb2l		0.9	nichenet_prior	NicheNet	omnipath	omnipath					
Icam5	Prtg		0.9	nichenet_prior	NicheNet	omnipath	omnipath					
Icosl	Ntm		0.9	nichenet_prior	NicheNet	omnipath	omnipath					
Ifitm6	Cd81		0.9	nichenet_prior	NicheNet	omnipath	omnipath					
Ifna1	Ifnar1		0.9	nichenet_prior	NicheNet	nichenet_verschueren	nichenet_verschueren					
Ifna1	Ifnar2		0.9	nichenet_prior	NicheNet	nichenet_verschueren	nichenet_verschueren					
Ifna11	Ifnar1		0.9	nichenet_prior	NicheNet	omnipath	omnipath					
Ifna11	Ifnar2		0.9	nichenet_prior	NicheNet	omnipath	omnipath					
Ifna12	Ifnar1		0.9	nichenet_prior	NicheNet	omnipath	omnipath					
Ifna12	Ifnar2		0.9	nichenet_prior	NicheNet	omnipath	omnipath					
Ifna13	Cr2		0.9	nichenet_prior	NicheNet	omnipath	omnipath					
Ifna13	Ifnar1		0.9	nichenet_prior	NicheNet	omnipath	omnipath					
Ifna13	Ifnar2		0.9	nichenet_prior	NicheNet	omnipath	omnipath					
Ifna14	Ifnar1		0.9	nichenet_prior	NicheNet	omnipath	omnipath					
Ifna14	Ifnar2		0.9	nichenet_prior	NicheNet	omnipath	omnipath					
Ifna15	Ifnar1		0.9	nichenet_prior	NicheNet	omnipath	omnipath					
Ifna15	Ifnar2		0.9	nichenet_prior	NicheNet	omnipath	omnipath					
Ifna16	Ifnar1		0.9	nichenet_prior	NicheNet	omnipath	omnipath					
Ifna16	Ifnar2		0.9	nichenet_prior	NicheNet	omnipath	omnipath					
Ifna2	Cr2		0.9	nichenet_prior	NicheNet	omnipath	omnipath					
Ifna2	Ifnar1		0.9	nichenet_prior	NicheNet	omnipath	omnipath					
Ifna2	Ifnar2		0.9	nichenet_prior	NicheNet	omnipath	omnipath					
Ifna4	Ifnar1		0.9	nichenet_prior	NicheNet	omnipath	omnipath					
Ifna4	Ifnar2		0.9	nichenet_prior	NicheNet	omnipath	omnipath					
Ifna5	Ifnar1		0.9	nichenet_prior	NicheNet	omnipath	omnipath					
Ifna5	Ifnar2		0.9	nichenet_prior	NicheNet	omnipath	omnipath					
Ifna6	Ifnar1		0.9	nichenet_prior	NicheNet	omnipath	omnipath					
Ifna6	Ifnar2		0.9	nichenet_prior	NicheNet	omnipath	omnipath					
Ifna7	Ifnar1		0.9	nichenet_prior	NicheNet	omnipath	omnipath					
Ifna7	Ifnar2		0.9	nichenet_prior	NicheNet	omnipath	omnipath					
Ifna9	Ifnar1		0.9	nichenet_prior	NicheNet	omnipath	omnipath					
Ifna9	Ifnar2		0.9	nichenet_prior	NicheNet	omnipath	omnipath					
Ifnab	Ifnar1		0.9	nichenet_prior	NicheNet	omnipath	omnipath					
Ifnab	Ifnar2		0.9	nichenet_prior	NicheNet	omnipath	omnipath					
Ifnb1	Ifnar1		0.9	nichenet_prior	NicheNet	omnipath	omnipath					
Ifnb1	Ifnar2		0.9	nichenet_prior	NicheNet	omnipath	omnipath					
Ifne	Adgrv1		0.9	nichenet_prior	NicheNet	omnipath	omnipath					
Ifne	Ifnar1		0.9	nichenet_prior	NicheNet	omnipath	omnipath					
Ifne	Ifnar2		0.9	nichenet_prior	NicheNet	omnipath	omnipath					
Ifng	Ifngr1		0.9	nichenet_prior	NicheNet	omnipath	omnipath					
Ifng	Ifngr2		0.9	nichenet_prior	NicheNet	omnipath	omnipath					
Ifnk	Ifnar1		0.9	nichenet_prior	NicheNet	omnipath	omnipath					
Ifnk	Ifnar2		0.9	nichenet_prior	NicheNet	omnipath	omnipath					
Ifnl2	Ifnlr1		0.9	nichenet_prior	NicheNet	omnipath	omnipath					
Ifnl2	Il10rb		0.9	nichenet_prior	NicheNet	omnipath	omnipath					
Ifnl3	Ifnlr1		0.9	nichenet_prior	NicheNet	omnipath	omnipath					
Ifnl3	Il10rb		0.9	nichenet_prior	NicheNet	omnipath	omnipath					
Igf1	Insr		0.9	nichenet_prior	NicheNet	omnipath	omnipath					
Igf1	Itga6		0.9	nichenet_prior	NicheNet	omnipath	omnipath					
Igf1	Itgav		0.9	nichenet_prior	NicheNet	omnipath	omnipath					
Igf1	Itgb3		0.9	nichenet_prior	NicheNet	omnipath	omnipath					
Igf1	Itgb4		0.9	nichenet_prior	NicheNet	omnipath	omnipath					
Igf1	Trpv2		0.9	nichenet_prior	NicheNet	nichenet_verschueren	nichenet_verschueren					
Igf2	Insr		0.9	nichenet_prior	NicheNet	omnipath	omnipath					
Igf2	Itga6		0.9	nichenet_prior	NicheNet	omnipath	omnipath					
Igf2	Itgav		0.9	nichenet_prior	NicheNet	omnipath	omnipath					
Igf2	Itgb3		0.9	nichenet_prior	NicheNet	omnipath	omnipath					
Igf2	Itgb4		0.9	nichenet_prior	NicheNet	omnipath	omnipath					
Igfbp3	Egfr		0.9	nichenet_prior	NicheNet	omnipath	omnipath					
Igfbp4	Fzd8		0.9	nichenet_prior	NicheNet	omnipath	omnipath					
Igfbp4	Lrp6		0.9	nichenet_prior	NicheNet	omnipath	omnipath					
Igfbp7	Mpig6b		0.9	nichenet_prior	NicheNet	omnipath	omnipath					
Igfbpl1	Dcc		0.9	nichenet_prior	NicheNet	omnipath	omnipath					
Igsf10	Cd200r4		0.9	nichenet_prior	NicheNet	omnipath	omnipath					
Igsf10	Cd200r2		0.9	nichenet_prior	NicheNet	omnipath	omnipath					
Igsf10	Cd200r3		0.9	nichenet_prior	NicheNet	omnipath	omnipath					
Igsf10	Cd200r1		0.9	nichenet_prior	NicheNet	omnipath	omnipath					
Igsf10	Igsf11		0.9	nichenet_prior	NicheNet	omnipath	omnipath					
Igsf10	Mag		0.9	nichenet_prior	NicheNet	omnipath	omnipath					
Igsf10	Milr1		0.9	nichenet_prior	NicheNet	omnipath	omnipath					
Igsf10	Slamf9		0.9	nichenet_prior	NicheNet	omnipath	omnipath					
Igsf11	Clec2l		0.9	nichenet_prior	NicheNet	omnipath	omnipath					
Igsf11	Tmem190		0.9	nichenet_prior	NicheNet	nichenet_verschueren	nichenet_verschueren					
Igsf11	Vsir		0.9	nichenet_prior	NicheNet	omnipath	omnipath					
Igsf21	Cd22		0.9	nichenet_prior	NicheNet	nichenet_verschueren	nichenet_verschueren					
Igsf21	Cd79b		0.9	nichenet_prior	NicheNet	nichenet_verschueren	nichenet_verschueren					
Igsf21	Csf3r		0.9	nichenet_prior	NicheNet	nichenet_verschueren	nichenet_verschueren					
Igsf21	Havcr1		0.9	nichenet_prior	NicheNet	nichenet_verschueren	nichenet_verschueren					
Igsf21	Gm12169		0.9	nichenet_prior	NicheNet	nichenet_verschueren	nichenet_verschueren					
Igsf21	BC053393		0.9	nichenet_prior	NicheNet	nichenet_verschueren	nichenet_verschueren					
Igsf21	Timd2		0.9	nichenet_prior	NicheNet	nichenet_verschueren	nichenet_verschueren					
Igsf21	Ildr2		0.9	nichenet_prior	NicheNet	omnipath	omnipath					
Igsf21	Iyd		0.9	nichenet_prior	NicheNet	omnipath	omnipath					
Igsf21	Muc15		0.9	nichenet_prior	NicheNet	omnipath	omnipath					
Igsf21	Nrxn2		0.9	nichenet_prior	NicheNet	nichenet_verschueren	nichenet_verschueren					
Igsf3	Ptgfrn		0.9	nichenet_prior	NicheNet	omnipath	omnipath					
Ihh	Boc		0.9	nichenet_prior	NicheNet	omnipath	omnipath					
Ihh	Cdon		0.9	nichenet_prior	NicheNet	omnipath	omnipath					
Ihh	Hhip		0.9	nichenet_prior	NicheNet	omnipath	omnipath					
Ihh	Ptch1		0.9	nichenet_prior	NicheNet	omnipath	omnipath					
Ihh	Ptch2		0.9	nichenet_prior	NicheNet	omnipath	omnipath					
Il10	Il10ra		0.9	nichenet_prior	NicheNet	omnipath	omnipath					
Il10	Il10rb		0.9	nichenet_prior	NicheNet	omnipath	omnipath					
Il11	Il11ra1		0.9	nichenet_prior	NicheNet	omnipath	omnipath					
Il11	Il11ra2		0.9	nichenet_prior	NicheNet	omnipath	omnipath					
Il11	Gm13305		0.9	nichenet_prior	NicheNet	omnipath	omnipath					
Il11	Il6ra		0.9	nichenet_prior	NicheNet	omnipath	omnipath					
Il11	Il6st		0.9	nichenet_prior	NicheNet	omnipath	omnipath					
Il12a	Cd28		0.9	nichenet_prior	NicheNet	omnipath	omnipath					
Il12a	Il12rb1		0.9	nichenet_prior	NicheNet	omnipath	omnipath					
Il12a	Il12rb2		0.9	nichenet_prior	NicheNet	omnipath	omnipath					
Il12b	Boc		0.9	nichenet_prior	NicheNet	omnipath	omnipath					
Il12b	Il12rb1		0.9	nichenet_prior	NicheNet	omnipath	omnipath					
Il12b	Il12rb2		0.9	nichenet_prior	NicheNet	omnipath	omnipath					
Il12b	Il23r		0.9	nichenet_prior	NicheNet	omnipath	omnipath					
Il13	Il2rg		0.9	nichenet_prior	NicheNet	omnipath	omnipath					
Il13	Il4ra		0.9	nichenet_prior	NicheNet	omnipath	omnipath					
Il15	Il15ra		0.9	nichenet_prior	NicheNet	omnipath	omnipath					
Il15	Il2ra		0.9	nichenet_prior	NicheNet	omnipath	omnipath					
Il15	Il2rb		0.9	nichenet_prior	NicheNet	omnipath	omnipath					
Il15	Il2rg		0.9	nichenet_prior	NicheNet	omnipath	omnipath					
Il16	Cd9		0.9	nichenet_prior	NicheNet	omnipath	omnipath					
Il16	Grin2a		0.9	nichenet_prior	NicheNet	omnipath	omnipath					
Il16	Grin2b		0.9	nichenet_prior	NicheNet	omnipath	omnipath					
Il16	Grin2c		0.9	nichenet_prior	NicheNet	omnipath	omnipath					
Il16	Grin2d		0.9	nichenet_prior	NicheNet	omnipath	omnipath					
Il16	Kcna3		0.9	nichenet_prior	NicheNet	omnipath	omnipath					
Il16	Kcnd1		0.9	nichenet_prior	NicheNet	omnipath	omnipath					
Il16	Kcnd2		0.9	nichenet_prior	NicheNet	omnipath	omnipath					
Il16	Kcnj10		0.9	nichenet_prior	NicheNet	omnipath	omnipath					
Il16	Kcnj15		0.9	nichenet_prior	NicheNet	omnipath	omnipath					
Il16	Kcnj4		0.9	nichenet_prior	NicheNet	omnipath	omnipath					
Il17a	Il17ra		0.9	nichenet_prior	NicheNet	omnipath	omnipath					
Il17a	Il17rc		0.9	nichenet_prior	NicheNet	omnipath	omnipath					
Il17c	Il17ra		0.9	nichenet_prior	NicheNet	omnipath	omnipath					
Il17c	Il17re		0.9	nichenet_prior	NicheNet	omnipath	omnipath					
Il17f	Il17ra		0.9	nichenet_prior	NicheNet	omnipath	omnipath					
Il17f	Il17rc		0.9	nichenet_prior	NicheNet	omnipath	omnipath					
Il18	Il18r1		0.9	nichenet_prior	NicheNet	omnipath	omnipath					
Il18	Il18rap		0.9	nichenet_prior	NicheNet	omnipath	omnipath					
Il18	Il1rapl1		0.9	nichenet_prior	NicheNet	omnipath	omnipath					
Il18	Il1rl2		0.9	nichenet_prior	NicheNet	omnipath	omnipath					
Il18bp	Il6ra		0.9	nichenet_prior	NicheNet	omnipath	omnipath					
Il18bp	Kir3dl2		0.9	nichenet_prior	NicheNet	omnipath	omnipath					
Il18bp	Kir3dl1		0.9	nichenet_prior	NicheNet	omnipath	omnipath					
Il18bp	Mag		0.9	nichenet_prior	NicheNet	omnipath	omnipath					
Il19	Il20ra		0.9	nichenet_prior	NicheNet	omnipath	omnipath					
Il19	Il20rb		0.9	nichenet_prior	NicheNet	omnipath	omnipath					
Il1a	Il1r1		0.9	nichenet_prior	NicheNet	omnipath	omnipath					
Il1a	Il1r2		0.9	nichenet_prior	NicheNet	omnipath	omnipath					
Il1a	Il1rap		0.9	nichenet_prior	NicheNet	omnipath	omnipath					
Il1b	Adrb2		0.9	nichenet_prior	NicheNet	omnipath	omnipath					
Il1b	Il12rb2		0.9	nichenet_prior	NicheNet	omnipath	omnipath					
Il1b	Il1r1		0.9	nichenet_prior	NicheNet	omnipath	omnipath					
Il1b	Il1r2		0.9	nichenet_prior	NicheNet	omnipath	omnipath					
Il1b	Il1rap		0.9	nichenet_prior	NicheNet	omnipath	omnipath					
Il1f10	Il1r1		0.9	nichenet_prior	NicheNet	omnipath	omnipath					
Il1f10	Il1rapl1		0.9	nichenet_prior	NicheNet	omnipath	omnipath					
Il1f10	Il1rapl2		0.9	nichenet_prior	NicheNet	omnipath	omnipath					
Il1f10	Il1rl2		0.9	nichenet_prior	NicheNet	omnipath	omnipath					
Il1f10	Sigirr		0.9	nichenet_prior	NicheNet	omnipath	omnipath					
Il1rn	Il1r1		0.9	nichenet_prior	NicheNet	omnipath	omnipath					
Il1rn	Il1r2		0.9	nichenet_prior	NicheNet	omnipath	omnipath					
Il1rn	Il1rl2		0.9	nichenet_prior	NicheNet	omnipath	omnipath					
Il2	Cd53		0.9	nichenet_prior	NicheNet	omnipath	omnipath					
Il2	Il2ra		0.9	nichenet_prior	NicheNet	omnipath	omnipath					
Il2	Il2rb		0.9	nichenet_prior	NicheNet	omnipath	omnipath					
Il2	Il2rg		0.9	nichenet_prior	NicheNet	omnipath	omnipath					
Il2	Ngfr		0.9	nichenet_prior	NicheNet	omnipath	omnipath					
Il20	Il20ra		0.9	nichenet_prior	NicheNet	omnipath	omnipath					
Il20	Il20rb		0.9	nichenet_prior	NicheNet	omnipath	omnipath					
Il20	Il22ra1		0.9	nichenet_prior	NicheNet	omnipath	omnipath					
Il21	Il21r		0.9	nichenet_prior	NicheNet	omnipath	omnipath					
Il21	Il2rg		0.9	nichenet_prior	NicheNet	omnipath	omnipath					
Il21	Il4ra		0.9	nichenet_prior	NicheNet	omnipath	omnipath					
Il22	Il10ra		0.9	nichenet_prior	NicheNet	omnipath	omnipath					
Il22	Il10rb		0.9	nichenet_prior	NicheNet	omnipath	omnipath					
Il22	Il20ra		0.9	nichenet_prior	NicheNet	omnipath	omnipath					
Il22	Il20rb		0.9	nichenet_prior	NicheNet	omnipath	omnipath					
Il22	Il22ra1		0.9	nichenet_prior	NicheNet	omnipath	omnipath					
Il22	Il22ra2		0.9	nichenet_prior	NicheNet	omnipath	omnipath					
Il22b	Il10ra		0.9	nichenet_prior	NicheNet	omnipath	omnipath					
Il22b	Il10rb		0.9	nichenet_prior	NicheNet	omnipath	omnipath					
Il22b	Il20ra		0.9	nichenet_prior	NicheNet	omnipath	omnipath					
Il22b	Il20rb		0.9	nichenet_prior	NicheNet	omnipath	omnipath					
Il22b	Il22ra1		0.9	nichenet_prior	NicheNet	omnipath	omnipath					
Il22b	Il22ra2		0.9	nichenet_prior	NicheNet	omnipath	omnipath					
Il23a	Gp6		0.9	nichenet_prior	NicheNet	omnipath	omnipath					
Il23a	Il12rb1		0.9	nichenet_prior	NicheNet	omnipath	omnipath					
Il23a	Il12rb2		0.9	nichenet_prior	NicheNet	omnipath	omnipath					
Il23a	Il23r		0.9	nichenet_prior	NicheNet	omnipath	omnipath					
Il23a	Siglech		0.9	nichenet_prior	NicheNet	omnipath	omnipath					
Il23a	Siglecf		0.9	nichenet_prior	NicheNet	omnipath	omnipath					
Il23a	Cd33		0.9	nichenet_prior	NicheNet	omnipath	omnipath					
Il24	Il10rb		0.9	nichenet_prior	NicheNet	omnipath	omnipath					
Il24	Il20ra		0.9	nichenet_prior	NicheNet	omnipath	omnipath					
Il24	Il20rb		0.9	nichenet_prior	NicheNet	omnipath	omnipath					
Il24	Il22ra1		0.9	nichenet_prior	NicheNet	omnipath	omnipath					
Il25	Il17ra		0.9	nichenet_prior	NicheNet	omnipath	omnipath					
Il25	Il17rb		0.9	nichenet_prior	NicheNet	omnipath	omnipath					
Il27	Il27ra		0.9	nichenet_prior	NicheNet	omnipath	omnipath					
Il3	Bcl2		0.9	nichenet_prior	NicheNet	omnipath	omnipath					
Il3	Csf2ra		0.9	nichenet_prior	NicheNet	omnipath	omnipath					
Il3	Csf2rb		0.9	nichenet_prior	NicheNet	omnipath	omnipath					
Il3	Csf2rb2		0.9	nichenet_prior	NicheNet	omnipath	omnipath					
Il3	Il3ra		0.9	nichenet_prior	NicheNet	omnipath	omnipath					
Il31	Il31ra		0.9	nichenet_prior	NicheNet	omnipath	omnipath					
Il31	Osmr		0.9	nichenet_prior	NicheNet	omnipath	omnipath					
Il33	Il1rap		0.9	nichenet_prior	NicheNet	omnipath	omnipath					
Il33	Il1rl1		0.9	nichenet_prior	NicheNet	omnipath	omnipath					
Il34	Ptprz1		0.9	nichenet_prior	NicheNet	omnipath	omnipath					
Il36a	Il1rap		0.9	nichenet_prior	NicheNet	omnipath	omnipath					
Il36a	Il1rl2		0.9	nichenet_prior	NicheNet	omnipath	omnipath					
Il36b	Il1rap		0.9	nichenet_prior	NicheNet	omnipath	omnipath					
Il36b	Il1rl2		0.9	nichenet_prior	NicheNet	omnipath	omnipath					
Il36g	Ifnar1		0.9	nichenet_prior	NicheNet	omnipath	omnipath					
Il36g	Ifnar2		0.9	nichenet_prior	NicheNet	omnipath	omnipath					
Il36g	Il1rap		0.9	nichenet_prior	NicheNet	omnipath	omnipath					
Il36g	Il1rl2		0.9	nichenet_prior	NicheNet	omnipath	omnipath					
Il36rn	Il1rap		0.9	nichenet_prior	NicheNet	omnipath	omnipath					
Il36rn	Il1rl2		0.9	nichenet_prior	NicheNet	omnipath	omnipath					
Il4	Cd53		0.9	nichenet_prior	NicheNet	omnipath	omnipath					
Il4	Il13ra1		0.9	nichenet_prior	NicheNet	omnipath	omnipath					
Il4	Il13ra2		0.9	nichenet_prior	NicheNet	omnipath	omnipath					
Il4	Il2rg		0.9	nichenet_prior	NicheNet	omnipath	omnipath					
Il5	Csf2rb		0.9	nichenet_prior	NicheNet	omnipath	omnipath					
Il5	Csf2rb2		0.9	nichenet_prior	NicheNet	omnipath	omnipath					
Il5	Il5ra		0.9	nichenet_prior	NicheNet	omnipath	omnipath					
Il6	Il6ra		0.9	nichenet_prior	NicheNet	omnipath	omnipath					
Il6	Il6st		0.9	nichenet_prior	NicheNet	omnipath	omnipath					
Il7	Il2rg		0.9	nichenet_prior	NicheNet	omnipath	omnipath					
Il7	Il7r		0.9	nichenet_prior	NicheNet	omnipath	omnipath					
Il9	Il2rg		0.9	nichenet_prior	NicheNet	omnipath	omnipath					
Il9	Il9r		0.9	nichenet_prior	NicheNet	omnipath	omnipath					
Ildr2	Clec12b		0.9	nichenet_prior	NicheNet	omnipath	omnipath					
Ildr2	Csf2rb		0.9	nichenet_prior	NicheNet	nichenet_verschueren	nichenet_verschueren					
Ildr2	Csf2rb2		0.9	nichenet_prior	NicheNet	nichenet_verschueren	nichenet_verschueren					
Ildr2	Flt4		0.9	nichenet_prior	NicheNet	nichenet_verschueren	nichenet_verschueren					
Ildr2	Igsf21		0.9	nichenet_prior	NicheNet	nichenet_verschueren	nichenet_verschueren					
Impg2	Cadm3		0.9	nichenet_prior	NicheNet	omnipath	omnipath					
Impg2	Prlr		0.9	nichenet_prior	NicheNet	omnipath	omnipath					
Inha	Acvr1		0.9	nichenet_prior	NicheNet	omnipath	omnipath					
Inha	Acvr1b		0.9	nichenet_prior	NicheNet	nichenet_verschueren	nichenet_verschueren					
Inha	Acvr2a		0.9	nichenet_prior	NicheNet	omnipath	omnipath					
Inha	Acvr2b		0.9	nichenet_prior	NicheNet	omnipath	omnipath					
Inha	Tgfbr3		0.9	nichenet_prior	NicheNet	omnipath	omnipath					
Inhba	Acvr1		0.9	nichenet_prior	NicheNet	omnipath	omnipath					
Inhba	Acvr1b		0.9	nichenet_prior	NicheNet	omnipath	omnipath					
Inhba	Acvr1c		0.9	nichenet_prior	NicheNet	omnipath	omnipath					
Inhba	Acvr2a		0.9	nichenet_prior	NicheNet	omnipath	omnipath					
Inhba	Acvr2b		0.9	nichenet_prior	NicheNet	omnipath	omnipath					
Inhba	Bambi		0.9	nichenet_prior	NicheNet	omnipath	omnipath					
Inhba	Eng		0.9	nichenet_prior	NicheNet	omnipath	omnipath					
Inhba	Tgfbr3		0.9	nichenet_prior	NicheNet	omnipath	omnipath					
Inhbb	Acvr1		0.9	nichenet_prior	NicheNet	omnipath	omnipath					
Inhbb	Acvr1b		0.9	nichenet_prior	NicheNet	omnipath	omnipath					
Inhbb	Acvr1c		0.9	nichenet_prior	NicheNet	omnipath	omnipath					
Inhbb	Acvr2a		0.9	nichenet_prior	NicheNet	omnipath	omnipath					
Inhbb	Acvr2b		0.9	nichenet_prior	NicheNet	omnipath	omnipath					
Inhbb	Bambi		0.9	nichenet_prior	NicheNet	omnipath	omnipath					
Inhbb	Cfc1		0.9	nichenet_prior	NicheNet	omnipath	omnipath					
Inhbc	Acvr1		0.9	nichenet_prior	NicheNet	omnipath	omnipath					
Inhbc	Acvr1b		0.9	nichenet_prior	NicheNet	omnipath	omnipath					
Inhbc	Acvr2a		0.9	nichenet_prior	NicheNet	omnipath	omnipath					
Inhbc	Acvr2b		0.9	nichenet_prior	NicheNet	omnipath	omnipath					
Inhbe	Acvr1		0.9	nichenet_prior	NicheNet	nichenet_verschueren	nichenet_verschueren					
Inhbe	Acvr1b		0.9	nichenet_prior	NicheNet	nichenet_verschueren	nichenet_verschueren					
Inhbe	Acvr2a		0.9	nichenet_prior	NicheNet	omnipath	omnipath					
Inhbe	Acvr2b		0.9	nichenet_prior	NicheNet	omnipath	omnipath					
Ins1	Igf1r		0.9	nichenet_prior	NicheNet	omnipath	omnipath					
Ins1	Lrp2		0.9	nichenet_prior	NicheNet	omnipath	omnipath					
Ins2	Igf1r		0.9	nichenet_prior	NicheNet	omnipath	omnipath					
Ins2	Lrp2		0.9	nichenet_prior	NicheNet	omnipath	omnipath					
Insl3	Adcyap1r1		0.9	nichenet_prior	NicheNet	omnipath	omnipath					
Insl3	Adrb2		0.9	nichenet_prior	NicheNet	omnipath	omnipath					
Insl3	Adrb3		0.9	nichenet_prior	NicheNet	omnipath	omnipath					
Insl3	Gpr20		0.9	nichenet_prior	NicheNet	omnipath	omnipath					
Insl3	Gpr84		0.9	nichenet_prior	NicheNet	omnipath	omnipath					
Insl3	Pth1r		0.9	nichenet_prior	NicheNet	omnipath	omnipath					
Insl3	Ramp2		0.9	nichenet_prior	NicheNet	omnipath	omnipath					
Insl3	Ramp3		0.9	nichenet_prior	NicheNet	omnipath	omnipath					
Insl3	Tshr		0.9	nichenet_prior	NicheNet	omnipath	omnipath					
Insl3	Vipr1		0.9	nichenet_prior	NicheNet	omnipath	omnipath					
Insl5	Adra2a		0.9	nichenet_prior	NicheNet	omnipath	omnipath					
Insl5	Grm7		0.9	nichenet_prior	NicheNet	omnipath	omnipath					
Insl5	Mtnr1a		0.9	nichenet_prior	NicheNet	omnipath	omnipath					
Itga4	Vcam1		0.9	nichenet_prior	NicheNet	nichenet_verschueren	nichenet_verschueren					
Itga9	Vcam1		0.9	nichenet_prior	NicheNet	nichenet_verschueren	nichenet_verschueren					
Itgal	Cd226		0.9	nichenet_prior	NicheNet	nichenet_verschueren	nichenet_verschueren					
Itgal	Icam1		0.9	nichenet_prior	NicheNet	nichenet_verschueren	nichenet_verschueren					
Itgam	Icam1		0.9	nichenet_prior	NicheNet	nichenet_verschueren	nichenet_verschueren					
Itgb1	Vcam1		0.9	nichenet_prior	NicheNet	nichenet_verschueren	nichenet_verschueren					
Itgb2	Cd226		0.9	nichenet_prior	NicheNet	omnipath	omnipath					
Itgb2	Cd82		0.9	nichenet_prior	NicheNet	omnipath	omnipath					
Itgb2	Icam1		0.9	nichenet_prior	NicheNet	nichenet_verschueren	nichenet_verschueren					
Itgb2	Thy1		0.9	nichenet_prior	NicheNet	omnipath	omnipath					
Itgb2l	Cd226		0.9	nichenet_prior	NicheNet	omnipath	omnipath					
Itgb2l	Cd82		0.9	nichenet_prior	NicheNet	omnipath	omnipath					
Itgb2l	Icam1		0.9	nichenet_prior	NicheNet	nichenet_verschueren	nichenet_verschueren					
Itgb2l	Thy1		0.9	nichenet_prior	NicheNet	omnipath	omnipath					
Itih2	Fcer1a		0.9	nichenet_prior	NicheNet	omnipath	omnipath					
Itm2b	Ror2		0.9	nichenet_prior	NicheNet	omnipath	omnipath					
Izumo1	Cd9		0.9	nichenet_prior	NicheNet	omnipath	omnipath					
Izumo1	Izumo1r		0.9	nichenet_prior	NicheNet	omnipath	omnipath					
Izumo1	Lilra5		0.9	nichenet_prior	NicheNet	nichenet_verschueren	nichenet_verschueren					
Jag1	Cd46		0.9	nichenet_prior	NicheNet	omnipath	omnipath					
Jam2	Itga3		0.9	nichenet_prior	NicheNet	omnipath	omnipath					
Jam2	Itga4		0.9	nichenet_prior	NicheNet	nichenet_verschueren	nichenet_verschueren					
Jam2	Itgav		0.9	nichenet_prior	NicheNet	omnipath	omnipath					
Jam2	Itgb1		0.9	nichenet_prior	NicheNet	omnipath	omnipath					
Jam3	Itgam		0.9	nichenet_prior	NicheNet	omnipath	omnipath					
Jam3	Gm49368		0.9	nichenet_prior	NicheNet	omnipath	omnipath					
Jam3	Itgb1		0.9	nichenet_prior	NicheNet	omnipath	omnipath					
Jam3	Itgb2		0.9	nichenet_prior	NicheNet	omnipath	omnipath					
Jam3	Itgb2l		0.9	nichenet_prior	NicheNet	omnipath	omnipath					
Jam3	Jam2		0.9	nichenet_prior	NicheNet	omnipath	omnipath					
Jaml	Cd320		0.9	nichenet_prior	NicheNet	nichenet_verschueren	nichenet_verschueren					
Jaml	Cxadr		0.9	nichenet_prior	NicheNet	omnipath	omnipath					
Jaml	Gm1123		0.9	nichenet_prior	NicheNet	omnipath	omnipath					
Kcna1	Cntn1		0.9	nichenet_prior	NicheNet	omnipath	omnipath					
Kcna1	Cntnap1		0.9	nichenet_prior	NicheNet	omnipath	omnipath					
Kcna1	Rtn4		0.9	nichenet_prior	NicheNet	omnipath	omnipath					
Kirrel	Kirrel		0.9	nichenet_prior	NicheNet	nichenet_verschueren	nichenet_verschueren					
Kirrel3	Cd33		0.9	nichenet_prior	NicheNet	nichenet_verschueren	nichenet_verschueren					
Kitl	Epor		0.9	nichenet_prior	NicheNet	omnipath	omnipath					
Kitl	Lrrn3		0.9	nichenet_prior	NicheNet	omnipath	omnipath					
Kl	Fgfr1		0.9	nichenet_prior	NicheNet	nichenet_verschueren	nichenet_verschueren					
Kl	Fgfr3		0.9	nichenet_prior	NicheNet	nichenet_verschueren	nichenet_verschueren					
Kl	Fgfr4		0.9	nichenet_prior	NicheNet	nichenet_verschueren	nichenet_verschueren					
Kl	Igf1r		0.9	nichenet_prior	NicheNet	omnipath	omnipath					
Kl	Insr		0.9	nichenet_prior	NicheNet	omnipath	omnipath					
Kl	Trpv5		0.9	nichenet_prior	NicheNet	omnipath	omnipath					
Kl	Trpv6		0.9	nichenet_prior	NicheNet	omnipath	omnipath					
Klk1	Epor		0.9	nichenet_prior	NicheNet	omnipath	omnipath					
Klk1	Ntrk1		0.9	nichenet_prior	NicheNet	omnipath	omnipath					
Klk1b1	Epor		0.9	nichenet_prior	NicheNet	omnipath	omnipath					
Klk1b1	Ntrk1		0.9	nichenet_prior	NicheNet	omnipath	omnipath					
Klk1b11	Epor		0.9	nichenet_prior	NicheNet	omnipath	omnipath					
Klk1b11	Ntrk1		0.9	nichenet_prior	NicheNet	omnipath	omnipath					
Klk1b16	Epor		0.9	nichenet_prior	NicheNet	omnipath	omnipath					
Klk1b16	Ntrk1		0.9	nichenet_prior	NicheNet	omnipath	omnipath					
Klk1b21	Epor		0.9	nichenet_prior	NicheNet	omnipath	omnipath					
Klk1b21	Ntrk1		0.9	nichenet_prior	NicheNet	omnipath	omnipath					
Klk1b22	Epor		0.9	nichenet_prior	NicheNet	omnipath	omnipath					
Klk1b22	Ntrk1		0.9	nichenet_prior	NicheNet	omnipath	omnipath					
Klk1b24	Epor		0.9	nichenet_prior	NicheNet	omnipath	omnipath					
Klk1b24	Ntrk1		0.9	nichenet_prior	NicheNet	omnipath	omnipath					
Klk1b26	Epor		0.9	nichenet_prior	NicheNet	omnipath	omnipath					
Klk1b26	Ntrk1		0.9	nichenet_prior	NicheNet	omnipath	omnipath					
Klk1b27	Epor		0.9	nichenet_prior	NicheNet	omnipath	omnipath					
Klk1b27	Ntrk1		0.9	nichenet_prior	NicheNet	omnipath	omnipath					
Klk1b3	Epor		0.9	nichenet_prior	NicheNet	omnipath	omnipath					
Klk1b3	Ntrk1		0.9	nichenet_prior	NicheNet	omnipath	omnipath					
Klk1b4	Epor		0.9	nichenet_prior	NicheNet	omnipath	omnipath					
Klk1b5	Epor		0.9	nichenet_prior	NicheNet	omnipath	omnipath					
Klk1b5	Ntrk1		0.9	nichenet_prior	NicheNet	omnipath	omnipath					
Klk1b8	Epor		0.9	nichenet_prior	NicheNet	omnipath	omnipath					
Klk1b8	Ntrk1		0.9	nichenet_prior	NicheNet	omnipath	omnipath					
Klk1b9	Epor		0.9	nichenet_prior	NicheNet	omnipath	omnipath					
Klk1b9	Ntrk1		0.9	nichenet_prior	NicheNet	omnipath	omnipath					
Klkb1	F12		0.9	nichenet_prior	NicheNet	omnipath	omnipath					
Kng1	Cd93		0.9	nichenet_prior	NicheNet	omnipath	omnipath					
Kng1	Gp1ba		0.9	nichenet_prior	NicheNet	omnipath	omnipath					
Kng1	Gpr135		0.9	nichenet_prior	NicheNet	omnipath	omnipath					
Kng1	Itgb2		0.9	nichenet_prior	NicheNet	omnipath	omnipath					
Kng1	Itgb2l		0.9	nichenet_prior	NicheNet	omnipath	omnipath					
Kng1	Plaur		0.9	nichenet_prior	NicheNet	omnipath	omnipath					
Kng1	Rxfp4		0.9	nichenet_prior	NicheNet	omnipath	omnipath					
Kng1	Sdc2		0.9	nichenet_prior	NicheNet	omnipath	omnipath					
Kng2	Cd93		0.9	nichenet_prior	NicheNet	omnipath	omnipath					
Kng2	Gp1ba		0.9	nichenet_prior	NicheNet	omnipath	omnipath					
Kng2	Gpr135		0.9	nichenet_prior	NicheNet	omnipath	omnipath					
Kng2	Itgb2		0.9	nichenet_prior	NicheNet	omnipath	omnipath					
Kng2	Itgb2l		0.9	nichenet_prior	NicheNet	omnipath	omnipath					
Kng2	Plaur		0.9	nichenet_prior	NicheNet	omnipath	omnipath					
Kng2	Rxfp4		0.9	nichenet_prior	NicheNet	omnipath	omnipath					
Kng2	Sdc2		0.9	nichenet_prior	NicheNet	omnipath	omnipath					
L1cam	Alcam		0.9	nichenet_prior	NicheNet	omnipath	omnipath					
L1cam	Cd9		0.9	nichenet_prior	NicheNet	omnipath	omnipath					
L1cam	Chl1		0.9	nichenet_prior	NicheNet	nichenet_verschueren	nichenet_verschueren					
L1cam	Cntn1		0.9	nichenet_prior	NicheNet	omnipath	omnipath					
L1cam	Egfr		0.9	nichenet_prior	NicheNet	omnipath	omnipath					
L1cam	Ephb2		0.9	nichenet_prior	NicheNet	omnipath	omnipath					
L1cam	Erbb2		0.9	nichenet_prior	NicheNet	omnipath	omnipath					
L1cam	Erbb3		0.9	nichenet_prior	NicheNet	omnipath	omnipath					
L1cam	Ezr		0.9	nichenet_prior	NicheNet	omnipath	omnipath					
L1cam	Fgfr1		0.9	nichenet_prior	NicheNet	omnipath	omnipath					
L1cam	Itga4		0.9	nichenet_prior	NicheNet	omnipath	omnipath					
L1cam	Itga5		0.9	nichenet_prior	NicheNet	omnipath	omnipath					
L1cam	Itgav		0.9	nichenet_prior	NicheNet	omnipath	omnipath					
L1cam	Itgb3		0.9	nichenet_prior	NicheNet	omnipath	omnipath					
L1cam	Itgb7		0.9	nichenet_prior	NicheNet	omnipath	omnipath					
L1cam	Lvrn		0.9	nichenet_prior	NicheNet	nichenet_verschueren	nichenet_verschueren					
L1cam	Ncam1		0.9	nichenet_prior	NicheNet	omnipath	omnipath					
L1cam	Nrp1		0.9	nichenet_prior	NicheNet	omnipath	omnipath					
L1cam	Plxna1		0.9	nichenet_prior	NicheNet	omnipath	omnipath					
L1cam	Ptprz1		0.9	nichenet_prior	NicheNet	omnipath	omnipath					
Lama1	Itga1		0.9	nichenet_prior	NicheNet	omnipath	omnipath					
Lama1	Itga2		0.9	nichenet_prior	NicheNet	omnipath	omnipath					
Lama1	Itga3		0.9	nichenet_prior	NicheNet	nichenet_verschueren	nichenet_verschueren					
Lama1	Itga6		0.9	nichenet_prior	NicheNet	omnipath	omnipath					
Lama1	Itga7		0.9	nichenet_prior	NicheNet	omnipath	omnipath					
Lama1	Itga9		0.9	nichenet_prior	NicheNet	omnipath	omnipath					
Lama1	Itgav		0.9	nichenet_prior	NicheNet	nichenet_verschueren	nichenet_verschueren					
Lama1	Itgb1		0.9	nichenet_prior	NicheNet	omnipath	omnipath					
Lama1	Itgb4		0.9	nichenet_prior	NicheNet	omnipath	omnipath					
Lama1	Itgb8		0.9	nichenet_prior	NicheNet	omnipath	omnipath					
Lama1	Nt5e		0.9	nichenet_prior	NicheNet	omnipath	omnipath					
Lama1	Rpsa		0.9	nichenet_prior	NicheNet	nichenet_verschueren	nichenet_verschueren					
Lama1	Tmprss6		0.9	nichenet_prior	NicheNet	omnipath	omnipath					
Lama2	Itga1		0.9	nichenet_prior	NicheNet	omnipath	omnipath					
Lama2	Itga2		0.9	nichenet_prior	NicheNet	omnipath	omnipath					
Lama2	Itga3		0.9	nichenet_prior	NicheNet	omnipath	omnipath					
Lama2	Itga6		0.9	nichenet_prior	NicheNet	omnipath	omnipath					
Lama2	Itga7		0.9	nichenet_prior	NicheNet	omnipath	omnipath					
Lama2	Itga9		0.9	nichenet_prior	NicheNet	omnipath	omnipath					
Lama2	Itgb1		0.9	nichenet_prior	NicheNet	omnipath	omnipath					
Lama2	Itgb4		0.9	nichenet_prior	NicheNet	omnipath	omnipath					
Lama2	Rpsa		0.9	nichenet_prior	NicheNet	nichenet_verschueren	nichenet_verschueren					
Lama3	Itga3		0.9	nichenet_prior	NicheNet	omnipath	omnipath					
Lama3	Itga6		0.9	nichenet_prior	NicheNet	omnipath	omnipath					
Lama3	Itgb1		0.9	nichenet_prior	NicheNet	omnipath	omnipath					
Lama3	Itgb4		0.9	nichenet_prior	NicheNet	omnipath	omnipath					
Lama3	Sdc2		0.9	nichenet_prior	NicheNet	omnipath	omnipath					
Lama4	Itga3		0.9	nichenet_prior	NicheNet	omnipath	omnipath					
Lama4	Itga6		0.9	nichenet_prior	NicheNet	omnipath	omnipath					
Lama4	Itga9		0.9	nichenet_prior	NicheNet	omnipath	omnipath					
Lama4	Itgav		0.9	nichenet_prior	NicheNet	omnipath	omnipath					
Lama4	Itgb1		0.9	nichenet_prior	NicheNet	omnipath	omnipath					
Lama5	Bcam		0.9	nichenet_prior	NicheNet	omnipath	omnipath					
Lama5	Cd151		0.9	nichenet_prior	NicheNet	omnipath	omnipath					
Lama5	Itga2		0.9	nichenet_prior	NicheNet	omnipath	omnipath					
Lama5	Itga3		0.9	nichenet_prior	NicheNet	omnipath	omnipath					
Lama5	Itga6		0.9	nichenet_prior	NicheNet	omnipath	omnipath					
Lama5	Itgb1		0.9	nichenet_prior	NicheNet	omnipath	omnipath					
Lama5	Itgb4		0.9	nichenet_prior	NicheNet	omnipath	omnipath					
Lama5	Sdc1		0.9	nichenet_prior	NicheNet	omnipath	omnipath					
Lamb1	Cd151		0.9	nichenet_prior	NicheNet	omnipath	omnipath					
Lamb1	Itga1		0.9	nichenet_prior	NicheNet	omnipath	omnipath					
Lamb1	Itga2		0.9	nichenet_prior	NicheNet	omnipath	omnipath					
Lamb1	Itga3		0.9	nichenet_prior	NicheNet	omnipath	omnipath					
Lamb1	Itga6		0.9	nichenet_prior	NicheNet	omnipath	omnipath					
Lamb1	Itga7		0.9	nichenet_prior	NicheNet	omnipath	omnipath					
Lamb1	Itga9		0.9	nichenet_prior	NicheNet	omnipath	omnipath					
Lamb1	Itgav		0.9	nichenet_prior	NicheNet	omnipath	omnipath					
Lamb1	Itgb1		0.9	nichenet_prior	NicheNet	omnipath	omnipath					
Lamb1	Itgb4		0.9	nichenet_prior	NicheNet	omnipath	omnipath					
Lamb1	Itgb8		0.9	nichenet_prior	NicheNet	omnipath	omnipath					
Lamb2	Itga3		0.9	nichenet_prior	NicheNet	omnipath	omnipath					
Lamb2	Itga6		0.9	nichenet_prior	NicheNet	omnipath	omnipath					
Lamb2	Itgb1		0.9	nichenet_prior	NicheNet	omnipath	omnipath					
Lamb2	Itgb4		0.9	nichenet_prior	NicheNet	omnipath	omnipath					
Lamb2	Rpsa		0.9	nichenet_prior	NicheNet	nichenet_verschueren	nichenet_verschueren					
Lamb3	Cd151		0.9	nichenet_prior	NicheNet	omnipath	omnipath					
Lamb3	Itga2		0.9	nichenet_prior	NicheNet	omnipath	omnipath					
Lamb3	Itga3		0.9	nichenet_prior	NicheNet	omnipath	omnipath					
Lamb3	Itga6		0.9	nichenet_prior	NicheNet	omnipath	omnipath					
Lamb3	Itgb1		0.9	nichenet_prior	NicheNet	omnipath	omnipath					
Lamb3	Itgb4		0.9	nichenet_prior	NicheNet	omnipath	omnipath					
Lamc1	Itga1		0.9	nichenet_prior	NicheNet	omnipath	omnipath					
Lamc1	Itga2		0.9	nichenet_prior	NicheNet	omnipath	omnipath					
Lamc1	Itga3		0.9	nichenet_prior	NicheNet	omnipath	omnipath					
Lamc1	Itga6		0.9	nichenet_prior	NicheNet	omnipath	omnipath					
Lamc1	Itga7		0.9	nichenet_prior	NicheNet	omnipath	omnipath					
Lamc1	Itgav		0.9	nichenet_prior	NicheNet	omnipath	omnipath					
Lamc1	Itgb1		0.9	nichenet_prior	NicheNet	omnipath	omnipath					
Lamc1	Itgb4		0.9	nichenet_prior	NicheNet	omnipath	omnipath					
Lamc2	Cd151		0.9	nichenet_prior	NicheNet	omnipath	omnipath					
Lamc2	Itga2		0.9	nichenet_prior	NicheNet	omnipath	omnipath					
Lamc2	Itga3		0.9	nichenet_prior	NicheNet	omnipath	omnipath					
Lamc2	Itga6		0.9	nichenet_prior	NicheNet	omnipath	omnipath					
Lamc2	Itga9		0.9	nichenet_prior	NicheNet	omnipath	omnipath					
Lamc2	Itgb1		0.9	nichenet_prior	NicheNet	omnipath	omnipath					
Lamc2	Itgb4		0.9	nichenet_prior	NicheNet	omnipath	omnipath					
Lamc3	Itga1		0.9	nichenet_prior	NicheNet	nichenet_verschueren	nichenet_verschueren					
Lamc3	Itga2		0.9	nichenet_prior	NicheNet	omnipath	omnipath					
Lamc3	Itga3		0.9	nichenet_prior	NicheNet	omnipath	omnipath					
Lamc3	Itga6		0.9	nichenet_prior	NicheNet	omnipath	omnipath					
Lamc3	Itga7		0.9	nichenet_prior	NicheNet	nichenet_verschueren	nichenet_verschueren					
Lamc3	Itga9		0.9	nichenet_prior	NicheNet	nichenet_verschueren	nichenet_verschueren					
Lamc3	Itgav		0.9	nichenet_prior	NicheNet	nichenet_verschueren	nichenet_verschueren					
Lamc3	Itgb1		0.9	nichenet_prior	NicheNet	omnipath	omnipath					
Lamc3	Itgb4		0.9	nichenet_prior	NicheNet	omnipath	omnipath					
Lamc3	Itgb8		0.9	nichenet_prior	NicheNet	nichenet_verschueren	nichenet_verschueren					
Layn	Gp5		0.9	nichenet_prior	NicheNet	nichenet_verschueren	nichenet_verschueren					
Layn	Ly6g6f		0.9	nichenet_prior	NicheNet	omnipath	omnipath					
Lcn11	Ptprc		0.9	nichenet_prior	NicheNet	omnipath	omnipath					
Lcn2	Fcgr3		0.9	nichenet_prior	NicheNet	omnipath	omnipath					
Lcn2	Fcgr2b		0.9	nichenet_prior	NicheNet	omnipath	omnipath					
Lcn2	Lrp2		0.9	nichenet_prior	NicheNet	omnipath	omnipath					
Leap2	Ghsr		0.9	nichenet_prior	NicheNet	omnipath	omnipath					
Lefty1	Acvr1b		0.9	nichenet_prior	NicheNet	omnipath	omnipath					
Lefty1	Acvr2a		0.9	nichenet_prior	NicheNet	omnipath	omnipath					
Lefty1	Acvr2b		0.9	nichenet_prior	NicheNet	omnipath	omnipath					
Lefty2	Acvr1b		0.9	nichenet_prior	NicheNet	omnipath	omnipath					
Lefty2	Acvr2a		0.9	nichenet_prior	NicheNet	omnipath	omnipath					
Lefty2	Acvr2b		0.9	nichenet_prior	NicheNet	omnipath	omnipath					
Lep	Islr2		0.9	nichenet_prior	NicheNet	omnipath	omnipath					
Lep	Lrp2		0.9	nichenet_prior	NicheNet	omnipath	omnipath					
Lfng	Notch1		0.9	nichenet_prior	NicheNet	omnipath	omnipath					
Lfng	Notch2		0.9	nichenet_prior	NicheNet	omnipath	omnipath					
Lgals1	Cd69		0.9	nichenet_prior	NicheNet	omnipath	omnipath					
Lgals1	Itgb1		0.9	nichenet_prior	NicheNet	omnipath	omnipath					
Lgals1	Ptprc		0.9	nichenet_prior	NicheNet	omnipath	omnipath					
Lgals3	Anxa2		0.9	nichenet_prior	NicheNet	omnipath	omnipath					
Lgals3	Eng		0.9	nichenet_prior	NicheNet	omnipath	omnipath					
Lgals3	Lag3		0.9	nichenet_prior	NicheNet	omnipath	omnipath					
Lgals3	Mcam		0.9	nichenet_prior	NicheNet	omnipath	omnipath					
Lgals3	Ptprk		0.9	nichenet_prior	NicheNet	omnipath	omnipath					
Lgals3bp	Cd33		0.9	nichenet_prior	NicheNet	omnipath	omnipath					
Lgals3bp	Itgb1		0.9	nichenet_prior	NicheNet	omnipath	omnipath					
Lgi1	Adam23		0.9	nichenet_prior	NicheNet	omnipath	omnipath					
Lgi1	Rtn4r		0.9	nichenet_prior	NicheNet	omnipath	omnipath					
Lgi2	Adam23		0.9	nichenet_prior	NicheNet	omnipath	omnipath					
Lgi3	Adam23		0.9	nichenet_prior	NicheNet	omnipath	omnipath					
Lgi3	Stx1a		0.9	nichenet_prior	NicheNet	omnipath	omnipath					
Lgi4	Adam23		0.9	nichenet_prior	NicheNet	omnipath	omnipath					
Lhb	Adcyap1r1		0.9	nichenet_prior	NicheNet	omnipath	omnipath					
Lhb	Adrb2		0.9	nichenet_prior	NicheNet	omnipath	omnipath					
Lhb	Adrb3		0.9	nichenet_prior	NicheNet	omnipath	omnipath					
Lhb	Gpr20		0.9	nichenet_prior	NicheNet	omnipath	omnipath					
Lhb	Gpr84		0.9	nichenet_prior	NicheNet	omnipath	omnipath					
Lhb	Pth1r		0.9	nichenet_prior	NicheNet	omnipath	omnipath					
Lhb	Ramp2		0.9	nichenet_prior	NicheNet	omnipath	omnipath					
Lhb	Ramp3		0.9	nichenet_prior	NicheNet	omnipath	omnipath					
Lhb	Tshr		0.9	nichenet_prior	NicheNet	omnipath	omnipath					
Lhb	Vipr1		0.9	nichenet_prior	NicheNet	omnipath	omnipath					
Lif	Il6st		0.9	nichenet_prior	NicheNet	omnipath	omnipath					
Lif	Lifr		0.9	nichenet_prior	NicheNet	omnipath	omnipath					
Lilr4b	Cntfr		0.9	nichenet_prior	NicheNet	nichenet_verschueren	nichenet_verschueren					
Lilr4b	Fgfr4		0.9	nichenet_prior	NicheNet	omnipath	omnipath					
Lilr4b	Lair1		0.9	nichenet_prior	NicheNet	omnipath	omnipath					
Lilra5	Cntfr		0.9	nichenet_prior	NicheNet	nichenet_verschueren	nichenet_verschueren					
Lilra5	Lair1		0.9	nichenet_prior	NicheNet	omnipath	omnipath					
Lilra6	Cd300e		0.9	nichenet_prior	NicheNet	omnipath	omnipath					
Lilra6	Cntfr		0.9	nichenet_prior	NicheNet	nichenet_verschueren	nichenet_verschueren					
Lilra6	Lair1		0.9	nichenet_prior	NicheNet	omnipath	omnipath					
Lilra6	Lctl		0.9	nichenet_prior	NicheNet	omnipath	omnipath					
Lilra6	Ly6g6f		0.9	nichenet_prior	NicheNet	omnipath	omnipath					
Lilrb4a	Cntfr		0.9	nichenet_prior	NicheNet	nichenet_verschueren	nichenet_verschueren					
Lilrb4a	Fgfr4		0.9	nichenet_prior	NicheNet	omnipath	omnipath					
Lilrb4a	Lair1		0.9	nichenet_prior	NicheNet	omnipath	omnipath					
Lin7a	Slc6a12		0.9	nichenet_prior	NicheNet	omnipath	omnipath					
Lin7b	Aqp1		0.9	nichenet_prior	NicheNet	omnipath	omnipath					
Lin7b	Kcnj4		0.9	nichenet_prior	NicheNet	omnipath	omnipath					
Lin7c	Abca1		0.9	nichenet_prior	NicheNet	omnipath	omnipath					
Lin7c	Htr2c		0.9	nichenet_prior	NicheNet	omnipath	omnipath					
Lin7c	Kcnj4		0.9	nichenet_prior	NicheNet	omnipath	omnipath					
Lingo4	Nfasc		0.9	nichenet_prior	NicheNet	omnipath	omnipath					
Lipc	Lrp1		0.9	nichenet_prior	NicheNet	omnipath	omnipath					
Liph	Lpar1		0.9	nichenet_prior	NicheNet	omnipath	omnipath					
Liph	Lpar2		0.9	nichenet_prior	NicheNet	omnipath	omnipath					
Liph	Lpar4		0.9	nichenet_prior	NicheNet	omnipath	omnipath					
Lpl	Gpihbp1		0.9	nichenet_prior	NicheNet	omnipath	omnipath					
Lpl	Lrp1		0.9	nichenet_prior	NicheNet	omnipath	omnipath					
Lpl	Lrp2		0.9	nichenet_prior	NicheNet	omnipath	omnipath					
Lpl	Sdc1		0.9	nichenet_prior	NicheNet	omnipath	omnipath					
Lpl	Vldlr		0.9	nichenet_prior	NicheNet	omnipath	omnipath					
Lrch4	Cadm3		0.9	nichenet_prior	NicheNet	nichenet_verschueren	nichenet_verschueren					
Lrfn1	Ptprs		0.9	nichenet_prior	NicheNet	nichenet_verschueren	nichenet_verschueren					
Lrfn3	Fcrl1		0.9	nichenet_prior	NicheNet	omnipath	omnipath					
Lrfn5	Tie1		0.9	nichenet_prior	NicheNet	nichenet_verschueren	nichenet_verschueren					
Lrfn5	Tnfrsf14		0.9	nichenet_prior	NicheNet	nichenet_verschueren	nichenet_verschueren					
Lrig1	Egfr		0.9	nichenet_prior	NicheNet	omnipath	omnipath					
Lrig1	Erbb2		0.9	nichenet_prior	NicheNet	omnipath	omnipath					
Lrig1	Erbb3		0.9	nichenet_prior	NicheNet	omnipath	omnipath					
Lrig1	Erbb4		0.9	nichenet_prior	NicheNet	omnipath	omnipath					
Lrig1	Met		0.9	nichenet_prior	NicheNet	omnipath	omnipath					
Lrig1	Mog		0.9	nichenet_prior	NicheNet	nichenet_verschueren	nichenet_verschueren					
Lrig2	Egfr		0.9	nichenet_prior	NicheNet	omnipath	omnipath					
Lrit1	Fcrl1		0.9	nichenet_prior	NicheNet	omnipath	omnipath					
Lrit1	Siglech		0.9	nichenet_prior	NicheNet	omnipath	omnipath					
Lrit1	Siglecf		0.9	nichenet_prior	NicheNet	omnipath	omnipath					
Lrit1	Cd33		0.9	nichenet_prior	NicheNet	omnipath	omnipath					
Lrit2	Ptprd		0.9	nichenet_prior	NicheNet	nichenet_verschueren	nichenet_verschueren					
Lrit2	Siglecg		0.9	nichenet_prior	NicheNet	omnipath	omnipath					
Lrp1b	Plaur		0.9	nichenet_prior	NicheNet	omnipath	omnipath					
Lrpap1	Cd320		0.9	nichenet_prior	NicheNet	nichenet_verschueren	nichenet_verschueren					
Lrpap1	Lrp1		0.9	nichenet_prior	NicheNet	nichenet_verschueren	nichenet_verschueren					
Lrpap1	Sirpa		0.9	nichenet_prior	NicheNet	nichenet_verschueren	nichenet_verschueren					
Lrrc4	Neto2		0.9	nichenet_prior	NicheNet	omnipath	omnipath					
Lrrc4	Prss55		0.9	nichenet_prior	NicheNet	nichenet_verschueren	nichenet_verschueren					
Lrrc4b	Gm36028		0.9	nichenet_prior	NicheNet	nichenet_verschueren	nichenet_verschueren					
Lrrc4b	Unc5d		0.9	nichenet_prior	NicheNet	omnipath	omnipath					
Lrrc4c	Gm36028		0.9	nichenet_prior	NicheNet	nichenet_verschueren	nichenet_verschueren					
Lrrc4c	Ldlr		0.9	nichenet_prior	NicheNet	nichenet_verschueren	nichenet_verschueren					
Lrrc4c	Lrrtm4		0.9	nichenet_prior	NicheNet	omnipath	omnipath					
Lrrc4c	Ntm		0.9	nichenet_prior	NicheNet	nichenet_verschueren	nichenet_verschueren					
Lrrc4c	Siglec15		0.9	nichenet_prior	NicheNet	nichenet_verschueren	nichenet_verschueren					
Lrrc4c	Siglece		0.9	nichenet_prior	NicheNet	nichenet_verschueren	nichenet_verschueren					
Lrrc4c	Siglecf		0.9	nichenet_prior	NicheNet	nichenet_verschueren	nichenet_verschueren					
Lrrc4c	Tmem53		0.9	nichenet_prior	NicheNet	omnipath	omnipath					
Lrrc4c	Unc5a		0.9	nichenet_prior	NicheNet	omnipath	omnipath					
Lrrc52	Cd300lb		0.9	nichenet_prior	NicheNet	nichenet_verschueren	nichenet_verschueren					
Lrrc52	Trem2		0.9	nichenet_prior	NicheNet	nichenet_verschueren	nichenet_verschueren					
Lrrn1	Lrrc4		0.9	nichenet_prior	NicheNet	omnipath	omnipath					
Lrrn1	Lrrc4c		0.9	nichenet_prior	NicheNet	omnipath	omnipath					
Lrrn1	Unc5a		0.9	nichenet_prior	NicheNet	omnipath	omnipath					
Lrrn2	Tmem123		0.9	nichenet_prior	NicheNet	omnipath	omnipath					
Lrrtm2	Fgfr3		0.9	nichenet_prior	NicheNet	nichenet_verschueren	nichenet_verschueren					
Lrrtm2	Fgfr4		0.9	nichenet_prior	NicheNet	omnipath	omnipath					
Lrrtm2	Igdcc4		0.9	nichenet_prior	NicheNet	omnipath	omnipath					
Lrrtm2	Mog		0.9	nichenet_prior	NicheNet	nichenet_verschueren	nichenet_verschueren					
Lrrtm2	Oscar		0.9	nichenet_prior	NicheNet	omnipath	omnipath					
Lrrtm2	Prtg		0.9	nichenet_prior	NicheNet	omnipath	omnipath					
Lrrtm2	Treml2		0.9	nichenet_prior	NicheNet	omnipath	omnipath					
Lrrtm2	Unc5a		0.9	nichenet_prior	NicheNet	omnipath	omnipath					
Lrrtm3	Mog		0.9	nichenet_prior	NicheNet	nichenet_verschueren	nichenet_verschueren					
Lrrtm3	Ngfr		0.9	nichenet_prior	NicheNet	nichenet_verschueren	nichenet_verschueren					
Lrtm2	Il6ra		0.9	nichenet_prior	NicheNet	nichenet_verschueren	nichenet_verschueren					
Lsamp	Negr1		0.9	nichenet_prior	NicheNet	omnipath	omnipath					
Lsamp	Opcml		0.9	nichenet_prior	NicheNet	omnipath	omnipath					
Lta	Ltbr		0.9	nichenet_prior	NicheNet	omnipath	omnipath					
Ltb	Cd40		0.9	nichenet_prior	NicheNet	omnipath	omnipath					
Ltb	Ltbr		0.9	nichenet_prior	NicheNet	omnipath	omnipath					
Ltb	Tnfrsf1a		0.9	nichenet_prior	NicheNet	omnipath	omnipath					
Ltbp1	Itgb5		0.9	nichenet_prior	NicheNet	omnipath	omnipath					
Ltbp3	Itgb5		0.9	nichenet_prior	NicheNet	omnipath	omnipath					
Ltf	Ager		0.9	nichenet_prior	NicheNet	omnipath	omnipath					
Ltf	Boc		0.9	nichenet_prior	NicheNet	omnipath	omnipath					
Ltf	Igdcc4		0.9	nichenet_prior	NicheNet	omnipath	omnipath					
Ltf	Il1rl1		0.9	nichenet_prior	NicheNet	omnipath	omnipath					
Ltf	Lrp1		0.9	nichenet_prior	NicheNet	omnipath	omnipath					
Ltf	Lrp11		0.9	nichenet_prior	NicheNet	omnipath	omnipath					
Ltf	Tfrc		0.9	nichenet_prior	NicheNet	omnipath	omnipath					
Ltf	Tnfrsf11b		0.9	nichenet_prior	NicheNet	omnipath	omnipath					
Ltf	Treml2		0.9	nichenet_prior	NicheNet	omnipath	omnipath					
Lum	Itgb1		0.9	nichenet_prior	NicheNet	omnipath	omnipath					
Lvrn	Vsig8		0.9	nichenet_prior	NicheNet	omnipath	omnipath					
Ly6g5c	Pgap6		0.9	nichenet_prior	NicheNet	omnipath	omnipath					
Ly6g6f	Csf1r		0.9	nichenet_prior	NicheNet	nichenet_verschueren	nichenet_verschueren					
Ly6g6f	Ddr1		0.9	nichenet_prior	NicheNet	nichenet_verschueren	nichenet_verschueren					
Ly6g6f	Layn		0.9	nichenet_prior	NicheNet	nichenet_verschueren	nichenet_verschueren					
Ly6g6f	Lilra5		0.9	nichenet_prior	NicheNet	omnipath	omnipath					
Ly6g6f	Lilra6		0.9	nichenet_prior	NicheNet	nichenet_verschueren	nichenet_verschueren					
Ly6g6f	Pira1		0.9	nichenet_prior	NicheNet	nichenet_verschueren	nichenet_verschueren					
Ly6g6f	Pira2		0.9	nichenet_prior	NicheNet	nichenet_verschueren	nichenet_verschueren					
Ly6g6f	Pira6		0.9	nichenet_prior	NicheNet	nichenet_verschueren	nichenet_verschueren					
Ly6g6f	Pirb		0.9	nichenet_prior	NicheNet	nichenet_verschueren	nichenet_verschueren					
Ly6g6f	Gm14548		0.9	nichenet_prior	NicheNet	nichenet_verschueren	nichenet_verschueren					
Ly6g6f	Gm15448		0.9	nichenet_prior	NicheNet	nichenet_verschueren	nichenet_verschueren					
Ly6g6f	Pira12		0.9	nichenet_prior	NicheNet	nichenet_verschueren	nichenet_verschueren					
Ly6g6f	Pira13		0.9	nichenet_prior	NicheNet	nichenet_verschueren	nichenet_verschueren					
Ly6g6f	Robo3		0.9	nichenet_prior	NicheNet	nichenet_verschueren	nichenet_verschueren					
Ly86	Cd180		0.9	nichenet_prior	NicheNet	omnipath	omnipath					
Ly9	Tnfrsf17		0.9	nichenet_prior	NicheNet	nichenet_verschueren	nichenet_verschueren					
Lypd6	Il20ra		0.9	nichenet_prior	NicheNet	nichenet_verschueren	nichenet_verschueren					
Lyz1	Itgal		0.9	nichenet_prior	NicheNet	omnipath	omnipath					
Lyz2	Itgal		0.9	nichenet_prior	NicheNet	omnipath	omnipath					
Madcam1	Cd44		0.9	nichenet_prior	NicheNet	omnipath	omnipath					
Madcam1	Itga4		0.9	nichenet_prior	NicheNet	omnipath	omnipath					
Madcam1	Itgb7		0.9	nichenet_prior	NicheNet	omnipath	omnipath					
Madcam1	Siglece		0.9	nichenet_prior	NicheNet	omnipath	omnipath					
Mansc1	Gpr55		0.9	nichenet_prior	NicheNet	omnipath	omnipath					
Matn1	Itga1		0.9	nichenet_prior	NicheNet	omnipath	omnipath					
Matn1	Itgb1		0.9	nichenet_prior	NicheNet	omnipath	omnipath					
Mbl2	C1qb		0.9	nichenet_prior	NicheNet	omnipath	omnipath					
Mbl2	Calcr		0.9	nichenet_prior	NicheNet	omnipath	omnipath					
Mbl2	Cd93		0.9	nichenet_prior	NicheNet	omnipath	omnipath					
Mbl2	Lrp1		0.9	nichenet_prior	NicheNet	omnipath	omnipath					
Mcam	Cd226		0.9	nichenet_prior	NicheNet	omnipath	omnipath					
Mcam	Cntn1		0.9	nichenet_prior	NicheNet	omnipath	omnipath					
Mcam	Fgfr4		0.9	nichenet_prior	NicheNet	nichenet_verschueren	nichenet_verschueren					
Mcam	Tmem132a		0.9	nichenet_prior	NicheNet	omnipath	omnipath					
Mdk	Itga4		0.9	nichenet_prior	NicheNet	omnipath	omnipath					
Mdk	Itga6		0.9	nichenet_prior	NicheNet	omnipath	omnipath					
Mdk	Itgb1		0.9	nichenet_prior	NicheNet	omnipath	omnipath					
Mdk	Lrp2		0.9	nichenet_prior	NicheNet	omnipath	omnipath					
Mdk	Notch2		0.9	nichenet_prior	NicheNet	omnipath	omnipath					
Mdk	Ptprb		0.9	nichenet_prior	NicheNet	nichenet_verschueren	nichenet_verschueren					
Mdk	Sdc3		0.9	nichenet_prior	NicheNet	omnipath	omnipath					
Mdk	Tspan1		0.9	nichenet_prior	NicheNet	omnipath	omnipath					
Megf10	Abca1		0.9	nichenet_prior	NicheNet	omnipath	omnipath					
Meltf	Tfrc		0.9	nichenet_prior	NicheNet	omnipath	omnipath					
Mfap2	Notch1		0.9	nichenet_prior	NicheNet	omnipath	omnipath					
Mfap3l	Ceacam1		0.9	nichenet_prior	NicheNet	omnipath	omnipath					
Mfap3l	Ceacam2		0.9	nichenet_prior	NicheNet	omnipath	omnipath					
Mfap3l	Mpzl2		0.9	nichenet_prior	NicheNet	omnipath	omnipath					
Mfap5	Notch1		0.9	nichenet_prior	NicheNet	omnipath	omnipath					
Mfge8	Itgav		0.9	nichenet_prior	NicheNet	omnipath	omnipath					
Mfge8	Itgb3		0.9	nichenet_prior	NicheNet	omnipath	omnipath					
Mfge8	Itgb5		0.9	nichenet_prior	NicheNet	omnipath	omnipath					
Mfge8	Pdgfrb		0.9	nichenet_prior	NicheNet	omnipath	omnipath					
Mfng	Notch1		0.9	nichenet_prior	NicheNet	omnipath	omnipath					
Mfng	Notch2		0.9	nichenet_prior	NicheNet	omnipath	omnipath					
Mia	Cdh7		0.9	nichenet_prior	NicheNet	omnipath	omnipath					
Mia	Itga4		0.9	nichenet_prior	NicheNet	omnipath	omnipath					
Mia	Itga5		0.9	nichenet_prior	NicheNet	omnipath	omnipath					
Mia	Itgb1		0.9	nichenet_prior	NicheNet	omnipath	omnipath					
Mif	Cd44		0.9	nichenet_prior	NicheNet	omnipath	omnipath					
Mif	Cd74		0.9	nichenet_prior	NicheNet	omnipath	omnipath					
Mif	Cxcr2		0.9	nichenet_prior	NicheNet	omnipath	omnipath					
Mif	Cxcr4		0.9	nichenet_prior	NicheNet	omnipath	omnipath					
Mif	Egfr		0.9	nichenet_prior	NicheNet	omnipath	omnipath					
Mill1	Hcst		0.9	nichenet_prior	NicheNet	omnipath	omnipath					
Mill1	Klrk1		0.9	nichenet_prior	NicheNet	omnipath	omnipath					
Mill1	Pcdhac1		0.9	nichenet_prior	NicheNet	nichenet_verschueren	nichenet_verschueren					
Mill2	Hcst		0.9	nichenet_prior	NicheNet	omnipath	omnipath					
Mill2	Klrk1		0.9	nichenet_prior	NicheNet	omnipath	omnipath					
Mill2	Pcdhac1		0.9	nichenet_prior	NicheNet	nichenet_verschueren	nichenet_verschueren					
Mmp12	F12		0.9	nichenet_prior	NicheNet	omnipath	omnipath					
Mmp12	Plaur		0.9	nichenet_prior	NicheNet	omnipath	omnipath					
Mmp13	F12		0.9	nichenet_prior	NicheNet	omnipath	omnipath					
Mmp13	Lrp1		0.9	nichenet_prior	NicheNet	omnipath	omnipath					
Mmp14	Adam9		0.9	nichenet_prior	NicheNet	omnipath	omnipath					
Mmp14	Cd44		0.9	nichenet_prior	NicheNet	omnipath	omnipath					
Mmp14	Ddr1		0.9	nichenet_prior	NicheNet	omnipath	omnipath					
Mmp14	F12		0.9	nichenet_prior	NicheNet	omnipath	omnipath					
Mmp14	Mmp13		0.9	nichenet_prior	NicheNet	omnipath	omnipath					
Mmp14	Mmp2		0.9	nichenet_prior	NicheNet	omnipath	omnipath					
Mmp14	Sdc1		0.9	nichenet_prior	NicheNet	omnipath	omnipath					
Mmp15	Ddr1		0.9	nichenet_prior	NicheNet	omnipath	omnipath					
Mmp16	Ddr1		0.9	nichenet_prior	NicheNet	omnipath	omnipath					
Mmp16	Mmp2		0.9	nichenet_prior	NicheNet	omnipath	omnipath					
Mmp1a	Cd44		0.9	nichenet_prior	NicheNet	omnipath	omnipath					
Mmp1a	F2r		0.9	nichenet_prior	NicheNet	omnipath	omnipath					
Mmp1a	Itga2		0.9	nichenet_prior	NicheNet	omnipath	omnipath					
Mmp1b	Cd44		0.9	nichenet_prior	NicheNet	omnipath	omnipath					
Mmp1b	F2r		0.9	nichenet_prior	NicheNet	omnipath	omnipath					
Mmp1b	Itga2		0.9	nichenet_prior	NicheNet	omnipath	omnipath					
Mmp2	Ccr2		0.9	nichenet_prior	NicheNet	omnipath	omnipath					
Mmp2	Ddr1		0.9	nichenet_prior	NicheNet	omnipath	omnipath					
Mmp2	Egfr		0.9	nichenet_prior	NicheNet	omnipath	omnipath					
Mmp2	F2r		0.9	nichenet_prior	NicheNet	omnipath	omnipath					
Mmp2	Fgfr1		0.9	nichenet_prior	NicheNet	omnipath	omnipath					
Mmp2	Itgav		0.9	nichenet_prior	NicheNet	omnipath	omnipath					
Mmp2	Itgb3		0.9	nichenet_prior	NicheNet	omnipath	omnipath					
Mmp2	Lrp2		0.9	nichenet_prior	NicheNet	omnipath	omnipath					
Mmp2	Pecam1		0.9	nichenet_prior	NicheNet	omnipath	omnipath					
Mmp2	Sdc2		0.9	nichenet_prior	NicheNet	omnipath	omnipath					
Mmp25	Mmp2		0.9	nichenet_prior	NicheNet	omnipath	omnipath					
Mmp7	Cd151		0.9	nichenet_prior	NicheNet	omnipath	omnipath					
Mmp7	Cd44		0.9	nichenet_prior	NicheNet	omnipath	omnipath					
Mmp7	Erbb4		0.9	nichenet_prior	NicheNet	omnipath	omnipath					
Mmp7	Itgb4		0.9	nichenet_prior	NicheNet	omnipath	omnipath					
Mmp7	Mmp1a		0.9	nichenet_prior	NicheNet	omnipath	omnipath					
Mmp7	Mmp1b		0.9	nichenet_prior	NicheNet	omnipath	omnipath					
Mmp7	Sdc1		0.9	nichenet_prior	NicheNet	omnipath	omnipath					
Mmp9	Cd44		0.9	nichenet_prior	NicheNet	omnipath	omnipath					
Mmp9	Ddr1		0.9	nichenet_prior	NicheNet	omnipath	omnipath					
Mmp9	Ephb2		0.9	nichenet_prior	NicheNet	omnipath	omnipath					
Mmp9	Ifnar1		0.9	nichenet_prior	NicheNet	omnipath	omnipath					
Mmp9	Itgam		0.9	nichenet_prior	NicheNet	omnipath	omnipath					
Mmp9	Gm49368		0.9	nichenet_prior	NicheNet	omnipath	omnipath					
Mmp9	Itgb2		0.9	nichenet_prior	NicheNet	omnipath	omnipath					
Mmp9	Itgb2l		0.9	nichenet_prior	NicheNet	omnipath	omnipath					
Mmp9	Lrp1		0.9	nichenet_prior	NicheNet	omnipath	omnipath					
Mmp9	Reck		0.9	nichenet_prior	NicheNet	omnipath	omnipath					
Mmp9	Tlr9		0.9	nichenet_prior	NicheNet	omnipath	omnipath					
Mmrn2	Cd248		0.9	nichenet_prior	NicheNet	omnipath	omnipath					
Mmrn2	Cd93		0.9	nichenet_prior	NicheNet	omnipath	omnipath					
Mmrn2	Clec14a		0.9	nichenet_prior	NicheNet	omnipath	omnipath					
Mpdz	Cldn1		0.9	nichenet_prior	NicheNet	omnipath	omnipath					
Mpdz	Cldn4		0.9	nichenet_prior	NicheNet	omnipath	omnipath					
Mpdz	Cldn13		0.9	nichenet_prior	NicheNet	omnipath	omnipath					
Mpdz	Cldn5		0.9	nichenet_prior	NicheNet	omnipath	omnipath					
Mpdz	Cldn8		0.9	nichenet_prior	NicheNet	omnipath	omnipath					
Mpdz	F11r		0.9	nichenet_prior	NicheNet	omnipath	omnipath					
Mpig6b	Ager		0.9	nichenet_prior	NicheNet	omnipath	omnipath					
Mpig6b	Boc		0.9	nichenet_prior	NicheNet	omnipath	omnipath					
Mpig6b	Il1rl1		0.9	nichenet_prior	NicheNet	omnipath	omnipath					
Mpig6b	Oscar		0.9	nichenet_prior	NicheNet	omnipath	omnipath					
Mpig6b	Robo1		0.9	nichenet_prior	NicheNet	omnipath	omnipath					
Mpig6b	Tnfrsf21		0.9	nichenet_prior	NicheNet	omnipath	omnipath					
Mpig6b	Unc5a		0.9	nichenet_prior	NicheNet	omnipath	omnipath					
Mpig6b	Unc5d		0.9	nichenet_prior	NicheNet	omnipath	omnipath					
Mpz	Il6ra		0.9	nichenet_prior	NicheNet	omnipath	omnipath					
Mpz	Islr2		0.9	nichenet_prior	NicheNet	omnipath	omnipath					
Mpz	Lilra5		0.9	nichenet_prior	NicheNet	omnipath	omnipath					
Mpz	Lilra6		0.9	nichenet_prior	NicheNet	omnipath	omnipath					
Mpz	Pira1		0.9	nichenet_prior	NicheNet	omnipath	omnipath					
Mpz	Pira2		0.9	nichenet_prior	NicheNet	omnipath	omnipath					
Mpz	Pira6		0.9	nichenet_prior	NicheNet	omnipath	omnipath					
Mpz	Pirb		0.9	nichenet_prior	NicheNet	omnipath	omnipath					
Mpz	Gm14548		0.9	nichenet_prior	NicheNet	omnipath	omnipath					
Mpz	Gm15448		0.9	nichenet_prior	NicheNet	omnipath	omnipath					
Mpz	Pira12		0.9	nichenet_prior	NicheNet	omnipath	omnipath					
Mpz	Pira13		0.9	nichenet_prior	NicheNet	omnipath	omnipath					
Mpz	Siglech		0.9	nichenet_prior	NicheNet	omnipath	omnipath					
Mpz	Siglecf		0.9	nichenet_prior	NicheNet	omnipath	omnipath					
Mpz	Cd33		0.9	nichenet_prior	NicheNet	omnipath	omnipath					
Mpzl3	AU040320		0.9	nichenet_prior	NicheNet	nichenet_verschueren	nichenet_verschueren					
Mpzl3	Mpzl2		0.9	nichenet_prior	NicheNet	omnipath	omnipath					
Msmb	Gpr55		0.9	nichenet_prior	NicheNet	omnipath	omnipath					
Msmp	Ccr2		0.9	nichenet_prior	NicheNet	omnipath	omnipath					
Msn	Slc9a1		0.9	nichenet_prior	NicheNet	omnipath	omnipath					
Mst1	Mst1r		0.9	nichenet_prior	NicheNet	omnipath	omnipath					
Mstn	Acvr1b		0.9	nichenet_prior	NicheNet	omnipath	omnipath					
Mstn	Acvr2a		0.9	nichenet_prior	NicheNet	omnipath	omnipath					
Mstn	Acvr2b		0.9	nichenet_prior	NicheNet	omnipath	omnipath					
Mstn	Tgfbr1		0.9	nichenet_prior	NicheNet	omnipath	omnipath					
Muc1	Siglece		0.9	nichenet_prior	NicheNet	omnipath	omnipath					
Muc4	Erbb2		0.9	nichenet_prior	NicheNet	omnipath	omnipath					
Mug1	Mmp2		0.9	nichenet_prior	NicheNet	omnipath	omnipath					
Mug1	Mmp9		0.9	nichenet_prior	NicheNet	omnipath	omnipath					
Mug1	Sctr		0.9	nichenet_prior	NicheNet	omnipath	omnipath					
Mug2	Mmp2		0.9	nichenet_prior	NicheNet	omnipath	omnipath					
Mug2	Mmp9		0.9	nichenet_prior	NicheNet	omnipath	omnipath					
Mug2	Sctr		0.9	nichenet_prior	NicheNet	omnipath	omnipath					
Mxra8	Jam3		0.9	nichenet_prior	NicheNet	omnipath	omnipath					
Myoc	Fzd1		0.9	nichenet_prior	NicheNet	omnipath	omnipath					
Myoc	Fzd10		0.9	nichenet_prior	NicheNet	omnipath	omnipath					
Myoc	Fzd3		0.9	nichenet_prior	NicheNet	omnipath	omnipath					
Myoc	Fzd4		0.9	nichenet_prior	NicheNet	omnipath	omnipath					
Myoc	Fzd7		0.9	nichenet_prior	NicheNet	omnipath	omnipath					
Naaladl1	Cd96		0.9	nichenet_prior	NicheNet	omnipath	omnipath					
Nampt	Adora2a		0.9	nichenet_prior	NicheNet	omnipath	omnipath					
Nampt	Insr		0.9	nichenet_prior	NicheNet	omnipath	omnipath					
Nampt	Itga5		0.9	nichenet_prior	NicheNet	omnipath	omnipath					
Nampt	Itgb1		0.9	nichenet_prior	NicheNet	omnipath	omnipath					
Ncam1	Cacna1c		0.9	nichenet_prior	NicheNet	omnipath	omnipath					
Ncam1	Clec14a		0.9	nichenet_prior	NicheNet	omnipath	omnipath					
Ncam1	Clec2l		0.9	nichenet_prior	NicheNet	omnipath	omnipath					
Ncam1	Cntn1		0.9	nichenet_prior	NicheNet	omnipath	omnipath					
Ncam1	Fgfr2		0.9	nichenet_prior	NicheNet	omnipath	omnipath					
Ncam1	Gfra1		0.9	nichenet_prior	NicheNet	omnipath	omnipath					
Ncam1	Islr2		0.9	nichenet_prior	NicheNet	omnipath	omnipath					
Ncam1	Nptn		0.9	nichenet_prior	NicheNet	nichenet_verschueren	nichenet_verschueren					
Ncam1	Ptprs		0.9	nichenet_prior	NicheNet	omnipath	omnipath					
Ncam1	Ptprz1		0.9	nichenet_prior	NicheNet	omnipath	omnipath					
Ncam1	Robo1		0.9	nichenet_prior	NicheNet	omnipath	omnipath					
Ncam1	Robo3		0.9	nichenet_prior	NicheNet	omnipath	omnipath					
Ncan	Cdh2		0.9	nichenet_prior	NicheNet	omnipath	omnipath					
Ncan	Sdc3		0.9	nichenet_prior	NicheNet	omnipath	omnipath					
Ndp	Fzd4		0.9	nichenet_prior	NicheNet	omnipath	omnipath					
Ndp	Lgr4		0.9	nichenet_prior	NicheNet	omnipath	omnipath					
Ndp	Lrp5		0.9	nichenet_prior	NicheNet	omnipath	omnipath					
Nectin1	Fgfr1		0.9	nichenet_prior	NicheNet	omnipath	omnipath					
Nectin1	Nectin1		0.9	nichenet_prior	NicheNet	nichenet_verschueren	nichenet_verschueren					
Nectin2	Cd96		0.9	nichenet_prior	NicheNet	omnipath	omnipath					
Nectin2	Nectin2		0.9	nichenet_prior	NicheNet	nichenet_verschueren	nichenet_verschueren					
Nectin2	Nectin3		0.9	nichenet_prior	NicheNet	omnipath	omnipath					
Nectin2	Nectin4		0.9	nichenet_prior	NicheNet	omnipath	omnipath					
Nectin2	Pvr		0.9	nichenet_prior	NicheNet	omnipath	omnipath					
Nectin2	Pvrig		0.9	nichenet_prior	NicheNet	omnipath	omnipath					
Nectin3	Cadm1		0.9	nichenet_prior	NicheNet	omnipath	omnipath					
Nectin3	Cadm3		0.9	nichenet_prior	NicheNet	omnipath	omnipath					
Nectin3	Gucy2e		0.9	nichenet_prior	NicheNet	nichenet_verschueren	nichenet_verschueren					
Nectin3	Nectin1		0.9	nichenet_prior	NicheNet	omnipath	omnipath					
Nectin4	Gucy2e		0.9	nichenet_prior	NicheNet	nichenet_verschueren	nichenet_verschueren					
Nectin4	Nectin1		0.9	nichenet_prior	NicheNet	nichenet_verschueren	nichenet_verschueren					
Nectin4	Nectin2		0.9	nichenet_prior	NicheNet	nichenet_verschueren	nichenet_verschueren					
Nectin4	Pvr		0.9	nichenet_prior	NicheNet	nichenet_verschueren	nichenet_verschueren					
Nectin4	Tigit		0.9	nichenet_prior	NicheNet	omnipath	omnipath					
Negr1	Igsf9b		0.9	nichenet_prior	NicheNet	omnipath	omnipath					
Negr1	Ntm		0.9	nichenet_prior	NicheNet	nichenet_verschueren	nichenet_verschueren					
Negr1	Opcml		0.9	nichenet_prior	NicheNet	nichenet_verschueren	nichenet_verschueren					
Negr1	Tnfrsf17		0.9	nichenet_prior	NicheNet	nichenet_verschueren	nichenet_verschueren					
Nell2	Robo3		0.9	nichenet_prior	NicheNet	omnipath	omnipath					
Neo1	Hjv		0.9	nichenet_prior	NicheNet	omnipath	omnipath					
Neo1	Rgmb		0.9	nichenet_prior	NicheNet	omnipath	omnipath					
Neto2	Fcrl1		0.9	nichenet_prior	NicheNet	omnipath	omnipath					
Neto2	Il18r1		0.9	nichenet_prior	NicheNet	nichenet_verschueren	nichenet_verschueren					
Neto2	Lrrc4		0.9	nichenet_prior	NicheNet	nichenet_verschueren	nichenet_verschueren					
Nfasc	Cntn1		0.9	nichenet_prior	NicheNet	omnipath	omnipath					
Nfasc	Cntnap1		0.9	nichenet_prior	NicheNet	omnipath	omnipath					
Nfasc	Nrcam		0.9	nichenet_prior	NicheNet	omnipath	omnipath					
Nfasc	Nrp2		0.9	nichenet_prior	NicheNet	nichenet_verschueren	nichenet_verschueren					
Ngf	Sort1		0.9	nichenet_prior	NicheNet	omnipath	omnipath					
Nid1	Col13a1		0.9	nichenet_prior	NicheNet	omnipath	omnipath					
Nid1	Itga3		0.9	nichenet_prior	NicheNet	omnipath	omnipath					
Nid1	Itgav		0.9	nichenet_prior	NicheNet	omnipath	omnipath					
Nid1	Itgb1		0.9	nichenet_prior	NicheNet	omnipath	omnipath					
Nid1	Itgb3		0.9	nichenet_prior	NicheNet	omnipath	omnipath					
Nid1	Ptprf		0.9	nichenet_prior	NicheNet	omnipath	omnipath					
Nid2	Col13a1		0.9	nichenet_prior	NicheNet	omnipath	omnipath					
Nlgn1	Nrxn1		0.9	nichenet_prior	NicheNet	omnipath	omnipath					
Nlgn1	Nrxn2		0.9	nichenet_prior	NicheNet	omnipath	omnipath					
Nlgn1	Nrxn3		0.9	nichenet_prior	NicheNet	omnipath	omnipath					
Nlgn2	Mdga1		0.9	nichenet_prior	NicheNet	omnipath	omnipath					
Nlgn2	Nrxn1		0.9	nichenet_prior	NicheNet	omnipath	omnipath					
Nlgn2	Nrxn2		0.9	nichenet_prior	NicheNet	omnipath	omnipath					
Nlgn2	Nrxn3		0.9	nichenet_prior	NicheNet	omnipath	omnipath					
Nlgn3	Cd2		0.9	nichenet_prior	NicheNet	nichenet_verschueren	nichenet_verschueren					
Nlgn3	Mdga1		0.9	nichenet_prior	NicheNet	omnipath	omnipath					
Nlgn3	Nrxn1		0.9	nichenet_prior	NicheNet	omnipath	omnipath					
Nlgn3	Nrxn2		0.9	nichenet_prior	NicheNet	omnipath	omnipath					
Nlgn3	Nrxn3		0.9	nichenet_prior	NicheNet	omnipath	omnipath					
Nmb	Brs3		0.9	nichenet_prior	NicheNet	omnipath	omnipath					
Nmb	Grpr		0.9	nichenet_prior	NicheNet	omnipath	omnipath					
Nms	Adra2a		0.9	nichenet_prior	NicheNet	omnipath	omnipath					
Nms	Grm7		0.9	nichenet_prior	NicheNet	omnipath	omnipath					
Nms	Mtnr1a		0.9	nichenet_prior	NicheNet	omnipath	omnipath					
Nodal	Acvr1b		0.9	nichenet_prior	NicheNet	omnipath	omnipath					
Nodal	Acvr1c		0.9	nichenet_prior	NicheNet	omnipath	omnipath					
Nodal	Acvr2a		0.9	nichenet_prior	NicheNet	omnipath	omnipath					
Nodal	Acvr2b		0.9	nichenet_prior	NicheNet	omnipath	omnipath					
Nodal	Cfc1		0.9	nichenet_prior	NicheNet	omnipath	omnipath					
Nodal	Tdgf1		0.9	nichenet_prior	NicheNet	omnipath	omnipath					
Nog	Bmpr1a		0.9	nichenet_prior	NicheNet	omnipath	omnipath					
Nog	Bmpr1b		0.9	nichenet_prior	NicheNet	omnipath	omnipath					
Nog	Bmpr2		0.9	nichenet_prior	NicheNet	omnipath	omnipath					
Npb	Adra2a		0.9	nichenet_prior	NicheNet	omnipath	omnipath					
Npb	Grm7		0.9	nichenet_prior	NicheNet	omnipath	omnipath					
Npb	Mtnr1a		0.9	nichenet_prior	NicheNet	omnipath	omnipath					
Npff	Mas1		0.9	nichenet_prior	NicheNet	nichenet_verschueren	nichenet_verschueren					
Nphs1	Trpc6		0.9	nichenet_prior	NicheNet	omnipath	omnipath					
Npnt	Itga8		0.9	nichenet_prior	NicheNet	omnipath	omnipath					
Npnt	Itgb1		0.9	nichenet_prior	NicheNet	omnipath	omnipath					
Nppa	Npr2		0.9	nichenet_prior	NicheNet	omnipath	omnipath					
Nppa	Npr3		0.9	nichenet_prior	NicheNet	omnipath	omnipath					
Nppb	Dpp4		0.9	nichenet_prior	NicheNet	omnipath	omnipath					
Nppb	Fap		0.9	nichenet_prior	NicheNet	omnipath	omnipath					
Nppb	Npr2		0.9	nichenet_prior	NicheNet	omnipath	omnipath					
Nppb	Npr3		0.9	nichenet_prior	NicheNet	omnipath	omnipath					
Nppc	Npr1		0.9	nichenet_prior	NicheNet	omnipath	omnipath					
Nppc	Npr3		0.9	nichenet_prior	NicheNet	omnipath	omnipath					
Nps	Adcyap1r1		0.9	nichenet_prior	NicheNet	omnipath	omnipath					
Nps	Adrb2		0.9	nichenet_prior	NicheNet	omnipath	omnipath					
Nps	Adrb3		0.9	nichenet_prior	NicheNet	omnipath	omnipath					
Nps	Gpr20		0.9	nichenet_prior	NicheNet	omnipath	omnipath					
Nps	Gpr84		0.9	nichenet_prior	NicheNet	omnipath	omnipath					
Nps	Pth1r		0.9	nichenet_prior	NicheNet	omnipath	omnipath					
Nps	Ramp2		0.9	nichenet_prior	NicheNet	omnipath	omnipath					
Nps	Ramp3		0.9	nichenet_prior	NicheNet	omnipath	omnipath					
Nps	Tshr		0.9	nichenet_prior	NicheNet	omnipath	omnipath					
Nps	Vipr1		0.9	nichenet_prior	NicheNet	omnipath	omnipath					
Nptx2	Nptxr		0.9	nichenet_prior	NicheNet	omnipath	omnipath					
Npw	Adra2a		0.9	nichenet_prior	NicheNet	omnipath	omnipath					
Npw	Grm7		0.9	nichenet_prior	NicheNet	omnipath	omnipath					
Npw	Mtnr1a		0.9	nichenet_prior	NicheNet	omnipath	omnipath					
Npy	Fap		0.9	nichenet_prior	NicheNet	omnipath	omnipath					
Npy	Mc4r		0.9	nichenet_prior	NicheNet	omnipath	omnipath					
Npy	Npffr2		0.9	nichenet_prior	NicheNet	omnipath	omnipath					
Npy	Prlhr		0.9	nichenet_prior	NicheNet	omnipath	omnipath					
Nrg1	Egfr		0.9	nichenet_prior	NicheNet	omnipath	omnipath					
Nrg1	Erbb2		0.9	nichenet_prior	NicheNet	omnipath	omnipath					
Nrg1	Itgav		0.9	nichenet_prior	NicheNet	omnipath	omnipath					
Nrg1	Itgb3		0.9	nichenet_prior	NicheNet	omnipath	omnipath					
Nrg2	Erbb2		0.9	nichenet_prior	NicheNet	omnipath	omnipath					
Nrg2	Lrrtm2		0.9	nichenet_prior	NicheNet	omnipath	omnipath					
Nrg2	Mog		0.9	nichenet_prior	NicheNet	omnipath	omnipath					
Nrg2	Mpig6b		0.9	nichenet_prior	NicheNet	omnipath	omnipath					
Nrg2	Nrp2		0.9	nichenet_prior	NicheNet	omnipath	omnipath					
Nrg3	Egfr		0.9	nichenet_prior	NicheNet	omnipath	omnipath					
Nrg3	Erbb2		0.9	nichenet_prior	NicheNet	omnipath	omnipath					
Nrg3	Erbb3		0.9	nichenet_prior	NicheNet	omnipath	omnipath					
Nrg4	Egfr		0.9	nichenet_prior	NicheNet	omnipath	omnipath					
Nrg4	Erbb2		0.9	nichenet_prior	NicheNet	omnipath	omnipath					
Nrp1	Flt1		0.9	nichenet_prior	NicheNet	nichenet_verschueren	nichenet_verschueren					
Nrp1	Kdr		0.9	nichenet_prior	NicheNet	omnipath	omnipath					
Nrp1	Pdgfra		0.9	nichenet_prior	NicheNet	omnipath	omnipath					
Nrp1	Pdgfrb		0.9	nichenet_prior	NicheNet	omnipath	omnipath					
Nrp1	Plxna1		0.9	nichenet_prior	NicheNet	omnipath	omnipath					
Nrp1	Tnfrsf11b		0.9	nichenet_prior	NicheNet	nichenet_verschueren	nichenet_verschueren					
Nrtn	Gfra1		0.9	nichenet_prior	NicheNet	omnipath	omnipath					
Nrtn	Gfra2		0.9	nichenet_prior	NicheNet	omnipath	omnipath					
Nrtn	Gfra3		0.9	nichenet_prior	NicheNet	omnipath	omnipath					
Nrtn	Ret		0.9	nichenet_prior	NicheNet	omnipath	omnipath					
Nrxn1	Vstm2b		0.9	nichenet_prior	NicheNet	omnipath	omnipath					
Nrxn2	Fgfr4		0.9	nichenet_prior	NicheNet	nichenet_verschueren	nichenet_verschueren					
Nrxn2	Fgfrl1		0.9	nichenet_prior	NicheNet	omnipath	omnipath					
Nrxn2	Igsf21		0.9	nichenet_prior	NicheNet	omnipath	omnipath					
Nrxn2	Siglecf		0.9	nichenet_prior	NicheNet	omnipath	omnipath					
Nrxn2	Siglece		0.9	nichenet_prior	NicheNet	omnipath	omnipath					
Nrxn2	Tnfrsf11b		0.9	nichenet_prior	NicheNet	nichenet_verschueren	nichenet_verschueren					
Nrxn2	Vstm2b		0.9	nichenet_prior	NicheNet	omnipath	omnipath					
Nrxn3	Dag1		0.9	nichenet_prior	NicheNet	omnipath	omnipath					
Nrxn3	Fgfr4		0.9	nichenet_prior	NicheNet	nichenet_verschueren	nichenet_verschueren					
Nrxn3	Fgfrl1		0.9	nichenet_prior	NicheNet	omnipath	omnipath					
Nrxn3	Tnfrsf11b		0.9	nichenet_prior	NicheNet	nichenet_verschueren	nichenet_verschueren					
Nt5e	Fcrl1		0.9	nichenet_prior	NicheNet	omnipath	omnipath					
Ntf5	Ntrk1		0.9	nichenet_prior	NicheNet	omnipath	omnipath					
Ntf5	Ntrk3		0.9	nichenet_prior	NicheNet	nichenet_verschueren	nichenet_verschueren					
Ntm	Amigo2		0.9	nichenet_prior	NicheNet	omnipath	omnipath					
Ntm	Cd79b		0.9	nichenet_prior	NicheNet	nichenet_verschueren	nichenet_verschueren					
Ntm	Lrrc4c		0.9	nichenet_prior	NicheNet	omnipath	omnipath					
Ntm	Lrrn3		0.9	nichenet_prior	NicheNet	omnipath	omnipath					
Ntm	Negr1		0.9	nichenet_prior	NicheNet	omnipath	omnipath					
Ntm	Opcml		0.9	nichenet_prior	NicheNet	nichenet_verschueren	nichenet_verschueren					
Ntm	Stab1		0.9	nichenet_prior	NicheNet	nichenet_verschueren	nichenet_verschueren					
Ntm	Thsd7a		0.9	nichenet_prior	NicheNet	omnipath	omnipath					
Ntm	Tnfrsf17		0.9	nichenet_prior	NicheNet	nichenet_verschueren	nichenet_verschueren					
Ntm	Vsig8		0.9	nichenet_prior	NicheNet	omnipath	omnipath					
Ntn1	Adora2b		0.9	nichenet_prior	NicheNet	omnipath	omnipath					
Ntn1	Neo1		0.9	nichenet_prior	NicheNet	omnipath	omnipath					
Ntn1	Unc5d		0.9	nichenet_prior	NicheNet	omnipath	omnipath					
Ntn3	Cdon		0.9	nichenet_prior	NicheNet	omnipath	omnipath					
Ntn3	Neo1		0.9	nichenet_prior	NicheNet	omnipath	omnipath					
Ntn4	Dcc		0.9	nichenet_prior	NicheNet	omnipath	omnipath					
Ntn4	Unc5a		0.9	nichenet_prior	NicheNet	omnipath	omnipath					
Ntng1	Cd300c		0.9	nichenet_prior	NicheNet	nichenet_verschueren	nichenet_verschueren					
Ntng1	Cd300c2		0.9	nichenet_prior	NicheNet	nichenet_verschueren	nichenet_verschueren					
Ntng1	Lrrc4c		0.9	nichenet_prior	NicheNet	omnipath	omnipath					
Ntng1	Siglecf		0.9	nichenet_prior	NicheNet	omnipath	omnipath					
Ntng1	Siglece		0.9	nichenet_prior	NicheNet	omnipath	omnipath					
Ntng2	Lrrc4		0.9	nichenet_prior	NicheNet	omnipath	omnipath					
Ntng2	Lrrc4c		0.9	nichenet_prior	NicheNet	omnipath	omnipath					
Nucb2	Erap1		0.9	nichenet_prior	NicheNet	nichenet_verschueren	nichenet_verschueren					
Nxph1	Nrxn1		0.9	nichenet_prior	NicheNet	omnipath	omnipath					
Nxph1	Nrxn2		0.9	nichenet_prior	NicheNet	omnipath	omnipath					
Nxph1	Nrxn3		0.9	nichenet_prior	NicheNet	omnipath	omnipath					
Nxph2	Nrxn1		0.9	nichenet_prior	NicheNet	omnipath	omnipath					
Nxph3	Nrxn1		0.9	nichenet_prior	NicheNet	omnipath	omnipath					
Nxph3	Nrxn2		0.9	nichenet_prior	NicheNet	omnipath	omnipath					
Nxph3	Nrxn3		0.9	nichenet_prior	NicheNet	omnipath	omnipath					
Nyx	Trpm1		0.9	nichenet_prior	NicheNet	omnipath	omnipath					
Ocln	Cldn2		0.9	nichenet_prior	NicheNet	omnipath	omnipath					
Ocln	Tgfbr1		0.9	nichenet_prior	NicheNet	omnipath	omnipath					
Ocln	Tgfbr2		0.9	nichenet_prior	NicheNet	omnipath	omnipath					
Ogn	H2-Eb2		0.9	nichenet_prior	NicheNet	omnipath	omnipath					
Olfm2	Robo2		0.9	nichenet_prior	NicheNet	omnipath	omnipath					
Omg	Lingo1		0.9	nichenet_prior	NicheNet	omnipath	omnipath					
Omg	Ngfr		0.9	nichenet_prior	NicheNet	omnipath	omnipath					
Omg	Rtn4r		0.9	nichenet_prior	NicheNet	omnipath	omnipath					
Omg	Tnfrsf1b		0.9	nichenet_prior	NicheNet	omnipath	omnipath					
Opcml	Negr1		0.9	nichenet_prior	NicheNet	omnipath	omnipath					
Opcml	Ntm		0.9	nichenet_prior	NicheNet	omnipath	omnipath					
Opcml	Opcml		0.9	nichenet_prior	NicheNet	nichenet_verschueren	nichenet_verschueren					
Orm1	Ccr5		0.9	nichenet_prior	NicheNet	omnipath	omnipath					
Orm3	Ccr5		0.9	nichenet_prior	NicheNet	omnipath	omnipath					
Osm	Il6st		0.9	nichenet_prior	NicheNet	omnipath	omnipath					
Osm	Lifr		0.9	nichenet_prior	NicheNet	omnipath	omnipath					
Osm	Osmr		0.9	nichenet_prior	NicheNet	omnipath	omnipath					
Oxt	Avpr1a		0.9	nichenet_prior	NicheNet	omnipath	omnipath					
Oxt	Avpr1b		0.9	nichenet_prior	NicheNet	omnipath	omnipath					
Oxt	Avpr2		0.9	nichenet_prior	NicheNet	omnipath	omnipath					
Pam	Dpp4		0.9	nichenet_prior	NicheNet	omnipath	omnipath					
Pam	Fap		0.9	nichenet_prior	NicheNet	omnipath	omnipath					
Pam	Fxyd1		0.9	nichenet_prior	NicheNet	omnipath	omnipath					
Papln	Cd200		0.9	nichenet_prior	NicheNet	omnipath	omnipath					
Papln	Nectin4		0.9	nichenet_prior	NicheNet	omnipath	omnipath					
Papln	Sirpa		0.9	nichenet_prior	NicheNet	omnipath	omnipath					
Patj	Cldn1		0.9	nichenet_prior	NicheNet	omnipath	omnipath					
Pcdh15	Tmc1		0.9	nichenet_prior	NicheNet	omnipath	omnipath					
Pcdh15	Tmc2		0.9	nichenet_prior	NicheNet	omnipath	omnipath					
Pcdha1	Itgb1		0.9	nichenet_prior	NicheNet	omnipath	omnipath					
Pcdha10	Itgb1		0.9	nichenet_prior	NicheNet	omnipath	omnipath					
Pcdha11	Itgb1		0.9	nichenet_prior	NicheNet	omnipath	omnipath					
Pcdha12	Itgb1		0.9	nichenet_prior	NicheNet	omnipath	omnipath					
Pcdha2	Itgb1		0.9	nichenet_prior	NicheNet	omnipath	omnipath					
Pcdha2	Pcdhga1		0.9	nichenet_prior	NicheNet	omnipath	omnipath					
Pcdha2	Pcdhga10		0.9	nichenet_prior	NicheNet	omnipath	omnipath					
Pcdha2	Pcdhga11		0.9	nichenet_prior	NicheNet	omnipath	omnipath					
Pcdha2	Pcdhga12		0.9	nichenet_prior	NicheNet	omnipath	omnipath					
Pcdha2	Pcdhga2		0.9	nichenet_prior	NicheNet	omnipath	omnipath					
Pcdha2	Pcdhga3		0.9	nichenet_prior	NicheNet	omnipath	omnipath					
Pcdha2	Pcdhga4		0.9	nichenet_prior	NicheNet	omnipath	omnipath					
Pcdha2	Pcdhga5		0.9	nichenet_prior	NicheNet	omnipath	omnipath					
Pcdha2	Pcdhga6		0.9	nichenet_prior	NicheNet	omnipath	omnipath					
Pcdha2	Pcdhga7		0.9	nichenet_prior	NicheNet	omnipath	omnipath					
Pcdha2	Pcdhga8		0.9	nichenet_prior	NicheNet	omnipath	omnipath					
Pcdha2	Pcdhga9		0.9	nichenet_prior	NicheNet	omnipath	omnipath					
Pcdha2	Pcdhgb1		0.9	nichenet_prior	NicheNet	omnipath	omnipath					
Pcdha2	Pcdhgb2		0.9	nichenet_prior	NicheNet	omnipath	omnipath					
Pcdha2	Pcdhgb8		0.9	nichenet_prior	NicheNet	omnipath	omnipath					
Pcdha2	Pcdhgb4		0.9	nichenet_prior	NicheNet	omnipath	omnipath					
Pcdha2	Pcdhgb5		0.9	nichenet_prior	NicheNet	omnipath	omnipath					
Pcdha2	Pcdhgb6		0.9	nichenet_prior	NicheNet	omnipath	omnipath					
Pcdha2	Pcdhgb7		0.9	nichenet_prior	NicheNet	omnipath	omnipath					
Pcdha2	Pcdhgc3		0.9	nichenet_prior	NicheNet	omnipath	omnipath					
Pcdha2	Pcdhgc4		0.9	nichenet_prior	NicheNet	omnipath	omnipath					
Pcdha2	Pcdhgc5		0.9	nichenet_prior	NicheNet	omnipath	omnipath					
Pcdha3	Itgb1		0.9	nichenet_prior	NicheNet	omnipath	omnipath					
Pcdha4	Itgb1		0.9	nichenet_prior	NicheNet	omnipath	omnipath					
Pcdha5	Itgb1		0.9	nichenet_prior	NicheNet	omnipath	omnipath					
Pcdha6	Itgb1		0.9	nichenet_prior	NicheNet	omnipath	omnipath					
Pcdha7	Itgb1		0.9	nichenet_prior	NicheNet	omnipath	omnipath					
Pcdha8	Itgb1		0.9	nichenet_prior	NicheNet	omnipath	omnipath					
Pcdha9	Itgb1		0.9	nichenet_prior	NicheNet	omnipath	omnipath					
Pcdha9	Pcdhga1		0.9	nichenet_prior	NicheNet	omnipath	omnipath					
Pcdha9	Pcdhga10		0.9	nichenet_prior	NicheNet	omnipath	omnipath					
Pcdha9	Pcdhga11		0.9	nichenet_prior	NicheNet	omnipath	omnipath					
Pcdha9	Pcdhga12		0.9	nichenet_prior	NicheNet	omnipath	omnipath					
Pcdha9	Pcdhga2		0.9	nichenet_prior	NicheNet	omnipath	omnipath					
Pcdha9	Pcdhga3		0.9	nichenet_prior	NicheNet	omnipath	omnipath					
Pcdha9	Pcdhga4		0.9	nichenet_prior	NicheNet	omnipath	omnipath					
Pcdha9	Pcdhga5		0.9	nichenet_prior	NicheNet	omnipath	omnipath					
Pcdha9	Pcdhga6		0.9	nichenet_prior	NicheNet	omnipath	omnipath					
Pcdha9	Pcdhga7		0.9	nichenet_prior	NicheNet	omnipath	omnipath					
Pcdha9	Pcdhga8		0.9	nichenet_prior	NicheNet	omnipath	omnipath					
Pcdha9	Pcdhga9		0.9	nichenet_prior	NicheNet	omnipath	omnipath					
Pcdha9	Pcdhgb1		0.9	nichenet_prior	NicheNet	omnipath	omnipath					
Pcdha9	Pcdhgb2		0.9	nichenet_prior	NicheNet	omnipath	omnipath					
Pcdha9	Pcdhgb8		0.9	nichenet_prior	NicheNet	omnipath	omnipath					
Pcdha9	Pcdhgb4		0.9	nichenet_prior	NicheNet	omnipath	omnipath					
Pcdha9	Pcdhgb5		0.9	nichenet_prior	NicheNet	omnipath	omnipath					
Pcdha9	Pcdhgb6		0.9	nichenet_prior	NicheNet	omnipath	omnipath					
Pcdha9	Pcdhgb7		0.9	nichenet_prior	NicheNet	omnipath	omnipath					
Pcdha9	Pcdhgc3		0.9	nichenet_prior	NicheNet	omnipath	omnipath					
Pcdha9	Pcdhgc4		0.9	nichenet_prior	NicheNet	omnipath	omnipath					
Pcdha9	Pcdhgc5		0.9	nichenet_prior	NicheNet	omnipath	omnipath					
Pcdhb3	Igsf11		0.9	nichenet_prior	NicheNet	omnipath	omnipath					
Pcdhgb6	Il4ra		0.9	nichenet_prior	NicheNet	nichenet_verschueren	nichenet_verschueren					
Pcdhgb6	Plxdc1		0.9	nichenet_prior	NicheNet	omnipath	omnipath					
Pcsk9	Aplp2		0.9	nichenet_prior	NicheNet	omnipath	omnipath					
Pcsk9	Cd36		0.9	nichenet_prior	NicheNet	omnipath	omnipath					
Pcsk9	Cd81		0.9	nichenet_prior	NicheNet	omnipath	omnipath					
Pcsk9	Ldlr		0.9	nichenet_prior	NicheNet	omnipath	omnipath					
Pcsk9	Lrp1		0.9	nichenet_prior	NicheNet	omnipath	omnipath					
Pcsk9	Lrp8		0.9	nichenet_prior	NicheNet	omnipath	omnipath					
Pcsk9	Sort1		0.9	nichenet_prior	NicheNet	omnipath	omnipath					
Pcsk9	Vldlr		0.9	nichenet_prior	NicheNet	omnipath	omnipath					
Pdcd1lg2	Rgmb		0.9	nichenet_prior	NicheNet	omnipath	omnipath					
Pdcd1lg2	Tnfrsf11a		0.9	nichenet_prior	NicheNet	nichenet_verschueren	nichenet_verschueren					
Pdgfa	Furin		0.9	nichenet_prior	NicheNet	omnipath	omnipath					
Pdgfb	Lrp1		0.9	nichenet_prior	NicheNet	omnipath	omnipath					
Pdgfc	Flt1		0.9	nichenet_prior	NicheNet	omnipath	omnipath					
Pdgfc	Flt4		0.9	nichenet_prior	NicheNet	nichenet_verschueren	nichenet_verschueren					
Pdgfc	Kdr		0.9	nichenet_prior	NicheNet	nichenet_verschueren	nichenet_verschueren					
Pdgfc	Pdgfrb		0.9	nichenet_prior	NicheNet	omnipath	omnipath					
Pdgfd	Pdgfra		0.9	nichenet_prior	NicheNet	omnipath	omnipath					
Pdpn	Clec1b		0.9	nichenet_prior	NicheNet	omnipath	omnipath					
Pecam1	Itgav		0.9	nichenet_prior	NicheNet	omnipath	omnipath					
Pecam1	Itgb3		0.9	nichenet_prior	NicheNet	omnipath	omnipath					
Penk	Adra2a		0.9	nichenet_prior	NicheNet	omnipath	omnipath					
Penk	Grm7		0.9	nichenet_prior	NicheNet	omnipath	omnipath					
Penk	Mrgprx1		0.9	nichenet_prior	NicheNet	omnipath	omnipath					
Penk	Mrgpra1		0.9	nichenet_prior	NicheNet	nichenet_verschueren	nichenet_verschueren					
Penk	Mrgpra2b		0.9	nichenet_prior	NicheNet	nichenet_verschueren	nichenet_verschueren					
Penk	Mrgpra9		0.9	nichenet_prior	NicheNet	nichenet_verschueren	nichenet_verschueren					
Penk	Mrgpra2a		0.9	nichenet_prior	NicheNet	nichenet_verschueren	nichenet_verschueren					
Penk	Mrgprb4		0.9	nichenet_prior	NicheNet	nichenet_verschueren	nichenet_verschueren					
Penk	Mrgprb5		0.9	nichenet_prior	NicheNet	nichenet_verschueren	nichenet_verschueren					
Penk	Mrgprb2		0.9	nichenet_prior	NicheNet	nichenet_verschueren	nichenet_verschueren					
Penk	Mrgpra4		0.9	nichenet_prior	NicheNet	nichenet_verschueren	nichenet_verschueren					
Penk	Mrgpra6		0.9	nichenet_prior	NicheNet	nichenet_verschueren	nichenet_verschueren					
Penk	Mrgprx2		0.9	nichenet_prior	NicheNet	nichenet_verschueren	nichenet_verschueren					
Penk	Mrgprb8		0.9	nichenet_prior	NicheNet	nichenet_verschueren	nichenet_verschueren					
Penk	Mrgpra3		0.9	nichenet_prior	NicheNet	nichenet_verschueren	nichenet_verschueren					
Penk	Mrgprb3		0.9	nichenet_prior	NicheNet	nichenet_verschueren	nichenet_verschueren					
Penk	Mrgprb1		0.9	nichenet_prior	NicheNet	nichenet_verschueren	nichenet_verschueren					
Penk	Mtnr1a		0.9	nichenet_prior	NicheNet	omnipath	omnipath					
Penk	Ogfr		0.9	nichenet_prior	NicheNet	nichenet_verschueren	nichenet_verschueren					
Pf4	Ackr1		0.9	nichenet_prior	NicheNet	omnipath	omnipath					
Pf4	Fgfr2		0.9	nichenet_prior	NicheNet	omnipath	omnipath					
Pf4	Ldlr		0.9	nichenet_prior	NicheNet	omnipath	omnipath					
Pf4	Procr		0.9	nichenet_prior	NicheNet	omnipath	omnipath					
Pf4	Sdc2		0.9	nichenet_prior	NicheNet	omnipath	omnipath					
Pf4	Thbd		0.9	nichenet_prior	NicheNet	omnipath	omnipath					
Pgf	Kdr		0.9	nichenet_prior	NicheNet	omnipath	omnipath					
Pgf	Nrp1		0.9	nichenet_prior	NicheNet	omnipath	omnipath					
Pgf	Nrp2		0.9	nichenet_prior	NicheNet	omnipath	omnipath					
Pglyrp1	Trem1		0.9	nichenet_prior	NicheNet	omnipath	omnipath					
Pi16	Mfap3l		0.9	nichenet_prior	NicheNet	omnipath	omnipath					
Pi16	Tnfrsf21		0.9	nichenet_prior	NicheNet	omnipath	omnipath					
Piga	Pigr		0.9	nichenet_prior	NicheNet	omnipath	omnipath					
Pip	Aqp5		0.9	nichenet_prior	NicheNet	omnipath	omnipath					
Pip	Cd4		0.9	nichenet_prior	NicheNet	omnipath	omnipath					
Pip	Nptn		0.9	nichenet_prior	NicheNet	omnipath	omnipath					
Pira1	Cntfr		0.9	nichenet_prior	NicheNet	nichenet_verschueren	nichenet_verschueren					
Pira1	Lair1		0.9	nichenet_prior	NicheNet	omnipath	omnipath					
Pira12	Cntfr		0.9	nichenet_prior	NicheNet	nichenet_verschueren	nichenet_verschueren					
Pira12	Lair1		0.9	nichenet_prior	NicheNet	omnipath	omnipath					
Pira13	Cntfr		0.9	nichenet_prior	NicheNet	nichenet_verschueren	nichenet_verschueren					
Pira13	Lair1		0.9	nichenet_prior	NicheNet	omnipath	omnipath					
Pira2	Cntfr		0.9	nichenet_prior	NicheNet	nichenet_verschueren	nichenet_verschueren					
Pira2	Lair1		0.9	nichenet_prior	NicheNet	omnipath	omnipath					
Pirb	Cntfr		0.9	nichenet_prior	NicheNet	nichenet_verschueren	nichenet_verschueren					
Pirb	Lair1		0.9	nichenet_prior	NicheNet	omnipath	omnipath					
Pla2g10	Pla2r1		0.9	nichenet_prior	NicheNet	omnipath	omnipath					
Pla2g2a	Egfr		0.9	nichenet_prior	NicheNet	omnipath	omnipath					
Pla2g2a	Erbb3		0.9	nichenet_prior	NicheNet	omnipath	omnipath					
Pla2g2a	Itga4		0.9	nichenet_prior	NicheNet	omnipath	omnipath					
Pla2g2a	Itga5		0.9	nichenet_prior	NicheNet	omnipath	omnipath					
Pla2g2a	Itgav		0.9	nichenet_prior	NicheNet	omnipath	omnipath					
Pla2g2a	Itgb1		0.9	nichenet_prior	NicheNet	omnipath	omnipath					
Pla2g2a	Itgb3		0.9	nichenet_prior	NicheNet	omnipath	omnipath					
Plat	Itgam		0.9	nichenet_prior	NicheNet	omnipath	omnipath					
Plat	Gm49368		0.9	nichenet_prior	NicheNet	omnipath	omnipath					
Plat	Itgb2		0.9	nichenet_prior	NicheNet	omnipath	omnipath					
Plat	Itgb2l		0.9	nichenet_prior	NicheNet	omnipath	omnipath					
Plat	Lrp1		0.9	nichenet_prior	NicheNet	omnipath	omnipath					
Plau	Igf2r		0.9	nichenet_prior	NicheNet	omnipath	omnipath					
Plau	Lrp1		0.9	nichenet_prior	NicheNet	omnipath	omnipath					
Plau	Lrp2		0.9	nichenet_prior	NicheNet	omnipath	omnipath					
Plau	St14		0.9	nichenet_prior	NicheNet	omnipath	omnipath					
Plb1	Igdcc4		0.9	nichenet_prior	NicheNet	nichenet_verschueren	nichenet_verschueren					
Plekho2	Pdgfrb		0.9	nichenet_prior	NicheNet	nichenet_verschueren	nichenet_verschueren					
Plg	F2r		0.9	nichenet_prior	NicheNet	omnipath	omnipath					
Plg	F2rl1		0.9	nichenet_prior	NicheNet	omnipath	omnipath					
Plg	F3		0.9	nichenet_prior	NicheNet	omnipath	omnipath					
Plg	Itga9		0.9	nichenet_prior	NicheNet	omnipath	omnipath					
Plg	Itgb1		0.9	nichenet_prior	NicheNet	omnipath	omnipath					
Plg	Plat		0.9	nichenet_prior	NicheNet	omnipath	omnipath					
Plg	Plau		0.9	nichenet_prior	NicheNet	omnipath	omnipath					
Plg	Plgrkt		0.9	nichenet_prior	NicheNet	omnipath	omnipath					
Pltp	Abca1		0.9	nichenet_prior	NicheNet	omnipath	omnipath					
Pltp	Apoa1		0.9	nichenet_prior	NicheNet	omnipath	omnipath					
Plxna1	Notch1		0.9	nichenet_prior	NicheNet	omnipath	omnipath					
Plxna1	Trem2		0.9	nichenet_prior	NicheNet	omnipath	omnipath					
Plxna1	Tyrobp		0.9	nichenet_prior	NicheNet	omnipath	omnipath					
Plxna2	Sema6a		0.9	nichenet_prior	NicheNet	omnipath	omnipath					
Podxl	Sell		0.9	nichenet_prior	NicheNet	omnipath	omnipath					
Podxl2	Sell		0.9	nichenet_prior	NicheNet	omnipath	omnipath					
Postn	Itgav		0.9	nichenet_prior	NicheNet	omnipath	omnipath					
Postn	Itgb3		0.9	nichenet_prior	NicheNet	omnipath	omnipath					
Postn	Itgb5		0.9	nichenet_prior	NicheNet	omnipath	omnipath					
Postn	Ptk7		0.9	nichenet_prior	NicheNet	omnipath	omnipath					
Ppbp	Ackr1		0.9	nichenet_prior	NicheNet	omnipath	omnipath					
Ppbp	Adra2a		0.9	nichenet_prior	NicheNet	omnipath	omnipath					
Ppbp	Cxcr1		0.9	nichenet_prior	NicheNet	omnipath	omnipath					
Ppbp	Grm7		0.9	nichenet_prior	NicheNet	omnipath	omnipath					
Ppbp	Mtnr1a		0.9	nichenet_prior	NicheNet	omnipath	omnipath					
Ppbp	Oprd1		0.9	nichenet_prior	NicheNet	omnipath	omnipath					
Ppbp	Oprm1		0.9	nichenet_prior	NicheNet	omnipath	omnipath					
Ppy	Adra2a		0.9	nichenet_prior	NicheNet	omnipath	omnipath					
Ppy	Grm7		0.9	nichenet_prior	NicheNet	omnipath	omnipath					
Ppy	Mtnr1a		0.9	nichenet_prior	NicheNet	omnipath	omnipath					
Ppy	Npffr1		0.9	nichenet_prior	NicheNet	nichenet_verschueren	nichenet_verschueren					
Ppy	Npffr2		0.9	nichenet_prior	NicheNet	nichenet_verschueren	nichenet_verschueren					
Prg4	Cd44		0.9	nichenet_prior	NicheNet	omnipath	omnipath					
Prg4	Tlr2		0.9	nichenet_prior	NicheNet	omnipath	omnipath					
Prg4	Tlr4		0.9	nichenet_prior	NicheNet	omnipath	omnipath					
Prl	Erbb2		0.9	nichenet_prior	NicheNet	omnipath	omnipath					
Prl2a1	Erbb2		0.9	nichenet_prior	NicheNet	omnipath	omnipath					
Prl2a1	Prlr		0.9	nichenet_prior	NicheNet	omnipath	omnipath					
Prl2b1	Erbb2		0.9	nichenet_prior	NicheNet	omnipath	omnipath					
Prl2b1	Prlr		0.9	nichenet_prior	NicheNet	omnipath	omnipath					
Prl2c1	Erbb2		0.9	nichenet_prior	NicheNet	omnipath	omnipath					
Prl2c1	Prlr		0.9	nichenet_prior	NicheNet	omnipath	omnipath					
Prl2c2	Erbb2		0.9	nichenet_prior	NicheNet	omnipath	omnipath					
Prl2c2	Prlr		0.9	nichenet_prior	NicheNet	omnipath	omnipath					
Prl2c3	Erbb2		0.9	nichenet_prior	NicheNet	omnipath	omnipath					
Prl2c3	Prlr		0.9	nichenet_prior	NicheNet	omnipath	omnipath					
Prl2c5	Erbb2		0.9	nichenet_prior	NicheNet	omnipath	omnipath					
Prl2c5	Prlr		0.9	nichenet_prior	NicheNet	omnipath	omnipath					
Prl3a1	Erbb2		0.9	nichenet_prior	NicheNet	omnipath	omnipath					
Prl3a1	Prlr		0.9	nichenet_prior	NicheNet	omnipath	omnipath					
Prl3b1	Erbb2		0.9	nichenet_prior	NicheNet	omnipath	omnipath					
Prl3b1	Prlr		0.9	nichenet_prior	NicheNet	omnipath	omnipath					
Prl3c1	Erbb2		0.9	nichenet_prior	NicheNet	omnipath	omnipath					
Prl3c1	Prlr		0.9	nichenet_prior	NicheNet	omnipath	omnipath					
Prl3d1	Erbb2		0.9	nichenet_prior	NicheNet	omnipath	omnipath					
Prl3d1	Prlr		0.9	nichenet_prior	NicheNet	omnipath	omnipath					
Prl3d2	Erbb2		0.9	nichenet_prior	NicheNet	omnipath	omnipath					
Prl3d2	Prlr		0.9	nichenet_prior	NicheNet	omnipath	omnipath					
Prl3d3	Erbb2		0.9	nichenet_prior	NicheNet	omnipath	omnipath					
Prl3d3	Prlr		0.9	nichenet_prior	NicheNet	omnipath	omnipath					
Prl4a1	Erbb2		0.9	nichenet_prior	NicheNet	omnipath	omnipath					
Prl4a1	Prlr		0.9	nichenet_prior	NicheNet	omnipath	omnipath					
Prl5a1	Erbb2		0.9	nichenet_prior	NicheNet	omnipath	omnipath					
Prl5a1	Prlr		0.9	nichenet_prior	NicheNet	omnipath	omnipath					
Prl6a1	Erbb2		0.9	nichenet_prior	NicheNet	omnipath	omnipath					
Prl6a1	Prlr		0.9	nichenet_prior	NicheNet	omnipath	omnipath					
Prl7a1	Erbb2		0.9	nichenet_prior	NicheNet	omnipath	omnipath					
Prl7a1	Prlr		0.9	nichenet_prior	NicheNet	omnipath	omnipath					
Prl7a2	Erbb2		0.9	nichenet_prior	NicheNet	omnipath	omnipath					
Prl7a2	Prlr		0.9	nichenet_prior	NicheNet	omnipath	omnipath					
Prl7b1	Erbb2		0.9	nichenet_prior	NicheNet	omnipath	omnipath					
Prl7b1	Prlr		0.9	nichenet_prior	NicheNet	omnipath	omnipath					
Prl7c1	Erbb2		0.9	nichenet_prior	NicheNet	omnipath	omnipath					
Prl7c1	Prlr		0.9	nichenet_prior	NicheNet	omnipath	omnipath					
Prl7d1	Erbb2		0.9	nichenet_prior	NicheNet	omnipath	omnipath					
Prl7d1	Prlr		0.9	nichenet_prior	NicheNet	omnipath	omnipath					
Prl8a1	Erbb2		0.9	nichenet_prior	NicheNet	omnipath	omnipath					
Prl8a1	Prlr		0.9	nichenet_prior	NicheNet	omnipath	omnipath					
Prl8a2	Erbb2		0.9	nichenet_prior	NicheNet	omnipath	omnipath					
Prl8a2	Prlr		0.9	nichenet_prior	NicheNet	omnipath	omnipath					
Prl8a6	Erbb2		0.9	nichenet_prior	NicheNet	omnipath	omnipath					
Prl8a6	Prlr		0.9	nichenet_prior	NicheNet	omnipath	omnipath					
Prl8a8	Erbb2		0.9	nichenet_prior	NicheNet	omnipath	omnipath					
Prl8a8	Prlr		0.9	nichenet_prior	NicheNet	omnipath	omnipath					
Prl8a9	Erbb2		0.9	nichenet_prior	NicheNet	omnipath	omnipath					
Prl8a9	Prlr		0.9	nichenet_prior	NicheNet	omnipath	omnipath					
Prn	Rpsa		0.9	nichenet_prior	NicheNet	nichenet_verschueren	nichenet_verschueren					
Prnd	Rpsa		0.9	nichenet_prior	NicheNet	nichenet_verschueren	nichenet_verschueren					
Prnp	Ncam1		0.9	nichenet_prior	NicheNet	omnipath	omnipath					
Prnp	Tnfrsf25		0.9	nichenet_prior	NicheNet	omnipath	omnipath					
Proc	F5		0.9	nichenet_prior	NicheNet	omnipath	omnipath					
Proc	F7		0.9	nichenet_prior	NicheNet	omnipath	omnipath					
Proc	F8		0.9	nichenet_prior	NicheNet	omnipath	omnipath					
Proc	Itgam		0.9	nichenet_prior	NicheNet	omnipath	omnipath					
Proc	Gm49368		0.9	nichenet_prior	NicheNet	omnipath	omnipath					
Proc	Itgb2		0.9	nichenet_prior	NicheNet	omnipath	omnipath					
Proc	Itgb2l		0.9	nichenet_prior	NicheNet	omnipath	omnipath					
Proc	Procr		0.9	nichenet_prior	NicheNet	omnipath	omnipath					
Proc	Tek		0.9	nichenet_prior	NicheNet	omnipath	omnipath					
Proc	Thbd		0.9	nichenet_prior	NicheNet	omnipath	omnipath					
Pros1	F5		0.9	nichenet_prior	NicheNet	omnipath	omnipath					
Pros1	F8		0.9	nichenet_prior	NicheNet	omnipath	omnipath					
Pros1	Proc		0.9	nichenet_prior	NicheNet	omnipath	omnipath					
Prrg4	Cadm4		0.9	nichenet_prior	NicheNet	omnipath	omnipath					
Prss1	F2r		0.9	nichenet_prior	NicheNet	omnipath	omnipath					
Prss1	F2rl1		0.9	nichenet_prior	NicheNet	omnipath	omnipath					
Prss1	F2rl2		0.9	nichenet_prior	NicheNet	omnipath	omnipath					
Prss1	F2rl3		0.9	nichenet_prior	NicheNet	omnipath	omnipath					
Prss3	F2r		0.9	nichenet_prior	NicheNet	omnipath	omnipath					
Prss3	F2rl1		0.9	nichenet_prior	NicheNet	omnipath	omnipath					
Prss3	F2rl2		0.9	nichenet_prior	NicheNet	omnipath	omnipath					
Prss3	F2rl3		0.9	nichenet_prior	NicheNet	omnipath	omnipath					
Prss55	Lrrc4		0.9	nichenet_prior	NicheNet	nichenet_verschueren	nichenet_verschueren					
Psap	Celsr1		0.9	nichenet_prior	NicheNet	omnipath	omnipath					
Psap	Lrp1		0.9	nichenet_prior	NicheNet	omnipath	omnipath					
Psap	Sort1		0.9	nichenet_prior	NicheNet	omnipath	omnipath					
Psen1	Cdh1		0.9	nichenet_prior	NicheNet	omnipath	omnipath					
Psen1	Ncstn		0.9	nichenet_prior	NicheNet	omnipath	omnipath					
Psen1	Notch1		0.9	nichenet_prior	NicheNet	omnipath	omnipath					
Psen1	Notch2		0.9	nichenet_prior	NicheNet	omnipath	omnipath					
Psen1	Notch3		0.9	nichenet_prior	NicheNet	omnipath	omnipath					
Psen1	Notch4		0.9	nichenet_prior	NicheNet	omnipath	omnipath					
Psen1	Psen1		0.9	nichenet_prior	NicheNet	omnipath	omnipath					
Psg16	Lilra6		0.9	nichenet_prior	NicheNet	omnipath	omnipath					
Psg17	Lilra6		0.9	nichenet_prior	NicheNet	omnipath	omnipath					
Psg18	Lilra6		0.9	nichenet_prior	NicheNet	omnipath	omnipath					
Psg19	Lilra6		0.9	nichenet_prior	NicheNet	omnipath	omnipath					
Psg20	Lilra6		0.9	nichenet_prior	NicheNet	omnipath	omnipath					
Psg21	Lilra6		0.9	nichenet_prior	NicheNet	omnipath	omnipath					
Psg22	Lilra6		0.9	nichenet_prior	NicheNet	omnipath	omnipath					
Psg23	Lilra6		0.9	nichenet_prior	NicheNet	omnipath	omnipath					
Psg25	Lilra6		0.9	nichenet_prior	NicheNet	omnipath	omnipath					
Psg26	Lilra6		0.9	nichenet_prior	NicheNet	omnipath	omnipath					
Psg27	Lilra6		0.9	nichenet_prior	NicheNet	omnipath	omnipath					
Psg28	Lilra6		0.9	nichenet_prior	NicheNet	omnipath	omnipath					
Psg29	Lilra6		0.9	nichenet_prior	NicheNet	omnipath	omnipath					
Pspn	Gfra1		0.9	nichenet_prior	NicheNet	omnipath	omnipath					
Pspn	Gfra2		0.9	nichenet_prior	NicheNet	omnipath	omnipath					
Pspn	Gfra3		0.9	nichenet_prior	NicheNet	omnipath	omnipath					
Pspn	Gfra4		0.9	nichenet_prior	NicheNet	omnipath	omnipath					
Pspn	Ret		0.9	nichenet_prior	NicheNet	omnipath	omnipath					
Pspn	Sdc3		0.9	nichenet_prior	NicheNet	omnipath	omnipath					
Ptdss1	Jmjd6		0.9	nichenet_prior	NicheNet	nichenet_verschueren	nichenet_verschueren					
Ptdss1	Scarb1		0.9	nichenet_prior	NicheNet	omnipath	omnipath					
Ptgfrn	Sgcg		0.9	nichenet_prior	NicheNet	omnipath	omnipath					
Ptgfrn	Tmem59l		0.9	nichenet_prior	NicheNet	omnipath	omnipath					
Ptgs2	Ptgdr2		0.9	nichenet_prior	NicheNet	nichenet_verschueren	nichenet_verschueren					
Pth	Adcyap1r1		0.9	nichenet_prior	NicheNet	omnipath	omnipath					
Pth	Adrb2		0.9	nichenet_prior	NicheNet	omnipath	omnipath					
Pth	Adrb3		0.9	nichenet_prior	NicheNet	omnipath	omnipath					
Pth	Gpr20		0.9	nichenet_prior	NicheNet	omnipath	omnipath					
Pth	Gpr84		0.9	nichenet_prior	NicheNet	omnipath	omnipath					
Pth	Lrp6		0.9	nichenet_prior	NicheNet	omnipath	omnipath					
Pth	Ramp2		0.9	nichenet_prior	NicheNet	omnipath	omnipath					
Pth	Ramp3		0.9	nichenet_prior	NicheNet	omnipath	omnipath					
Pth	Tshr		0.9	nichenet_prior	NicheNet	omnipath	omnipath					
Pth	Vipr1		0.9	nichenet_prior	NicheNet	omnipath	omnipath					
Pth2	Adcyap1r1		0.9	nichenet_prior	NicheNet	omnipath	omnipath					
Pth2	Adrb2		0.9	nichenet_prior	NicheNet	omnipath	omnipath					
Pth2	Adrb3		0.9	nichenet_prior	NicheNet	omnipath	omnipath					
Pth2	Gpr20		0.9	nichenet_prior	NicheNet	omnipath	omnipath					
Pth2	Gpr84		0.9	nichenet_prior	NicheNet	omnipath	omnipath					
Pth2	Ramp2		0.9	nichenet_prior	NicheNet	omnipath	omnipath					
Pth2	Ramp3		0.9	nichenet_prior	NicheNet	omnipath	omnipath					
Pth2	Tshr		0.9	nichenet_prior	NicheNet	omnipath	omnipath					
Pth2	Vipr1		0.9	nichenet_prior	NicheNet	omnipath	omnipath					
Pthlh	Adcyap1r1		0.9	nichenet_prior	NicheNet	omnipath	omnipath					
Pthlh	Adrb2		0.9	nichenet_prior	NicheNet	omnipath	omnipath					
Pthlh	Adrb3		0.9	nichenet_prior	NicheNet	omnipath	omnipath					
Pthlh	Gpr20		0.9	nichenet_prior	NicheNet	omnipath	omnipath					
Pthlh	Gpr84		0.9	nichenet_prior	NicheNet	omnipath	omnipath					
Pthlh	Prlhr		0.9	nichenet_prior	NicheNet	nichenet_verschueren	nichenet_verschueren					
Pthlh	Pth2r		0.9	nichenet_prior	NicheNet	omnipath	omnipath					
Pthlh	Ramp2		0.9	nichenet_prior	NicheNet	omnipath	omnipath					
Pthlh	Ramp3		0.9	nichenet_prior	NicheNet	omnipath	omnipath					
Pthlh	Tshr		0.9	nichenet_prior	NicheNet	omnipath	omnipath					
Pthlh	Vipr1		0.9	nichenet_prior	NicheNet	omnipath	omnipath					
Ptn	Cdh10		0.9	nichenet_prior	NicheNet	omnipath	omnipath					
Ptn	Itgav		0.9	nichenet_prior	NicheNet	omnipath	omnipath					
Ptn	Itgb3		0.9	nichenet_prior	NicheNet	omnipath	omnipath					
Ptn	Plxnb2		0.9	nichenet_prior	NicheNet	omnipath	omnipath					
Ptn	Ptprb		0.9	nichenet_prior	NicheNet	omnipath	omnipath					
Ptn	Ptprs		0.9	nichenet_prior	NicheNet	omnipath	omnipath					
Ptprc	Cd247		0.9	nichenet_prior	NicheNet	omnipath	omnipath					
Ptprc	Cd4		0.9	nichenet_prior	NicheNet	omnipath	omnipath					
Ptprc	Dpp4		0.9	nichenet_prior	NicheNet	omnipath	omnipath					
Ptprk	Egfr		0.9	nichenet_prior	NicheNet	omnipath	omnipath					
Ptprm	Cdh1		0.9	nichenet_prior	NicheNet	omnipath	omnipath					
Ptprm	Siglecg		0.9	nichenet_prior	NicheNet	omnipath	omnipath					
Ptprz1	Alk		0.9	nichenet_prior	NicheNet	omnipath	omnipath					
Ptprz1	Cntn1		0.9	nichenet_prior	NicheNet	omnipath	omnipath					
Ptprz1	Ncam1		0.9	nichenet_prior	NicheNet	omnipath	omnipath					
Ptprz1	Ntrk1		0.9	nichenet_prior	NicheNet	omnipath	omnipath					
Pvr	Cd96		0.9	nichenet_prior	NicheNet	omnipath	omnipath					
Pvr	Nectin3		0.9	nichenet_prior	NicheNet	omnipath	omnipath					
Pvr	Nectin4		0.9	nichenet_prior	NicheNet	omnipath	omnipath					
Pvr	Pvrig		0.9	nichenet_prior	NicheNet	omnipath	omnipath					
Pyy	Dpp4		0.9	nichenet_prior	NicheNet	omnipath	omnipath					
Pyy	Fap		0.9	nichenet_prior	NicheNet	omnipath	omnipath					
Qrfp	P2ry14		0.9	nichenet_prior	NicheNet	omnipath	omnipath					
Qrfp	Qrfprl		0.9	nichenet_prior	NicheNet	omnipath	omnipath					
Raet1d	Hcst		0.9	nichenet_prior	NicheNet	omnipath	omnipath					
Raet1d	Klrk1		0.9	nichenet_prior	NicheNet	omnipath	omnipath					
Raet1e	Hcst		0.9	nichenet_prior	NicheNet	omnipath	omnipath					
Raet1e	Klrk1		0.9	nichenet_prior	NicheNet	omnipath	omnipath					
Rarres1	Nrp2		0.9	nichenet_prior	NicheNet	omnipath	omnipath					
Rarres2	Ccrl2		0.9	nichenet_prior	NicheNet	omnipath	omnipath					
Rarres2	Gpr1		0.9	nichenet_prior	NicheNet	nichenet_verschueren	nichenet_verschueren					
Rbp3	Notch1		0.9	nichenet_prior	NicheNet	omnipath	omnipath					
Reck	Mmp9		0.9	nichenet_prior	NicheNet	omnipath	omnipath					
Reck	Tigit		0.9	nichenet_prior	NicheNet	omnipath	omnipath					
Reln	Itga3		0.9	nichenet_prior	NicheNet	omnipath	omnipath					
Reln	Itgb1		0.9	nichenet_prior	NicheNet	omnipath	omnipath					
Ren1	Atp6ap2		0.9	nichenet_prior	NicheNet	omnipath	omnipath					
Ret	Gfra1		0.9	nichenet_prior	NicheNet	omnipath	omnipath					
Ret	Gfra2		0.9	nichenet_prior	NicheNet	omnipath	omnipath					
Ret	Gfra3		0.9	nichenet_prior	NicheNet	omnipath	omnipath					
Ret	Gfra4		0.9	nichenet_prior	NicheNet	omnipath	omnipath					
Retn	Gpr25		0.9	nichenet_prior	NicheNet	omnipath	omnipath					
Rgma	Bmpr1b		0.9	nichenet_prior	NicheNet	omnipath	omnipath					
Rgma	Bmpr2		0.9	nichenet_prior	NicheNet	omnipath	omnipath					
Rgma	Hjv		0.9	nichenet_prior	NicheNet	omnipath	omnipath					
Rgma	Neo1		0.9	nichenet_prior	NicheNet	omnipath	omnipath					
Rgma	Tfr2		0.9	nichenet_prior	NicheNet	omnipath	omnipath					
Robo1	Ncam1		0.9	nichenet_prior	NicheNet	omnipath	omnipath					
Rps19	C5ar1		0.9	nichenet_prior	NicheNet	nichenet_verschueren	nichenet_verschueren					
Rspo1	Fzd8		0.9	nichenet_prior	NicheNet	omnipath	omnipath					
Rspo1	Lgr4		0.9	nichenet_prior	NicheNet	omnipath	omnipath					
Rspo1	Lgr5		0.9	nichenet_prior	NicheNet	omnipath	omnipath					
Rspo1	Lgr6		0.9	nichenet_prior	NicheNet	omnipath	omnipath					
Rspo1	Lrp6		0.9	nichenet_prior	NicheNet	omnipath	omnipath					
Rspo1	Rnf43		0.9	nichenet_prior	NicheNet	omnipath	omnipath					
Rspo2	Fzd4		0.9	nichenet_prior	NicheNet	omnipath	omnipath					
Rspo2	Lgr4		0.9	nichenet_prior	NicheNet	omnipath	omnipath					
Rspo2	Lgr5		0.9	nichenet_prior	NicheNet	omnipath	omnipath					
Rspo2	Lgr6		0.9	nichenet_prior	NicheNet	omnipath	omnipath					
Rspo2	Rnf43		0.9	nichenet_prior	NicheNet	omnipath	omnipath					
Rspo2	Sdc4		0.9	nichenet_prior	NicheNet	omnipath	omnipath					
Rspo3	Fzd8		0.9	nichenet_prior	NicheNet	omnipath	omnipath					
Rspo3	Lgr4		0.9	nichenet_prior	NicheNet	omnipath	omnipath					
Rspo3	Lgr5		0.9	nichenet_prior	NicheNet	omnipath	omnipath					
Rspo3	Lgr6		0.9	nichenet_prior	NicheNet	omnipath	omnipath					
Rspo3	Lrp6		0.9	nichenet_prior	NicheNet	omnipath	omnipath					
Rspo3	Rnf43		0.9	nichenet_prior	NicheNet	omnipath	omnipath					
Rspo3	Sdc4		0.9	nichenet_prior	NicheNet	omnipath	omnipath					
Rspo4	Lgr4		0.9	nichenet_prior	NicheNet	omnipath	omnipath					
Rspo4	Lgr5		0.9	nichenet_prior	NicheNet	omnipath	omnipath					
Rspo4	Lgr6		0.9	nichenet_prior	NicheNet	omnipath	omnipath					
Rspo4	Lrp5		0.9	nichenet_prior	NicheNet	omnipath	omnipath					
Rspo4	Lrp6		0.9	nichenet_prior	NicheNet	omnipath	omnipath					
Rspo4	Rnf43		0.9	nichenet_prior	NicheNet	omnipath	omnipath					
Rtn4	Cntn1		0.9	nichenet_prior	NicheNet	omnipath	omnipath					
Rtn4	Cntnap1		0.9	nichenet_prior	NicheNet	omnipath	omnipath					
Rtn4	Gjb2		0.9	nichenet_prior	NicheNet	omnipath	omnipath					
Rtn4	Lingo1		0.9	nichenet_prior	NicheNet	omnipath	omnipath					
Rtn4	Ngfr		0.9	nichenet_prior	NicheNet	omnipath	omnipath					
Rtn4	Rtn4r		0.9	nichenet_prior	NicheNet	omnipath	omnipath					
Rtn4	S1pr2		0.9	nichenet_prior	NicheNet	omnipath	omnipath					
Rtn4	Tnfrsf19		0.9	nichenet_prior	NicheNet	omnipath	omnipath					
S100a10	Cftr		0.9	nichenet_prior	NicheNet	omnipath	omnipath					
S100a10	Htr1b		0.9	nichenet_prior	NicheNet	omnipath	omnipath					
S100a10	Trpv5		0.9	nichenet_prior	NicheNet	omnipath	omnipath					
S100a10	Trpv6		0.9	nichenet_prior	NicheNet	omnipath	omnipath					
S100a4	Ccr5		0.9	nichenet_prior	NicheNet	omnipath	omnipath					
S100a4	Egfr		0.9	nichenet_prior	NicheNet	omnipath	omnipath					
S100a4	Erbb2		0.9	nichenet_prior	NicheNet	omnipath	omnipath					
S100a4	Erbb3		0.9	nichenet_prior	NicheNet	omnipath	omnipath					
S100a8	Ager		0.9	nichenet_prior	NicheNet	omnipath	omnipath					
S100a8	Cd36		0.9	nichenet_prior	NicheNet	omnipath	omnipath					
S100a8	Cd68		0.9	nichenet_prior	NicheNet	omnipath	omnipath					
S100a8	Cd69		0.9	nichenet_prior	NicheNet	omnipath	omnipath					
S100a8	Itgb2		0.9	nichenet_prior	NicheNet	omnipath	omnipath					
S100a8	Itgb2l		0.9	nichenet_prior	NicheNet	omnipath	omnipath					
S100a8	Tlr4		0.9	nichenet_prior	NicheNet	omnipath	omnipath					
S100a9	Ager		0.9	nichenet_prior	NicheNet	omnipath	omnipath					
S100a9	Alcam		0.9	nichenet_prior	NicheNet	omnipath	omnipath					
S100a9	Cd36		0.9	nichenet_prior	NicheNet	omnipath	omnipath					
S100a9	Cd68		0.9	nichenet_prior	NicheNet	omnipath	omnipath					
S100a9	Itgb2		0.9	nichenet_prior	NicheNet	omnipath	omnipath					
S100a9	Itgb2l		0.9	nichenet_prior	NicheNet	omnipath	omnipath					
S100a9	Tlr4		0.9	nichenet_prior	NicheNet	omnipath	omnipath					
S100b	Ager		0.9	nichenet_prior	NicheNet	omnipath	omnipath					
S100b	Alcam		0.9	nichenet_prior	NicheNet	omnipath	omnipath					
Saa1	Adra2a		0.9	nichenet_prior	NicheNet	omnipath	omnipath					
Saa1	Cd36		0.9	nichenet_prior	NicheNet	omnipath	omnipath					
Saa1	Fpr1		0.9	nichenet_prior	NicheNet	omnipath	omnipath					
Saa1	Fpr2		0.9	nichenet_prior	NicheNet	omnipath	omnipath					
Saa1	Fpr3		0.9	nichenet_prior	NicheNet	omnipath	omnipath					
Saa1	Grm7		0.9	nichenet_prior	NicheNet	omnipath	omnipath					
Saa1	Mtnr1a		0.9	nichenet_prior	NicheNet	omnipath	omnipath					
Saa1	Scarb1		0.9	nichenet_prior	NicheNet	omnipath	omnipath					
Saa1	Tlr2		0.9	nichenet_prior	NicheNet	omnipath	omnipath					
Saa2	Adra2a		0.9	nichenet_prior	NicheNet	omnipath	omnipath					
Saa2	Cd36		0.9	nichenet_prior	NicheNet	omnipath	omnipath					
Saa2	Fpr1		0.9	nichenet_prior	NicheNet	omnipath	omnipath					
Saa2	Fpr3		0.9	nichenet_prior	NicheNet	omnipath	omnipath					
Saa2	Grm7		0.9	nichenet_prior	NicheNet	omnipath	omnipath					
Saa2	Mtnr1a		0.9	nichenet_prior	NicheNet	omnipath	omnipath					
Saa2	Scarb1		0.9	nichenet_prior	NicheNet	omnipath	omnipath					
Saa2	Tlr2		0.9	nichenet_prior	NicheNet	omnipath	omnipath					
Saraf	Dag1		0.9	nichenet_prior	NicheNet	nichenet_verschueren	nichenet_verschueren					
Sbpl	Cxcr4		0.9	nichenet_prior	NicheNet	omnipath	omnipath					
Sbpl	Tlr2		0.9	nichenet_prior	NicheNet	omnipath	omnipath					
Sbpl	Tlr4		0.9	nichenet_prior	NicheNet	omnipath	omnipath					
Sbpl	Tlr5		0.9	nichenet_prior	NicheNet	omnipath	omnipath					
Sbpl	Tlr6		0.9	nichenet_prior	NicheNet	omnipath	omnipath					
Scgb1a1	Lmbr1l		0.9	nichenet_prior	NicheNet	omnipath	omnipath					
Scgb1a1	Lrp2		0.9	nichenet_prior	NicheNet	omnipath	omnipath					
Scgb3a1	Marco		0.9	nichenet_prior	NicheNet	omnipath	omnipath					
Scgb3a1	Notch3		0.9	nichenet_prior	NicheNet	omnipath	omnipath					
Sct	Adcyap1r1		0.9	nichenet_prior	NicheNet	omnipath	omnipath					
Sct	Adrb2		0.9	nichenet_prior	NicheNet	omnipath	omnipath					
Sct	Adrb3		0.9	nichenet_prior	NicheNet	omnipath	omnipath					
Sct	Gpr20		0.9	nichenet_prior	NicheNet	omnipath	omnipath					
Sct	Gpr84		0.9	nichenet_prior	NicheNet	omnipath	omnipath					
Sct	Pth1r		0.9	nichenet_prior	NicheNet	omnipath	omnipath					
Sct	Ramp2		0.9	nichenet_prior	NicheNet	omnipath	omnipath					
Sct	Ramp3		0.9	nichenet_prior	NicheNet	omnipath	omnipath					
Sct	Tshr		0.9	nichenet_prior	NicheNet	omnipath	omnipath					
Sct	Vipr1		0.9	nichenet_prior	NicheNet	omnipath	omnipath					
Sct	Vipr2		0.9	nichenet_prior	NicheNet	omnipath	omnipath					
Scube2	Kdr		0.9	nichenet_prior	NicheNet	omnipath	omnipath					
Sdc2	Ezr		0.9	nichenet_prior	NicheNet	omnipath	omnipath					
Sdc2	Ptprj		0.9	nichenet_prior	NicheNet	omnipath	omnipath					
Sdc4	Adam12		0.9	nichenet_prior	NicheNet	omnipath	omnipath					
Sdk2	Cadm4		0.9	nichenet_prior	NicheNet	nichenet_verschueren	nichenet_verschueren					
Sdk2	Clec4a2		0.9	nichenet_prior	NicheNet	omnipath	omnipath					
Sdk2	Clec4a1		0.9	nichenet_prior	NicheNet	omnipath	omnipath					
Sectm1a	Cd7		0.9	nichenet_prior	NicheNet	omnipath	omnipath					
Sectm1b	Cd7		0.9	nichenet_prior	NicheNet	omnipath	omnipath					
Sele	Ceacam2		0.9	nichenet_prior	NicheNet	omnipath	omnipath					
Sele	Selplg		0.9	nichenet_prior	NicheNet	omnipath	omnipath					
Sell	Selplg		0.9	nichenet_prior	NicheNet	omnipath	omnipath					
Sell	Unc5d		0.9	nichenet_prior	NicheNet	omnipath	omnipath					
Selp	Selplg		0.9	nichenet_prior	NicheNet	nichenet_verschueren	nichenet_verschueren					
Sema3a	Nrp1		0.9	nichenet_prior	NicheNet	omnipath	omnipath					
Sema3a	Nrp2		0.9	nichenet_prior	NicheNet	omnipath	omnipath					
Sema3a	Plxna1		0.9	nichenet_prior	NicheNet	omnipath	omnipath					
Sema3a	Plxna2		0.9	nichenet_prior	NicheNet	omnipath	omnipath					
Sema3a	Plxna3		0.9	nichenet_prior	NicheNet	omnipath	omnipath					
Sema3a	Plxna4		0.9	nichenet_prior	NicheNet	omnipath	omnipath					
Sema3b	Nrp1		0.9	nichenet_prior	NicheNet	omnipath	omnipath					
Sema3b	Nrp2		0.9	nichenet_prior	NicheNet	omnipath	omnipath					
Sema3b	Plxna1		0.9	nichenet_prior	NicheNet	omnipath	omnipath					
Sema3b	Plxna2		0.9	nichenet_prior	NicheNet	omnipath	omnipath					
Sema3b	Plxna3		0.9	nichenet_prior	NicheNet	omnipath	omnipath					
Sema3b	Plxna4		0.9	nichenet_prior	NicheNet	omnipath	omnipath					
Sema3c	Nrp1		0.9	nichenet_prior	NicheNet	omnipath	omnipath					
Sema3c	Nrp2		0.9	nichenet_prior	NicheNet	omnipath	omnipath					
Sema3c	Plxna1		0.9	nichenet_prior	NicheNet	omnipath	omnipath					
Sema3c	Plxna2		0.9	nichenet_prior	NicheNet	omnipath	omnipath					
Sema3c	Plxna3		0.9	nichenet_prior	NicheNet	omnipath	omnipath					
Sema3c	Plxna4		0.9	nichenet_prior	NicheNet	omnipath	omnipath					
Sema3d	Nrp1		0.9	nichenet_prior	NicheNet	omnipath	omnipath					
Sema3d	Nrp2		0.9	nichenet_prior	NicheNet	omnipath	omnipath					
Sema3d	Plxna1		0.9	nichenet_prior	NicheNet	omnipath	omnipath					
Sema3d	Plxna2		0.9	nichenet_prior	NicheNet	omnipath	omnipath					
Sema3d	Plxna3		0.9	nichenet_prior	NicheNet	omnipath	omnipath					
Sema3d	Plxna4		0.9	nichenet_prior	NicheNet	omnipath	omnipath					
Sema3d	Plxnd1		0.9	nichenet_prior	NicheNet	omnipath	omnipath					
Sema3e	Nrp1		0.9	nichenet_prior	NicheNet	omnipath	omnipath					
Sema3e	Nrp2		0.9	nichenet_prior	NicheNet	omnipath	omnipath					
Sema3f	Nrp1		0.9	nichenet_prior	NicheNet	omnipath	omnipath					
Sema3f	Nrp2		0.9	nichenet_prior	NicheNet	omnipath	omnipath					
Sema3f	Plxna1		0.9	nichenet_prior	NicheNet	omnipath	omnipath					
Sema3f	Plxna2		0.9	nichenet_prior	NicheNet	omnipath	omnipath					
Sema3f	Plxna3		0.9	nichenet_prior	NicheNet	omnipath	omnipath					
Sema3f	Plxna4		0.9	nichenet_prior	NicheNet	omnipath	omnipath					
Sema3g	Fcgr3		0.9	nichenet_prior	NicheNet	omnipath	omnipath					
Sema3g	Fcgr2b		0.9	nichenet_prior	NicheNet	omnipath	omnipath					
Sema3g	Gp6		0.9	nichenet_prior	NicheNet	omnipath	omnipath					
Sema3g	Nrp2		0.9	nichenet_prior	NicheNet	omnipath	omnipath					
Sema3g	Plxna1		0.9	nichenet_prior	NicheNet	omnipath	omnipath					
Sema3g	Plxna2		0.9	nichenet_prior	NicheNet	omnipath	omnipath					
Sema3g	Plxna3		0.9	nichenet_prior	NicheNet	omnipath	omnipath					
Sema3g	Plxna4		0.9	nichenet_prior	NicheNet	omnipath	omnipath					
Sema4a	Nrp1		0.9	nichenet_prior	NicheNet	omnipath	omnipath					
Sema4a	Plxna1		0.9	nichenet_prior	NicheNet	omnipath	omnipath					
Sema4a	Plxna2		0.9	nichenet_prior	NicheNet	omnipath	omnipath					
Sema4a	Plxna3		0.9	nichenet_prior	NicheNet	omnipath	omnipath					
Sema4a	Plxna4		0.9	nichenet_prior	NicheNet	omnipath	omnipath					
Sema4a	Plxnd1		0.9	nichenet_prior	NicheNet	omnipath	omnipath					
Sema4b	Dcbld2		0.9	nichenet_prior	NicheNet	omnipath	omnipath					
Sema4b	Plxnb1		0.9	nichenet_prior	NicheNet	nichenet_verschueren	nichenet_verschueren					
Sema4b	Plxnb2		0.9	nichenet_prior	NicheNet	omnipath	omnipath					
Sema4c	Plxnb1		0.9	nichenet_prior	NicheNet	omnipath	omnipath					
Sema4d	Erbb2		0.9	nichenet_prior	NicheNet	omnipath	omnipath					
Sema4d	Met		0.9	nichenet_prior	NicheNet	omnipath	omnipath					
Sema4f	Nrp2		0.9	nichenet_prior	NicheNet	omnipath	omnipath					
Sema4f	Vsir		0.9	nichenet_prior	NicheNet	omnipath	omnipath					
Sema4g	Plxnb1		0.9	nichenet_prior	NicheNet	nichenet_verschueren	nichenet_verschueren					
Sema4g	Plxnb3		0.9	nichenet_prior	NicheNet	nichenet_verschueren	nichenet_verschueren					
Sema5a	Met		0.9	nichenet_prior	NicheNet	omnipath	omnipath					
Sema5a	Plxna2		0.9	nichenet_prior	NicheNet	omnipath	omnipath					
Sema6c	Plxna1		0.9	nichenet_prior	NicheNet	omnipath	omnipath					
Sema6d	Kdr		0.9	nichenet_prior	NicheNet	omnipath	omnipath					
Sema6d	Plxna4		0.9	nichenet_prior	NicheNet	omnipath	omnipath					
Sema6d	Plxnc1		0.9	nichenet_prior	NicheNet	omnipath	omnipath					
Sema6d	Trem2		0.9	nichenet_prior	NicheNet	omnipath	omnipath					
Sema6d	Tyrobp		0.9	nichenet_prior	NicheNet	omnipath	omnipath					
Sema7a	Itga1		0.9	nichenet_prior	NicheNet	omnipath	omnipath					
Sema7a	Itgb1		0.9	nichenet_prior	NicheNet	omnipath	omnipath					
Sema7a	Unc5d		0.9	nichenet_prior	NicheNet	omnipath	omnipath					
Serpina1a	F12		0.9	nichenet_prior	NicheNet	omnipath	omnipath					
Serpina1a	Lrp1		0.9	nichenet_prior	NicheNet	omnipath	omnipath					
Serpina1b	F12		0.9	nichenet_prior	NicheNet	omnipath	omnipath					
Serpina1b	Lrp1		0.9	nichenet_prior	NicheNet	omnipath	omnipath					
Serpina1c	F12		0.9	nichenet_prior	NicheNet	omnipath	omnipath					
Serpina1c	Lrp1		0.9	nichenet_prior	NicheNet	omnipath	omnipath					
Serpina1d	F12		0.9	nichenet_prior	NicheNet	omnipath	omnipath					
Serpina1d	Lrp1		0.9	nichenet_prior	NicheNet	omnipath	omnipath					
Serpina1e	F12		0.9	nichenet_prior	NicheNet	omnipath	omnipath					
Serpina1e	Lrp1		0.9	nichenet_prior	NicheNet	omnipath	omnipath					
Serpina5	Klk1b22		0.9	nichenet_prior	NicheNet	omnipath	omnipath					
Serpina5	Klk1b9		0.9	nichenet_prior	NicheNet	omnipath	omnipath					
Serpina5	Klk1		0.9	nichenet_prior	NicheNet	omnipath	omnipath					
Serpina5	Klk1b11		0.9	nichenet_prior	NicheNet	omnipath	omnipath					
Serpina5	Klk1b16		0.9	nichenet_prior	NicheNet	omnipath	omnipath					
Serpina5	Klk1b21		0.9	nichenet_prior	NicheNet	omnipath	omnipath					
Serpina5	Klk1b24		0.9	nichenet_prior	NicheNet	omnipath	omnipath					
Serpina5	Klk1b26		0.9	nichenet_prior	NicheNet	omnipath	omnipath					
Serpina5	Klk1b27		0.9	nichenet_prior	NicheNet	omnipath	omnipath					
Serpina5	Klk1b5		0.9	nichenet_prior	NicheNet	omnipath	omnipath					
Serpina5	Klk1b1		0.9	nichenet_prior	NicheNet	omnipath	omnipath					
Serpina5	Klk1b8		0.9	nichenet_prior	NicheNet	omnipath	omnipath					
Serpina5	Klk1b4		0.9	nichenet_prior	NicheNet	omnipath	omnipath					
Serpina5	Klk1b3		0.9	nichenet_prior	NicheNet	omnipath	omnipath					
Serpina5	Proc		0.9	nichenet_prior	NicheNet	omnipath	omnipath					
Serpina5	Thbd		0.9	nichenet_prior	NicheNet	omnipath	omnipath					
Serpinc1	F10		0.9	nichenet_prior	NicheNet	omnipath	omnipath					
Serpinc1	F11		0.9	nichenet_prior	NicheNet	omnipath	omnipath					
Serpinc1	F12		0.9	nichenet_prior	NicheNet	omnipath	omnipath					
Serpinc1	F9		0.9	nichenet_prior	NicheNet	omnipath	omnipath					
Serpinc1	Gpc1		0.9	nichenet_prior	NicheNet	omnipath	omnipath					
Serpinc1	Lrp1		0.9	nichenet_prior	NicheNet	omnipath	omnipath					
Serpinc1	Sdc2		0.9	nichenet_prior	NicheNet	omnipath	omnipath					
Serpine1	F12		0.9	nichenet_prior	NicheNet	omnipath	omnipath					
Serpine1	Itgav		0.9	nichenet_prior	NicheNet	omnipath	omnipath					
Serpine1	Itgb5		0.9	nichenet_prior	NicheNet	omnipath	omnipath					
Serpine1	Lrp1		0.9	nichenet_prior	NicheNet	omnipath	omnipath					
Serpine1	Lrp2		0.9	nichenet_prior	NicheNet	omnipath	omnipath					
Serpine1	Plat		0.9	nichenet_prior	NicheNet	omnipath	omnipath					
Serpine1	Plau		0.9	nichenet_prior	NicheNet	omnipath	omnipath					
Serpine1	Plaur		0.9	nichenet_prior	NicheNet	omnipath	omnipath					
Serpine2	Lrp1		0.9	nichenet_prior	NicheNet	omnipath	omnipath					
Serpinf1	Lrp6		0.9	nichenet_prior	NicheNet	omnipath	omnipath					
Serpinf1	Plxdc1		0.9	nichenet_prior	NicheNet	omnipath	omnipath					
Serpinf1	Plxdc2		0.9	nichenet_prior	NicheNet	omnipath	omnipath					
Serping1	C1ra		0.9	nichenet_prior	NicheNet	omnipath	omnipath					
Serping1	C1rb		0.9	nichenet_prior	NicheNet	omnipath	omnipath					
Serping1	F12		0.9	nichenet_prior	NicheNet	omnipath	omnipath					
Serping1	Lrp1		0.9	nichenet_prior	NicheNet	omnipath	omnipath					
Serping1	Sele		0.9	nichenet_prior	NicheNet	omnipath	omnipath					
Serping1	Selp		0.9	nichenet_prior	NicheNet	omnipath	omnipath					
Sfrp1	Fzd2		0.9	nichenet_prior	NicheNet	omnipath	omnipath					
Sfrp1	Fzd6		0.9	nichenet_prior	NicheNet	omnipath	omnipath					
Sfrp2	Fzd5		0.9	nichenet_prior	NicheNet	omnipath	omnipath					
Sftpa1	Cd93		0.9	nichenet_prior	NicheNet	omnipath	omnipath					
Sftpa1	Tlr2		0.9	nichenet_prior	NicheNet	omnipath	omnipath					
Sftpd	Lair1		0.9	nichenet_prior	NicheNet	omnipath	omnipath					
Sftpd	Sirpa		0.9	nichenet_prior	NicheNet	omnipath	omnipath					
Sftpd	Tlr4		0.9	nichenet_prior	NicheNet	omnipath	omnipath					
Shbg	Cldn4		0.9	nichenet_prior	NicheNet	omnipath	omnipath					
Shbg	Cldn13		0.9	nichenet_prior	NicheNet	omnipath	omnipath					
Shbg	Gprc6a		0.9	nichenet_prior	NicheNet	omnipath	omnipath					
Shbg	Slc37a1		0.9	nichenet_prior	NicheNet	omnipath	omnipath					
Shh	Boc		0.9	nichenet_prior	NicheNet	omnipath	omnipath					
Shh	Cdon		0.9	nichenet_prior	NicheNet	omnipath	omnipath					
Shh	Hhip		0.9	nichenet_prior	NicheNet	omnipath	omnipath					
Shh	Lrp2		0.9	nichenet_prior	NicheNet	omnipath	omnipath					
Shh	Ptch1		0.9	nichenet_prior	NicheNet	omnipath	omnipath					
Shh	Ptch2		0.9	nichenet_prior	NicheNet	omnipath	omnipath					
Shh	Smo		0.9	nichenet_prior	NicheNet	omnipath	omnipath					
Shisa4	Fcgrt		0.9	nichenet_prior	NicheNet	nichenet_verschueren	nichenet_verschueren					
Siglec1	Cd47		0.9	nichenet_prior	NicheNet	nichenet_verschueren	nichenet_verschueren					
Siglec1	Ptprc		0.9	nichenet_prior	NicheNet	omnipath	omnipath					
Siglec15	Cd33		0.9	nichenet_prior	NicheNet	omnipath	omnipath					
Siglec15	Fgfr4		0.9	nichenet_prior	NicheNet	nichenet_verschueren	nichenet_verschueren					
Siglec15	Lrrc4c		0.9	nichenet_prior	NicheNet	omnipath	omnipath					
Siglec15	Mag		0.9	nichenet_prior	NicheNet	omnipath	omnipath					
Siglec15	Siglecg		0.9	nichenet_prior	NicheNet	omnipath	omnipath					
Siglec15	Unc5d		0.9	nichenet_prior	NicheNet	omnipath	omnipath					
Siglece	Adgra2		0.9	nichenet_prior	NicheNet	omnipath	omnipath					
Siglece	Boc		0.9	nichenet_prior	NicheNet	omnipath	omnipath					
Siglece	Cd320		0.9	nichenet_prior	NicheNet	omnipath	omnipath					
Siglece	Cd33		0.9	nichenet_prior	NicheNet	omnipath	omnipath					
Siglece	Cd4		0.9	nichenet_prior	NicheNet	omnipath	omnipath					
Siglece	Cd6		0.9	nichenet_prior	NicheNet	nichenet_verschueren	nichenet_verschueren					
Siglece	Ifngr1		0.9	nichenet_prior	NicheNet	omnipath	omnipath					
Siglece	Il1rapl1		0.9	nichenet_prior	NicheNet	nichenet_verschueren	nichenet_verschueren					
Siglece	Il1rl1		0.9	nichenet_prior	NicheNet	omnipath	omnipath					
Siglece	Il4ra		0.9	nichenet_prior	NicheNet	nichenet_verschueren	nichenet_verschueren					
Siglece	AU040320		0.9	nichenet_prior	NicheNet	omnipath	omnipath					
Siglece	Lrfn2		0.9	nichenet_prior	NicheNet	omnipath	omnipath					
Siglece	Lrp12		0.9	nichenet_prior	NicheNet	omnipath	omnipath					
Siglece	Lrrc4c		0.9	nichenet_prior	NicheNet	omnipath	omnipath					
Siglece	Mag		0.9	nichenet_prior	NicheNet	omnipath	omnipath					
Siglece	Muc1		0.9	nichenet_prior	NicheNet	omnipath	omnipath					
Siglece	Ncr1		0.9	nichenet_prior	NicheNet	nichenet_verschueren	nichenet_verschueren					
Siglece	Nrp2		0.9	nichenet_prior	NicheNet	nichenet_verschueren	nichenet_verschueren					
Siglece	Nrxn2		0.9	nichenet_prior	NicheNet	nichenet_verschueren	nichenet_verschueren					
Siglece	Ntng1		0.9	nichenet_prior	NicheNet	nichenet_verschueren	nichenet_verschueren					
Siglece	Ntrk3		0.9	nichenet_prior	NicheNet	nichenet_verschueren	nichenet_verschueren					
Siglece	Pcdhac1		0.9	nichenet_prior	NicheNet	omnipath	omnipath					
Siglece	Pcdhga7		0.9	nichenet_prior	NicheNet	omnipath	omnipath					
Siglece	Ptpro		0.9	nichenet_prior	NicheNet	nichenet_verschueren	nichenet_verschueren					
Siglece	Siglecg		0.9	nichenet_prior	NicheNet	omnipath	omnipath					
Siglece	Siglec15		0.9	nichenet_prior	NicheNet	omnipath	omnipath					
Siglece	Siglece		0.9	nichenet_prior	NicheNet	omnipath	omnipath					
Siglece	Siglecf		0.9	nichenet_prior	NicheNet	omnipath	omnipath					
Siglece	Tex101		0.9	nichenet_prior	NicheNet	nichenet_verschueren	nichenet_verschueren					
Siglece	Timd4		0.9	nichenet_prior	NicheNet	omnipath	omnipath					
Siglece	Tnfrsf11b		0.9	nichenet_prior	NicheNet	omnipath	omnipath					
Siglecf	Cd33		0.9	nichenet_prior	NicheNet	omnipath	omnipath					
Siglecf	Cd4		0.9	nichenet_prior	NicheNet	nichenet_verschueren	nichenet_verschueren					
Siglecf	Cd6		0.9	nichenet_prior	NicheNet	nichenet_verschueren	nichenet_verschueren					
Siglecf	Il4ra		0.9	nichenet_prior	NicheNet	nichenet_verschueren	nichenet_verschueren					
Siglecf	AU040320		0.9	nichenet_prior	NicheNet	omnipath	omnipath					
Siglecf	Kir3dl2		0.9	nichenet_prior	NicheNet	omnipath	omnipath					
Siglecf	Kir3dl1		0.9	nichenet_prior	NicheNet	omnipath	omnipath					
Siglecf	Lrfn2		0.9	nichenet_prior	NicheNet	omnipath	omnipath					
Siglecf	Lrrc4c		0.9	nichenet_prior	NicheNet	omnipath	omnipath					
Siglecf	Mag		0.9	nichenet_prior	NicheNet	omnipath	omnipath					
Siglecf	Ncr1		0.9	nichenet_prior	NicheNet	omnipath	omnipath					
Siglecf	Nrxn2		0.9	nichenet_prior	NicheNet	nichenet_verschueren	nichenet_verschueren					
Siglecf	Ntng1		0.9	nichenet_prior	NicheNet	nichenet_verschueren	nichenet_verschueren					
Siglecf	Ntrk3		0.9	nichenet_prior	NicheNet	nichenet_verschueren	nichenet_verschueren					
Siglecf	Pcdhga7		0.9	nichenet_prior	NicheNet	omnipath	omnipath					
Siglecf	Ptpro		0.9	nichenet_prior	NicheNet	nichenet_verschueren	nichenet_verschueren					
Siglecf	Siglecg		0.9	nichenet_prior	NicheNet	omnipath	omnipath					
Siglecf	Siglecf		0.9	nichenet_prior	NicheNet	nichenet_verschueren	nichenet_verschueren					
Siglecf	Siglece		0.9	nichenet_prior	NicheNet	nichenet_verschueren	nichenet_verschueren					
Siglecf	Tex101		0.9	nichenet_prior	NicheNet	nichenet_verschueren	nichenet_verschueren					
Siglech	Cd4		0.9	nichenet_prior	NicheNet	nichenet_verschueren	nichenet_verschueren					
Siglech	Kir3dl2		0.9	nichenet_prior	NicheNet	omnipath	omnipath					
Siglech	Kir3dl1		0.9	nichenet_prior	NicheNet	omnipath	omnipath					
Siglech	Ncr1		0.9	nichenet_prior	NicheNet	omnipath	omnipath					
Sirpa	Cd47		0.9	nichenet_prior	NicheNet	omnipath	omnipath					
Sirpa	Cd69		0.9	nichenet_prior	NicheNet	nichenet_verschueren	nichenet_verschueren					
Sirpa	Chl1		0.9	nichenet_prior	NicheNet	nichenet_verschueren	nichenet_verschueren					
Sirpa	Lrpap1		0.9	nichenet_prior	NicheNet	nichenet_verschueren	nichenet_verschueren					
Sirpa	Ptprd		0.9	nichenet_prior	NicheNet	nichenet_verschueren	nichenet_verschueren					
Sirpa	Tigit		0.9	nichenet_prior	NicheNet	omnipath	omnipath					
Sirpb1a	Ptprd		0.9	nichenet_prior	NicheNet	nichenet_verschueren	nichenet_verschueren					
Sirpb1b	Ptprd		0.9	nichenet_prior	NicheNet	nichenet_verschueren	nichenet_verschueren					
Sirpb1c	Ptprd		0.9	nichenet_prior	NicheNet	nichenet_verschueren	nichenet_verschueren					
Sis	Itgav		0.9	nichenet_prior	NicheNet	omnipath	omnipath					
Sis	Lrp1		0.9	nichenet_prior	NicheNet	omnipath	omnipath					
Sis	Pdgfra		0.9	nichenet_prior	NicheNet	omnipath	omnipath					
Sis	Pdgfrb		0.9	nichenet_prior	NicheNet	omnipath	omnipath					
Sis	S1pr1		0.9	nichenet_prior	NicheNet	omnipath	omnipath					
Slamf6	Havcr1		0.9	nichenet_prior	NicheNet	omnipath	omnipath					
Slamf6	Gm12169		0.9	nichenet_prior	NicheNet	omnipath	omnipath					
Slamf6	BC053393		0.9	nichenet_prior	NicheNet	omnipath	omnipath					
Slamf6	Timd2		0.9	nichenet_prior	NicheNet	omnipath	omnipath					
Slamf7	Slamf7		0.9	nichenet_prior	NicheNet	nichenet_verschueren	nichenet_verschueren					
Slc6a8	Lifr		0.9	nichenet_prior	NicheNet	omnipath	omnipath					
Slit1	Flrt3		0.9	nichenet_prior	NicheNet	omnipath	omnipath					
Slit1	Gpc1		0.9	nichenet_prior	NicheNet	omnipath	omnipath					
Slit1	Robo2		0.9	nichenet_prior	NicheNet	omnipath	omnipath					
Slit1	Sdc1		0.9	nichenet_prior	NicheNet	omnipath	omnipath					
Slit2	Gpc1		0.9	nichenet_prior	NicheNet	omnipath	omnipath					
Slit2	Robo4		0.9	nichenet_prior	NicheNet	omnipath	omnipath					
Slit2	Sdc1		0.9	nichenet_prior	NicheNet	omnipath	omnipath					
Slit3	Robo1		0.9	nichenet_prior	NicheNet	omnipath	omnipath					
Slit3	Robo2		0.9	nichenet_prior	NicheNet	omnipath	omnipath					
Slit3	Robo4		0.9	nichenet_prior	NicheNet	omnipath	omnipath					
Slitrk1	Enpep		0.9	nichenet_prior	NicheNet	nichenet_verschueren	nichenet_verschueren					
Slitrk1	Tnfrsf11b		0.9	nichenet_prior	NicheNet	omnipath	omnipath					
Slitrk3	Ptprs		0.9	nichenet_prior	NicheNet	omnipath	omnipath					
Slitrk4	Ptprd		0.9	nichenet_prior	NicheNet	nichenet_verschueren	nichenet_verschueren					
Slitrk5	Ptprd		0.9	nichenet_prior	NicheNet	omnipath	omnipath					
Slitrk6	Ptprd		0.9	nichenet_prior	NicheNet	nichenet_verschueren	nichenet_verschueren					
Slpi	Cd4		0.9	nichenet_prior	NicheNet	omnipath	omnipath					
Slpi	Plscr4		0.9	nichenet_prior	NicheNet	omnipath	omnipath					
Snx14	Htr6		0.9	nichenet_prior	NicheNet	omnipath	omnipath					
Sorl1	Cntfr		0.9	nichenet_prior	NicheNet	omnipath	omnipath					
Sost	Lrp4		0.9	nichenet_prior	NicheNet	omnipath	omnipath					
Sost	Lrp5		0.9	nichenet_prior	NicheNet	omnipath	omnipath					
Sost	Lrp6		0.9	nichenet_prior	NicheNet	omnipath	omnipath					
Sostdc1	Lrp4		0.9	nichenet_prior	NicheNet	omnipath	omnipath					
Sostdc1	Lrp5		0.9	nichenet_prior	NicheNet	omnipath	omnipath					
Sostdc1	Lrp6		0.9	nichenet_prior	NicheNet	omnipath	omnipath					
Spag11b	Gpr55		0.9	nichenet_prior	NicheNet	omnipath	omnipath					
Sparc	Eng		0.9	nichenet_prior	NicheNet	omnipath	omnipath					
Sparc	Fgfr1		0.9	nichenet_prior	NicheNet	omnipath	omnipath					
Spink1	Egfr		0.9	nichenet_prior	NicheNet	omnipath	omnipath					
Spink1	Nrsn1		0.9	nichenet_prior	NicheNet	omnipath	omnipath					
Spint1	St14		0.9	nichenet_prior	NicheNet	omnipath	omnipath					
Spn	Siglec1		0.9	nichenet_prior	NicheNet	omnipath	omnipath					
Spon1	App		0.9	nichenet_prior	NicheNet	omnipath	omnipath					
Spon1	Lrp8		0.9	nichenet_prior	NicheNet	omnipath	omnipath					
Spon2	Itga4		0.9	nichenet_prior	NicheNet	omnipath	omnipath					
Spon2	Itga5		0.9	nichenet_prior	NicheNet	omnipath	omnipath					
Spon2	Itgam		0.9	nichenet_prior	NicheNet	omnipath	omnipath					
Spon2	Gm49368		0.9	nichenet_prior	NicheNet	omnipath	omnipath					
Spon2	Itgb1		0.9	nichenet_prior	NicheNet	omnipath	omnipath					
Spon2	Itgb2		0.9	nichenet_prior	NicheNet	omnipath	omnipath					
Spon2	Itgb2l		0.9	nichenet_prior	NicheNet	omnipath	omnipath					
Spp1	Itga4		0.9	nichenet_prior	NicheNet	omnipath	omnipath					
Spp1	Itga5		0.9	nichenet_prior	NicheNet	omnipath	omnipath					
Spp1	Itga8		0.9	nichenet_prior	NicheNet	omnipath	omnipath					
Spp1	Itga9		0.9	nichenet_prior	NicheNet	omnipath	omnipath					
Spp1	Itgav		0.9	nichenet_prior	NicheNet	omnipath	omnipath					
Spp1	Itgb1		0.9	nichenet_prior	NicheNet	omnipath	omnipath					
Spp1	Itgb3		0.9	nichenet_prior	NicheNet	omnipath	omnipath					
Spp1	Itgb5		0.9	nichenet_prior	NicheNet	omnipath	omnipath					
Spp1	Itgb6		0.9	nichenet_prior	NicheNet	omnipath	omnipath					
Spp1	S1pr1		0.9	nichenet_prior	NicheNet	omnipath	omnipath					
Spx	Galr2		0.9	nichenet_prior	NicheNet	omnipath	omnipath					
Spx	Galr3		0.9	nichenet_prior	NicheNet	omnipath	omnipath					
St14	Gm36028		0.9	nichenet_prior	NicheNet	omnipath	omnipath					
St14	Plau		0.9	nichenet_prior	NicheNet	omnipath	omnipath					
St6gal1	Cd22		0.9	nichenet_prior	NicheNet	omnipath	omnipath					
St6gal1	Egfr		0.9	nichenet_prior	NicheNet	omnipath	omnipath					
Stx1a	Cacna1b		0.9	nichenet_prior	NicheNet	omnipath	omnipath					
Stx1a	Cacna1d		0.9	nichenet_prior	NicheNet	omnipath	omnipath					
Syt1	Cacna1c		0.9	nichenet_prior	NicheNet	omnipath	omnipath					
Syt1	Cacna1e		0.9	nichenet_prior	NicheNet	omnipath	omnipath					
Syt1	Stx1a		0.9	nichenet_prior	NicheNet	omnipath	omnipath					
Syt1	Stx3		0.9	nichenet_prior	NicheNet	omnipath	omnipath					
Syt1	Sv2b		0.9	nichenet_prior	NicheNet	omnipath	omnipath					
Tac1	Tacr3		0.9	nichenet_prior	NicheNet	omnipath	omnipath					
Tac2	Tacr1		0.9	nichenet_prior	NicheNet	omnipath	omnipath					
Tac2	Tacr2		0.9	nichenet_prior	NicheNet	omnipath	omnipath					
Tac4	Tacr2		0.9	nichenet_prior	NicheNet	omnipath	omnipath					
Tac4	Tacr3		0.9	nichenet_prior	NicheNet	omnipath	omnipath					
Tarm1	Oscar		0.9	nichenet_prior	NicheNet	omnipath	omnipath					
Tarm1	Robo4		0.9	nichenet_prior	NicheNet	omnipath	omnipath					
Tcn2	Cnr1		0.9	nichenet_prior	NicheNet	omnipath	omnipath					
Tcn2	Lrp2		0.9	nichenet_prior	NicheNet	omnipath	omnipath					
Tctn1	Tctn2		0.9	nichenet_prior	NicheNet	omnipath	omnipath					
Tctn1	Tctn3		0.9	nichenet_prior	NicheNet	omnipath	omnipath					
Tctn1	Tmem216		0.9	nichenet_prior	NicheNet	omnipath	omnipath					
Tctn1	Tmem67		0.9	nichenet_prior	NicheNet	omnipath	omnipath					
Tctn3	Fcrl1		0.9	nichenet_prior	NicheNet	omnipath	omnipath					
Tdgf1	Acvr1b		0.9	nichenet_prior	NicheNet	omnipath	omnipath					
Tdgf1	Acvr1c		0.9	nichenet_prior	NicheNet	omnipath	omnipath					
Tdgf1	Acvr2a		0.9	nichenet_prior	NicheNet	omnipath	omnipath					
Tdgf1	Acvr2b		0.9	nichenet_prior	NicheNet	omnipath	omnipath					
Tdgf1	Gpc1		0.9	nichenet_prior	NicheNet	omnipath	omnipath					
Tdgf1	Lrp5		0.9	nichenet_prior	NicheNet	omnipath	omnipath					
Tdgf1	Lrp6		0.9	nichenet_prior	NicheNet	omnipath	omnipath					
Tex101	Siglecf		0.9	nichenet_prior	NicheNet	nichenet_verschueren	nichenet_verschueren					
Tex101	Siglece		0.9	nichenet_prior	NicheNet	nichenet_verschueren	nichenet_verschueren					
Tff1	Muc5ac		0.9	nichenet_prior	NicheNet	omnipath	omnipath					
Tff2	Cxcr4		0.9	nichenet_prior	NicheNet	omnipath	omnipath					
Tfpi	F10		0.9	nichenet_prior	NicheNet	omnipath	omnipath					
Tfpi	F3		0.9	nichenet_prior	NicheNet	omnipath	omnipath					
Tfpi	Lrp1		0.9	nichenet_prior	NicheNet	omnipath	omnipath					
Tfpi	Sdc4		0.9	nichenet_prior	NicheNet	omnipath	omnipath					
Tfpi	Vldlr		0.9	nichenet_prior	NicheNet	omnipath	omnipath					
Tg	Asgr1		0.9	nichenet_prior	NicheNet	omnipath	omnipath					
Tg	Lrp2		0.9	nichenet_prior	NicheNet	omnipath	omnipath					
Tg	Tpo		0.9	nichenet_prior	NicheNet	omnipath	omnipath					
Tgfa	Adam17		0.9	nichenet_prior	NicheNet	omnipath	omnipath					
Tgfa	Erbb2		0.9	nichenet_prior	NicheNet	omnipath	omnipath					
Tgfa	Erbb3		0.9	nichenet_prior	NicheNet	omnipath	omnipath					
Tgfa	Erbb4		0.9	nichenet_prior	NicheNet	omnipath	omnipath					
Tgfa	Ptprd		0.9	nichenet_prior	NicheNet	omnipath	omnipath					
Tgfb1	Acvrl1		0.9	nichenet_prior	NicheNet	omnipath	omnipath					
Tgfb1	App		0.9	nichenet_prior	NicheNet	omnipath	omnipath					
Tgfb1	Eng		0.9	nichenet_prior	NicheNet	omnipath	omnipath					
Tgfb1	Itgav		0.9	nichenet_prior	NicheNet	omnipath	omnipath					
Tgfb1	Itgb1		0.9	nichenet_prior	NicheNet	omnipath	omnipath					
Tgfb1	Itgb3		0.9	nichenet_prior	NicheNet	omnipath	omnipath					
Tgfb1	Itgb6		0.9	nichenet_prior	NicheNet	omnipath	omnipath					
Tgfb1	Itgb8		0.9	nichenet_prior	NicheNet	omnipath	omnipath					
Tgfb1	Pdgfra		0.9	nichenet_prior	NicheNet	omnipath	omnipath					
Tgfb1	Sdc2		0.9	nichenet_prior	NicheNet	omnipath	omnipath					
Tgfb1	Tgfbr1		0.9	nichenet_prior	NicheNet	omnipath	omnipath					
Tgfb1	Tgfbr2		0.9	nichenet_prior	NicheNet	omnipath	omnipath					
Tgfb1	Tgfbr3		0.9	nichenet_prior	NicheNet	omnipath	omnipath					
Tgfb2	Acvr1		0.9	nichenet_prior	NicheNet	omnipath	omnipath					
Tgfb2	Acvr1b		0.9	nichenet_prior	NicheNet	omnipath	omnipath					
Tgfb2	Acvr1c		0.9	nichenet_prior	NicheNet	omnipath	omnipath					
Tgfb2	Eng		0.9	nichenet_prior	NicheNet	omnipath	omnipath					
Tgfb2	Tgfbr1		0.9	nichenet_prior	NicheNet	omnipath	omnipath					
Tgfb2	Tgfbr2		0.9	nichenet_prior	NicheNet	omnipath	omnipath					
Tgfb2	Tgfbr3		0.9	nichenet_prior	NicheNet	omnipath	omnipath					
Tgfb3	Acvr1c		0.9	nichenet_prior	NicheNet	omnipath	omnipath					
Tgfb3	Acvrl1		0.9	nichenet_prior	NicheNet	omnipath	omnipath					
Tgfb3	Eng		0.9	nichenet_prior	NicheNet	omnipath	omnipath					
Tgfb3	Itgb3		0.9	nichenet_prior	NicheNet	omnipath	omnipath					
Tgfb3	Itgb6		0.9	nichenet_prior	NicheNet	omnipath	omnipath					
Tgfb3	Tgfbr1		0.9	nichenet_prior	NicheNet	omnipath	omnipath					
Tgfb3	Tgfbr2		0.9	nichenet_prior	NicheNet	omnipath	omnipath					
Tgfb3	Tgfbr3		0.9	nichenet_prior	NicheNet	omnipath	omnipath					
Tgfbi	Itga1		0.9	nichenet_prior	NicheNet	omnipath	omnipath					
Tgfbi	Itga3		0.9	nichenet_prior	NicheNet	omnipath	omnipath					
Tgfbi	Itga4		0.9	nichenet_prior	NicheNet	omnipath	omnipath					
Tgfbi	Itga5		0.9	nichenet_prior	NicheNet	omnipath	omnipath					
Tgfbi	Itga6		0.9	nichenet_prior	NicheNet	omnipath	omnipath					
Tgfbi	Itga7		0.9	nichenet_prior	NicheNet	omnipath	omnipath					
Tgfbi	Itgav		0.9	nichenet_prior	NicheNet	omnipath	omnipath					
Tgfbi	Itgb1		0.9	nichenet_prior	NicheNet	omnipath	omnipath					
Tgfbi	Itgb3		0.9	nichenet_prior	NicheNet	omnipath	omnipath					
Tgfbi	Itgb4		0.9	nichenet_prior	NicheNet	omnipath	omnipath					
Tgfbi	Itgb5		0.9	nichenet_prior	NicheNet	omnipath	omnipath					
Tgm2	Itga4		0.9	nichenet_prior	NicheNet	omnipath	omnipath					
Tgm2	Itga9		0.9	nichenet_prior	NicheNet	omnipath	omnipath					
Tgm2	Itgb1		0.9	nichenet_prior	NicheNet	omnipath	omnipath					
Tgm2	Itgb3		0.9	nichenet_prior	NicheNet	omnipath	omnipath					
Tgm2	Sdc4		0.9	nichenet_prior	NicheNet	omnipath	omnipath					
Tgm2	Tbxa2r		0.9	nichenet_prior	NicheNet	omnipath	omnipath					
Tgm2	Trpv5		0.9	nichenet_prior	NicheNet	omnipath	omnipath					
Tgoln1	Gm36028		0.9	nichenet_prior	NicheNet	omnipath	omnipath					
Thbs1	Itga2b		0.9	nichenet_prior	NicheNet	omnipath	omnipath					
Thbs1	Itga3		0.9	nichenet_prior	NicheNet	omnipath	omnipath					
Thbs1	Itga4		0.9	nichenet_prior	NicheNet	omnipath	omnipath					
Thbs1	Itga6		0.9	nichenet_prior	NicheNet	omnipath	omnipath					
Thbs1	Itgb1		0.9	nichenet_prior	NicheNet	omnipath	omnipath					
Thbs1	Itgb3		0.9	nichenet_prior	NicheNet	omnipath	omnipath					
Thbs1	Lrp1		0.9	nichenet_prior	NicheNet	omnipath	omnipath					
Thbs1	Lrp5		0.9	nichenet_prior	NicheNet	omnipath	omnipath					
Thbs1	Tnfrsf11b		0.9	nichenet_prior	NicheNet	omnipath	omnipath					
Thbs2	Itga3		0.9	nichenet_prior	NicheNet	omnipath	omnipath					
Thbs2	Itga4		0.9	nichenet_prior	NicheNet	omnipath	omnipath					
Thbs2	Itga6		0.9	nichenet_prior	NicheNet	omnipath	omnipath					
Thbs2	Itgb1		0.9	nichenet_prior	NicheNet	omnipath	omnipath					
Thbs2	Itgb3		0.9	nichenet_prior	NicheNet	omnipath	omnipath					
Thbs2	Lrp2		0.9	nichenet_prior	NicheNet	omnipath	omnipath					
Thbs2	Lrp4		0.9	nichenet_prior	NicheNet	omnipath	omnipath					
Thbs2	Notch3		0.9	nichenet_prior	NicheNet	omnipath	omnipath					
Thbs2	Notch4		0.9	nichenet_prior	NicheNet	omnipath	omnipath					
Thbs4	Itga3		0.9	nichenet_prior	NicheNet	omnipath	omnipath					
Thbs4	Itgav		0.9	nichenet_prior	NicheNet	omnipath	omnipath					
Thbs4	Itgb1		0.9	nichenet_prior	NicheNet	omnipath	omnipath					
Thbs4	Itgb3		0.9	nichenet_prior	NicheNet	omnipath	omnipath					
Thy1	Cntn1		0.9	nichenet_prior	NicheNet	omnipath	omnipath					
Thy1	Itgam		0.9	nichenet_prior	NicheNet	omnipath	omnipath					
Thy1	Gm49368		0.9	nichenet_prior	NicheNet	omnipath	omnipath					
Thy1	Itgav		0.9	nichenet_prior	NicheNet	omnipath	omnipath					
Thy1	Itgax		0.9	nichenet_prior	NicheNet	omnipath	omnipath					
Thy1	Itgb2		0.9	nichenet_prior	NicheNet	omnipath	omnipath					
Thy1	Itgb2l		0.9	nichenet_prior	NicheNet	omnipath	omnipath					
Thy1	Itgb3		0.9	nichenet_prior	NicheNet	omnipath	omnipath					
Tigit	Nectin2		0.9	nichenet_prior	NicheNet	omnipath	omnipath					
Tigit	Nectin3		0.9	nichenet_prior	NicheNet	nichenet_verschueren	nichenet_verschueren					
Tigit	Nectin4		0.9	nichenet_prior	NicheNet	nichenet_verschueren	nichenet_verschueren					
Tigit	Pvr		0.9	nichenet_prior	NicheNet	omnipath	omnipath					
Tigit	Reck		0.9	nichenet_prior	NicheNet	nichenet_verschueren	nichenet_verschueren					
Tigit	Sirpa		0.9	nichenet_prior	NicheNet	nichenet_verschueren	nichenet_verschueren					
Timd2	Cd300lb		0.9	nichenet_prior	NicheNet	omnipath	omnipath					
Timd2	Igsf21		0.9	nichenet_prior	NicheNet	omnipath	omnipath					
Timd2	Siglec1		0.9	nichenet_prior	NicheNet	omnipath	omnipath					
Timd2	Timd4		0.9	nichenet_prior	NicheNet	omnipath	omnipath					
Timd4	Havcr1		0.9	nichenet_prior	NicheNet	omnipath	omnipath					
Timd4	Gm12169		0.9	nichenet_prior	NicheNet	omnipath	omnipath					
Timd4	BC053393		0.9	nichenet_prior	NicheNet	omnipath	omnipath					
Timd4	Timd2		0.9	nichenet_prior	NicheNet	omnipath	omnipath					
Timd4	Siglece		0.9	nichenet_prior	NicheNet	nichenet_verschueren	nichenet_verschueren					
Timp1	Cd63		0.9	nichenet_prior	NicheNet	omnipath	omnipath					
Timp1	Fgfr2		0.9	nichenet_prior	NicheNet	omnipath	omnipath					
Timp1	Mmp1a		0.9	nichenet_prior	NicheNet	omnipath	omnipath					
Timp1	Mmp1b		0.9	nichenet_prior	NicheNet	omnipath	omnipath					
Timp1	Mmp2		0.9	nichenet_prior	NicheNet	omnipath	omnipath					
Timp1	Mmp9		0.9	nichenet_prior	NicheNet	omnipath	omnipath					
Timp2	Cd44		0.9	nichenet_prior	NicheNet	omnipath	omnipath					
Timp2	Itga3		0.9	nichenet_prior	NicheNet	omnipath	omnipath					
Timp2	Itgb1		0.9	nichenet_prior	NicheNet	omnipath	omnipath					
Timp2	Lrp2		0.9	nichenet_prior	NicheNet	omnipath	omnipath					
Timp2	Mmp2		0.9	nichenet_prior	NicheNet	omnipath	omnipath					
Timp3	Adam17		0.9	nichenet_prior	NicheNet	omnipath	omnipath					
Timp3	Adamts4		0.9	nichenet_prior	NicheNet	omnipath	omnipath					
Timp3	Agtr2		0.9	nichenet_prior	NicheNet	omnipath	omnipath					
Timp3	Cd44		0.9	nichenet_prior	NicheNet	omnipath	omnipath					
Timp3	Ddr1		0.9	nichenet_prior	NicheNet	omnipath	omnipath					
Timp3	Kdr		0.9	nichenet_prior	NicheNet	omnipath	omnipath					
Timp3	Met		0.9	nichenet_prior	NicheNet	omnipath	omnipath					
Timp3	Mmp14		0.9	nichenet_prior	NicheNet	omnipath	omnipath					
Timp3	Mmp2		0.9	nichenet_prior	NicheNet	omnipath	omnipath					
Timp3	Mmp9		0.9	nichenet_prior	NicheNet	omnipath	omnipath					
Tmem190	Igsf11		0.9	nichenet_prior	NicheNet	nichenet_verschueren	nichenet_verschueren					
Tmprss6	Hjv		0.9	nichenet_prior	NicheNet	omnipath	omnipath					
Tnc	Cntn1		0.9	nichenet_prior	NicheNet	omnipath	omnipath					
Tnc	Egfr		0.9	nichenet_prior	NicheNet	omnipath	omnipath					
Tnc	Itga5		0.9	nichenet_prior	NicheNet	omnipath	omnipath					
Tnc	Itga7		0.9	nichenet_prior	NicheNet	omnipath	omnipath					
Tnc	Itga8		0.9	nichenet_prior	NicheNet	omnipath	omnipath					
Tnc	Itga9		0.9	nichenet_prior	NicheNet	omnipath	omnipath					
Tnc	Itgav		0.9	nichenet_prior	NicheNet	omnipath	omnipath					
Tnc	Itgb1		0.9	nichenet_prior	NicheNet	omnipath	omnipath					
Tnc	Itgb3		0.9	nichenet_prior	NicheNet	nichenet_verschueren	nichenet_verschueren					
Tnc	Itgb6		0.9	nichenet_prior	NicheNet	nichenet_verschueren	nichenet_verschueren					
Tnc	Ptprb		0.9	nichenet_prior	NicheNet	omnipath	omnipath					
Tnc	Ptprz1		0.9	nichenet_prior	NicheNet	omnipath	omnipath					
Tnf	Ltbr		0.9	nichenet_prior	NicheNet	nichenet_verschueren	nichenet_verschueren					
Tnf	Tnfrsf21		0.9	nichenet_prior	NicheNet	omnipath	omnipath					
Tnf	Traf2		0.9	nichenet_prior	NicheNet	omnipath	omnipath					
Tnfrsf14	Btla		0.9	nichenet_prior	NicheNet	omnipath	omnipath					
Tnfrsf14	Cd160		0.9	nichenet_prior	NicheNet	omnipath	omnipath					
Tnfrsf14	Lrfn5		0.9	nichenet_prior	NicheNet	omnipath	omnipath					
Tnfrsf14	Traf2		0.9	nichenet_prior	NicheNet	omnipath	omnipath					
Tnfsf10	Tnfrsf22		0.9	nichenet_prior	NicheNet	omnipath	omnipath					
Tnfsf10	Tnfrsf26		0.9	nichenet_prior	NicheNet	omnipath	omnipath					
Tnfsf10	Tnfrsf23		0.9	nichenet_prior	NicheNet	omnipath	omnipath					
Tnfsf10	Tnfrsf11b		0.9	nichenet_prior	NicheNet	omnipath	omnipath					
Tnfsf12	Cd163		0.9	nichenet_prior	NicheNet	omnipath	omnipath					
Tnfsf12	Tnfrsf25		0.9	nichenet_prior	NicheNet	omnipath	omnipath					
Tnfsf12	Tnfrsf8		0.9	nichenet_prior	NicheNet	omnipath	omnipath					
Tnfsf13	Fas		0.9	nichenet_prior	NicheNet	omnipath	omnipath					
Tnfsf13	Sdc2		0.9	nichenet_prior	NicheNet	omnipath	omnipath					
Tnfsf13	Tnfrsf11b		0.9	nichenet_prior	NicheNet	omnipath	omnipath					
Tnfsf13	Tnfrsf14		0.9	nichenet_prior	NicheNet	omnipath	omnipath					
Tnfsf13	Tnfrsf1a		0.9	nichenet_prior	NicheNet	omnipath	omnipath					
Tnfsf4	Traf2		0.9	nichenet_prior	NicheNet	omnipath	omnipath					
Tnfsf9	Fcrl1		0.9	nichenet_prior	NicheNet	omnipath	omnipath					
Tnfsf9	Pvr		0.9	nichenet_prior	NicheNet	omnipath	omnipath					
Tnfsf9	Traf2		0.9	nichenet_prior	NicheNet	omnipath	omnipath					
Tnn	Itga2b		0.9	nichenet_prior	NicheNet	omnipath	omnipath					
Tnn	Itga8		0.9	nichenet_prior	NicheNet	omnipath	omnipath					
Tnn	Itga9		0.9	nichenet_prior	NicheNet	omnipath	omnipath					
Tnn	Itgav		0.9	nichenet_prior	NicheNet	omnipath	omnipath					
Tnn	Itgb1		0.9	nichenet_prior	NicheNet	omnipath	omnipath					
Tnn	Itgb3		0.9	nichenet_prior	NicheNet	omnipath	omnipath					
Tnn	Itgb6		0.9	nichenet_prior	NicheNet	omnipath	omnipath					
Tnr	Itga2b		0.9	nichenet_prior	NicheNet	omnipath	omnipath					
Tnr	Itga8		0.9	nichenet_prior	NicheNet	omnipath	omnipath					
Tnr	Itga9		0.9	nichenet_prior	NicheNet	omnipath	omnipath					
Tnr	Itgav		0.9	nichenet_prior	NicheNet	omnipath	omnipath					
Tnr	Itgb1		0.9	nichenet_prior	NicheNet	omnipath	omnipath					
Tnr	Itgb3		0.9	nichenet_prior	NicheNet	omnipath	omnipath					
Tnr	Itgb6		0.9	nichenet_prior	NicheNet	omnipath	omnipath					
Tnxb	Itga2b		0.9	nichenet_prior	NicheNet	omnipath	omnipath					
Tnxb	Itga8		0.9	nichenet_prior	NicheNet	omnipath	omnipath					
Tnxb	Itga9		0.9	nichenet_prior	NicheNet	omnipath	omnipath					
Tnxb	Itgav		0.9	nichenet_prior	NicheNet	omnipath	omnipath					
Tnxb	Itgb1		0.9	nichenet_prior	NicheNet	omnipath	omnipath					
Tnxb	Itgb3		0.9	nichenet_prior	NicheNet	omnipath	omnipath					
Tnxb	Itgb6		0.9	nichenet_prior	NicheNet	omnipath	omnipath					
Tph1	Htr1a		0.9	nichenet_prior	NicheNet	nichenet_verschueren	nichenet_verschueren					
Tph1	Htr1b		0.9	nichenet_prior	NicheNet	nichenet_verschueren	nichenet_verschueren					
Tph1	Htr1d		0.9	nichenet_prior	NicheNet	nichenet_verschueren	nichenet_verschueren					
Tph1	Htr1f		0.9	nichenet_prior	NicheNet	nichenet_verschueren	nichenet_verschueren					
Tph1	Htr2a		0.9	nichenet_prior	NicheNet	nichenet_verschueren	nichenet_verschueren					
Tph1	Htr2b		0.9	nichenet_prior	NicheNet	nichenet_verschueren	nichenet_verschueren					
Tph1	Htr2c		0.9	nichenet_prior	NicheNet	nichenet_verschueren	nichenet_verschueren					
Tph1	Htr4		0.9	nichenet_prior	NicheNet	nichenet_verschueren	nichenet_verschueren					
Tph1	Htr5a		0.9	nichenet_prior	NicheNet	nichenet_verschueren	nichenet_verschueren					
Tph1	Htr6		0.9	nichenet_prior	NicheNet	nichenet_verschueren	nichenet_verschueren					
Tph1	Htr7		0.9	nichenet_prior	NicheNet	nichenet_verschueren	nichenet_verschueren					
Tpo	Mpl		0.9	nichenet_prior	NicheNet	omnipath	omnipath					
Tpsab1	F2rl1		0.9	nichenet_prior	NicheNet	omnipath	omnipath					
Tpsb2	F2rl1		0.9	nichenet_prior	NicheNet	omnipath	omnipath					
Tpsg1	Sirpa		0.9	nichenet_prior	NicheNet	omnipath	omnipath					
Traf2	Map4k2		0.9	nichenet_prior	NicheNet	omnipath	omnipath					
Traf2	Tnfrsf1b		0.9	nichenet_prior	NicheNet	omnipath	omnipath					
Treml1	Kir3dl1		0.9	nichenet_prior	NicheNet	nichenet_verschueren	nichenet_verschueren					
Treml4	Siglecf		0.9	nichenet_prior	NicheNet	omnipath	omnipath					
Treml4	Siglece		0.9	nichenet_prior	NicheNet	omnipath	omnipath					
Trf	Tfr2		0.9	nichenet_prior	NicheNet	omnipath	omnipath					
Trf	Tfrc		0.9	nichenet_prior	NicheNet	omnipath	omnipath					
Tshb	Adcyap1r1		0.9	nichenet_prior	NicheNet	omnipath	omnipath					
Tshb	Adrb2		0.9	nichenet_prior	NicheNet	omnipath	omnipath					
Tshb	Adrb3		0.9	nichenet_prior	NicheNet	omnipath	omnipath					
Tshb	Gpr20		0.9	nichenet_prior	NicheNet	omnipath	omnipath					
Tshb	Gpr84		0.9	nichenet_prior	NicheNet	omnipath	omnipath					
Tshb	Pth1r		0.9	nichenet_prior	NicheNet	omnipath	omnipath					
Tshb	Ramp2		0.9	nichenet_prior	NicheNet	omnipath	omnipath					
Tshb	Ramp3		0.9	nichenet_prior	NicheNet	omnipath	omnipath					
Tshb	Vipr1		0.9	nichenet_prior	NicheNet	omnipath	omnipath					
Tslp	Crlf2		0.9	nichenet_prior	NicheNet	omnipath	omnipath					
Tslp	Il7r		0.9	nichenet_prior	NicheNet	omnipath	omnipath					
Tspan3	Adam10		0.9	nichenet_prior	NicheNet	omnipath	omnipath					
Tspan3	Cldn11		0.9	nichenet_prior	NicheNet	omnipath	omnipath					
Tspan33	Adam10		0.9	nichenet_prior	NicheNet	omnipath	omnipath					
Tspan33	Cldn11		0.9	nichenet_prior	NicheNet	omnipath	omnipath					
Tspan5	Tspan13		0.9	nichenet_prior	NicheNet	omnipath	omnipath					
Ttr	Apoa1		0.9	nichenet_prior	NicheNet	omnipath	omnipath					
Ttr	Ngfr		0.9	nichenet_prior	NicheNet	omnipath	omnipath					
Tyrobp	Klrd1		0.9	nichenet_prior	NicheNet	omnipath	omnipath					
Tyrobp	Trem1		0.9	nichenet_prior	NicheNet	omnipath	omnipath					
Ucn2	Il10rb		0.9	nichenet_prior	NicheNet	omnipath	omnipath					
Ucn3	Il10rb		0.9	nichenet_prior	NicheNet	omnipath	omnipath					
Vcam1	Ezr		0.9	nichenet_prior	NicheNet	omnipath	omnipath					
Vcam1	Itga4		0.9	nichenet_prior	NicheNet	omnipath	omnipath					
Vcam1	Itga9		0.9	nichenet_prior	NicheNet	omnipath	omnipath					
Vcam1	Itgad		0.9	nichenet_prior	NicheNet	omnipath	omnipath					
Vcam1	Itgb1		0.9	nichenet_prior	NicheNet	omnipath	omnipath					
Vcam1	Itgb2		0.9	nichenet_prior	NicheNet	omnipath	omnipath					
Vcam1	Itgb2l		0.9	nichenet_prior	NicheNet	omnipath	omnipath					
Vcam1	Itgb7		0.9	nichenet_prior	NicheNet	omnipath	omnipath					
Vcam1	Msn		0.9	nichenet_prior	NicheNet	omnipath	omnipath					
Vcan	Cd44		0.9	nichenet_prior	NicheNet	omnipath	omnipath					
Vcan	Egfr		0.9	nichenet_prior	NicheNet	omnipath	omnipath					
Vcan	Itga4		0.9	nichenet_prior	NicheNet	omnipath	omnipath					
Vcan	Itgb1		0.9	nichenet_prior	NicheNet	omnipath	omnipath					
Vcan	Sell		0.9	nichenet_prior	NicheNet	omnipath	omnipath					
Vcan	Selp		0.9	nichenet_prior	NicheNet	omnipath	omnipath					
Vcan	Selplg		0.9	nichenet_prior	NicheNet	omnipath	omnipath					
Vcan	Tlr2		0.9	nichenet_prior	NicheNet	omnipath	omnipath					
Vegfa	Gpc1		0.9	nichenet_prior	NicheNet	omnipath	omnipath					
Vegfa	Nrp1		0.9	nichenet_prior	NicheNet	omnipath	omnipath					
Vegfa	Nrp2		0.9	nichenet_prior	NicheNet	omnipath	omnipath					
Vegfb	Kdr		0.9	nichenet_prior	NicheNet	omnipath	omnipath					
Vegfb	Nrp1		0.9	nichenet_prior	NicheNet	omnipath	omnipath					
Vegfb	Ret		0.9	nichenet_prior	NicheNet	omnipath	omnipath					
Vegfc	Nrp2		0.9	nichenet_prior	NicheNet	omnipath	omnipath					
Vegfc	Vipr2		0.9	nichenet_prior	NicheNet	omnipath	omnipath					
Vegfd	Flt1		0.9	nichenet_prior	NicheNet	omnipath	omnipath					
Vegfd	Itga1		0.9	nichenet_prior	NicheNet	omnipath	omnipath					
Vegfd	Itga2		0.9	nichenet_prior	NicheNet	omnipath	omnipath					
Vegfd	Itga4		0.9	nichenet_prior	NicheNet	omnipath	omnipath					
Vegfd	Itga5		0.9	nichenet_prior	NicheNet	omnipath	omnipath					
Vegfd	Itga9		0.9	nichenet_prior	NicheNet	omnipath	omnipath					
Vegfd	Itgb1		0.9	nichenet_prior	NicheNet	omnipath	omnipath					
Vegfd	Nrp2		0.9	nichenet_prior	NicheNet	omnipath	omnipath					
Vgf	Ntrk1		0.9	nichenet_prior	NicheNet	omnipath	omnipath					
Vip	Adcyap1r1		0.9	nichenet_prior	NicheNet	omnipath	omnipath					
Vsig10	Il6st		0.9	nichenet_prior	NicheNet	nichenet_verschueren	nichenet_verschueren					
Vsir	Vsig8		0.9	nichenet_prior	NicheNet	nichenet_verschueren	nichenet_verschueren					
Vstm4	Mog		0.9	nichenet_prior	NicheNet	nichenet_verschueren	nichenet_verschueren					
Vtcn1	Btla		0.9	nichenet_prior	NicheNet	omnipath	omnipath					
Vtn	Itga2b		0.9	nichenet_prior	NicheNet	omnipath	omnipath					
Vtn	Itga5		0.9	nichenet_prior	NicheNet	omnipath	omnipath					
Vtn	Itga8		0.9	nichenet_prior	NicheNet	omnipath	omnipath					
Vtn	Itgav		0.9	nichenet_prior	NicheNet	omnipath	omnipath					
Vtn	Itgb1		0.9	nichenet_prior	NicheNet	omnipath	omnipath					
Vtn	Itgb3		0.9	nichenet_prior	NicheNet	omnipath	omnipath					
Vtn	Itgb5		0.9	nichenet_prior	NicheNet	nichenet_verschueren	nichenet_verschueren					
Vtn	Itgb6		0.9	nichenet_prior	NicheNet	omnipath	omnipath					
Vtn	Itgb8		0.9	nichenet_prior	NicheNet	omnipath	omnipath					
Vtn	Kdr		0.9	nichenet_prior	NicheNet	omnipath	omnipath					
Vtn	Pvr		0.9	nichenet_prior	NicheNet	omnipath	omnipath					
Vtn	Tnfrsf11b		0.9	nichenet_prior	NicheNet	omnipath	omnipath					
Vwf	Adamts13		0.9	nichenet_prior	NicheNet	omnipath	omnipath					
Vwf	F8		0.9	nichenet_prior	NicheNet	omnipath	omnipath					
Vwf	Gp1ba		0.9	nichenet_prior	NicheNet	omnipath	omnipath					
Vwf	Gp1bb		0.9	nichenet_prior	NicheNet	nichenet_verschueren	nichenet_verschueren					
Vwf	Gp5		0.9	nichenet_prior	NicheNet	nichenet_verschueren	nichenet_verschueren					
Vwf	Gp9		0.9	nichenet_prior	NicheNet	nichenet_verschueren	nichenet_verschueren					
Vwf	Itga2b		0.9	nichenet_prior	NicheNet	omnipath	omnipath					
Vwf	Itgav		0.9	nichenet_prior	NicheNet	nichenet_verschueren	nichenet_verschueren					
Vwf	Itgb3		0.9	nichenet_prior	NicheNet	omnipath	omnipath					
Vwf	Tnfrsf11b		0.9	nichenet_prior	NicheNet	omnipath	omnipath					
Wbp1	Ctla4		0.9	nichenet_prior	NicheNet	nichenet_verschueren	nichenet_verschueren					
Wfikkn2	Igdcc3		0.9	nichenet_prior	NicheNet	omnipath	omnipath					
Wfikkn2	Igdcc4		0.9	nichenet_prior	NicheNet	omnipath	omnipath					
Wfikkn2	Prtg		0.9	nichenet_prior	NicheNet	omnipath	omnipath					
Wif1	Ryk		0.9	nichenet_prior	NicheNet	omnipath	omnipath					
Wnt1	Fzd1		0.9	nichenet_prior	NicheNet	omnipath	omnipath					
Wnt1	Fzd3		0.9	nichenet_prior	NicheNet	omnipath	omnipath					
Wnt1	Fzd8		0.9	nichenet_prior	NicheNet	omnipath	omnipath					
Wnt1	Fzd9		0.9	nichenet_prior	NicheNet	omnipath	omnipath					
Wnt1	Lrp5		0.9	nichenet_prior	NicheNet	omnipath	omnipath					
Wnt1	Lrp6		0.9	nichenet_prior	NicheNet	omnipath	omnipath					
Wnt1	Ror2		0.9	nichenet_prior	NicheNet	omnipath	omnipath					
Wnt1	Ryk		0.9	nichenet_prior	NicheNet	omnipath	omnipath					
Wnt10a	Fzd1		0.9	nichenet_prior	NicheNet	omnipath	omnipath					
Wnt10a	Fzd10		0.9	nichenet_prior	NicheNet	omnipath	omnipath					
Wnt10a	Fzd2		0.9	nichenet_prior	NicheNet	omnipath	omnipath					
Wnt10a	Fzd3		0.9	nichenet_prior	NicheNet	omnipath	omnipath					
Wnt10a	Fzd4		0.9	nichenet_prior	NicheNet	omnipath	omnipath					
Wnt10a	Fzd5		0.9	nichenet_prior	NicheNet	omnipath	omnipath					
Wnt10a	Fzd6		0.9	nichenet_prior	NicheNet	omnipath	omnipath					
Wnt10a	Fzd7		0.9	nichenet_prior	NicheNet	omnipath	omnipath					
Wnt10a	Fzd8		0.9	nichenet_prior	NicheNet	omnipath	omnipath					
Wnt10a	Fzd9		0.9	nichenet_prior	NicheNet	omnipath	omnipath					
Wnt10a	Lrp5		0.9	nichenet_prior	NicheNet	omnipath	omnipath					
Wnt10a	Lrp6		0.9	nichenet_prior	NicheNet	omnipath	omnipath					
Wnt10b	Fzd1		0.9	nichenet_prior	NicheNet	omnipath	omnipath					
Wnt10b	Fzd10		0.9	nichenet_prior	NicheNet	omnipath	omnipath					
Wnt10b	Fzd2		0.9	nichenet_prior	NicheNet	omnipath	omnipath					
Wnt10b	Fzd3		0.9	nichenet_prior	NicheNet	omnipath	omnipath					
Wnt10b	Fzd4		0.9	nichenet_prior	NicheNet	omnipath	omnipath					
Wnt10b	Fzd5		0.9	nichenet_prior	NicheNet	omnipath	omnipath					
Wnt10b	Fzd6		0.9	nichenet_prior	NicheNet	omnipath	omnipath					
Wnt10b	Fzd7		0.9	nichenet_prior	NicheNet	omnipath	omnipath					
Wnt10b	Fzd8		0.9	nichenet_prior	NicheNet	omnipath	omnipath					
Wnt10b	Fzd9		0.9	nichenet_prior	NicheNet	omnipath	omnipath					
Wnt10b	Lrp5		0.9	nichenet_prior	NicheNet	omnipath	omnipath					
Wnt10b	Lrp6		0.9	nichenet_prior	NicheNet	omnipath	omnipath					
Wnt11	Klrg2		0.9	nichenet_prior	NicheNet	omnipath	omnipath					
Wnt11	Lrp6		0.9	nichenet_prior	NicheNet	omnipath	omnipath					
Wnt11	Musk		0.9	nichenet_prior	NicheNet	omnipath	omnipath					
Wnt16	Fzd1		0.9	nichenet_prior	NicheNet	omnipath	omnipath					
Wnt16	Fzd10		0.9	nichenet_prior	NicheNet	omnipath	omnipath					
Wnt16	Fzd2		0.9	nichenet_prior	NicheNet	omnipath	omnipath					
Wnt16	Fzd3		0.9	nichenet_prior	NicheNet	omnipath	omnipath					
Wnt16	Fzd4		0.9	nichenet_prior	NicheNet	omnipath	omnipath					
Wnt16	Fzd5		0.9	nichenet_prior	NicheNet	omnipath	omnipath					
Wnt16	Fzd6		0.9	nichenet_prior	NicheNet	omnipath	omnipath					
Wnt16	Fzd7		0.9	nichenet_prior	NicheNet	omnipath	omnipath					
Wnt16	Fzd8		0.9	nichenet_prior	NicheNet	omnipath	omnipath					
Wnt16	Fzd9		0.9	nichenet_prior	NicheNet	omnipath	omnipath					
Wnt16	Lrp5		0.9	nichenet_prior	NicheNet	omnipath	omnipath					
Wnt16	Lrp6		0.9	nichenet_prior	NicheNet	omnipath	omnipath					
Wnt2	Fzd1		0.9	nichenet_prior	NicheNet	omnipath	omnipath					
Wnt2	Fzd2		0.9	nichenet_prior	NicheNet	omnipath	omnipath					
Wnt2	Fzd3		0.9	nichenet_prior	NicheNet	omnipath	omnipath					
Wnt2	Fzd4		0.9	nichenet_prior	NicheNet	omnipath	omnipath					
Wnt2	Fzd5		0.9	nichenet_prior	NicheNet	omnipath	omnipath					
Wnt2	Fzd7		0.9	nichenet_prior	NicheNet	omnipath	omnipath					
Wnt2	Fzd8		0.9	nichenet_prior	NicheNet	omnipath	omnipath					
Wnt2	Fzd9		0.9	nichenet_prior	NicheNet	omnipath	omnipath					
Wnt2	Lrp5		0.9	nichenet_prior	NicheNet	omnipath	omnipath					
Wnt2	Lrp6		0.9	nichenet_prior	NicheNet	omnipath	omnipath					
Wnt2b	Fzd1		0.9	nichenet_prior	NicheNet	omnipath	omnipath					
Wnt2b	Fzd10		0.9	nichenet_prior	NicheNet	omnipath	omnipath					
Wnt2b	Fzd2		0.9	nichenet_prior	NicheNet	omnipath	omnipath					
Wnt2b	Fzd3		0.9	nichenet_prior	NicheNet	omnipath	omnipath					
Wnt2b	Fzd4		0.9	nichenet_prior	NicheNet	omnipath	omnipath					
Wnt2b	Fzd5		0.9	nichenet_prior	NicheNet	omnipath	omnipath					
Wnt2b	Fzd6		0.9	nichenet_prior	NicheNet	omnipath	omnipath					
Wnt2b	Fzd7		0.9	nichenet_prior	NicheNet	omnipath	omnipath					
Wnt2b	Fzd8		0.9	nichenet_prior	NicheNet	omnipath	omnipath					
Wnt2b	Fzd9		0.9	nichenet_prior	NicheNet	omnipath	omnipath					
Wnt2b	Lrp5		0.9	nichenet_prior	NicheNet	omnipath	omnipath					
Wnt2b	Lrp6		0.9	nichenet_prior	NicheNet	omnipath	omnipath					
Wnt3	Fzd1		0.9	nichenet_prior	NicheNet	omnipath	omnipath					
Wnt3	Fzd7		0.9	nichenet_prior	NicheNet	omnipath	omnipath					
Wnt3	Fzd8		0.9	nichenet_prior	NicheNet	omnipath	omnipath					
Wnt3	Lrp6		0.9	nichenet_prior	NicheNet	omnipath	omnipath					
Wnt3	Ror2		0.9	nichenet_prior	NicheNet	omnipath	omnipath					
Wnt3	Ryk		0.9	nichenet_prior	NicheNet	omnipath	omnipath					
Wnt3a	Apcdd1		0.9	nichenet_prior	NicheNet	omnipath	omnipath					
Wnt3a	Fzd1		0.9	nichenet_prior	NicheNet	omnipath	omnipath					
Wnt3a	Fzd2		0.9	nichenet_prior	NicheNet	omnipath	omnipath					
Wnt3a	Fzd3		0.9	nichenet_prior	NicheNet	omnipath	omnipath					
Wnt3a	Fzd5		0.9	nichenet_prior	NicheNet	omnipath	omnipath					
Wnt3a	Fzd6		0.9	nichenet_prior	NicheNet	omnipath	omnipath					
Wnt3a	Fzd7		0.9	nichenet_prior	NicheNet	omnipath	omnipath					
Wnt3a	Fzd8		0.9	nichenet_prior	NicheNet	omnipath	omnipath					
Wnt3a	Lrp1		0.9	nichenet_prior	NicheNet	omnipath	omnipath					
Wnt3a	Lrp5		0.9	nichenet_prior	NicheNet	omnipath	omnipath					
Wnt3a	Lrp6		0.9	nichenet_prior	NicheNet	omnipath	omnipath					
Wnt3a	Ryk		0.9	nichenet_prior	NicheNet	omnipath	omnipath					
Wnt4	Fzd1		0.9	nichenet_prior	NicheNet	omnipath	omnipath					
Wnt4	Fzd10		0.9	nichenet_prior	NicheNet	omnipath	omnipath					
Wnt4	Fzd2		0.9	nichenet_prior	NicheNet	omnipath	omnipath					
Wnt4	Fzd3		0.9	nichenet_prior	NicheNet	omnipath	omnipath					
Wnt4	Fzd4		0.9	nichenet_prior	NicheNet	omnipath	omnipath					
Wnt4	Fzd5		0.9	nichenet_prior	NicheNet	omnipath	omnipath					
Wnt4	Fzd6		0.9	nichenet_prior	NicheNet	omnipath	omnipath					
Wnt4	Fzd7		0.9	nichenet_prior	NicheNet	omnipath	omnipath					
Wnt4	Fzd8		0.9	nichenet_prior	NicheNet	omnipath	omnipath					
Wnt4	Fzd9		0.9	nichenet_prior	NicheNet	omnipath	omnipath					
Wnt4	Lrp5		0.9	nichenet_prior	NicheNet	omnipath	omnipath					
Wnt4	Lrp6		0.9	nichenet_prior	NicheNet	omnipath	omnipath					
Wnt4	Notch1		0.9	nichenet_prior	NicheNet	omnipath	omnipath					
Wnt4	Smo		0.9	nichenet_prior	NicheNet	omnipath	omnipath					
Wnt5a	Lrp5		0.9	nichenet_prior	NicheNet	omnipath	omnipath					
Wnt5a	Lrp6		0.9	nichenet_prior	NicheNet	omnipath	omnipath					
Wnt5a	Ror1		0.9	nichenet_prior	NicheNet	omnipath	omnipath					
Wnt5a	Ror2		0.9	nichenet_prior	NicheNet	omnipath	omnipath					
Wnt5a	Ryk		0.9	nichenet_prior	NicheNet	omnipath	omnipath					
Wnt5b	Klrg2		0.9	nichenet_prior	NicheNet	omnipath	omnipath					
Wnt5b	Lrp5		0.9	nichenet_prior	NicheNet	omnipath	omnipath					
Wnt5b	Lrp6		0.9	nichenet_prior	NicheNet	omnipath	omnipath					
Wnt6	Fzd1		0.9	nichenet_prior	NicheNet	omnipath	omnipath					
Wnt6	Fzd10		0.9	nichenet_prior	NicheNet	omnipath	omnipath					
Wnt6	Fzd2		0.9	nichenet_prior	NicheNet	omnipath	omnipath					
Wnt6	Fzd3		0.9	nichenet_prior	NicheNet	omnipath	omnipath					
Wnt6	Fzd4		0.9	nichenet_prior	NicheNet	omnipath	omnipath					
Wnt6	Fzd5		0.9	nichenet_prior	NicheNet	omnipath	omnipath					
Wnt6	Fzd6		0.9	nichenet_prior	NicheNet	omnipath	omnipath					
Wnt6	Fzd7		0.9	nichenet_prior	NicheNet	omnipath	omnipath					
Wnt6	Fzd8		0.9	nichenet_prior	NicheNet	omnipath	omnipath					
Wnt6	Fzd9		0.9	nichenet_prior	NicheNet	omnipath	omnipath					
Wnt6	Lrp5		0.9	nichenet_prior	NicheNet	omnipath	omnipath					
Wnt6	Lrp6		0.9	nichenet_prior	NicheNet	omnipath	omnipath					
Wnt7a	Fzd10		0.9	nichenet_prior	NicheNet	omnipath	omnipath					
Wnt7a	Fzd5		0.9	nichenet_prior	NicheNet	omnipath	omnipath					
Wnt7a	Fzd7		0.9	nichenet_prior	NicheNet	omnipath	omnipath					
Wnt7a	Fzd9		0.9	nichenet_prior	NicheNet	omnipath	omnipath					
Wnt7a	Lrp6		0.9	nichenet_prior	NicheNet	omnipath	omnipath					
Wnt7b	Adgra2		0.9	nichenet_prior	NicheNet	omnipath	omnipath					
Wnt7b	Fzd1		0.9	nichenet_prior	NicheNet	omnipath	omnipath					
Wnt7b	Fzd10		0.9	nichenet_prior	NicheNet	omnipath	omnipath					
Wnt7b	Fzd2		0.9	nichenet_prior	NicheNet	omnipath	omnipath					
Wnt7b	Fzd3		0.9	nichenet_prior	NicheNet	omnipath	omnipath					
Wnt7b	Fzd4		0.9	nichenet_prior	NicheNet	omnipath	omnipath					
Wnt7b	Fzd5		0.9	nichenet_prior	NicheNet	omnipath	omnipath					
Wnt7b	Fzd6		0.9	nichenet_prior	NicheNet	omnipath	omnipath					
Wnt7b	Fzd7		0.9	nichenet_prior	NicheNet	omnipath	omnipath					
Wnt7b	Fzd8		0.9	nichenet_prior	NicheNet	omnipath	omnipath					
Wnt7b	Fzd9		0.9	nichenet_prior	NicheNet	omnipath	omnipath					
Wnt7b	Lrp5		0.9	nichenet_prior	NicheNet	omnipath	omnipath					
Wnt7b	Lrp6		0.9	nichenet_prior	NicheNet	omnipath	omnipath					
Wnt7b	Tmed5		0.9	nichenet_prior	NicheNet	omnipath	omnipath					
Wnt8a	Fzd1		0.9	nichenet_prior	NicheNet	omnipath	omnipath					
Wnt8a	Fzd10		0.9	nichenet_prior	NicheNet	omnipath	omnipath					
Wnt8a	Fzd2		0.9	nichenet_prior	NicheNet	omnipath	omnipath					
Wnt8a	Fzd3		0.9	nichenet_prior	NicheNet	omnipath	omnipath					
Wnt8a	Fzd4		0.9	nichenet_prior	NicheNet	omnipath	omnipath					
Wnt8a	Fzd5		0.9	nichenet_prior	NicheNet	omnipath	omnipath					
Wnt8a	Fzd6		0.9	nichenet_prior	NicheNet	omnipath	omnipath					
Wnt8a	Fzd7		0.9	nichenet_prior	NicheNet	omnipath	omnipath					
Wnt8a	Fzd8		0.9	nichenet_prior	NicheNet	omnipath	omnipath					
Wnt8a	Fzd9		0.9	nichenet_prior	NicheNet	omnipath	omnipath					
Wnt8a	Lrp5		0.9	nichenet_prior	NicheNet	omnipath	omnipath					
Wnt8a	Lrp6		0.9	nichenet_prior	NicheNet	omnipath	omnipath					
Wnt8b	Fzd1		0.9	nichenet_prior	NicheNet	omnipath	omnipath					
Wnt8b	Fzd10		0.9	nichenet_prior	NicheNet	omnipath	omnipath					
Wnt8b	Fzd2		0.9	nichenet_prior	NicheNet	omnipath	omnipath					
Wnt8b	Fzd3		0.9	nichenet_prior	NicheNet	omnipath	omnipath					
Wnt8b	Fzd4		0.9	nichenet_prior	NicheNet	omnipath	omnipath					
Wnt8b	Fzd5		0.9	nichenet_prior	NicheNet	omnipath	omnipath					
Wnt8b	Fzd6		0.9	nichenet_prior	NicheNet	omnipath	omnipath					
Wnt8b	Fzd7		0.9	nichenet_prior	NicheNet	omnipath	omnipath					
Wnt8b	Fzd8		0.9	nichenet_prior	NicheNet	omnipath	omnipath					
Wnt8b	Fzd9		0.9	nichenet_prior	NicheNet	omnipath	omnipath					
Wnt8b	Lrp5		0.9	nichenet_prior	NicheNet	omnipath	omnipath					
Wnt8b	Lrp6		0.9	nichenet_prior	NicheNet	omnipath	omnipath					
Wnt9a	Chrna1		0.9	nichenet_prior	NicheNet	omnipath	omnipath					
Wnt9a	Fzd1		0.9	nichenet_prior	NicheNet	omnipath	omnipath					
Wnt9a	Fzd10		0.9	nichenet_prior	NicheNet	omnipath	omnipath					
Wnt9a	Fzd2		0.9	nichenet_prior	NicheNet	omnipath	omnipath					
Wnt9a	Fzd3		0.9	nichenet_prior	NicheNet	omnipath	omnipath					
Wnt9a	Fzd4		0.9	nichenet_prior	NicheNet	omnipath	omnipath					
Wnt9a	Fzd5		0.9	nichenet_prior	NicheNet	omnipath	omnipath					
Wnt9a	Fzd6		0.9	nichenet_prior	NicheNet	omnipath	omnipath					
Wnt9a	Fzd7		0.9	nichenet_prior	NicheNet	omnipath	omnipath					
Wnt9a	Fzd8		0.9	nichenet_prior	NicheNet	omnipath	omnipath					
Wnt9a	Fzd9		0.9	nichenet_prior	NicheNet	omnipath	omnipath					
Wnt9a	Lrp5		0.9	nichenet_prior	NicheNet	omnipath	omnipath					
Wnt9a	Lrp6		0.9	nichenet_prior	NicheNet	omnipath	omnipath					
Wnt9a	Musk		0.9	nichenet_prior	NicheNet	omnipath	omnipath					
Wnt9b	Chrna1		0.9	nichenet_prior	NicheNet	omnipath	omnipath					
Wnt9b	Fzd1		0.9	nichenet_prior	NicheNet	omnipath	omnipath					
Wnt9b	Fzd10		0.9	nichenet_prior	NicheNet	omnipath	omnipath					
Wnt9b	Fzd2		0.9	nichenet_prior	NicheNet	omnipath	omnipath					
Wnt9b	Fzd3		0.9	nichenet_prior	NicheNet	omnipath	omnipath					
Wnt9b	Fzd4		0.9	nichenet_prior	NicheNet	omnipath	omnipath					
Wnt9b	Fzd5		0.9	nichenet_prior	NicheNet	omnipath	omnipath					
Wnt9b	Fzd6		0.9	nichenet_prior	NicheNet	omnipath	omnipath					
Wnt9b	Fzd7		0.9	nichenet_prior	NicheNet	omnipath	omnipath					
Wnt9b	Fzd8		0.9	nichenet_prior	NicheNet	omnipath	omnipath					
Wnt9b	Fzd9		0.9	nichenet_prior	NicheNet	omnipath	omnipath					
Wnt9b	Lrp5		0.9	nichenet_prior	NicheNet	omnipath	omnipath					
Wnt9b	Lrp6		0.9	nichenet_prior	NicheNet	omnipath	omnipath					
Xcl1	Adgrv1		0.9	nichenet_prior	NicheNet	omnipath	omnipath					
Yars	Cxcr1		0.9	nichenet_prior	NicheNet	nichenet_verschueren	nichenet_verschueren					
Zdhhc5	S1pr1		0.9	nichenet_prior	NicheNet	omnipath	omnipath					
Znrf3	Fzd2		0.9	nichenet_prior	NicheNet	omnipath	omnipath					
Znrf3	Fzd4		0.9	nichenet_prior	NicheNet	omnipath	omnipath					
Znrf3	Fzd5		0.9	nichenet_prior	NicheNet	omnipath	omnipath					
Znrf3	Fzd6		0.9	nichenet_prior	NicheNet	omnipath	omnipath					
Znrf3	Fzd8		0.9	nichenet_prior	NicheNet	omnipath	omnipath					
Znrf3	Lrp6		0.9	nichenet_prior	NicheNet	omnipath	omnipath					
Zp3	Chrna7		0.9	nichenet_prior	NicheNet	omnipath	omnipath					
Zp3	Egfr		0.9	nichenet_prior	NicheNet	omnipath	omnipath					
Zp3	Mertk		0.9	nichenet_prior	NicheNet	nichenet_verschueren	nichenet_verschueren					
Zpbp2	Cd80		0.9	nichenet_prior	NicheNet	omnipath	omnipath					
