	missing_count	training_cases	missing_fraction	retained
1,3-Diphenylurea	3	84	0.03571428571428571	True
1-Aminocyclopropane-1-carboxylic acid	3	84	0.03571428571428571	True
1-Methylguanosine	6	84	0.07142857142857142	True
1-Methylhistamine	3	84	0.03571428571428571	True
3-hydroxydodecanoyl carnitine	14	84	0.16666666666666666	True
3-Hydroxyhexadecanoylcarnitine	27	84	0.32142857142857145	False
3-Hydroxypyridine	3	84	0.03571428571428571	True
3-Methylhistidine	3	84	0.03571428571428571	True
3-Phosphoglycerate	1	84	0.011904761904761904	True
4-Guanidinobutyric acid	3	84	0.03571428571428571	True
4-Hydroxyhippuric acid	34	84	0.40476190476190477	False
5-Oxoproline	3	84	0.03571428571428571	True
7-Methylguanine	6	84	0.07142857142857142	True
Acetyl-L-carnitine	3	84	0.03571428571428571	True
Adenine	3	84	0.03571428571428571	True
Adenosine	3	84	0.03571428571428571	True
Adenosine diphosphate (ADP)	3	84	0.03571428571428571	True
Adenosine monophosphate (AMP)	3	84	0.03571428571428571	True
Adenosine triphosphate (ATP)	3	84	0.03571428571428571	True
ADP-ribose	3	84	0.03571428571428571	True
Alanine	3	84	0.03571428571428571	True
Alanyl-Alanine	5	84	0.05952380952380952	True
Alanyl-Glutamine	6	84	0.07142857142857142	True
Alanyl-Leucine	2	84	0.023809523809523808	True
Alanylvaline	3	84	0.03571428571428571	True
Aminoadipate	1	84	0.011904761904761904	True
Amino-Sugars-C8	3	84	0.03571428571428571	True
Arginine	3	84	0.03571428571428571	True
Argininosuccinic acid	3	84	0.03571428571428571	True
Arginyl-Phenylalanine	19	84	0.2261904761904762	True
Asparagine	3	84	0.03571428571428571	True
Asparaginyl-lysine	4	84	0.047619047619047616	True
Aspartame	3	84	0.03571428571428571	True
Aspartate	3	84	0.03571428571428571	True
Asymmetric dimethylarginine	3	84	0.03571428571428571	True
Benzaldehyde	3	84	0.03571428571428571	True
Betaine	3	84	0.03571428571428571	True
Carnitine	3	84	0.03571428571428571	True
Carnosine	3	84	0.03571428571428571	True
CDP-Ethanolamine	3	84	0.03571428571428571	True
Citrulline	3	84	0.03571428571428571	True
Creatine	3	84	0.03571428571428571	True
Creatinine	3	84	0.03571428571428571	True
Cystine	53	84	0.6309523809523809	False
Cytidine	3	84	0.03571428571428571	True
Cytidine 2',3'-Cyclic Phosphate	7	84	0.08333333333333333	True
Cytidine Diphosphate (CDP)	8	84	0.09523809523809523	True
Cytidine monophosphate (CMP)	3	84	0.03571428571428571	True
Cytosine	3	84	0.03571428571428571	True
Decanoylcarnitine	10	84	0.11904761904761904	True
Deoxycarnitine	3	84	0.03571428571428571	True
Deoxycytidine	7	84	0.08333333333333333	True
Diethanolamine	3	84	0.03571428571428571	True
Dihydroxyacetone phosphate	3	84	0.03571428571428571	True
Dodecanoylcarnitine	8	84	0.09523809523809523	True
Dodecenoylcarnitine	1	84	0.011904761904761904	True
D-Ribose 5-Phosphate	3	84	0.03571428571428571	True
Ectoine	3	84	0.03571428571428571	True
Ergothioneine	1	84	0.011904761904761904	True
Flavin adenine dinucleotide (FAD)	5	84	0.05952380952380952	True
gamma-Glutamylalanine	3	84	0.03571428571428571	True
gamma-Glutamylcysteine	26	84	0.30952380952380953	False
Gamma-glutamylglutamate	3	84	0.03571428571428571	True
gamma-Glutamylglutamine	3	84	0.03571428571428571	True
Gamma-glutamylleucine	3	84	0.03571428571428571	True
Glutamic acid	3	84	0.03571428571428571	True
Glutamine	3	84	0.03571428571428571	True
Glutathione oxidized	3	84	0.03571428571428571	True
Glycerophosphocholine	3	84	0.03571428571428571	True
Glycylleucine	1	84	0.011904761904761904	True
Glycyl-leucine	6	84	0.07142857142857142	True
Glycyl-Serine	3	84	0.03571428571428571	True
Glycylvaline	3	84	0.03571428571428571	True
Guanidoacetic acid	3	84	0.03571428571428571	True
Guanine	1	84	0.011904761904761904	True
Guanosine	1	84	0.011904761904761904	True
Guanosine Diphosphate (GDP)	3	84	0.03571428571428571	True
Guanosine Diphosphate Mannose	7	84	0.08333333333333333	True
Guanosine monophosphate (GMP)	3	84	0.03571428571428571	True
Hexadecanoylcarnitine	19	84	0.2261904761904762	True
Hexanoylcarnitine	1	84	0.011904761904761904	True
Histamine	1	84	0.011904761904761904	True
Histidine	3	84	0.03571428571428571	True
Histidinyl-Alanine	5	84	0.05952380952380952	True
Histidinyl-Isoleucine	6	84	0.07142857142857142	True
Histidinyl-Valine	7	84	0.08333333333333333	True
Homocysteine Thiolactone	3	84	0.03571428571428571	True
Hydroxybutyrylcarnitine	3	84	0.03571428571428571	True
Hypotaurine	3	84	0.03571428571428571	True
Hypoxanthine	3	84	0.03571428571428571	True
Indoleacrylic acid	10	84	0.11904761904761904	True
Inosine	3	84	0.03571428571428571	True
Inosine-5'-monophosphate (IMP)	3	84	0.03571428571428571	True
Isobutyryl-L-carnitine	3	84	0.03571428571428571	True
Isoleucine/Leucine	1	84	0.011904761904761904	True
Isovaleryl-L-carnitine	3	84	0.03571428571428571	True
L-beta-aspartyl-L-glycine	3	84	0.03571428571428571	True
Leucyl-Proline	2	84	0.023809523809523808	True
Leucyl-Valine	9	84	0.10714285714285714	True
L-Glutathione (reduced)	1	84	0.011904761904761904	True
Lysyl-Leucine	6	84	0.07142857142857142	True
Lysyl-Valine	1	84	0.011904761904761904	True
Maleamate	3	84	0.03571428571428571	True
Malonylcarnitine	3	84	0.03571428571428571	True
Methionine sulfoxide	3	84	0.03571428571428571	True
Methyl jasmonate	3	84	0.03571428571428571	True
Methylthioadenosine	3	84	0.03571428571428571	True
Myristoyl-L-carnitine	16	84	0.19047619047619047	True
N,N,N-Trimethyllysine	3	84	0.03571428571428571	True
N6-Acetyl-L-lysine	4	84	0.047619047619047616	True
N-Acetylaspartylglutamic acid	4	84	0.047619047619047616	True
N-Acetylglutamic acid	5	84	0.05952380952380952	True
N-Acetylglutamine	4	84	0.047619047619047616	True
N-Acetyl-L-aspartic acid	1	84	0.011904761904761904	True
N-Acetylmethionine	4	84	0.047619047619047616	True
N-Acetylneuraminate	3	84	0.03571428571428571	True
N-Acetylserotonin	3	84	0.03571428571428571	True
Nicotinamide	3	84	0.03571428571428571	True
Nicotinamide adenine dinucleotide phosphate (NADP+)	23	84	0.27380952380952384	True
N-Methylalanine	3	84	0.03571428571428571	True
N-Methylglutamate	3	84	0.03571428571428571	True
N-Methylproline	3	84	0.03571428571428571	True
Octanoyl-L-carnitine	2	84	0.023809523809523808	True
Octenoyl-L-carnitine	10	84	0.11904761904761904	True
Ophthalmate	3	84	0.03571428571428571	True
Ornithine	3	84	0.03571428571428571	True
O-Succinyl-Homoserine	1	84	0.011904761904761904	True
Pantothenate	3	84	0.03571428571428571	True
Phenylalanine	1	84	0.011904761904761904	True
Phosphocreatine	3	84	0.03571428571428571	True
Phosphorylcholine	3	84	0.03571428571428571	True
Pipecolic acid	3	84	0.03571428571428571	True
Proline	3	84	0.03571428571428571	True
Prolyl-Alanine	3	84	0.03571428571428571	True
Prolylglycine	4	84	0.047619047619047616	True
Propanoylcarnitine	3	84	0.03571428571428571	True
Pterin	13	84	0.15476190476190477	True
Riboflavin	55	84	0.6547619047619048	False
S-Adenosylhomocysteine	3	84	0.03571428571428571	True
Salsolinol	43	84	0.5119047619047619	False
Sarcosine	3	84	0.03571428571428571	True
Serine	3	84	0.03571428571428571	True
Serylalanine	4	84	0.047619047619047616	True
S-Lactoylglutathione	2	84	0.023809523809523808	True
Succinylcarnitine	10	84	0.11904761904761904	True
Sugars-Hexoses-Phosphate	3	84	0.03571428571428571	True
Targinine	3	84	0.03571428571428571	True
Taurine	3	84	0.03571428571428571	True
Tetradecenoyl-L-carnitine	15	84	0.17857142857142858	True
Thioproline	1	84	0.011904761904761904	True
Threonine	3	84	0.03571428571428571	True
Threoninyl-Glutamine	5	84	0.05952380952380952	True
Threoninyl-Serine	5	84	0.05952380952380952	True
Thymidine-Monophosphate (dTMP)	17	84	0.20238095238095238	True
Thymine	3	84	0.03571428571428571	True
Tiglylcarnitine	3	84	0.03571428571428571	True
Trigonelline	3	84	0.03571428571428571	True
Tryptophan	1	84	0.011904761904761904	True
Tyrosine	1	84	0.011904761904761904	True
UDP-N-acetylglucosamine	3	84	0.03571428571428571	True
Umbelliferone	33	84	0.39285714285714285	False
Uracil	3	84	0.03571428571428571	True
Uridine	3	84	0.03571428571428571	True
Uridine Diphosphate (UDP)	3	84	0.03571428571428571	True
Uridine Diphosphate Glucose (UDP glucose)	3	84	0.03571428571428571	True
Uridine Monophosphate (UMP)	3	84	0.03571428571428571	True
Uridine Triphosphate (UTP)	28	84	0.3333333333333333	False
Valine	3	84	0.03571428571428571	True
Valyl-Serine	1	84	0.011904761904761904	True
Valylthreonine	3	84	0.03571428571428571	True
Valyl-Valine	2	84	0.023809523809523808	True
β-Nicotinamide mononucleotide	41	84	0.4880952380952381	False
(9Z)-3-hydroxydodecenoylcarnitine	16	84	0.19047619047619047	True
(9Z)-3-hydroxyoctadecenoylcarnitine	47	84	0.5595238095238095	False
(S)-1-carbamoylpyrrolidine-2-carboxylic acid	3	84	0.03571428571428571	True
1,5-Naphthalenediamine	15	84	0.17857142857142858	True
1,6-Anhydroglucose	19	84	0.2261904761904762	True
1-Acetylimidazole	3	84	0.03571428571428571	True
1-Naphthylamine	25	84	0.2976190476190476	True
1-Palmitoyl-sn-glycero-3-phosphocholine	2	84	0.023809523809523808	True
2,3-Bisphosphoglycerate	1	84	0.011904761904761904	True
2,6-Dimethylpyrazine	3	84	0.03571428571428571	True
2-Acetamido-N-β-aspartyl-2-deoxyhexopyranosylamine	3	84	0.03571428571428571	True
2-Amino-4-methylpyrimidine	3	84	0.03571428571428571	True
2-Hexenoylcarnitine	4	84	0.047619047619047616	True
2-methylquinolin-8-ol	19	84	0.2261904761904762	True
3-hydroxyisovalerylcarnitine	3	84	0.03571428571428571	True
3-Methylpyrazole	3	84	0.03571428571428571	True
3-Ureidopropionic acid	3	84	0.03571428571428571	True
4-(Dimethylamino)pyridine	5	84	0.05952380952380952	True
4-Hydroxybenzaldehyde	8	84	0.09523809523809523	True
4-Indolecarbaldehyde	4	84	0.047619047619047616	True
4-ureidobutanoic acid	3	84	0.03571428571428571	True
5-Aminovaleric acid betaine	3	84	0.03571428571428571	True
5-Hydroxyindole	16	84	0.19047619047619047	True
6-(methylamino)hexane-1,2,3,4,5-pentaol	3	84	0.03571428571428571	True
6-Methylnicotinamide	3	84	0.03571428571428571	True
Acetylcholine	6	84	0.07142857142857142	True
Adenylosuccinic acid	13	84	0.15476190476190477	True
Allopurinol	3	84	0.03571428571428571	True
Amphetamine	17	84	0.20238095238095238	True
Bis(2-butoxyethyl) ether	3	84	0.03571428571428571	True
Caprolactam	1	84	0.011904761904761904	True
Centralite	1	84	0.011904761904761904	True
Choline	3	84	0.03571428571428571	True
Citroflex 2	3	84	0.03571428571428571	True
Citroflex A-4	3	84	0.03571428571428571	True
Cytidine 5'-diphosphocholine	3	84	0.03571428571428571	True
DEET	1	84	0.011904761904761904	True
Diaminopimelic acid	5	84	0.05952380952380952	True
Diatrizoic acid	1	84	0.011904761904761904	True
Diethyleneglycol dibenzoate	1	84	0.011904761904761904	True
Dimethylglycine	79	84	0.9404761904761905	False
Diphenylphosphinic acid	1	84	0.011904761904761904	True
Dipropylene glycol dimethyl ether	3	84	0.03571428571428571	True
Dipropyleneglycol dibenzoate	4	84	0.047619047619047616	True
epsilon-(gamma-Glutamyl)lysine	4	84	0.047619047619047616	True
Ethylenediaminetetraacetic acid (EDTA)	3	84	0.03571428571428571	True
gamma-Glutamylmethionine	12	84	0.14285714285714285	True
Guanidinoethyl sulfonate	4	84	0.047619047619047616	True
Heptanoylcarnitine	15	84	0.17857142857142858	True
Histidylserine	4	84	0.047619047619047616	True
Hydroxyhexanoycarnitine	3	84	0.03571428571428571	True
Indole	3	84	0.03571428571428571	True
Indolelactic acid	6	84	0.07142857142857142	True
Isoleucylprolyllysine (IPK or LPK)	6	84	0.07142857142857142	True
L-Cysteinesulfinic acid	16	84	0.19047619047619047	True
Lenticin	1	84	0.011904761904761904	True
Leucine methyl ester	3	84	0.03571428571428571	True
L-Homocarnosine	8	84	0.09523809523809523	True
Lidocaine	46	84	0.5476190476190477	False
Melamine	7	84	0.08333333333333333	True
Methionine methyl ester	4	84	0.047619047619047616	True
Methylimidazoleacetic acid	3	84	0.03571428571428571	True
Myristamine Oxide	43	84	0.5119047619047619	False
N,N-Diethylethanolamine	6	84	0.07142857142857142	True
N,N-Dimethyldodecylamine N-oxide *	25	84	0.2976190476190476	True
N-Acetyl-D-lactosamine	5	84	0.05952380952380952	True
Neopterin	7	84	0.08333333333333333	True
N-palmitoyl glutamic acid	18	84	0.21428571428571427	True
N-Propionylalanine	3	84	0.03571428571428571	True
PC(2:0/0:0)	7	84	0.08333333333333333	True
PEG n5	1	84	0.011904761904761904	True
PEG n6__A	3	84	0.03571428571428571	True
PEG n6__B	4	84	0.047619047619047616	True
PEG n7	3	84	0.03571428571428571	True
Phenylacetylglutamine	14	84	0.16666666666666666	True
Phenylethyl alcohol	3	84	0.03571428571428571	True
Phosphoric acid	1	84	0.011904761904761904	True
PPG n4	3	84	0.03571428571428571	True
PPG n5	1	84	0.011904761904761904	True
PPG n7	1	84	0.011904761904761904	True
PPG n8	1	84	0.011904761904761904	True
PPG n9	76	84	0.9047619047619048	False
Prolinamide	3	84	0.03571428571428571	True
Prolylleucine	3	84	0.03571428571428571	True
Propham	3	84	0.03571428571428571	True
Quinoline	3	84	0.03571428571428571	True
Serylprolyllysine (SPK)	35	84	0.4166666666666667	False
S-Methyl-L-cysteine-S-oxide	5	84	0.05952380952380952	True
Sphingosine-1-phosphate	15	84	0.17857142857142858	True
Stachydrine	3	84	0.03571428571428571	True
Tetradecadiencarnitine	21	84	0.25	True
Tri(butoxyethyl) phosphate	3	84	0.03571428571428571	True
Tributyl phosphate	1	84	0.011904761904761904	True
Triethanolamine	3	84	0.03571428571428571	True
Triethylphosphate	1	84	0.011904761904761904	True
Triisopropanolamine	3	84	0.03571428571428571	True
Tyrosine methyl ester	3	84	0.03571428571428571	True
Valine betaine	17	84	0.20238095238095238	True
Valylphenylalanine	12	84	0.14285714285714285	True
1-Methyladenosine	13	84	0.15476190476190477	True
1-Methylxanthine	3	84	0.03571428571428571	True
3-Hydroxyadipic acid	34	84	0.40476190476190477	False
5-Methylcytidine	55	84	0.6547619047619048	False
Ala-Ala-Ala	13	84	0.15476190476190477	True
Alanyl-Glycine	3	84	0.03571428571428571	True
Carbaryl	30	84	0.35714285714285715	False
Cinnamic acid	3	84	0.03571428571428571	True
Deoxyadenosine Monophosphate	29	84	0.34523809523809523	False
dTDP-alpha-D-glucose	3	84	0.03571428571428571	True
Glucosamine 6-Phosphate	1	84	0.011904761904761904	True
Glycyl-Asparagine	35	84	0.4166666666666667	False
Heptanoic acid	4	84	0.047619047619047616	True
Leucyl-Leucine	11	84	0.13095238095238096	True
L-Phenylalanyl-L-proline	12	84	0.14285714285714285	True
Mandelate	49	84	0.5833333333333334	False
N-Acetylputrescine	3	84	0.03571428571428571	True
N-Acetylthreonine	3	84	0.03571428571428571	True
Sugars-Disaccharide	4	84	0.047619047619047616	True
Threoninyl-Leucine	5	84	0.05952380952380952	True
trans-4-Hydroxy-L-proline	3	84	0.03571428571428571	True
Trans-Cyclohexane-1,2-Diol	3	84	0.03571428571428571	True
Valyl-Glycine	3	84	0.03571428571428571	True
Valyl-Tyrosine	19	84	0.2261904761904762	True
Homostachydrine	3	84	0.03571428571428571	True
1-Vinylimidazole	3	84	0.03571428571428571	True
2-(4-aminotetrahydro-2H-pyran-4-yl)acetic acid	3	84	0.03571428571428571	True
Aminopurine	3	84	0.03571428571428571	True
Ethionamide	13	84	0.15476190476190477	True
Gabapentin	3	84	0.03571428571428571	True
Homoproline	3	84	0.03571428571428571	True
Homoserine lactone	3	84	0.03571428571428571	True
Hypophosphoric acid	48	84	0.5714285714285714	False
Indirubin	56	84	0.6666666666666666	False
Leucylphenylalanine	8	84	0.09523809523809523	True
Phloroglucinol	3	84	0.03571428571428571	True
Possible Carnitine__A	11	84	0.13095238095238096	True
Possible Carnitine__B	5	84	0.05952380952380952	True
Similarity to Pipecolate	3	84	0.03571428571428571	True
Similarity to Prolylleucine	15	84	0.17857142857142858	True
Vinyl Carbamate	3	84	0.03571428571428571	True
Unknown0 313	3	84	0.03571428571428571	True
Unknown0 314	3	84	0.03571428571428571	True
Unknown0 315	3	84	0.03571428571428571	True
Unknown0 316	3	84	0.03571428571428571	True
Unknown0 317	3	84	0.03571428571428571	True
Unknown0 318	3	84	0.03571428571428571	True
Unknown0 319	6	84	0.07142857142857142	True
Unknown0 320	3	84	0.03571428571428571	True
Unknown0 321	3	84	0.03571428571428571	True
Unknown0 322	3	84	0.03571428571428571	True
Unknown0 323	3	84	0.03571428571428571	True
Unknown0 324	32	84	0.38095238095238093	False
Unknown0 325	81	84	0.9642857142857143	False
Unknown0 326	10	84	0.11904761904761904	True
Unknown0 327	3	84	0.03571428571428571	True
Unknown0 328	12	84	0.14285714285714285	True
Unknown0 329	55	84	0.6547619047619048	False
Unknown0 330	3	84	0.03571428571428571	True
Unknown0 331	3	84	0.03571428571428571	True
Unknown0 332	3	84	0.03571428571428571	True
Unknown0 333	4	84	0.047619047619047616	True
Unknown0 334	4	84	0.047619047619047616	True
Unknown0 335	3	84	0.03571428571428571	True
Unknown0 336	3	84	0.03571428571428571	True
Unknown0 337	3	84	0.03571428571428571	True
Unknown0 338	3	84	0.03571428571428571	True
Unknown0 339	29	84	0.34523809523809523	False
Unknown0 340	3	84	0.03571428571428571	True
Unknown0 341	3	84	0.03571428571428571	True
Unknown0 342	3	84	0.03571428571428571	True
Unknown0 343	3	84	0.03571428571428571	True
Unknown0 344	6	84	0.07142857142857142	True
Unknown0 345	3	84	0.03571428571428571	True
Unknown0 346	3	84	0.03571428571428571	True
Unknown0 347	6	84	0.07142857142857142	True
Unknown0 348	3	84	0.03571428571428571	True
Unknown0 349	3	84	0.03571428571428571	True
Unknown0 350	3	84	0.03571428571428571	True
Unknown0 351	18	84	0.21428571428571427	True
Unknown0 352	3	84	0.03571428571428571	True
Unknown0 353	3	84	0.03571428571428571	True
Unknown0 354	14	84	0.16666666666666666	True
Unknown0 355	3	84	0.03571428571428571	True
Unknown0 356	4	84	0.047619047619047616	True
Unknown0 357	4	84	0.047619047619047616	True
Unknown0 358	3	84	0.03571428571428571	True
Unknown0 359	3	84	0.03571428571428571	True
Unknown0 360	7	84	0.08333333333333333	True
Unknown0 361	3	84	0.03571428571428571	True
Unknown0 362	29	84	0.34523809523809523	False
Unknown0 363	3	84	0.03571428571428571	True
Unknown0 364	3	84	0.03571428571428571	True
Unknown0 365	3	84	0.03571428571428571	True
Unknown0 366	5	84	0.05952380952380952	True
Unknown0 367	3	84	0.03571428571428571	True
Unknown0 368	3	84	0.03571428571428571	True
Unknown0 369	39	84	0.4642857142857143	False
Unknown0 370	3	84	0.03571428571428571	True
Unknown0 371	3	84	0.03571428571428571	True
Unknown0 372	3	84	0.03571428571428571	True
Unknown0 373	4	84	0.047619047619047616	True
Unknown0 374	3	84	0.03571428571428571	True
Unknown0 375	3	84	0.03571428571428571	True
Unknown0 376	3	84	0.03571428571428571	True
Unknown0 377	3	84	0.03571428571428571	True
Unknown0 378	56	84	0.6666666666666666	False
Unknown0 379	3	84	0.03571428571428571	True
Unknown0 380	3	84	0.03571428571428571	True
Unknown0 381	3	84	0.03571428571428571	True
Unknown0 382	3	84	0.03571428571428571	True
Unknown0 383	49	84	0.5833333333333334	False
Unknown0 384	3	84	0.03571428571428571	True
Unknown0 385	3	84	0.03571428571428571	True
Unknown0 386	3	84	0.03571428571428571	True
Unknown0 387	3	84	0.03571428571428571	True
Unknown0 388	3	84	0.03571428571428571	True
Unknown0 389	3	84	0.03571428571428571	True
Unknown0 390	3	84	0.03571428571428571	True
Unknown0 391	3	84	0.03571428571428571	True
Unknown0 392	3	84	0.03571428571428571	True
Unknown0 393	3	84	0.03571428571428571	True
Unknown0 394	3	84	0.03571428571428571	True
Unknown0 395	11	84	0.13095238095238096	True
Unknown0 396	3	84	0.03571428571428571	True
Unknown0 397	3	84	0.03571428571428571	True
Unknown0 398	32	84	0.38095238095238093	False
Unknown0 399	3	84	0.03571428571428571	True
Unknown0 400	10	84	0.11904761904761904	True
Unknown0 401	3	84	0.03571428571428571	True
Unknown0 402	3	84	0.03571428571428571	True
Unknown0 403	5	84	0.05952380952380952	True
Unknown0 404	7	84	0.08333333333333333	True
Unknown0 405	3	84	0.03571428571428571	True
Unknown0 406	3	84	0.03571428571428571	True
Unknown0 407	3	84	0.03571428571428571	True
Unknown0 408	3	84	0.03571428571428571	True
Unknown0 409	3	84	0.03571428571428571	True
Unknown0 410	4	84	0.047619047619047616	True
Unknown0 411	3	84	0.03571428571428571	True
Unknown0 412	3	84	0.03571428571428571	True
Unknown0 413	3	84	0.03571428571428571	True
Unknown0 414	3	84	0.03571428571428571	True
Unknown0 415	4	84	0.047619047619047616	True
Unknown0 416	14	84	0.16666666666666666	True
Unknown0 417	3	84	0.03571428571428571	True
Unknown0 418	3	84	0.03571428571428571	True
Unknown0 419	3	84	0.03571428571428571	True
Unknown0 420	5	84	0.05952380952380952	True
Unknown0 421	3	84	0.03571428571428571	True
Unknown0 422	3	84	0.03571428571428571	True
Unknown0 423	5	84	0.05952380952380952	True
Unknown0 424	3	84	0.03571428571428571	True
Unknown0 425	3	84	0.03571428571428571	True
Unknown0 426	3	84	0.03571428571428571	True
Unknown0 427	3	84	0.03571428571428571	True
Unknown0 428	6	84	0.07142857142857142	True
Unknown0 429	63	84	0.75	False
Unknown0 430	12	84	0.14285714285714285	True
Unknown0 431	3	84	0.03571428571428571	True
Unknown0 432	25	84	0.2976190476190476	True
Unknown0 433	55	84	0.6547619047619048	False
Unknown0 434	53	84	0.6309523809523809	False
Unknown0 435	12	84	0.14285714285714285	True
Unknown0 436	3	84	0.03571428571428571	True
Unknown0 437	60	84	0.7142857142857143	False
Unknown0 438	3	84	0.03571428571428571	True
Unknown0 439	3	84	0.03571428571428571	True
Unknown0 440	9	84	0.10714285714285714	True
Unknown0 441	4	84	0.047619047619047616	True
Unknown0 442	15	84	0.17857142857142858	True
Unknown0 443	3	84	0.03571428571428571	True
Unknown0 444	6	84	0.07142857142857142	True
Unknown0 445	14	84	0.16666666666666666	True
Unknown0 446	5	84	0.05952380952380952	True
Unknown0 447	3	84	0.03571428571428571	True
Unknown0 448	7	84	0.08333333333333333	True
Unknown0 449	3	84	0.03571428571428571	True
Unknown0 450	8	84	0.09523809523809523	True
Unknown0 451	5	84	0.05952380952380952	True
Unknown0 452	4	84	0.047619047619047616	True
Unknown0 453	3	84	0.03571428571428571	True
Unknown0 454	17	84	0.20238095238095238	True
Unknown0 455	4	84	0.047619047619047616	True
Unknown0 456	3	84	0.03571428571428571	True
Unknown0 457	8	84	0.09523809523809523	True
Unknown0 458	8	84	0.09523809523809523	True
Unknown0 459	3	84	0.03571428571428571	True
Unknown0 460	57	84	0.6785714285714286	False
Unknown0 461	3	84	0.03571428571428571	True
Unknown0 462	48	84	0.5714285714285714	False
Unknown0 463	16	84	0.19047619047619047	True
Unknown0 464	4	84	0.047619047619047616	True
Unknown0 465	12	84	0.14285714285714285	True
Unknown0 466	6	84	0.07142857142857142	True
Unknown0 467	3	84	0.03571428571428571	True
Unknown0 468	3	84	0.03571428571428571	True
Unknown0 469	18	84	0.21428571428571427	True
Unknown0 470	3	84	0.03571428571428571	True
Unknown0 471	4	84	0.047619047619047616	True
Unknown0 472	4	84	0.047619047619047616	True
Unknown0 473	3	84	0.03571428571428571	True
Unknown0 474	26	84	0.30952380952380953	False
Unknown0 475	23	84	0.27380952380952384	True
Unknown0 476	3	84	0.03571428571428571	True
Unknown0 477	4	84	0.047619047619047616	True
Unknown0 478	4	84	0.047619047619047616	True
Unknown0 479	3	84	0.03571428571428571	True
Unknown0 480	3	84	0.03571428571428571	True
Unknown0 481	3	84	0.03571428571428571	True
Unknown0 482	9	84	0.10714285714285714	True
Unknown0 483	6	84	0.07142857142857142	True
Unknown0 484	3	84	0.03571428571428571	True
Unknown0 485	3	84	0.03571428571428571	True
Unknown0 486	7	84	0.08333333333333333	True
Unknown0 487	3	84	0.03571428571428571	True
Unknown0 488	3	84	0.03571428571428571	True
Unknown0 489	3	84	0.03571428571428571	True
Unknown0 490	4	84	0.047619047619047616	True
Unknown0 491	17	84	0.20238095238095238	True
Unknown0 492	3	84	0.03571428571428571	True
Unknown0 493	3	84	0.03571428571428571	True
Unknown0 494	5	84	0.05952380952380952	True
Unknown0 495	6	84	0.07142857142857142	True
Unknown0 496	6	84	0.07142857142857142	True
Unknown0 497	55	84	0.6547619047619048	False
Unknown0 498	48	84	0.5714285714285714	False
Unknown0 499	49	84	0.5833333333333334	False
Unknown0 500	3	84	0.03571428571428571	True
Unknown0 501	34	84	0.40476190476190477	False
Unknown0 502	3	84	0.03571428571428571	True
Unknown0 503	3	84	0.03571428571428571	True
Unknown0 504	26	84	0.30952380952380953	False
Unknown0 505	4	84	0.047619047619047616	True
Unknown0 506	3	84	0.03571428571428571	True
Unknown0 507	16	84	0.19047619047619047	True
Unknown0 508	43	84	0.5119047619047619	False
Unknown0 509	3	84	0.03571428571428571	True
Unknown0 510	16	84	0.19047619047619047	True
Unknown0 511	7	84	0.08333333333333333	True
Unknown0 512	3	84	0.03571428571428571	True
Unknown0 513	11	84	0.13095238095238096	True
Unknown0 514	6	84	0.07142857142857142	True
Unknown0 515	7	84	0.08333333333333333	True
Unknown0 516	10	84	0.11904761904761904	True
Unknown0 517	3	84	0.03571428571428571	True
Unknown0 518	3	84	0.03571428571428571	True
Unknown0 519	41	84	0.4880952380952381	False
Unknown0 520	3	84	0.03571428571428571	True
Unknown0 521	3	84	0.03571428571428571	True
Unknown0 522	41	84	0.4880952380952381	False
Unknown0 523	29	84	0.34523809523809523	False
Unknown0 524	5	84	0.05952380952380952	True
Unknown0 525	3	84	0.03571428571428571	True
Unknown0 526	4	84	0.047619047619047616	True
Unknown0 527	3	84	0.03571428571428571	True
Unknown0 528	3	84	0.03571428571428571	True
Unknown0 529	28	84	0.3333333333333333	False
Unknown0 530	24	84	0.2857142857142857	True
Unknown0 531	30	84	0.35714285714285715	False
Unknown0 532	3	84	0.03571428571428571	True
Unknown0 533	5	84	0.05952380952380952	True
Unknown0 534	3	84	0.03571428571428571	True
Unknown0 535	47	84	0.5595238095238095	False
Unknown0 536	3	84	0.03571428571428571	True
Unknown0 537	31	84	0.36904761904761907	False
Unknown0 538	9	84	0.10714285714285714	True
Unknown0 539	3	84	0.03571428571428571	True
Unknown0 540	6	84	0.07142857142857142	True
Unknown0 541	10	84	0.11904761904761904	True
Unknown0 542	4	84	0.047619047619047616	True
Unknown0 543	6	84	0.07142857142857142	True
Unknown0 544	18	84	0.21428571428571427	True
Unknown0 545	43	84	0.5119047619047619	False
Unknown0 546	4	84	0.047619047619047616	True
Unknown0 547	8	84	0.09523809523809523	True
Unknown0 548	28	84	0.3333333333333333	False
Unknown0 549	3	84	0.03571428571428571	True
Unknown0 550	4	84	0.047619047619047616	True
Unknown0 551	3	84	0.03571428571428571	True
Unknown0 552	15	84	0.17857142857142858	True
Unknown0 553	3	84	0.03571428571428571	True
Unknown0 554	8	84	0.09523809523809523	True
Unknown0 555	7	84	0.08333333333333333	True
Unknown0 556	3	84	0.03571428571428571	True
Unknown0 557	10	84	0.11904761904761904	True
Unknown0 558	6	84	0.07142857142857142	True
Unknown0 559	77	84	0.9166666666666666	False
Unknown0 560	13	84	0.15476190476190477	True
Unknown0 561	37	84	0.44047619047619047	False
Unknown0 562	3	84	0.03571428571428571	True
Unknown0 563	3	84	0.03571428571428571	True
Unknown0 564	7	84	0.08333333333333333	True
Unknown0 565	14	84	0.16666666666666666	True
Unknown0 566	5	84	0.05952380952380952	True
Unknown0 567	3	84	0.03571428571428571	True
Unknown0 568	14	84	0.16666666666666666	True
Unknown0 569	3	84	0.03571428571428571	True
Unknown0 570	20	84	0.23809523809523808	True
Unknown0 571	12	84	0.14285714285714285	True
Unknown0 572	3	84	0.03571428571428571	True
Unknown0 573	37	84	0.44047619047619047	False
Unknown0 574	3	84	0.03571428571428571	True
Unknown0 575	3	84	0.03571428571428571	True
Unknown0 576	34	84	0.40476190476190477	False
Unknown0 577	8	84	0.09523809523809523	True
Unknown0 578	54	84	0.6428571428571429	False
Unknown0 579	5	84	0.05952380952380952	True
Unknown0 580	3	84	0.03571428571428571	True
Unknown0 581	21	84	0.25	True
Unknown0 582	3	84	0.03571428571428571	True
Unknown0 583	3	84	0.03571428571428571	True
Unknown0 584	4	84	0.047619047619047616	True
Unknown0 585	3	84	0.03571428571428571	True
Unknown0 586	5	84	0.05952380952380952	True
Unknown0 587	3	84	0.03571428571428571	True
Unknown0 588	26	84	0.30952380952380953	False
Unknown0 589	25	84	0.2976190476190476	True
Unknown0 590	13	84	0.15476190476190477	True
Unknown0 591	3	84	0.03571428571428571	True
Unknown0 592	16	84	0.19047619047619047	True
Unknown0 593	3	84	0.03571428571428571	True
Unknown0 594	3	84	0.03571428571428571	True
Unknown0 595	6	84	0.07142857142857142	True
Unknown0 596	64	84	0.7619047619047619	False
Unknown0 597	6	84	0.07142857142857142	True
Unknown0 598	10	84	0.11904761904761904	True
Unknown0 599	5	84	0.05952380952380952	True
Unknown0 600	23	84	0.27380952380952384	True
Unknown0 601	22	84	0.2619047619047619	True
Unknown0 602	3	84	0.03571428571428571	True
Unknown0 603	15	84	0.17857142857142858	True
Unknown0 604	3	84	0.03571428571428571	True
Unknown0 605	4	84	0.047619047619047616	True
Unknown0 606	32	84	0.38095238095238093	False
Unknown0 607	45	84	0.5357142857142857	False
Unknown0 608	3	84	0.03571428571428571	True
Unknown0 609	3	84	0.03571428571428571	True
Unknown0 610	9	84	0.10714285714285714	True
Unknown0 611	32	84	0.38095238095238093	False
Unknown0 612	4	84	0.047619047619047616	True
Unknown0 613	3	84	0.03571428571428571	True
Unknown0 614	4	84	0.047619047619047616	True
Unknown0 615	7	84	0.08333333333333333	True
Unknown0 616	7	84	0.08333333333333333	True
Unknown0 617	28	84	0.3333333333333333	False
Unknown0 618	4	84	0.047619047619047616	True
Unknown0 619	3	84	0.03571428571428571	True
Unknown0 620	9	84	0.10714285714285714	True
Unknown0 621	3	84	0.03571428571428571	True
Unknown0 622	8	84	0.09523809523809523	True
Unknown0 623	5	84	0.05952380952380952	True
Unknown0 624	3	84	0.03571428571428571	True
Unknown0 625	11	84	0.13095238095238096	True
Unknown0 626	3	84	0.03571428571428571	True
Unknown0 627	3	84	0.03571428571428571	True
Unknown0 628	7	84	0.08333333333333333	True
Unknown0 629	3	84	0.03571428571428571	True
Unknown0 630	7	84	0.08333333333333333	True
Unknown0 631	22	84	0.2619047619047619	True
Unknown0 632	62	84	0.7380952380952381	False
Unknown0 633	4	84	0.047619047619047616	True
Unknown0 634	4	84	0.047619047619047616	True
Unknown0 635	21	84	0.25	True
Unknown0 636	3	84	0.03571428571428571	True
Unknown0 637	4	84	0.047619047619047616	True
Unknown0 638	58	84	0.6904761904761905	False
Unknown0 639	5	84	0.05952380952380952	True
Unknown0 640	12	84	0.14285714285714285	True
Unknown0 641	30	84	0.35714285714285715	False
Unknown0 642	5	84	0.05952380952380952	True
Unknown0 643	3	84	0.03571428571428571	True
Unknown0 644	3	84	0.03571428571428571	True
Unknown0 645	6	84	0.07142857142857142	True
Unknown0 646	3	84	0.03571428571428571	True
Unknown0 647	3	84	0.03571428571428571	True
Unknown0 648	28	84	0.3333333333333333	False
Unknown0 649	3	84	0.03571428571428571	True
Unknown0 650	3	84	0.03571428571428571	True
Unknown0 651	3	84	0.03571428571428571	True
Unknown0 652	30	84	0.35714285714285715	False
Unknown0 653	29	84	0.34523809523809523	False
Unknown0 654	3	84	0.03571428571428571	True
Unknown0 655	4	84	0.047619047619047616	True
Unknown0 656	6	84	0.07142857142857142	True
Unknown0 657	3	84	0.03571428571428571	True
Unknown0 658	31	84	0.36904761904761907	False
Unknown0 659	28	84	0.3333333333333333	False
Unknown0 660	18	84	0.21428571428571427	True
Unknown0 661	11	84	0.13095238095238096	True
Unknown0 662	6	84	0.07142857142857142	True
Unknown0 663	15	84	0.17857142857142858	True
Unknown0 664	3	84	0.03571428571428571	True
Unknown0 665	30	84	0.35714285714285715	False
Unknown0 666	8	84	0.09523809523809523	True
Unknown0 667	3	84	0.03571428571428571	True
Unknown0 668	17	84	0.20238095238095238	True
Unknown0 669	3	84	0.03571428571428571	True
Unknown0 670	5	84	0.05952380952380952	True
Unknown0 671	3	84	0.03571428571428571	True
Unknown0 672	4	84	0.047619047619047616	True
Unknown0 673	6	84	0.07142857142857142	True
Unknown0 674	3	84	0.03571428571428571	True
Unknown0 675	8	84	0.09523809523809523	True
Unknown0 676	6	84	0.07142857142857142	True
Unknown0 677	18	84	0.21428571428571427	True
Unknown0 678	54	84	0.6428571428571429	False
Unknown0 679	23	84	0.27380952380952384	True
Unknown0 680	27	84	0.32142857142857145	False
Unknown0 681	15	84	0.17857142857142858	True
Unknown0 682	4	84	0.047619047619047616	True
Unknown0 683	3	84	0.03571428571428571	True
Unknown0 684	3	84	0.03571428571428571	True
Unknown0 685	7	84	0.08333333333333333	True
Unknown0 686	42	84	0.5	False
Unknown0 687	31	84	0.36904761904761907	False
Unknown0 688	4	84	0.047619047619047616	True
Unknown0 689	3	84	0.03571428571428571	True
Unknown0 690	14	84	0.16666666666666666	True
Unknown0 691	5	84	0.05952380952380952	True
Unknown0 692	3	84	0.03571428571428571	True
Unknown0 693	11	84	0.13095238095238096	True
Unknown0 694	3	84	0.03571428571428571	True
Unknown0 695	4	84	0.047619047619047616	True
Unknown0 696	3	84	0.03571428571428571	True
Unknown0 697	5	84	0.05952380952380952	True
Unknown0 698	3	84	0.03571428571428571	True
Unknown0 699	3	84	0.03571428571428571	True
Unknown0 700	3	84	0.03571428571428571	True
Unknown0 701	5	84	0.05952380952380952	True
Unknown0 702	11	84	0.13095238095238096	True
Unknown0 703	22	84	0.2619047619047619	True
Unknown0 704	54	84	0.6428571428571429	False
Unknown0 705	10	84	0.11904761904761904	True
Unknown0 706	3	84	0.03571428571428571	True
Unknown0 707	9	84	0.10714285714285714	True
Unknown0 708	3	84	0.03571428571428571	True
Unknown0 709	3	84	0.03571428571428571	True
Unknown0 710	3	84	0.03571428571428571	True
Unknown0 711	65	84	0.7738095238095238	False
Unknown0 712	4	84	0.047619047619047616	True
Unknown0 713	25	84	0.2976190476190476	True
Unknown0 714	4	84	0.047619047619047616	True
Unknown0 715	5	84	0.05952380952380952	True
Unknown0 716	4	84	0.047619047619047616	True
Unknown0 717	19	84	0.2261904761904762	True
Unknown0 718	3	84	0.03571428571428571	True
Unknown0 719	3	84	0.03571428571428571	True
Unknown0 720	18	84	0.21428571428571427	True
Unknown0 721	28	84	0.3333333333333333	False
Unknown0 722	30	84	0.35714285714285715	False
Unknown0 723	3	84	0.03571428571428571	True
Unknown0 724	58	84	0.6904761904761905	False
Unknown0 725	3	84	0.03571428571428571	True
Unknown0 726	5	84	0.05952380952380952	True
Unknown0 727	53	84	0.6309523809523809	False
Unknown0 728	9	84	0.10714285714285714	True
Unknown0 729	3	84	0.03571428571428571	True
Unknown0 730	3	84	0.03571428571428571	True
Unknown0 731	3	84	0.03571428571428571	True
Unknown0 732	7	84	0.08333333333333333	True
Unknown0 733	4	84	0.047619047619047616	True
Unknown0 734	4	84	0.047619047619047616	True
Unknown0 735	3	84	0.03571428571428571	True
Unknown0 736	11	84	0.13095238095238096	True
Unknown0 737	35	84	0.4166666666666667	False
Unknown0 738	5	84	0.05952380952380952	True
Unknown0 739	52	84	0.6190476190476191	False
Unknown0 740	3	84	0.03571428571428571	True
Unknown0 741	3	84	0.03571428571428571	True
Unknown0 742	3	84	0.03571428571428571	True
Unknown0 743	11	84	0.13095238095238096	True
Unknown0 744	5	84	0.05952380952380952	True
Unknown0 745	11	84	0.13095238095238096	True
Unknown0 746	51	84	0.6071428571428571	False
Unknown0 747	5	84	0.05952380952380952	True
Unknown0 748	14	84	0.16666666666666666	True
Unknown0 749	13	84	0.15476190476190477	True
Unknown0 750	10	84	0.11904761904761904	True
Unknown0 751	14	84	0.16666666666666666	True
Unknown0 752	7	84	0.08333333333333333	True
Unknown0 753	22	84	0.2619047619047619	True
Unknown0 754	31	84	0.36904761904761907	False
Unknown0 755	3	84	0.03571428571428571	True
Unknown0 756	3	84	0.03571428571428571	True
Unknown0 757	3	84	0.03571428571428571	True
Unknown0 758	9	84	0.10714285714285714	True
Unknown0 759	14	84	0.16666666666666666	True
Unknown0 760	31	84	0.36904761904761907	False
Unknown0 761	4	84	0.047619047619047616	True
Unknown0 762	3	84	0.03571428571428571	True
Unknown0 763	3	84	0.03571428571428571	True
Unknown0 764	3	84	0.03571428571428571	True
Unknown0 765	3	84	0.03571428571428571	True
Unknown0 766	3	84	0.03571428571428571	True
Unknown0 767	3	84	0.03571428571428571	True
Unknown0 768	3	84	0.03571428571428571	True
Unknown0 769	3	84	0.03571428571428571	True
Unknown0 770	3	84	0.03571428571428571	True
Unknown0 771	47	84	0.5595238095238095	False
Unknown0 772	3	84	0.03571428571428571	True
Unknown0 773	3	84	0.03571428571428571	True
Unknown0 774	4	84	0.047619047619047616	True
Unknown0 775	7	84	0.08333333333333333	True
Unknown0 776	4	84	0.047619047619047616	True
Unknown0 777	3	84	0.03571428571428571	True
Unknown0 778	20	84	0.23809523809523808	True
Unknown0 779	4	84	0.047619047619047616	True
Unknown0 780	25	84	0.2976190476190476	True
Unknown0 781	41	84	0.4880952380952381	False
Unknown0 782	5	84	0.05952380952380952	True
Unknown0 783	3	84	0.03571428571428571	True
Unknown0 784	8	84	0.09523809523809523	True
Unknown0 785	3	84	0.03571428571428571	True
Unknown0 786	3	84	0.03571428571428571	True
Unknown0 787	3	84	0.03571428571428571	True
Unknown0 788	10	84	0.11904761904761904	True
Unknown0 789	4	84	0.047619047619047616	True
Unknown0 790	3	84	0.03571428571428571	True
Unknown0 791	26	84	0.30952380952380953	False
Unknown0 792	7	84	0.08333333333333333	True
Unknown0 793	47	84	0.5595238095238095	False
Unknown0 794	4	84	0.047619047619047616	True
Unknown0 795	29	84	0.34523809523809523	False
Unknown0 796	5	84	0.05952380952380952	True
Unknown0 797	17	84	0.20238095238095238	True
Unknown0 798	13	84	0.15476190476190477	True
Unknown0 799	62	84	0.7380952380952381	False
Unknown0 800	10	84	0.11904761904761904	True
Unknown0 801	3	84	0.03571428571428571	True
Unknown0 802	8	84	0.09523809523809523	True
Unknown0 803	4	84	0.047619047619047616	True
Unknown0 804	15	84	0.17857142857142858	True
Unknown0 805	3	84	0.03571428571428571	True
Unknown0 806	12	84	0.14285714285714285	True
Unknown0 807	25	84	0.2976190476190476	True
Unknown0 808	3	84	0.03571428571428571	True
Unknown0 809	4	84	0.047619047619047616	True
Unknown0 810	6	84	0.07142857142857142	True
Unknown0 811	9	84	0.10714285714285714	True
Unknown0 812	19	84	0.2261904761904762	True
Unknown0 813	62	84	0.7380952380952381	False
Unknown0 814	62	84	0.7380952380952381	False
Unknown0 815	3	84	0.03571428571428571	True
Unknown0 816	4	84	0.047619047619047616	True
Unknown0 817	54	84	0.6428571428571429	False
Unknown0 818	39	84	0.4642857142857143	False
Unknown0 819	3	84	0.03571428571428571	True
Unknown0 820	15	84	0.17857142857142858	True
Unknown0 821	4	84	0.047619047619047616	True
Unknown0 822	35	84	0.4166666666666667	False
Unknown0 823	18	84	0.21428571428571427	True
Unknown0 824	22	84	0.2619047619047619	True
Unknown0 825	3	84	0.03571428571428571	True
Unknown0 826	4	84	0.047619047619047616	True
Unknown0 827	45	84	0.5357142857142857	False
Unknown0 828	9	84	0.10714285714285714	True
Unknown0 829	8	84	0.09523809523809523	True
Unknown0 830	7	84	0.08333333333333333	True
Unknown0 831	3	84	0.03571428571428571	True
Unknown0 832	3	84	0.03571428571428571	True
Unknown0 833	4	84	0.047619047619047616	True
Unknown0 834	45	84	0.5357142857142857	False
Unknown0 835	3	84	0.03571428571428571	True
Unknown0 836	25	84	0.2976190476190476	True
Unknown0 837	5	84	0.05952380952380952	True
Unknown0 838	3	84	0.03571428571428571	True
Unknown0 839	55	84	0.6547619047619048	False
Unknown0 840	5	84	0.05952380952380952	True
Unknown0 841	3	84	0.03571428571428571	True
Unknown0 842	3	84	0.03571428571428571	True
Unknown0 843	41	84	0.4880952380952381	False
Unknown0 844	17	84	0.20238095238095238	True
Unknown0 845	6	84	0.07142857142857142	True
Unknown0 846	47	84	0.5595238095238095	False
Unknown0 847	5	84	0.05952380952380952	True
Unknown0 848	3	84	0.03571428571428571	True
Unknown0 849	22	84	0.2619047619047619	True
Unknown0 850	7	84	0.08333333333333333	True
Unknown0 851	24	84	0.2857142857142857	True
Unknown0 852	3	84	0.03571428571428571	True
Unknown0 853	20	84	0.23809523809523808	True
Unknown0 854	4	84	0.047619047619047616	True
Unknown0 855	35	84	0.4166666666666667	False
Unknown0 856	15	84	0.17857142857142858	True
Unknown0 857	12	84	0.14285714285714285	True
Unknown0 858	3	84	0.03571428571428571	True
Unknown0 859	3	84	0.03571428571428571	True
Unknown0 860	4	84	0.047619047619047616	True
Unknown0 861	3	84	0.03571428571428571	True
Unknown0 862	3	84	0.03571428571428571	True
Unknown0 863	3	84	0.03571428571428571	True
Unknown0 864	3	84	0.03571428571428571	True
Unknown0 865	17	84	0.20238095238095238	True
Unknown0 866	66	84	0.7857142857142857	False
Unknown0 867	3	84	0.03571428571428571	True
Unknown0 868	46	84	0.5476190476190477	False
Unknown0 869	18	84	0.21428571428571427	True
Unknown0 870	3	84	0.03571428571428571	True
Unknown0 871	42	84	0.5	False
Unknown0 872	3	84	0.03571428571428571	True
Unknown0 873	19	84	0.2261904761904762	True
Unknown0 874	3	84	0.03571428571428571	True
Unknown0 875	11	84	0.13095238095238096	True
Unknown0 876	14	84	0.16666666666666666	True
Unknown0 877	8	84	0.09523809523809523	True
Unknown0 878	9	84	0.10714285714285714	True
Unknown0 879	3	84	0.03571428571428571	True
Unknown0 880	10	84	0.11904761904761904	True
Unknown0 881	5	84	0.05952380952380952	True
Unknown0 882	54	84	0.6428571428571429	False
Unknown0 883	3	84	0.03571428571428571	True
Unknown0 884	50	84	0.5952380952380952	False
Unknown0 885	31	84	0.36904761904761907	False
Unknown0 886	42	84	0.5	False
Unknown0 887	10	84	0.11904761904761904	True
Unknown0 888	10	84	0.11904761904761904	True
Unknown0 889	6	84	0.07142857142857142	True
Unknown0 890	3	84	0.03571428571428571	True
Unknown0 891	3	84	0.03571428571428571	True
Unknown0 892	10	84	0.11904761904761904	True
Unknown0 893	29	84	0.34523809523809523	False
Unknown0 894	13	84	0.15476190476190477	True
Unknown0 895	12	84	0.14285714285714285	True
Unknown0 896	6	84	0.07142857142857142	True
Unknown0 897	26	84	0.30952380952380953	False
Unknown0 898	34	84	0.40476190476190477	False
Unknown0 899	20	84	0.23809523809523808	True
Unknown0 900	7	84	0.08333333333333333	True
Unknown0 901	5	84	0.05952380952380952	True
Unknown0 902	17	84	0.20238095238095238	True
Unknown0 903	30	84	0.35714285714285715	False
Unknown0 904	3	84	0.03571428571428571	True
Unknown0 905	8	84	0.09523809523809523	True
Unknown0 906	9	84	0.10714285714285714	True
Unknown0 907	40	84	0.47619047619047616	False
Unknown0 908	14	84	0.16666666666666666	True
Unknown0 909	4	84	0.047619047619047616	True
Unknown0 910	3	84	0.03571428571428571	True
Unknown0 911	15	84	0.17857142857142858	True
Unknown0 912	3	84	0.03571428571428571	True
Unknown0 913	9	84	0.10714285714285714	True
Unknown0 914	5	84	0.05952380952380952	True
Unknown0 915	24	84	0.2857142857142857	True
Unknown0 916	5	84	0.05952380952380952	True
Unknown0 917	25	84	0.2976190476190476	True
Unknown0 918	37	84	0.44047619047619047	False
Unknown0 919	33	84	0.39285714285714285	False
Unknown0 920	31	84	0.36904761904761907	False
Unknown0 921	24	84	0.2857142857142857	True
Unknown0 922	3	84	0.03571428571428571	True
Unknown0 923	12	84	0.14285714285714285	True
Unknown0 924	8	84	0.09523809523809523	True
Unknown0 925	3	84	0.03571428571428571	True
Unknown0 926	5	84	0.05952380952380952	True
Unknown0 927	9	84	0.10714285714285714	True
Unknown0 928	3	84	0.03571428571428571	True
Unknown0 929	3	84	0.03571428571428571	True
Unknown0 930	3	84	0.03571428571428571	True
Unknown0 931	3	84	0.03571428571428571	True
Unknown0 932	50	84	0.5952380952380952	False
Unknown0 933	3	84	0.03571428571428571	True
Unknown0 934	3	84	0.03571428571428571	True
Unknown0 935	26	84	0.30952380952380953	False
Unknown0 936	51	84	0.6071428571428571	False
Unknown0 937	53	84	0.6309523809523809	False
Unknown0 938	7	84	0.08333333333333333	True
Unknown0 939	12	84	0.14285714285714285	True
Unknown0 940	9	84	0.10714285714285714	True
Unknown0 941	41	84	0.4880952380952381	False
Unknown0 942	10	84	0.11904761904761904	True
Unknown0 943	16	84	0.19047619047619047	True
Unknown0 944	34	84	0.40476190476190477	False
Unknown0 945	11	84	0.13095238095238096	True
Unknown0 946	7	84	0.08333333333333333	True
Unknown0 947	3	84	0.03571428571428571	True
Unknown0 948	50	84	0.5952380952380952	False
Unknown0 949	21	84	0.25	True
Unknown0 950	75	84	0.8928571428571429	False
Unknown0 951	11	84	0.13095238095238096	True
Unknown0 952	3	84	0.03571428571428571	True
Unknown0 953	35	84	0.4166666666666667	False
Unknown0 954	21	84	0.25	True
Unknown0 955	31	84	0.36904761904761907	False
Unknown0 956	4	84	0.047619047619047616	True
Unknown0 957	38	84	0.4523809523809524	False
Unknown0 958	12	84	0.14285714285714285	True
Unknown0 959	41	84	0.4880952380952381	False
Unknown0 960	3	84	0.03571428571428571	True
Unknown0 961	3	84	0.03571428571428571	True
Unknown0 962	33	84	0.39285714285714285	False
Unknown0 963	30	84	0.35714285714285715	False
Unknown0 964	12	84	0.14285714285714285	True
Unknown0 965	4	84	0.047619047619047616	True
Unknown0 966	10	84	0.11904761904761904	True
Unknown0 967	10	84	0.11904761904761904	True
Unknown0 968	62	84	0.7380952380952381	False
Unknown0 969	39	84	0.4642857142857143	False
Unknown0 970	15	84	0.17857142857142858	True
Unknown0 971	21	84	0.25	True
Unknown0 972	47	84	0.5595238095238095	False
Unknown0 973	10	84	0.11904761904761904	True
Unknown0 974	7	84	0.08333333333333333	True
Unknown0 975	7	84	0.08333333333333333	True
Unknown0 976	20	84	0.23809523809523808	True
Unknown0 977	8	84	0.09523809523809523	True
Unknown0 978	8	84	0.09523809523809523	True
Unknown0 979	14	84	0.16666666666666666	True
Unknown0 980	14	84	0.16666666666666666	True
Unknown0 981	3	84	0.03571428571428571	True
Unknown0 982	6	84	0.07142857142857142	True
Unknown0 983	17	84	0.20238095238095238	True
Unknown0 984	3	84	0.03571428571428571	True
Unknown0 985	31	84	0.36904761904761907	False
Unknown0 986	3	84	0.03571428571428571	True
Unknown0 987	7	84	0.08333333333333333	True
Unknown0 988	4	84	0.047619047619047616	True
Unknown0 989	38	84	0.4523809523809524	False
Unknown0 990	3	84	0.03571428571428571	True
Unknown0 991	61	84	0.7261904761904762	False
Unknown0 992	3	84	0.03571428571428571	True
Unknown0 993	42	84	0.5	False
Unknown0 994	5	84	0.05952380952380952	True
Unknown0 995	35	84	0.4166666666666667	False
Unknown0 996	3	84	0.03571428571428571	True
Unknown0 997	7	84	0.08333333333333333	True
Unknown0 998	3	84	0.03571428571428571	True
Unknown0 999	83	84	0.9880952380952381	False
Unknown0 1000	27	84	0.32142857142857145	False
Unknown0 1001	3	84	0.03571428571428571	True
Unknown0 1002	15	84	0.17857142857142858	True
Unknown0 1003	16	84	0.19047619047619047	True
Unknown0 1004	32	84	0.38095238095238093	False
Unknown0 1005	3	84	0.03571428571428571	True
Unknown0 1006	16	84	0.19047619047619047	True
Unknown0 1007	65	84	0.7738095238095238	False
Unknown0 1008	22	84	0.2619047619047619	True
Unknown0 1009	4	84	0.047619047619047616	True
Unknown0 1010	3	84	0.03571428571428571	True
Unknown0 1011	64	84	0.7619047619047619	False
Unknown0 1012	21	84	0.25	True
Unknown0 1013	3	84	0.03571428571428571	True
Unknown0 1014	3	84	0.03571428571428571	True
Unknown0 1015	3	84	0.03571428571428571	True
Unknown0 1016	3	84	0.03571428571428571	True
Unknown0 1017	59	84	0.7023809523809523	False
Unknown0 1018	3	84	0.03571428571428571	True
Unknown0 1019	19	84	0.2261904761904762	True
Unknown0 1020	6	84	0.07142857142857142	True
Unknown0 1021	3	84	0.03571428571428571	True
Unknown0 1022	5	84	0.05952380952380952	True
Unknown0 1023	26	84	0.30952380952380953	False
Unknown0 1024	5	84	0.05952380952380952	True
Unknown0 1025	72	84	0.8571428571428571	False
Unknown0 1026	24	84	0.2857142857142857	True
Unknown0 1027	4	84	0.047619047619047616	True
Unknown0 1028	3	84	0.03571428571428571	True
Unknown0 1029	3	84	0.03571428571428571	True
Unknown0 1030	5	84	0.05952380952380952	True
Unknown0 1031	3	84	0.03571428571428571	True
Unknown0 1032	4	84	0.047619047619047616	True
Unknown0 1033	15	84	0.17857142857142858	True
Unknown0 1034	14	84	0.16666666666666666	True
Unknown0 1035	55	84	0.6547619047619048	False
Unknown0 1036	15	84	0.17857142857142858	True
Unknown0 1037	14	84	0.16666666666666666	True
Unknown0 1038	45	84	0.5357142857142857	False
Unknown0 1039	5	84	0.05952380952380952	True
Unknown0 1040	8	84	0.09523809523809523	True
Unknown0 1041	4	84	0.047619047619047616	True
Unknown0 1042	20	84	0.23809523809523808	True
Unknown0 1043	16	84	0.19047619047619047	True
Unknown0 1044	7	84	0.08333333333333333	True
Unknown0 1045	44	84	0.5238095238095238	False
Unknown0 1046	19	84	0.2261904761904762	True
Unknown0 1047	20	84	0.23809523809523808	True
Unknown0 1048	37	84	0.44047619047619047	False
Unknown0 1049	7	84	0.08333333333333333	True
Unknown0 1050	42	84	0.5	False
Unknown0 1051	5	84	0.05952380952380952	True
Unknown0 1052	4	84	0.047619047619047616	True
Unknown0 1053	42	84	0.5	False
Unknown0 1054	13	84	0.15476190476190477	True
Unknown0 1055	43	84	0.5119047619047619	False
Unknown0 1056	28	84	0.3333333333333333	False
Unknown0 1057	9	84	0.10714285714285714	True
Unknown0 1058	24	84	0.2857142857142857	True
Unknown0 1059	9	84	0.10714285714285714	True
Unknown0 1060	11	84	0.13095238095238096	True
Unknown0 1061	3	84	0.03571428571428571	True
Unknown0 1062	4	84	0.047619047619047616	True
Unknown0 1063	3	84	0.03571428571428571	True
Unknown0 1064	23	84	0.27380952380952384	True
Unknown0 1065	53	84	0.6309523809523809	False
Unknown0 1066	3	84	0.03571428571428571	True
Unknown0 1067	4	84	0.047619047619047616	True
Unknown0 1068	33	84	0.39285714285714285	False
Unknown0 1069	19	84	0.2261904761904762	True
Unknown0 1070	28	84	0.3333333333333333	False
Unknown0 1071	41	84	0.4880952380952381	False
Unknown0 1072	3	84	0.03571428571428571	True
Unknown0 1073	3	84	0.03571428571428571	True
Unknown0 1074	3	84	0.03571428571428571	True
Unknown0 1075	19	84	0.2261904761904762	True
Unknown0 1076	3	84	0.03571428571428571	True
Unknown0 1077	4	84	0.047619047619047616	True
Unknown0 1078	28	84	0.3333333333333333	False
Unknown0 1079	36	84	0.42857142857142855	False
Unknown0 1080	7	84	0.08333333333333333	True
Unknown0 1081	41	84	0.4880952380952381	False
Unknown0 1082	3	84	0.03571428571428571	True
Unknown0 1083	14	84	0.16666666666666666	True
Unknown0 1084	17	84	0.20238095238095238	True
Unknown0 1085	43	84	0.5119047619047619	False
Unknown0 1086	42	84	0.5	False
Unknown0 1087	11	84	0.13095238095238096	True
Unknown0 1088	70	84	0.8333333333333334	False
Unknown0 1089	18	84	0.21428571428571427	True
Unknown0 1090	26	84	0.30952380952380953	False
Unknown0 1091	13	84	0.15476190476190477	True
Unknown0 1092	15	84	0.17857142857142858	True
Unknown0 1093	5	84	0.05952380952380952	True
Unknown0 1094	3	84	0.03571428571428571	True
Unknown0 1095	27	84	0.32142857142857145	False
Unknown0 1096	3	84	0.03571428571428571	True
Unknown0 1097	9	84	0.10714285714285714	True
Unknown0 1098	21	84	0.25	True
Unknown0 1099	3	84	0.03571428571428571	True
Unknown0 1100	13	84	0.15476190476190477	True
Unknown0 1101	26	84	0.30952380952380953	False
Unknown0 1102	35	84	0.4166666666666667	False
Unknown0 1103	32	84	0.38095238095238093	False
Unknown0 1104	8	84	0.09523809523809523	True
Unknown0 1105	41	84	0.4880952380952381	False
Unknown0 1106	51	84	0.6071428571428571	False
Unknown0 1107	3	84	0.03571428571428571	True
Unknown0 1108	3	84	0.03571428571428571	True
Unknown0 1109	55	84	0.6547619047619048	False
Unknown0 1110	5	84	0.05952380952380952	True
Unknown0 1111	8	84	0.09523809523809523	True
Unknown0 1112	5	84	0.05952380952380952	True
Unknown0 1113	82	84	0.9761904761904762	False
Unknown0 1114	33	84	0.39285714285714285	False
Unknown0 1115	26	84	0.30952380952380953	False
Unknown0 1116	36	84	0.42857142857142855	False
Unknown0 1117	4	84	0.047619047619047616	True
Unknown0 1118	5	84	0.05952380952380952	True
Unknown0 1119	7	84	0.08333333333333333	True
Unknown0 1120	33	84	0.39285714285714285	False
Unknown0 1121	62	84	0.7380952380952381	False
Unknown0 1122	6	84	0.07142857142857142	True
Unknown0 1123	12	84	0.14285714285714285	True
Unknown0 1124	3	84	0.03571428571428571	True
Unknown0 1125	3	84	0.03571428571428571	True
Unknown0 1126	26	84	0.30952380952380953	False
Unknown0 1127	14	84	0.16666666666666666	True
Unknown0 1128	3	84	0.03571428571428571	True
Unknown0 1129	3	84	0.03571428571428571	True
Unknown0 1130	39	84	0.4642857142857143	False
Unknown0 1131	9	84	0.10714285714285714	True
Unknown0 1132	7	84	0.08333333333333333	True
Unknown0 1133	3	84	0.03571428571428571	True
Unknown0 1134	5	84	0.05952380952380952	True
Unknown0 1135	3	84	0.03571428571428571	True
Unknown0 1136	3	84	0.03571428571428571	True
Unknown0 1137	9	84	0.10714285714285714	True
Unknown0 1138	18	84	0.21428571428571427	True
Unknown0 1139	25	84	0.2976190476190476	True
Unknown0 1140	3	84	0.03571428571428571	True
Unknown0 1141	22	84	0.2619047619047619	True
Unknown0 1142	20	84	0.23809523809523808	True
Unknown0 1143	3	84	0.03571428571428571	True
Unknown0 1144	12	84	0.14285714285714285	True
Unknown0 1145	20	84	0.23809523809523808	True
Unknown0 1146	3	84	0.03571428571428571	True
Unknown0 1147	3	84	0.03571428571428571	True
Unknown0 1148	3	84	0.03571428571428571	True
Unknown0 1149	13	84	0.15476190476190477	True
Unknown0 1150	7	84	0.08333333333333333	True
Unknown0 1151	8	84	0.09523809523809523	True
Unknown0 1152	3	84	0.03571428571428571	True
Unknown0 1153	3	84	0.03571428571428571	True
Unknown0 1154	38	84	0.4523809523809524	False
Unknown0 1155	31	84	0.36904761904761907	False
Unknown0 1156	70	84	0.8333333333333334	False
Unknown0 1157	40	84	0.47619047619047616	False
Unknown0 1158	9	84	0.10714285714285714	True
Unknown0 1159	3	84	0.03571428571428571	True
Unknown0 1160	3	84	0.03571428571428571	True
Unknown0 1161	18	84	0.21428571428571427	True
Unknown0 1162	3	84	0.03571428571428571	True
Unknown0 1163	5	84	0.05952380952380952	True
Unknown0 1164	13	84	0.15476190476190477	True
Unknown0 1165	35	84	0.4166666666666667	False
Unknown0 1166	3	84	0.03571428571428571	True
Unknown0 1167	44	84	0.5238095238095238	False
Unknown0 1168	3	84	0.03571428571428571	True
Unknown0 1169	13	84	0.15476190476190477	True
Unknown0 1170	3	84	0.03571428571428571	True
Unknown0 1171	3	84	0.03571428571428571	True
Unknown0 1172	3	84	0.03571428571428571	True
Unknown0 1173	3	84	0.03571428571428571	True
Unknown0 1174	10	84	0.11904761904761904	True
Unknown0 1175	21	84	0.25	True
Unknown0 1176	33	84	0.39285714285714285	False
Unknown0 1177	4	84	0.047619047619047616	True
Unknown0 1178	10	84	0.11904761904761904	True
Unknown0 1179	10	84	0.11904761904761904	True
Unknown0 1180	6	84	0.07142857142857142	True
Unknown0 1181	35	84	0.4166666666666667	False
Unknown0 1182	11	84	0.13095238095238096	True
Unknown0 1183	3	84	0.03571428571428571	True
Unknown0 1184	84	84	1.0	False
Unknown0 1185	43	84	0.5119047619047619	False
Unknown0 1186	13	84	0.15476190476190477	True
Unknown0 1187	14	84	0.16666666666666666	True
Unknown0 1188	65	84	0.7738095238095238	False
Unknown0 1189	24	84	0.2857142857142857	True
Unknown0 1190	14	84	0.16666666666666666	True
Unknown0 1191	20	84	0.23809523809523808	True
Unknown0 1192	3	84	0.03571428571428571	True
Unknown0 1193	26	84	0.30952380952380953	False
Unknown0 1194	26	84	0.30952380952380953	False
Unknown0 1195	24	84	0.2857142857142857	True
Unknown0 1196	7	84	0.08333333333333333	True
Unknown0 1197	3	84	0.03571428571428571	True
Unknown0 1198	3	84	0.03571428571428571	True
Unknown0 1199	3	84	0.03571428571428571	True
Unknown0 1200	3	84	0.03571428571428571	True
Unknown0 1201	20	84	0.23809523809523808	True
Unknown0 1202	37	84	0.44047619047619047	False
Unknown0 1203	37	84	0.44047619047619047	False
Unknown0 1204	4	84	0.047619047619047616	True
Unknown0 1205	16	84	0.19047619047619047	True
Unknown0 1206	9	84	0.10714285714285714	True
Unknown0 1207	13	84	0.15476190476190477	True
Unknown0 1208	36	84	0.42857142857142855	False
Unknown0 1209	3	84	0.03571428571428571	True
Unknown0 1210	3	84	0.03571428571428571	True
Unknown0 1211	52	84	0.6190476190476191	False
Unknown0 1212	16	84	0.19047619047619047	True
Unknown0 1213	12	84	0.14285714285714285	True
Unknown0 1214	57	84	0.6785714285714286	False
Unknown0 1215	35	84	0.4166666666666667	False
Unknown0 1216	10	84	0.11904761904761904	True
Unknown0 1217	4	84	0.047619047619047616	True
Unknown0 1218	3	84	0.03571428571428571	True
Unknown0 1219	8	84	0.09523809523809523	True
Unknown0 1220	4	84	0.047619047619047616	True
Unknown0 1221	4	84	0.047619047619047616	True
Unknown0 1222	3	84	0.03571428571428571	True
Unknown0 1223	72	84	0.8571428571428571	False
Unknown0 1224	26	84	0.30952380952380953	False
Unknown0 1225	28	84	0.3333333333333333	False
Unknown0 1226	3	84	0.03571428571428571	True
Unknown0 1227	3	84	0.03571428571428571	True
Unknown0 1228	71	84	0.8452380952380952	False
Unknown0 1229	13	84	0.15476190476190477	True
Unknown0 1230	17	84	0.20238095238095238	True
Unknown0 1231	3	84	0.03571428571428571	True
Unknown0 1232	48	84	0.5714285714285714	False
Unknown0 1233	3	84	0.03571428571428571	True
Unknown0 1234	6	84	0.07142857142857142	True
Unknown0 1235	14	84	0.16666666666666666	True
Unknown0 1236	29	84	0.34523809523809523	False
Unknown0 1237	25	84	0.2976190476190476	True
Unknown0 1238	30	84	0.35714285714285715	False
Unknown0 1239	14	84	0.16666666666666666	True
Unknown0 1240	5	84	0.05952380952380952	True
Unknown0 1241	3	84	0.03571428571428571	True
Unknown0 1242	3	84	0.03571428571428571	True
Unknown0 1243	24	84	0.2857142857142857	True
Unknown0 1244	3	84	0.03571428571428571	True
Unknown0 1245	4	84	0.047619047619047616	True
Unknown0 1246	3	84	0.03571428571428571	True
Unknown0 1247	3	84	0.03571428571428571	True
Unknown0 1248	46	84	0.5476190476190477	False
Unknown0 1249	11	84	0.13095238095238096	True
Unknown0 1250	29	84	0.34523809523809523	False
Unknown0 1251	34	84	0.40476190476190477	False
Unknown0 1252	61	84	0.7261904761904762	False
Unknown0 1253	4	84	0.047619047619047616	True
Unknown0 1254	33	84	0.39285714285714285	False
Unknown0 1255	38	84	0.4523809523809524	False
Unknown0 1256	3	84	0.03571428571428571	True
Unknown0 1257	3	84	0.03571428571428571	True
Unknown0 1258	3	84	0.03571428571428571	True
Unknown0 1259	48	84	0.5714285714285714	False
Unknown0 1260	45	84	0.5357142857142857	False
Unknown0 1261	3	84	0.03571428571428571	True
Unknown0 1262	5	84	0.05952380952380952	True
Unknown0 1263	3	84	0.03571428571428571	True
Unknown0 1264	82	84	0.9761904761904762	False
Unknown0 1265	3	84	0.03571428571428571	True
Unknown0 1266	57	84	0.6785714285714286	False
Unknown0 1267	4	84	0.047619047619047616	True
Unknown0 1268	26	84	0.30952380952380953	False
Unknown0 1269	19	84	0.2261904761904762	True
Unknown0 1270	4	84	0.047619047619047616	True
Unknown0 1271	37	84	0.44047619047619047	False
Unknown0 1272	18	84	0.21428571428571427	True
Unknown0 1273	5	84	0.05952380952380952	True
Unknown0 1274	5	84	0.05952380952380952	True
Unknown0 1275	3	84	0.03571428571428571	True
Unknown0 1276	4	84	0.047619047619047616	True
Unknown0 1277	29	84	0.34523809523809523	False
Unknown0 1278	11	84	0.13095238095238096	True
Unknown0 1279	3	84	0.03571428571428571	True
Unknown0 1280	8	84	0.09523809523809523	True
Unknown0 1281	4	84	0.047619047619047616	True
Unknown0 1282	5	84	0.05952380952380952	True
Unknown0 1283	10	84	0.11904761904761904	True
Unknown0 1284	5	84	0.05952380952380952	True
Unknown0 1285	55	84	0.6547619047619048	False
Unknown0 1286	3	84	0.03571428571428571	True
Unknown0 1287	73	84	0.8690476190476191	False
Unknown0 1288	29	84	0.34523809523809523	False
Unknown0 1289	26	84	0.30952380952380953	False
Unknown0 1290	3	84	0.03571428571428571	True
Unknown0 1291	24	84	0.2857142857142857	True
Unknown0 1292	4	84	0.047619047619047616	True
Unknown0 1293	14	84	0.16666666666666666	True
Unknown0 1294	49	84	0.5833333333333334	False
Unknown0 1295	3	84	0.03571428571428571	True
Unknown0 1296	3	84	0.03571428571428571	True
Unknown0 1297	11	84	0.13095238095238096	True
Unknown0 1298	4	84	0.047619047619047616	True
Unknown0 1299	4	84	0.047619047619047616	True
Unknown0 1300	51	84	0.6071428571428571	False
Unknown0 1301	17	84	0.20238095238095238	True
Unknown0 1302	44	84	0.5238095238095238	False
Unknown0 1303	28	84	0.3333333333333333	False
Unknown0 1304	53	84	0.6309523809523809	False
Unknown0 1305	81	84	0.9642857142857143	False
Unknown0 1306	3	84	0.03571428571428571	True
Unknown0 1307	84	84	1.0	False
Unknown0 1308	3	84	0.03571428571428571	True
Unknown0 1309	14	84	0.16666666666666666	True
Unknown0 1310	16	84	0.19047619047619047	True
Unknown0 1311	11	84	0.13095238095238096	True
Unknown0 1312	3	84	0.03571428571428571	True
Unknown0 1313	3	84	0.03571428571428571	True
Unknown0 1314	57	84	0.6785714285714286	False
Unknown0 1315	81	84	0.9642857142857143	False
Unknown0 1316	10	84	0.11904761904761904	True
Unknown0 1317	5	84	0.05952380952380952	True
Unknown0 1318	11	84	0.13095238095238096	True
Unknown0 1319	10	84	0.11904761904761904	True
Unknown0 1320	10	84	0.11904761904761904	True
Unknown0 1321	3	84	0.03571428571428571	True
Unknown0 1322	42	84	0.5	False
Unknown0 1323	42	84	0.5	False
Unknown0 1324	4	84	0.047619047619047616	True
Unknown0 1325	4	84	0.047619047619047616	True
Unknown0 1326	4	84	0.047619047619047616	True
Unknown0 1327	19	84	0.2261904761904762	True
Unknown0 1328	13	84	0.15476190476190477	True
Unknown0 1329	9	84	0.10714285714285714	True
Unknown0 1330	5	84	0.05952380952380952	True
Unknown0 1331	53	84	0.6309523809523809	False
Unknown0 1332	5	84	0.05952380952380952	True
Unknown0 1333	3	84	0.03571428571428571	True
Unknown0 1334	17	84	0.20238095238095238	True
Unknown0 1335	5	84	0.05952380952380952	True
Unknown0 1336	68	84	0.8095238095238095	False
Unknown0 1337	14	84	0.16666666666666666	True
Unknown0 1338	50	84	0.5952380952380952	False
Unknown0 1339	51	84	0.6071428571428571	False
Unknown0 1340	29	84	0.34523809523809523	False
Unknown0 1341	28	84	0.3333333333333333	False
Unknown0 1342	42	84	0.5	False
Unknown0 1343	3	84	0.03571428571428571	True
Unknown0 1344	3	84	0.03571428571428571	True
Unknown0 1345	29	84	0.34523809523809523	False
Unknown0 1346	47	84	0.5595238095238095	False
Unknown0 1347	3	84	0.03571428571428571	True
Unknown0 1348	16	84	0.19047619047619047	True
Unknown0 1349	31	84	0.36904761904761907	False
Unknown0 1350	37	84	0.44047619047619047	False
Unknown0 1351	41	84	0.4880952380952381	False
Unknown0 1352	4	84	0.047619047619047616	True
Unknown0 1353	17	84	0.20238095238095238	True
Unknown0 1354	3	84	0.03571428571428571	True
Unknown0 1355	3	84	0.03571428571428571	True
Unknown0 1356	3	84	0.03571428571428571	True
Unknown0 1357	14	84	0.16666666666666666	True
Unknown0 1358	67	84	0.7976190476190477	False
Unknown0 1359	6	84	0.07142857142857142	True
Unknown0 1360	15	84	0.17857142857142858	True
Unknown0 1361	12	84	0.14285714285714285	True
Unknown0 1362	14	84	0.16666666666666666	True
Unknown0 1363	44	84	0.5238095238095238	False
Unknown0 1364	33	84	0.39285714285714285	False
Unknown0 1365	13	84	0.15476190476190477	True
Unknown0 1366	19	84	0.2261904761904762	True
Unknown0 1367	3	84	0.03571428571428571	True
Unknown0 1368	3	84	0.03571428571428571	True
Unknown0 1369	14	84	0.16666666666666666	True
Unknown0 1370	9	84	0.10714285714285714	True
Unknown0 1371	26	84	0.30952380952380953	False
Unknown0 1372	20	84	0.23809523809523808	True
Unknown0 1373	4	84	0.047619047619047616	True
Unknown0 1374	3	84	0.03571428571428571	True
Unknown0 1375	3	84	0.03571428571428571	True
Unknown0 1376	3	84	0.03571428571428571	True
Unknown0 1377	3	84	0.03571428571428571	True
Unknown0 1378	3	84	0.03571428571428571	True
Unknown0 1379	3	84	0.03571428571428571	True
Unknown0 1380	3	84	0.03571428571428571	True
Unknown0 1381	10	84	0.11904761904761904	True
Unknown0 1382	3	84	0.03571428571428571	True
Unknown0 1383	6	84	0.07142857142857142	True
Unknown0 1384	20	84	0.23809523809523808	True
Unknown0 1385	53	84	0.6309523809523809	False
Unknown0 1386	40	84	0.47619047619047616	False
Unknown0 1387	35	84	0.4166666666666667	False
Unknown0 1388	10	84	0.11904761904761904	True
Unknown0 1389	3	84	0.03571428571428571	True
Unknown0 1390	34	84	0.40476190476190477	False
Unknown0 1391	7	84	0.08333333333333333	True
Unknown0 1392	48	84	0.5714285714285714	False
Unknown0 1393	15	84	0.17857142857142858	True
Unknown0 1394	61	84	0.7261904761904762	False
Unknown0 1395	27	84	0.32142857142857145	False
Unknown0 1396	8	84	0.09523809523809523	True
Unknown0 1397	21	84	0.25	True
Unknown0 1398	6	84	0.07142857142857142	True
Unknown0 1399	29	84	0.34523809523809523	False
Unknown0 1400	34	84	0.40476190476190477	False
Unknown0 1401	60	84	0.7142857142857143	False
Unknown0 1402	64	84	0.7619047619047619	False
Unknown0 1403	3	84	0.03571428571428571	True
Unknown0 1404	31	84	0.36904761904761907	False
Unknown0 1405	37	84	0.44047619047619047	False
Unknown0 1406	5	84	0.05952380952380952	True
Unknown0 1407	12	84	0.14285714285714285	True
Unknown0 1408	4	84	0.047619047619047616	True
Unknown0 1409	3	84	0.03571428571428571	True
Unknown0 1410	3	84	0.03571428571428571	True
Unknown0 1411	84	84	1.0	False
Unknown0 1412	46	84	0.5476190476190477	False
Unknown0 1413	40	84	0.47619047619047616	False
Unknown0 1414	10	84	0.11904761904761904	True
Unknown0 1415	21	84	0.25	True
Unknown0 1416	24	84	0.2857142857142857	True
Unknown0 1417	3	84	0.03571428571428571	True
Unknown0 1418	4	84	0.047619047619047616	True
Unknown0 1419	6	84	0.07142857142857142	True
Unknown0 1420	22	84	0.2619047619047619	True
Unknown0 1421	3	84	0.03571428571428571	True
Unknown0 1422	3	84	0.03571428571428571	True
Unknown0 1423	44	84	0.5238095238095238	False
Unknown0 1424	59	84	0.7023809523809523	False
Unknown0 1425	54	84	0.6428571428571429	False
Unknown0 1426	48	84	0.5714285714285714	False
Unknown0 1427	11	84	0.13095238095238096	True
Unknown0 1428	3	84	0.03571428571428571	True
Unknown0 1429	52	84	0.6190476190476191	False
Unknown0 1430	37	84	0.44047619047619047	False
Unknown0 1431	5	84	0.05952380952380952	True
Unknown0 1432	6	84	0.07142857142857142	True
Unknown0 1433	74	84	0.8809523809523809	False
Unknown0 1434	50	84	0.5952380952380952	False
Unknown0 1435	4	84	0.047619047619047616	True
Unknown0 1436	60	84	0.7142857142857143	False
Unknown0 1437	3	84	0.03571428571428571	True
Unknown0 1438	41	84	0.4880952380952381	False
Unknown0 1439	39	84	0.4642857142857143	False
Unknown0 1440	23	84	0.27380952380952384	True
Unknown0 1441	83	84	0.9880952380952381	False
Unknown0 1442	80	84	0.9523809523809523	False
Unknown0 1443	20	84	0.23809523809523808	True
Unknown0 1444	77	84	0.9166666666666666	False
Unknown0 1445	3	84	0.03571428571428571	True
Unknown0 1446	3	84	0.03571428571428571	True
Unknown0 1447	3	84	0.03571428571428571	True
Unknown0 1448	29	84	0.34523809523809523	False
Unknown0 1449	52	84	0.6190476190476191	False
Unknown0 1450	5	84	0.05952380952380952	True
Unknown0 1451	3	84	0.03571428571428571	True
Unknown0 1452	3	84	0.03571428571428571	True
Unknown0 1453	41	84	0.4880952380952381	False
Unknown0 1454	34	84	0.40476190476190477	False
Unknown0 1455	3	84	0.03571428571428571	True
Unknown0 1456	17	84	0.20238095238095238	True
Unknown0 1457	16	84	0.19047619047619047	True
Unknown0 1458	34	84	0.40476190476190477	False
Unknown0 1459	6	84	0.07142857142857142	True
Unknown0 1460	3	84	0.03571428571428571	True
Unknown0 1461	3	84	0.03571428571428571	True
Unknown0 1462	11	84	0.13095238095238096	True
Unknown0 1463	3	84	0.03571428571428571	True
Unknown0 1464	3	84	0.03571428571428571	True
Unknown0 1465	3	84	0.03571428571428571	True
Unknown0 1466	34	84	0.40476190476190477	False
Unknown0 1467	40	84	0.47619047619047616	False
Unknown0 1468	3	84	0.03571428571428571	True
Unknown0 1469	3	84	0.03571428571428571	True
Unknown0 1470	47	84	0.5595238095238095	False
Unknown0 1471	3	84	0.03571428571428571	True
Unknown0 1472	10	84	0.11904761904761904	True
Unknown0 1473	54	84	0.6428571428571429	False
Unknown0 1474	3	84	0.03571428571428571	True
Unknown0 1475	3	84	0.03571428571428571	True
Unknown0 1476	3	84	0.03571428571428571	True
Unknown0 1477	68	84	0.8095238095238095	False
Unknown0 1478	37	84	0.44047619047619047	False
Unknown0 1479	14	84	0.16666666666666666	True
Unknown0 1480	29	84	0.34523809523809523	False
Unknown0 1481	69	84	0.8214285714285714	False
Unknown0 1482	36	84	0.42857142857142855	False
Unknown0 1483	51	84	0.6071428571428571	False
Unknown0 1484	28	84	0.3333333333333333	False
Unknown0 1485	3	84	0.03571428571428571	True
Unknown0 1486	18	84	0.21428571428571427	True
Unknown0 1487	22	84	0.2619047619047619	True
Unknown0 1488	3	84	0.03571428571428571	True
Unknown0 1489	3	84	0.03571428571428571	True
Unknown0 1490	26	84	0.30952380952380953	False
Unknown0 1491	37	84	0.44047619047619047	False
Unknown0 1492	3	84	0.03571428571428571	True
Unknown0 1493	57	84	0.6785714285714286	False
Unknown0 1494	21	84	0.25	True
Unknown0 1495	80	84	0.9523809523809523	False
Unknown0 1496	60	84	0.7142857142857143	False
Unknown0 1497	3	84	0.03571428571428571	True
Unknown0 1498	3	84	0.03571428571428571	True
Unknown0 1499	55	84	0.6547619047619048	False
Unknown0 1500	3	84	0.03571428571428571	True
Unknown0 1501	6	84	0.07142857142857142	True
Unknown0 1502	3	84	0.03571428571428571	True
Unknown0 1503	16	84	0.19047619047619047	True
Unknown0 1504	84	84	1.0	False
Unknown0 1505	53	84	0.6309523809523809	False
Unknown0 1506	12	84	0.14285714285714285	True
Unknown0 1507	16	84	0.19047619047619047	True
Unknown0 1508	3	84	0.03571428571428571	True
Unknown0 1509	3	84	0.03571428571428571	True
Unknown0 1510	37	84	0.44047619047619047	False
Unknown0 1511	44	84	0.5238095238095238	False
Unknown0 1512	3	84	0.03571428571428571	True
Unknown0 1513	20	84	0.23809523809523808	True
Unknown0 1514	48	84	0.5714285714285714	False
Unknown0 1515	5	84	0.05952380952380952	True
Unknown0 1516	43	84	0.5119047619047619	False
Unknown0 1517	3	84	0.03571428571428571	True
Unknown0 1518	27	84	0.32142857142857145	False
Unknown0 1519	37	84	0.44047619047619047	False
Unknown0 1520	23	84	0.27380952380952384	True
Unknown0 1521	3	84	0.03571428571428571	True
Unknown0 1522	7	84	0.08333333333333333	True
Unknown0 1523	3	84	0.03571428571428571	True
Unknown0 1524	4	84	0.047619047619047616	True
Unknown0 1525	19	84	0.2261904761904762	True
Unknown0 1526	7	84	0.08333333333333333	True
Unknown0 1527	61	84	0.7261904761904762	False
Unknown0 1528	5	84	0.05952380952380952	True
Unknown0 1529	11	84	0.13095238095238096	True
Unknown0 1530	5	84	0.05952380952380952	True
Unknown0 1531	3	84	0.03571428571428571	True
Unknown0 1532	8	84	0.09523809523809523	True
Unknown0 1533	3	84	0.03571428571428571	True
Unknown0 1534	15	84	0.17857142857142858	True
Unknown0 1535	3	84	0.03571428571428571	True
Unknown0 1536	4	84	0.047619047619047616	True
Unknown0 1537	36	84	0.42857142857142855	False
Unknown0 1538	60	84	0.7142857142857143	False
Unknown0 1539	3	84	0.03571428571428571	True
Unknown0 1540	3	84	0.03571428571428571	True
Unknown0 1541	24	84	0.2857142857142857	True
Unknown0 1542	41	84	0.4880952380952381	False
Unknown0 1543	23	84	0.27380952380952384	True
Unknown0 1544	3	84	0.03571428571428571	True
Unknown0 1545	3	84	0.03571428571428571	True
Unknown0 1546	3	84	0.03571428571428571	True
Unknown0 1547	30	84	0.35714285714285715	False
Unknown0 1548	16	84	0.19047619047619047	True
Unknown0 1549	31	84	0.36904761904761907	False
Unknown0 1550	3	84	0.03571428571428571	True
Unknown0 1551	3	84	0.03571428571428571	True
Unknown0 1552	41	84	0.4880952380952381	False
Unknown0 1553	7	84	0.08333333333333333	True
Unknown0 1554	22	84	0.2619047619047619	True
Unknown0 1555	6	84	0.07142857142857142	True
Unknown0 1556	5	84	0.05952380952380952	True
Unknown0 1557	3	84	0.03571428571428571	True
Unknown0 1558	18	84	0.21428571428571427	True
Unknown0 1559	3	84	0.03571428571428571	True
Unknown0 1560	4	84	0.047619047619047616	True
Unknown0 1561	20	84	0.23809523809523808	True
Unknown0 1562	10	84	0.11904761904761904	True
Unknown0 1563	36	84	0.42857142857142855	False
Unknown0 1564	4	84	0.047619047619047616	True
Unknown0 1565	12	84	0.14285714285714285	True
Unknown0 1566	15	84	0.17857142857142858	True
Unknown0 1567	17	84	0.20238095238095238	True
Unknown0 1568	3	84	0.03571428571428571	True
Unknown0 1569	16	84	0.19047619047619047	True
Unknown0 1570	4	84	0.047619047619047616	True
Unknown0 1571	3	84	0.03571428571428571	True
Unknown0 1572	32	84	0.38095238095238093	False
Unknown0 1573	3	84	0.03571428571428571	True
Unknown0 1574	33	84	0.39285714285714285	False
Unknown0 1575	14	84	0.16666666666666666	True
Unknown0 1576	34	84	0.40476190476190477	False
Unknown0 1577	3	84	0.03571428571428571	True
Unknown0 1578	3	84	0.03571428571428571	True
Unknown0 1579	3	84	0.03571428571428571	True
Unknown0 1580	9	84	0.10714285714285714	True
Unknown0 1581	54	84	0.6428571428571429	False
Unknown0 1582	6	84	0.07142857142857142	True
Unknown0 1583	26	84	0.30952380952380953	False
Unknown0 1584	17	84	0.20238095238095238	True
Unknown0 1585	71	84	0.8452380952380952	False
Unknown0 1586	3	84	0.03571428571428571	True
Unknown0 1587	3	84	0.03571428571428571	True
Unknown0 1588	3	84	0.03571428571428571	True
Unknown0 1589	6	84	0.07142857142857142	True
Unknown0 1590	3	84	0.03571428571428571	True
Unknown0 1591	3	84	0.03571428571428571	True
Unknown0 1592	6	84	0.07142857142857142	True
Unknown0 1593	8	84	0.09523809523809523	True
Unknown0 1594	5	84	0.05952380952380952	True
Unknown0 1595	3	84	0.03571428571428571	True
Unknown0 1596	3	84	0.03571428571428571	True
Unknown0 1597	3	84	0.03571428571428571	True
Unknown0 1598	62	84	0.7380952380952381	False
Unknown0 1599	24	84	0.2857142857142857	True
Unknown0 1600	3	84	0.03571428571428571	True
Unknown0 1601	81	84	0.9642857142857143	False
Unknown0 1602	6	84	0.07142857142857142	True
Unknown0 1603	30	84	0.35714285714285715	False
Unknown0 1604	71	84	0.8452380952380952	False
Unknown0 1605	17	84	0.20238095238095238	True
Unknown0 1606	40	84	0.47619047619047616	False
Unknown0 1607	3	84	0.03571428571428571	True
Unknown0 1608	5	84	0.05952380952380952	True
Unknown0 1609	3	84	0.03571428571428571	True
Unknown0 1610	3	84	0.03571428571428571	True
Unknown0 1611	3	84	0.03571428571428571	True
Unknown0 1612	3	84	0.03571428571428571	True
Unknown0 1613	45	84	0.5357142857142857	False
Unknown0 1614	3	84	0.03571428571428571	True
Unknown0 1615	65	84	0.7738095238095238	False
Unknown0 1616	38	84	0.4523809523809524	False
Unknown0 1617	31	84	0.36904761904761907	False
Unknown0 1618	7	84	0.08333333333333333	True
Unknown0 1619	12	84	0.14285714285714285	True
Unknown0 1620	3	84	0.03571428571428571	True
Unknown0 1621	4	84	0.047619047619047616	True
Unknown0 1622	3	84	0.03571428571428571	True
Unknown0 1623	3	84	0.03571428571428571	True
Unknown0 1624	3	84	0.03571428571428571	True
Unknown0 1625	3	84	0.03571428571428571	True
Unknown0 1626	3	84	0.03571428571428571	True
Unknown0 1627	3	84	0.03571428571428571	True
Unknown0 1628	3	84	0.03571428571428571	True
Unknown0 1629	5	84	0.05952380952380952	True
Unknown0 1630	17	84	0.20238095238095238	True
Unknown0 1631	9	84	0.10714285714285714	True
Unknown0 1632	55	84	0.6547619047619048	False
Unknown0 1633	3	84	0.03571428571428571	True
Unknown0 1634	3	84	0.03571428571428571	True
Unknown0 1635	20	84	0.23809523809523808	True
Unknown0 1636	11	84	0.13095238095238096	True
Unknown0 1637	7	84	0.08333333333333333	True
Unknown0 1638	3	84	0.03571428571428571	True
Unknown0 1639	6	84	0.07142857142857142	True
Unknown0 1640	6	84	0.07142857142857142	True
Unknown0 1641	13	84	0.15476190476190477	True
Unknown0 1642	3	84	0.03571428571428571	True
Unknown0 1643	9	84	0.10714285714285714	True
Unknown0 1644	3	84	0.03571428571428571	True
Unknown0 1645	3	84	0.03571428571428571	True
Unknown0 1646	3	84	0.03571428571428571	True
Unknown0 1647	4	84	0.047619047619047616	True
Unknown0 1648	5	84	0.05952380952380952	True
Unknown0 1649	4	84	0.047619047619047616	True
Unknown0 1650	3	84	0.03571428571428571	True
Unknown0 1651	3	84	0.03571428571428571	True
Unknown0 1652	4	84	0.047619047619047616	True
Unknown0 1653	7	84	0.08333333333333333	True
2-methylcitric acid	1	84	0.011904761904761904	True
3-hydroxydodecanoylcarnitine	13	84	0.15476190476190477	True
3-ydroxyhexadecanoylcarnitine	10	84	0.11904761904761904	True
Adenosine Diphosphate (ADP)	1	84	0.011904761904761904	True
Adenosine Monophosphate (AMP)	1	84	0.011904761904761904	True
Adenosine Triphosphate (ATP)	1	84	0.011904761904761904	True
Ascorbic acid	3	84	0.03571428571428571	True
Biliverdin	47	84	0.5595238095238095	False
Cartinine	1	84	0.011904761904761904	True
Chenodeoxycholic acid glycine conjugate	69	84	0.8214285714285714	False
Citric acid	2	84	0.023809523809523808	True
Glyceraldehyde 3-Phosphate	1	84	0.011904761904761904	True
Guanosine Monophosphate	1	84	0.011904761904761904	True
Kynurenine	2	84	0.023809523809523808	True
Leucylalanine	1	84	0.011904761904761904	True
Linoleyl carnitine	43	84	0.5119047619047619	False
Lysine	1	84	0.011904761904761904	True
Methionine	1	84	0.011904761904761904	True
N(6)-Methyllysine	1	84	0.011904761904761904	True
N1-Acetylspermine	1	84	0.011904761904761904	True
N-Acetyl-L-methionine	2	84	0.023809523809523808	True
Oleoylcarnitine	19	84	0.2261904761904762	True
Oxidized glutathione	1	84	0.011904761904761904	True
Palmitoylcarnitine	1	84	0.011904761904761904	True
Phenylalanylalanine	17	84	0.20238095238095238	True
Phenylethylamine	1	84	0.011904761904761904	True
Propionyl-L-carnitine	1	84	0.011904761904761904	True
Spermidine	1	84	0.011904761904761904	True
Spermine	1	84	0.011904761904761904	True
Tetradecanoylcarnitine	5	84	0.05952380952380952	True
Trans-Aconitate	7	84	0.08333333333333333	True
Uridine Diphosphate-N-Acetylglucosamine	1	84	0.011904761904761904	True
Valeryl-L-carnitine	1	84	0.011904761904761904	True
(12Z)-9,10,11-trihydroxyoctadec-12-enoic acid	1	84	0.011904761904761904	True
2,4,6-Tris(allyloxy)-1,3,5-triazine	1	84	0.011904761904761904	True
3-(3,4-dihydroxyphenyl)propanoic acid	1	84	0.011904761904761904	True
4-Hydroxy-1-(2-hydroxyethyl)-2,2,6,6-tetramethylpiperidine	1	84	0.011904761904761904	True
Ala-Phe	19	84	0.2261904761904762	True
Azithromycin	77	84	0.9166666666666666	False
Decenoylcarnitine	27	84	0.32142857142857145	False
D-Erythro-sphingosine 1-phosphate	1	84	0.011904761904761904	True
Didecyldimethylammonium	1	84	0.011904761904761904	True
Doxycycline	83	84	0.9880952380952381	False
Galaxolidone	1	84	0.011904761904761904	True
Hexadecadienoylcarnitine	56	84	0.6666666666666666	False
Hydroxydodecenoylcarnitine	19	84	0.2261904761904762	True
Hydroxyhexadecadienoylcarnitine	38	84	0.4523809523809524	False
Hydroxyisovalerylcarnitine	1	84	0.011904761904761904	True
Hydroxylinoleoylcarnitine	48	84	0.5714285714285714	False
Hydroxyoctadecenoylcarnitine	18	84	0.21428571428571427	True
Hydroxypalmitoleoylcarnitine	26	84	0.30952380952380953	False
Hydroxytetradecadienoylcarnitine	32	84	0.38095238095238093	False
Indoline	1	84	0.011904761904761904	True
Lauryl diethanolamide	1	84	0.011904761904761904	True
LPC 18:2-SN1	29	84	0.34523809523809523	False
LPC 20:4-SN1	53	84	0.6309523809523809	False
LPE O-18:1	24	84	0.2857142857142857	True
L-Tyrosine methyl ester	7	84	0.08333333333333333	True
Monobutyl phthalate	1	84	0.011904761904761904	True
N-Fructosyl isoleucine	3	84	0.03571428571428571	True
N-Lauryldiethanolamine	1	84	0.011904761904761904	True
N-Octyl-2-pyrrolidone	1	84	0.011904761904761904	True
Nonyltrimethylammonium	1	84	0.011904761904761904	True
N-palmitoyl threonine	60	84	0.7142857142857143	False
Octadecanamine	8	84	0.09523809523809523	True
Ofloxacin	74	84	0.8809523809523809	False
O-palmitoleoylcarnitine	28	84	0.3333333333333333	False
PEG n14	15	84	0.17857142857142858	True
Phthalic anhydride	1	84	0.011904761904761904	True
Phytosphingosine 1-phosphate	22	84	0.2619047619047619	True
Piperidine	1	84	0.011904761904761904	True
S-Adenosylmethionine	2	84	0.023809523809523808	True
Serylleucine	1	84	0.011904761904761904	True
Sphinganine-phosphate	4	84	0.047619047619047616	True
Thiamine	28	84	0.3333333333333333	False
trans-3-Indoleacrylic acid	1	84	0.011904761904761904	True
δ-Valerolactam	1	84	0.011904761904761904	True
2-Oxoadipic acid	1	84	0.011904761904761904	True
6-Phosphogluconic acid	1	84	0.011904761904761904	True
Acetoacetic acid	1	84	0.011904761904761904	True
Ala-Asp	1	84	0.011904761904761904	True
Alanyl-Proline	1	84	0.011904761904761904	True
Alanyltyrosine	7	84	0.08333333333333333	True
Amino-Sugars-C6	1	84	0.011904761904761904	True
Citraconic acid	1	84	0.011904761904761904	True
Citramalic acid	14	84	0.16666666666666666	True
Deoxyadenosine	1	84	0.011904761904761904	True
Ethanolamine phosphate	1	84	0.011904761904761904	True
Fructose 1,6-Bisphosphate	1	84	0.011904761904761904	True
Furan-2,5-dicarboxylic acid	4	84	0.047619047619047616	True
GABA	1	84	0.011904761904761904	True
Gamma-Glutamylcysteine	1	84	0.011904761904761904	True
Glycyltyrosine	10	84	0.11904761904761904	True
L-beta-aspartyl-L-leucine	1	84	0.011904761904761904	True
Leucyl-Serine	1	84	0.011904761904761904	True
Lumichrome	23	84	0.27380952380952384	True
N-Carboxyethyl-gamma-aminobutyric acid	1	84	0.011904761904761904	True
N-Formylmethionine	30	84	0.35714285714285715	False
Phenylacetaldehyde	1	84	0.011904761904761904	True
SEROTONIN CREATININE SULFATE COMPLEX	9	84	0.10714285714285714	True
Valyl-Aspartate	1	84	0.011904761904761904	True
15(R)-Prostaglandin D2	68	84	0.8095238095238095	False
15-Keto prostaglandin F2α	59	84	0.7023809523809523	False
C8 H9 N	1	84	0.011904761904761904	True
Diethyl iminodiacetate	1	84	0.011904761904761904	True
Possible Carnitine	55	84	0.6547619047619048	False
Unknown 0001	31	84	0.36904761904761907	False
Unknown 0002	1	84	0.011904761904761904	True
Unknown 0003	1	84	0.011904761904761904	True
Unknown 0004	1	84	0.011904761904761904	True
Unknown 0005	1	84	0.011904761904761904	True
Unknown 0006	19	84	0.2261904761904762	True
Unknown 0007	1	84	0.011904761904761904	True
Unknown 0008	1	84	0.011904761904761904	True
Unknown 0009	1	84	0.011904761904761904	True
Unknown 0010	5	84	0.05952380952380952	True
Unknown 0011	1	84	0.011904761904761904	True
Unknown 0012	1	84	0.011904761904761904	True
Unknown 0013	1	84	0.011904761904761904	True
Unknown 0014	1	84	0.011904761904761904	True
Unknown 0015	1	84	0.011904761904761904	True
Unknown 0016	1	84	0.011904761904761904	True
Unknown 0017	1	84	0.011904761904761904	True
Unknown 0018	1	84	0.011904761904761904	True
Unknown 0019	1	84	0.011904761904761904	True
Unknown 0020	1	84	0.011904761904761904	True
Unknown 0021	1	84	0.011904761904761904	True
Unknown 0022	1	84	0.011904761904761904	True
Unknown 0023	1	84	0.011904761904761904	True
Unknown 0024	10	84	0.11904761904761904	True
Unknown 0025	1	84	0.011904761904761904	True
Unknown 0026	1	84	0.011904761904761904	True
Unknown 0027	1	84	0.011904761904761904	True
Unknown 0028	1	84	0.011904761904761904	True
Unknown 0029	1	84	0.011904761904761904	True
Unknown 0030	1	84	0.011904761904761904	True
Unknown 0031	1	84	0.011904761904761904	True
Unknown 0032	1	84	0.011904761904761904	True
Unknown 0033	1	84	0.011904761904761904	True
Unknown 0034	1	84	0.011904761904761904	True
Unknown 0035	1	84	0.011904761904761904	True
Unknown 0036	1	84	0.011904761904761904	True
Unknown 0037	1	84	0.011904761904761904	True
Unknown 0038	1	84	0.011904761904761904	True
Unknown 0039	1	84	0.011904761904761904	True
Unknown 0040	1	84	0.011904761904761904	True
Unknown 0041	1	84	0.011904761904761904	True
Unknown 0042	1	84	0.011904761904761904	True
Unknown 0043	1	84	0.011904761904761904	True
Unknown 0044	1	84	0.011904761904761904	True
Unknown 0045	1	84	0.011904761904761904	True
Unknown 0046	1	84	0.011904761904761904	True
Unknown 0047	1	84	0.011904761904761904	True
Unknown 0048	1	84	0.011904761904761904	True
Unknown 0049	1	84	0.011904761904761904	True
Unknown 0050	7	84	0.08333333333333333	True
Unknown 0051	1	84	0.011904761904761904	True
Unknown 0052	1	84	0.011904761904761904	True
Unknown 0053	1	84	0.011904761904761904	True
Unknown 0054	1	84	0.011904761904761904	True
Unknown 0055	1	84	0.011904761904761904	True
Unknown 0056	1	84	0.011904761904761904	True
Unknown 0057	1	84	0.011904761904761904	True
Unknown 0058	1	84	0.011904761904761904	True
Unknown 0059	1	84	0.011904761904761904	True
Unknown 0060	1	84	0.011904761904761904	True
Unknown 0061	1	84	0.011904761904761904	True
Unknown 0062	1	84	0.011904761904761904	True
Unknown 0063	11	84	0.13095238095238096	True
Unknown 0064	4	84	0.047619047619047616	True
Unknown 0065	1	84	0.011904761904761904	True
Unknown 0066	5	84	0.05952380952380952	True
Unknown 0067	1	84	0.011904761904761904	True
Unknown 0068	1	84	0.011904761904761904	True
Unknown 0069	1	84	0.011904761904761904	True
Unknown 0070	1	84	0.011904761904761904	True
Unknown 0071	1	84	0.011904761904761904	True
Unknown 0072	1	84	0.011904761904761904	True
Unknown 0073	1	84	0.011904761904761904	True
Unknown 0074	1	84	0.011904761904761904	True
Unknown 0075	8	84	0.09523809523809523	True
Unknown 0076	1	84	0.011904761904761904	True
Unknown 0077	1	84	0.011904761904761904	True
Unknown 0078	1	84	0.011904761904761904	True
Unknown 0079	1	84	0.011904761904761904	True
Unknown 0080	1	84	0.011904761904761904	True
Unknown 0081	1	84	0.011904761904761904	True
Unknown 0082	1	84	0.011904761904761904	True
Unknown 0083	1	84	0.011904761904761904	True
Unknown 0084	1	84	0.011904761904761904	True
Unknown 0085	14	84	0.16666666666666666	True
Unknown 0086	1	84	0.011904761904761904	True
Unknown 0087	13	84	0.15476190476190477	True
Unknown 0088	1	84	0.011904761904761904	True
Unknown 0089	2	84	0.023809523809523808	True
Unknown 0090	1	84	0.011904761904761904	True
Unknown 0091	1	84	0.011904761904761904	True
Unknown 0092	1	84	0.011904761904761904	True
Unknown 0093	1	84	0.011904761904761904	True
Unknown 0094	1	84	0.011904761904761904	True
Unknown 0095	12	84	0.14285714285714285	True
Unknown 0096	6	84	0.07142857142857142	True
Unknown 0097	1	84	0.011904761904761904	True
Unknown 0098	1	84	0.011904761904761904	True
Unknown 0099	1	84	0.011904761904761904	True
Unknown 0100	1	84	0.011904761904761904	True
Unknown 0101	1	84	0.011904761904761904	True
Unknown 0102	1	84	0.011904761904761904	True
Unknown 0103	1	84	0.011904761904761904	True
Unknown 0104	1	84	0.011904761904761904	True
Unknown 0105	1	84	0.011904761904761904	True
Unknown 0106	1	84	0.011904761904761904	True
Unknown 0107	1	84	0.011904761904761904	True
Unknown 0108	1	84	0.011904761904761904	True
Unknown 0109	1	84	0.011904761904761904	True
Unknown 0110	1	84	0.011904761904761904	True
Unknown 0111	1	84	0.011904761904761904	True
Unknown 0112	1	84	0.011904761904761904	True
Unknown 0113	1	84	0.011904761904761904	True
Unknown 0114	1	84	0.011904761904761904	True
Unknown 0115	1	84	0.011904761904761904	True
Unknown 0116	1	84	0.011904761904761904	True
Unknown 0117	1	84	0.011904761904761904	True
Unknown 0118	1	84	0.011904761904761904	True
Unknown 0119	1	84	0.011904761904761904	True
Unknown 0120	1	84	0.011904761904761904	True
Unknown 0121	10	84	0.11904761904761904	True
Unknown 0122	1	84	0.011904761904761904	True
Unknown 0123	2	84	0.023809523809523808	True
Unknown 0124	1	84	0.011904761904761904	True
Unknown 0125	1	84	0.011904761904761904	True
Unknown 0126	1	84	0.011904761904761904	True
Unknown 0127	2	84	0.023809523809523808	True
Unknown 0128	1	84	0.011904761904761904	True
Unknown 0129	2	84	0.023809523809523808	True
Unknown 0130	1	84	0.011904761904761904	True
Unknown 0131	23	84	0.27380952380952384	True
Unknown 0132	2	84	0.023809523809523808	True
Unknown 0133	1	84	0.011904761904761904	True
Unknown 0134	1	84	0.011904761904761904	True
Unknown 0135	1	84	0.011904761904761904	True
Unknown 0136	9	84	0.10714285714285714	True
Unknown 0137	2	84	0.023809523809523808	True
Unknown 0138	2	84	0.023809523809523808	True
Unknown 0139	1	84	0.011904761904761904	True
Unknown 0140	9	84	0.10714285714285714	True
Unknown 0141	1	84	0.011904761904761904	True
Unknown 0142	1	84	0.011904761904761904	True
Unknown 0143	1	84	0.011904761904761904	True
Unknown 0144	5	84	0.05952380952380952	True
Unknown 0145	1	84	0.011904761904761904	True
Unknown 0146	46	84	0.5476190476190477	False
Unknown 0147	1	84	0.011904761904761904	True
Unknown 0148	1	84	0.011904761904761904	True
Unknown 0149	1	84	0.011904761904761904	True
Unknown 0150	1	84	0.011904761904761904	True
Unknown 0151	10	84	0.11904761904761904	True
Unknown 0152	1	84	0.011904761904761904	True
Unknown 0153	1	84	0.011904761904761904	True
Unknown 0154	11	84	0.13095238095238096	True
Unknown 0155	12	84	0.14285714285714285	True
Unknown 0156	21	84	0.25	True
Unknown 0157	1	84	0.011904761904761904	True
Unknown 0158	15	84	0.17857142857142858	True
Unknown 0159	1	84	0.011904761904761904	True
Unknown 0160	11	84	0.13095238095238096	True
Unknown 0161	1	84	0.011904761904761904	True
Unknown 0162	1	84	0.011904761904761904	True
Unknown 0163	1	84	0.011904761904761904	True
Unknown 0164	1	84	0.011904761904761904	True
Unknown 0165	38	84	0.4523809523809524	False
Unknown 0166	1	84	0.011904761904761904	True
Unknown 0167	1	84	0.011904761904761904	True
Unknown 0168	1	84	0.011904761904761904	True
Unknown 0169	3	84	0.03571428571428571	True
Unknown 0170	2	84	0.023809523809523808	True
Unknown 0171	1	84	0.011904761904761904	True
Unknown 0172	1	84	0.011904761904761904	True
Unknown 0173	9	84	0.10714285714285714	True
Unknown 0174	2	84	0.023809523809523808	True
Unknown 0175	1	84	0.011904761904761904	True
Unknown 0176	4	84	0.047619047619047616	True
Unknown 0177	1	84	0.011904761904761904	True
Unknown 0178	6	84	0.07142857142857142	True
Unknown 0179	59	84	0.7023809523809523	False
Unknown 0180	4	84	0.047619047619047616	True
Unknown 0181	1	84	0.011904761904761904	True
Unknown 0182	71	84	0.8452380952380952	False
Unknown 0183	11	84	0.13095238095238096	True
Unknown 0184	1	84	0.011904761904761904	True
Unknown 0185	27	84	0.32142857142857145	False
Unknown 0186	1	84	0.011904761904761904	True
Unknown 0187	1	84	0.011904761904761904	True
Unknown 0188	1	84	0.011904761904761904	True
Unknown 0189	1	84	0.011904761904761904	True
Unknown 0190	12	84	0.14285714285714285	True
Unknown 0191	1	84	0.011904761904761904	True
Unknown 0192	1	84	0.011904761904761904	True
Unknown 0193	1	84	0.011904761904761904	True
Unknown 0194	1	84	0.011904761904761904	True
Unknown 0195	1	84	0.011904761904761904	True
Unknown 0196	5	84	0.05952380952380952	True
Unknown 0197	1	84	0.011904761904761904	True
Unknown 0198	2	84	0.023809523809523808	True
Unknown 0199	5	84	0.05952380952380952	True
Unknown 0200	1	84	0.011904761904761904	True
Unknown 0201	1	84	0.011904761904761904	True
Unknown 0202	1	84	0.011904761904761904	True
Unknown 0203	1	84	0.011904761904761904	True
Unknown 0204	4	84	0.047619047619047616	True
Unknown 0205	7	84	0.08333333333333333	True
Unknown 0206	1	84	0.011904761904761904	True
Unknown 0207	1	84	0.011904761904761904	True
Unknown 0208	11	84	0.13095238095238096	True
Unknown 0209	2	84	0.023809523809523808	True
Unknown 0210	1	84	0.011904761904761904	True
Unknown 0211	1	84	0.011904761904761904	True
Unknown 0212	3	84	0.03571428571428571	True
Unknown 0213	4	84	0.047619047619047616	True
Unknown 0214	1	84	0.011904761904761904	True
Unknown 0215	1	84	0.011904761904761904	True
Unknown 0216	2	84	0.023809523809523808	True
Unknown 0217	1	84	0.011904761904761904	True
Unknown 0218	1	84	0.011904761904761904	True
Unknown 0219	1	84	0.011904761904761904	True
Unknown 0220	1	84	0.011904761904761904	True
Unknown 0221	1	84	0.011904761904761904	True
Unknown 0222	1	84	0.011904761904761904	True
Unknown 0223	1	84	0.011904761904761904	True
Unknown 0224	1	84	0.011904761904761904	True
Unknown 0225	1	84	0.011904761904761904	True
Unknown 0226	1	84	0.011904761904761904	True
Unknown 0227	1	84	0.011904761904761904	True
Unknown 0228	1	84	0.011904761904761904	True
Unknown 0229	3	84	0.03571428571428571	True
Unknown 0230	1	84	0.011904761904761904	True
Unknown 0231	6	84	0.07142857142857142	True
Unknown 0232	1	84	0.011904761904761904	True
Unknown 0233	1	84	0.011904761904761904	True
Unknown 0234	1	84	0.011904761904761904	True
Unknown 0235	1	84	0.011904761904761904	True
Unknown 0236	21	84	0.25	True
Unknown 0237	2	84	0.023809523809523808	True
Unknown 0238	3	84	0.03571428571428571	True
Unknown 0239	1	84	0.011904761904761904	True
Unknown 0240	70	84	0.8333333333333334	False
Unknown 0241	1	84	0.011904761904761904	True
Unknown 0242	4	84	0.047619047619047616	True
Unknown 0243	1	84	0.011904761904761904	True
Unknown 0244	1	84	0.011904761904761904	True
Unknown 0245	1	84	0.011904761904761904	True
Unknown 0246	1	84	0.011904761904761904	True
Unknown 0247	1	84	0.011904761904761904	True
Unknown 0248	21	84	0.25	True
Unknown 0249	2	84	0.023809523809523808	True
Unknown 0250	1	84	0.011904761904761904	True
Unknown 0251	4	84	0.047619047619047616	True
Unknown 0252	1	84	0.011904761904761904	True
Unknown 0253	1	84	0.011904761904761904	True
Unknown 0254	34	84	0.40476190476190477	False
Unknown 0255	4	84	0.047619047619047616	True
Unknown 0256	1	84	0.011904761904761904	True
Unknown 0257	1	84	0.011904761904761904	True
Unknown 0258	1	84	0.011904761904761904	True
Unknown 0259	8	84	0.09523809523809523	True
Unknown 0260	20	84	0.23809523809523808	True
Unknown 0261	12	84	0.14285714285714285	True
Unknown 0262	1	84	0.011904761904761904	True
Unknown 0263	1	84	0.011904761904761904	True
Unknown 0264	14	84	0.16666666666666666	True
Unknown 0265	53	84	0.6309523809523809	False
Unknown 0266	1	84	0.011904761904761904	True
Unknown 0267	11	84	0.13095238095238096	True
Unknown 0268	31	84	0.36904761904761907	False
Unknown 0269	33	84	0.39285714285714285	False
Unknown 0270	1	84	0.011904761904761904	True
Unknown 0271	1	84	0.011904761904761904	True
Unknown 0272	1	84	0.011904761904761904	True
Unknown 0273	1	84	0.011904761904761904	True
Unknown 0274	1	84	0.011904761904761904	True
Unknown 0275	43	84	0.5119047619047619	False
Unknown 0276	4	84	0.047619047619047616	True
Unknown 0277	19	84	0.2261904761904762	True
Unknown 0278	2	84	0.023809523809523808	True
Unknown 0279	1	84	0.011904761904761904	True
Unknown 0280	1	84	0.011904761904761904	True
Unknown 0281	1	84	0.011904761904761904	True
Unknown 0282	2	84	0.023809523809523808	True
Unknown 0283	20	84	0.23809523809523808	True
Unknown 0284	11	84	0.13095238095238096	True
Unknown 0285	84	84	1.0	False
Unknown 0286	1	84	0.011904761904761904	True
Unknown 0287	11	84	0.13095238095238096	True
Unknown 0288	7	84	0.08333333333333333	True
Unknown 0289	1	84	0.011904761904761904	True
Unknown 0290	28	84	0.3333333333333333	False
Unknown 0291	1	84	0.011904761904761904	True
Unknown 0292	1	84	0.011904761904761904	True
Unknown 0293	1	84	0.011904761904761904	True
Unknown 0294	1	84	0.011904761904761904	True
Unknown 0295	2	84	0.023809523809523808	True
Unknown 0296	10	84	0.11904761904761904	True
Unknown 0297	1	84	0.011904761904761904	True
Unknown 0298	1	84	0.011904761904761904	True
Unknown 0299	1	84	0.011904761904761904	True
Unknown 0300	46	84	0.5476190476190477	False
Unknown 0301	26	84	0.30952380952380953	False
Unknown 0302	1	84	0.011904761904761904	True
Unknown 0303	1	84	0.011904761904761904	True
Unknown 0304	1	84	0.011904761904761904	True
Unknown 0305	2	84	0.023809523809523808	True
Unknown 0306	3	84	0.03571428571428571	True
Unknown 0307	1	84	0.011904761904761904	True
Unknown 0308	1	84	0.011904761904761904	True
Unknown 0309	3	84	0.03571428571428571	True
Unknown 0310	22	84	0.2619047619047619	True
Unknown 0311	1	84	0.011904761904761904	True
Unknown 0312	1	84	0.011904761904761904	True
Unknown 0313	1	84	0.011904761904761904	True
Unknown 0314	2	84	0.023809523809523808	True
Unknown 0315	2	84	0.023809523809523808	True
Unknown 0316	1	84	0.011904761904761904	True
Unknown 0317	4	84	0.047619047619047616	True
Unknown 0318	2	84	0.023809523809523808	True
Unknown 0319	84	84	1.0	False
Unknown 0320	1	84	0.011904761904761904	True
Unknown 0321	1	84	0.011904761904761904	True
Unknown 0322	21	84	0.25	True
Unknown 0323	1	84	0.011904761904761904	True
Unknown 0324	1	84	0.011904761904761904	True
Unknown 0325	2	84	0.023809523809523808	True
Unknown 0326	6	84	0.07142857142857142	True
Unknown 0327	33	84	0.39285714285714285	False
Unknown 0328	1	84	0.011904761904761904	True
Unknown 0329	5	84	0.05952380952380952	True
Unknown 0330	68	84	0.8095238095238095	False
Unknown 0331	31	84	0.36904761904761907	False
Unknown 0332	55	84	0.6547619047619048	False
Unknown 0333	1	84	0.011904761904761904	True
Unknown 0334	2	84	0.023809523809523808	True
Unknown 0335	1	84	0.011904761904761904	True
Unknown 0336	1	84	0.011904761904761904	True
Unknown 0337	65	84	0.7738095238095238	False
Unknown 0338	3	84	0.03571428571428571	True
Unknown 0339	1	84	0.011904761904761904	True
Unknown 0340	1	84	0.011904761904761904	True
Unknown 0341	1	84	0.011904761904761904	True
Unknown 0342	1	84	0.011904761904761904	True
Unknown 0343	1	84	0.011904761904761904	True
Unknown 0344	12	84	0.14285714285714285	True
Unknown 0345	1	84	0.011904761904761904	True
Unknown 0346	1	84	0.011904761904761904	True
Unknown 0347	1	84	0.011904761904761904	True
Unknown 0348	2	84	0.023809523809523808	True
Unknown 0349	1	84	0.011904761904761904	True
Unknown 0350	1	84	0.011904761904761904	True
Unknown 0351	5	84	0.05952380952380952	True
Unknown 0352	1	84	0.011904761904761904	True
Unknown 0353	1	84	0.011904761904761904	True
Unknown 0354	1	84	0.011904761904761904	True
Unknown 0355	1	84	0.011904761904761904	True
Unknown 0356	1	84	0.011904761904761904	True
Unknown 0357	1	84	0.011904761904761904	True
Unknown 0358	1	84	0.011904761904761904	True
Unknown 0359	1	84	0.011904761904761904	True
Unknown 0360	24	84	0.2857142857142857	True
Unknown 0361	12	84	0.14285714285714285	True
Unknown 0362	3	84	0.03571428571428571	True
Unknown 0363	29	84	0.34523809523809523	False
Unknown 0364	3	84	0.03571428571428571	True
Unknown 0365	23	84	0.27380952380952384	True
Unknown 0366	1	84	0.011904761904761904	True
Unknown 0367	1	84	0.011904761904761904	True
Unknown 0368	20	84	0.23809523809523808	True
Unknown 0369	13	84	0.15476190476190477	True
Unknown 0370	34	84	0.40476190476190477	False
Unknown 0371	2	84	0.023809523809523808	True
Unknown 0372	84	84	1.0	False
Unknown 0373	1	84	0.011904761904761904	True
Unknown 0374	2	84	0.023809523809523808	True
Unknown 0375	1	84	0.011904761904761904	True
Unknown 0376	1	84	0.011904761904761904	True
Unknown 0377	1	84	0.011904761904761904	True
Unknown 0378	6	84	0.07142857142857142	True
Unknown 0379	1	84	0.011904761904761904	True
Unknown 0380	3	84	0.03571428571428571	True
Unknown 0381	1	84	0.011904761904761904	True
Unknown 0382	1	84	0.011904761904761904	True
Unknown 0383	4	84	0.047619047619047616	True
Unknown 0384	2	84	0.023809523809523808	True
Unknown 0385	1	84	0.011904761904761904	True
Unknown 0386	1	84	0.011904761904761904	True
Unknown 0387	4	84	0.047619047619047616	True
Unknown 0388	2	84	0.023809523809523808	True
Unknown 0389	1	84	0.011904761904761904	True
Unknown 0390	1	84	0.011904761904761904	True
Unknown 0391	1	84	0.011904761904761904	True
Unknown 0392	1	84	0.011904761904761904	True
Unknown 0393	1	84	0.011904761904761904	True
Unknown 0394	28	84	0.3333333333333333	False
Unknown 0395	17	84	0.20238095238095238	True
Unknown 0396	1	84	0.011904761904761904	True
Unknown 0397	18	84	0.21428571428571427	True
Unknown 0398	1	84	0.011904761904761904	True
Unknown 0399	84	84	1.0	False
Unknown 0400	11	84	0.13095238095238096	True
Unknown 0401	1	84	0.011904761904761904	True
Unknown 0402	1	84	0.011904761904761904	True
Unknown 0403	1	84	0.011904761904761904	True
Unknown 0404	3	84	0.03571428571428571	True
Unknown 0405	9	84	0.10714285714285714	True
Unknown 0406	1	84	0.011904761904761904	True
Unknown 0407	1	84	0.011904761904761904	True
Unknown 0408	1	84	0.011904761904761904	True
Unknown 0409	60	84	0.7142857142857143	False
Unknown 0410	1	84	0.011904761904761904	True
Unknown 0411	1	84	0.011904761904761904	True
Unknown 0412	1	84	0.011904761904761904	True
Unknown 0413	26	84	0.30952380952380953	False
Unknown 0414	30	84	0.35714285714285715	False
Unknown 0415	29	84	0.34523809523809523	False
Unknown 0416	1	84	0.011904761904761904	True
Unknown 0417	1	84	0.011904761904761904	True
Unknown 0418	1	84	0.011904761904761904	True
Unknown 0419	18	84	0.21428571428571427	True
Unknown 0420	23	84	0.27380952380952384	True
Unknown 0421	1	84	0.011904761904761904	True
Unknown 0422	1	84	0.011904761904761904	True
Unknown 0423	1	84	0.011904761904761904	True
Unknown 0424	38	84	0.4523809523809524	False
Unknown 0425	1	84	0.011904761904761904	True
Unknown 0426	3	84	0.03571428571428571	True
Unknown 0427	3	84	0.03571428571428571	True
Unknown 0428	4	84	0.047619047619047616	True
Unknown 0429	31	84	0.36904761904761907	False
Unknown 0430	50	84	0.5952380952380952	False
Unknown 0431	1	84	0.011904761904761904	True
Unknown 0432	1	84	0.011904761904761904	True
Unknown 0433	1	84	0.011904761904761904	True
Unknown 0434	1	84	0.011904761904761904	True
Unknown 0435	39	84	0.4642857142857143	False
Unknown 0436	1	84	0.011904761904761904	True
Unknown 0437	7	84	0.08333333333333333	True
Unknown 0438	2	84	0.023809523809523808	True
Unknown 0439	38	84	0.4523809523809524	False
Unknown 0440	1	84	0.011904761904761904	True
Unknown 0441	2	84	0.023809523809523808	True
Unknown 0442	45	84	0.5357142857142857	False
Unknown 0443	1	84	0.011904761904761904	True
Unknown 0444	20	84	0.23809523809523808	True
Unknown 0445	1	84	0.011904761904761904	True
Unknown 0446	6	84	0.07142857142857142	True
Unknown 0447	1	84	0.011904761904761904	True
Unknown 0448	32	84	0.38095238095238093	False
Unknown 0449	1	84	0.011904761904761904	True
Unknown 0450	1	84	0.011904761904761904	True
Unknown 0451	2	84	0.023809523809523808	True
Unknown 0452	1	84	0.011904761904761904	True
Unknown 0453	1	84	0.011904761904761904	True
Unknown 0454	11	84	0.13095238095238096	True
Unknown 0455	1	84	0.011904761904761904	True
Unknown 0456	3	84	0.03571428571428571	True
Unknown 0457	42	84	0.5	False
Unknown 0458	1	84	0.011904761904761904	True
Unknown 0459	1	84	0.011904761904761904	True
Unknown 0460	1	84	0.011904761904761904	True
Unknown 0461	6	84	0.07142857142857142	True
Unknown 0462	51	84	0.6071428571428571	False
Unknown 0463	3	84	0.03571428571428571	True
Unknown 0464	37	84	0.44047619047619047	False
Unknown 0465	1	84	0.011904761904761904	True
Unknown 0466	15	84	0.17857142857142858	True
Unknown 0467	1	84	0.011904761904761904	True
Unknown 0468	1	84	0.011904761904761904	True
Unknown 0469	5	84	0.05952380952380952	True
Unknown 0470	1	84	0.011904761904761904	True
Unknown 0471	3	84	0.03571428571428571	True
Unknown 0472	1	84	0.011904761904761904	True
Unknown 0473	1	84	0.011904761904761904	True
Unknown 0474	1	84	0.011904761904761904	True
Unknown 0475	1	84	0.011904761904761904	True
Unknown 0476	9	84	0.10714285714285714	True
Unknown 0477	1	84	0.011904761904761904	True
Unknown 0478	2	84	0.023809523809523808	True
Unknown 0479	30	84	0.35714285714285715	False
Unknown 0480	12	84	0.14285714285714285	True
Unknown 0481	46	84	0.5476190476190477	False
Unknown 0482	49	84	0.5833333333333334	False
Unknown 0483	2	84	0.023809523809523808	True
Unknown 0484	84	84	1.0	False
Unknown 0485	41	84	0.4880952380952381	False
Unknown 0486	1	84	0.011904761904761904	True
Unknown 0487	2	84	0.023809523809523808	True
Unknown 0488	15	84	0.17857142857142858	True
Unknown 0489	1	84	0.011904761904761904	True
Unknown 0490	9	84	0.10714285714285714	True
Unknown 0491	1	84	0.011904761904761904	True
Unknown 0492	1	84	0.011904761904761904	True
Unknown 0493	52	84	0.6190476190476191	False
Unknown 0494	1	84	0.011904761904761904	True
Unknown 0495	2	84	0.023809523809523808	True
Unknown 0496	1	84	0.011904761904761904	True
Unknown 0497	10	84	0.11904761904761904	True
Unknown 0498	1	84	0.011904761904761904	True
Unknown 0499	1	84	0.011904761904761904	True
Unknown 0500	1	84	0.011904761904761904	True
Unknown 0501	1	84	0.011904761904761904	True
Unknown 0502	1	84	0.011904761904761904	True
Unknown 0503	1	84	0.011904761904761904	True
Unknown 0504	1	84	0.011904761904761904	True
Unknown 0505	1	84	0.011904761904761904	True
Unknown 0506	81	84	0.9642857142857143	False
Unknown 0507	56	84	0.6666666666666666	False
Unknown 0508	1	84	0.011904761904761904	True
Unknown 0509	2	84	0.023809523809523808	True
Unknown 0510	5	84	0.05952380952380952	True
Unknown 0511	1	84	0.011904761904761904	True
Unknown 0512	36	84	0.42857142857142855	False
Unknown 0513	1	84	0.011904761904761904	True
Unknown 0514	1	84	0.011904761904761904	True
Unknown 0515	19	84	0.2261904761904762	True
Unknown 0516	33	84	0.39285714285714285	False
Unknown 0517	1	84	0.011904761904761904	True
Unknown 0518	1	84	0.011904761904761904	True
Unknown 0519	1	84	0.011904761904761904	True
Unknown 0520	1	84	0.011904761904761904	True
Unknown 0521	1	84	0.011904761904761904	True
Unknown 0522	2	84	0.023809523809523808	True
Unknown 0523	3	84	0.03571428571428571	True
Unknown 0524	1	84	0.011904761904761904	True
Unknown 0525	1	84	0.011904761904761904	True
Unknown 0526	84	84	1.0	False
Unknown 0527	26	84	0.30952380952380953	False
Unknown 0528	49	84	0.5833333333333334	False
Unknown 0529	8	84	0.09523809523809523	True
Unknown 0530	1	84	0.011904761904761904	True
Unknown 0531	1	84	0.011904761904761904	True
Unknown 0532	3	84	0.03571428571428571	True
Unknown 0533	1	84	0.011904761904761904	True
Unknown 0534	1	84	0.011904761904761904	True
Unknown 0535	1	84	0.011904761904761904	True
Unknown 0536	1	84	0.011904761904761904	True
Unknown 0537	1	84	0.011904761904761904	True
Unknown 0538	1	84	0.011904761904761904	True
Unknown 0539	37	84	0.44047619047619047	False
Unknown 0540	68	84	0.8095238095238095	False
Unknown 0541	5	84	0.05952380952380952	True
Unknown 0542	52	84	0.6190476190476191	False
Unknown 0543	1	84	0.011904761904761904	True
Unknown 0544	10	84	0.11904761904761904	True
Unknown 0545	75	84	0.8928571428571429	False
Unknown 0546	1	84	0.011904761904761904	True
Unknown 0547	13	84	0.15476190476190477	True
Unknown 0548	58	84	0.6904761904761905	False
Unknown 0549	1	84	0.011904761904761904	True
Unknown 0550	1	84	0.011904761904761904	True
Unknown 0551	1	84	0.011904761904761904	True
Unknown 0552	9	84	0.10714285714285714	True
Unknown 0553	1	84	0.011904761904761904	True
Unknown 0554	47	84	0.5595238095238095	False
Unknown 0555	59	84	0.7023809523809523	False
Unknown 0556	13	84	0.15476190476190477	True
Unknown 0557	1	84	0.011904761904761904	True
Unknown 0558	1	84	0.011904761904761904	True
Unknown 0559	3	84	0.03571428571428571	True
Unknown 0560	1	84	0.011904761904761904	True
Unknown 0561	9	84	0.10714285714285714	True
Unknown 0562	2	84	0.023809523809523808	True
Unknown 0563	11	84	0.13095238095238096	True
Unknown 0564	29	84	0.34523809523809523	False
Unknown 0565	2	84	0.023809523809523808	True
Unknown 0566	1	84	0.011904761904761904	True
Unknown 0567	42	84	0.5	False
Unknown 0568	45	84	0.5357142857142857	False
Unknown 0569	82	84	0.9761904761904762	False
Unknown 0570	12	84	0.14285714285714285	True
Unknown 0571	1	84	0.011904761904761904	True
Unknown 0572	10	84	0.11904761904761904	True
Unknown 0573	20	84	0.23809523809523808	True
Unknown 0574	1	84	0.011904761904761904	True
Unknown 0575	1	84	0.011904761904761904	True
Unknown 0576	2	84	0.023809523809523808	True
Unknown 0577	1	84	0.011904761904761904	True
Unknown 0578	51	84	0.6071428571428571	False
Unknown 0579	52	84	0.6190476190476191	False
Unknown 0580	1	84	0.011904761904761904	True
Unknown 0581	5	84	0.05952380952380952	True
Unknown 0582	32	84	0.38095238095238093	False
Unknown 0583	50	84	0.5952380952380952	False
Unknown 0584	1	84	0.011904761904761904	True
Unknown 0585	62	84	0.7380952380952381	False
Unknown 0586	60	84	0.7142857142857143	False
Unknown 0587	1	84	0.011904761904761904	True
Unknown 0588	1	84	0.011904761904761904	True
Unknown 0589	1	84	0.011904761904761904	True
Unknown 0590	5	84	0.05952380952380952	True
Unknown 0591	2	84	0.023809523809523808	True
Unknown 0592	1	84	0.011904761904761904	True
Unknown 0593	2	84	0.023809523809523808	True
Unknown 0594	62	84	0.7380952380952381	False
Unknown 0595	23	84	0.27380952380952384	True
Unknown 0596	1	84	0.011904761904761904	True
Unknown 0597	46	84	0.5476190476190477	False
Unknown 0598	72	84	0.8571428571428571	False
Unknown 0599	41	84	0.4880952380952381	False
Unknown 0600	24	84	0.2857142857142857	True
Unknown 0601	9	84	0.10714285714285714	True
Unknown 0602	1	84	0.011904761904761904	True
Unknown 0603	29	84	0.34523809523809523	False
Unknown 0604	1	84	0.011904761904761904	True
Unknown 0605	1	84	0.011904761904761904	True
Unknown 0606	6	84	0.07142857142857142	True
Unknown 0607	27	84	0.32142857142857145	False
Unknown 0608	1	84	0.011904761904761904	True
Unknown 0609	18	84	0.21428571428571427	True
Unknown 0610	1	84	0.011904761904761904	True
Unknown 0611	1	84	0.011904761904761904	True
Unknown 0612	3	84	0.03571428571428571	True
Unknown 0613	54	84	0.6428571428571429	False
Unknown 0614	1	84	0.011904761904761904	True
Unknown 0615	29	84	0.34523809523809523	False
Unknown 0616	1	84	0.011904761904761904	True
Unknown 0617	61	84	0.7261904761904762	False
Unknown 0618	56	84	0.6666666666666666	False
Unknown 0619	66	84	0.7857142857142857	False
Unknown 0620	59	84	0.7023809523809523	False
Unknown 0621	45	84	0.5357142857142857	False
Unknown 0622	1	84	0.011904761904761904	True
Unknown 0623	52	84	0.6190476190476191	False
Unknown 0624	36	84	0.42857142857142855	False
Unknown 0625	76	84	0.9047619047619048	False
Unknown 0626	1	84	0.011904761904761904	True
Unknown 0627	1	84	0.011904761904761904	True
Unknown 0628	6	84	0.07142857142857142	True
Unknown 0629	30	84	0.35714285714285715	False
Unknown 0630	17	84	0.20238095238095238	True
Unknown 0631	47	84	0.5595238095238095	False
Unknown 0632	2	84	0.023809523809523808	True
Unknown 0633	62	84	0.7380952380952381	False
Unknown 0634	1	84	0.011904761904761904	True
Unknown 0635	10	84	0.11904761904761904	True
Unknown 0636	42	84	0.5	False
Unknown 0637	1	84	0.011904761904761904	True
Unknown 0638	16	84	0.19047619047619047	True
Unknown 0639	1	84	0.011904761904761904	True
Unknown 0640	6	84	0.07142857142857142	True
Unknown 0641	36	84	0.42857142857142855	False
Unknown 0642	10	84	0.11904761904761904	True
Unknown 0643	1	84	0.011904761904761904	True
Unknown 0644	75	84	0.8928571428571429	False
Unknown 0645	1	84	0.011904761904761904	True
Unknown 0646	69	84	0.8214285714285714	False
Unknown 0647	38	84	0.4523809523809524	False
Unknown 0648	2	84	0.023809523809523808	True
Unknown 0649	9	84	0.10714285714285714	True
Unknown 0650	62	84	0.7380952380952381	False
Unknown 0651	74	84	0.8809523809523809	False
Unknown 0652	77	84	0.9166666666666666	False
Unknown 0653	25	84	0.2976190476190476	True
Unknown 0654	17	84	0.20238095238095238	True
Unknown 0655	1	84	0.011904761904761904	True
Unknown 0656	60	84	0.7142857142857143	False
Unknown 0657	1	84	0.011904761904761904	True
Unknown 0658	35	84	0.4166666666666667	False
Unknown 0659	53	84	0.6309523809523809	False
Unknown 0660	60	84	0.7142857142857143	False
Unknown 0661	19	84	0.2261904761904762	True
Unknown 0662	31	84	0.36904761904761907	False
Unknown 0663	49	84	0.5833333333333334	False
Unknown 0664	59	84	0.7023809523809523	False
Unknown 0665	30	84	0.35714285714285715	False
Unknown 0666	77	84	0.9166666666666666	False
Unknown 0667	1	84	0.011904761904761904	True
Unknown 0668	1	84	0.011904761904761904	True
Unknown 0669	1	84	0.011904761904761904	True
Unknown 0670	66	84	0.7857142857142857	False
Unknown 0671	9	84	0.10714285714285714	True
Unknown 0672	70	84	0.8333333333333334	False
Unknown 0673	58	84	0.6904761904761905	False
Unknown 0674	74	84	0.8809523809523809	False
Unknown 0675	2	84	0.023809523809523808	True
Unknown 0676	1	84	0.011904761904761904	True
Unknown 0677	40	84	0.47619047619047616	False
Unknown 0678	1	84	0.011904761904761904	True
Unknown 0679	5	84	0.05952380952380952	True
Unknown 0680	70	84	0.8333333333333334	False
Unknown 0681	20	84	0.23809523809523808	True
Unknown 0682	1	84	0.011904761904761904	True
Unknown 0683	2	84	0.023809523809523808	True
Unknown 0684	54	84	0.6428571428571429	False
Unknown 0685	1	84	0.011904761904761904	True
Unknown 0686	65	84	0.7738095238095238	False
Unknown 0687	20	84	0.23809523809523808	True
Unknown 0688	1	84	0.011904761904761904	True
Unknown 0689	46	84	0.5476190476190477	False
Unknown 0690	1	84	0.011904761904761904	True
Unknown 0691	1	84	0.011904761904761904	True
Unknown 0692	31	84	0.36904761904761907	False
Unknown 0693	76	84	0.9047619047619048	False
Unknown 0694	47	84	0.5595238095238095	False
Unknown 0695	61	84	0.7261904761904762	False
Unknown 0696	1	84	0.011904761904761904	True
Unknown 0697	25	84	0.2976190476190476	True
Unknown 0698	74	84	0.8809523809523809	False
Unknown 0699	11	84	0.13095238095238096	True
Unknown 0700	50	84	0.5952380952380952	False
Unknown 0701	19	84	0.2261904761904762	True
Unknown 0702	77	84	0.9166666666666666	False
Unknown 0703	48	84	0.5714285714285714	False
Unknown 0704	1	84	0.011904761904761904	True
Unknown 0705	1	84	0.011904761904761904	True
Unknown 0706	1	84	0.011904761904761904	True
Unknown 0707	70	84	0.8333333333333334	False
Unknown 0708	22	84	0.2619047619047619	True
Unknown 0709	82	84	0.9761904761904762	False
Unknown 0710	1	84	0.011904761904761904	True
Unknown 0711	1	84	0.011904761904761904	True
Unknown 0712	40	84	0.47619047619047616	False
Unknown 0713	22	84	0.2619047619047619	True
Unknown 0714	1	84	0.011904761904761904	True
Unknown 0715	1	84	0.011904761904761904	True
Unknown 0716	2	84	0.023809523809523808	True
Unknown 0717	6	84	0.07142857142857142	True
Unknown 0718	5	84	0.05952380952380952	True
Unknown 0719	76	84	0.9047619047619048	False
Unknown 0720	3	84	0.03571428571428571	True
Unknown 0721	33	84	0.39285714285714285	False
Unknown 0722	1	84	0.011904761904761904	True
Unknown 0723	1	84	0.011904761904761904	True
Unknown 0724	1	84	0.011904761904761904	True
Unknown 0725	1	84	0.011904761904761904	True
Unknown 0726	15	84	0.17857142857142858	True
Unknown 0727	63	84	0.75	False
Unknown 0728	60	84	0.7142857142857143	False
Unknown 0729	65	84	0.7738095238095238	False
Unknown 0730	73	84	0.8690476190476191	False
Unknown 0731	74	84	0.8809523809523809	False
Unknown 0732	46	84	0.5476190476190477	False
Unknown 0733	5	84	0.05952380952380952	True
Unknown 0734	33	84	0.39285714285714285	False
Unknown 0735	60	84	0.7142857142857143	False
Unknown 0736	1	84	0.011904761904761904	True
Unknown 0737	47	84	0.5595238095238095	False
Unknown 0738	1	84	0.011904761904761904	True
Unknown 0739	33	84	0.39285714285714285	False
Unknown 0740	1	84	0.011904761904761904	True
Unknown 0741	29	84	0.34523809523809523	False
Unknown 0742	1	84	0.011904761904761904	True
Unknown 0743	1	84	0.011904761904761904	True
Unknown 0744	4	84	0.047619047619047616	True
Unknown 0745	4	84	0.047619047619047616	True
Unknown 0746	24	84	0.2857142857142857	True
Unknown 0747	1	84	0.011904761904761904	True
Unknown 0748	67	84	0.7976190476190477	False
Unknown 0749	1	84	0.011904761904761904	True
Unknown 0750	74	84	0.8809523809523809	False
Unknown 0751	67	84	0.7976190476190477	False
Unknown 0752	50	84	0.5952380952380952	False
Unknown 0753	58	84	0.6904761904761905	False
Unknown 0754	1	84	0.011904761904761904	True
Unknown 0755	1	84	0.011904761904761904	True
Unknown 0756	1	84	0.011904761904761904	True
Unknown 0757	1	84	0.011904761904761904	True
Unknown 0758	1	84	0.011904761904761904	True
Unknown 0759	1	84	0.011904761904761904	True
Unknown 0760	1	84	0.011904761904761904	True
Unknown 0761	8	84	0.09523809523809523	True
Unknown 0762	12	84	0.14285714285714285	True
Unknown 0763	59	84	0.7023809523809523	False
Unknown 0764	1	84	0.011904761904761904	True
Unknown 0765	2	84	0.023809523809523808	True
Unknown 0766	1	84	0.011904761904761904	True
Unknown 0767	1	84	0.011904761904761904	True
Unknown 0768	63	84	0.75	False
Unknown 0769	52	84	0.6190476190476191	False
Unknown 0770	26	84	0.30952380952380953	False
Unknown 0771	8	84	0.09523809523809523	True
Unknown 0772	1	84	0.011904761904761904	True
Unknown 0773	54	84	0.6428571428571429	False
Unknown 0774	3	84	0.03571428571428571	True
