ligand	receptor	pathway	evidence_weight	interaction_class	source	source_detail	evidence	agonist	antagonist	co_A_receptor	co_I_receptor	version
TGFB1	TGFBR2+TGFBR1	TGFb	1.0	Secreted Signaling	CellChatDB	TGFB1_TGFBR1_TGFBR2	KEGG: hsa04350	TGFb agonist	TGFb antagonist		TGFb inhibition receptor	CellChatDB v1
TGFB2	TGFBR2+TGFBR1	TGFb	1.0	Secreted Signaling	CellChatDB	TGFB2_TGFBR1_TGFBR2	KEGG: hsa04350	TGFb agonist	TGFb antagonist		TGFb inhibition receptor	CellChatDB v1
TGFB3	TGFBR2+TGFBR1	TGFb	1.0	Secreted Signaling	CellChatDB	TGFB3_TGFBR1_TGFBR2	KEGG: hsa04350	TGFb agonist	TGFb antagonist		TGFb inhibition receptor	CellChatDB v1
TGFB1	TGFBR2+ACVR1B	TGFb	1.0	Secreted Signaling	CellChatDB	TGFB1_ACVR1B_TGFBR2	PMID: 27449815	TGFb agonist	TGFb antagonist		TGFb inhibition receptor	CellChatDB v1
TGFB1	TGFBR2+ACVR1C	TGFb	1.0	Secreted Signaling	CellChatDB	TGFB1_ACVR1C_TGFBR2	PMID: 27449815	TGFb agonist	TGFb antagonist		TGFb inhibition receptor	CellChatDB v1
TGFB2	TGFBR2+ACVR1B	TGFb	1.0	Secreted Signaling	CellChatDB	TGFB2_ACVR1B_TGFBR2	PMID: 27449815	TGFb agonist	TGFb antagonist		TGFb inhibition receptor	CellChatDB v1
TGFB2	TGFBR2+ACVR1C	TGFb	1.0	Secreted Signaling	CellChatDB	TGFB2_ACVR1C_TGFBR2	PMID: 27449815	TGFb agonist	TGFb antagonist		TGFb inhibition receptor	CellChatDB v1
TGFB3	TGFBR2+ACVR1B	TGFb	1.0	Secreted Signaling	CellChatDB	TGFB3_ACVR1B_TGFBR2	PMID: 27449815	TGFb agonist	TGFb antagonist		TGFb inhibition receptor	CellChatDB v1
TGFB3	TGFBR2+ACVR1C	TGFb	1.0	Secreted Signaling	CellChatDB	TGFB3_ACVR1C_TGFBR2	PMID: 27449815	TGFb agonist	TGFb antagonist		TGFb inhibition receptor	CellChatDB v1
TGFB1	TGFBR2+ACVR1+TGFBR1	TGFb	1.0	Secreted Signaling	CellChatDB	TGFB1_ACVR1_TGFBR1	PMID: 29376829					CellChatDB v1
TGFB2	TGFBR2+ACVR1+TGFBR1	TGFb	1.0	Secreted Signaling	CellChatDB	TGFB2_ACVR1_TGFBR1	PMID: 29376829					CellChatDB v1
TGFB3	TGFBR2+ACVR1+TGFBR1	TGFb	1.0	Secreted Signaling	CellChatDB	TGFB3_ACVR1_TGFBR1	PMID: 29376829					CellChatDB v1
BMP2	ACVR2A+BMPR1A	BMP	1.0	Secreted Signaling	CellChatDB	BMP2_BMPR1A_ACVR2A	KEGG: hsa04350; PMID:26893264		BMP antagonist		BMP inhibition receptor	CellChatDB v1
BMP2	ACVR2B+BMPR1A	BMP	1.0	Secreted Signaling	CellChatDB	BMP2_BMPR1A_ACVR2B	KEGG: hsa04350; PMID:26893264		BMP antagonist		BMP inhibition receptor	CellChatDB v1
BMP2	BMPR2+BMPR1A	BMP	1.0	Secreted Signaling	CellChatDB	BMP2_BMPR1A_BMPR2	KEGG: hsa04350; PMID:26893264		BMP antagonist		BMP inhibition receptor	CellChatDB v1
BMP2	BMPR1B+ACVR2A	BMP	1.0	Secreted Signaling	CellChatDB	BMP2_BMPR1B_ACVR2A	KEGG: hsa04350; PMID:26893264		BMP antagonist		BMP inhibition receptor	CellChatDB v1
BMP2	BMPR1B+ACVR2B	BMP	1.0	Secreted Signaling	CellChatDB	BMP2_BMPR1B_ACVR2B	KEGG: hsa04350; PMID:26893264		BMP antagonist		BMP inhibition receptor	CellChatDB v1
BMP2	BMPR1B+BMPR2	BMP	1.0	Secreted Signaling	CellChatDB	BMP2_BMPR1B_BMPR2	KEGG: hsa04350; PMID:26893264		BMP antagonist		BMP inhibition receptor	CellChatDB v1
BMP4	ACVR2A+BMPR1A	BMP	1.0	Secreted Signaling	CellChatDB	BMP4_BMPR1A_ACVR2A	KEGG: hsa04350; PMID:26893264		BMP antagonist		BMP inhibition receptor	CellChatDB v1
BMP4	ACVR2B+BMPR1A	BMP	1.0	Secreted Signaling	CellChatDB	BMP4_BMPR1A_ACVR2B	KEGG: hsa04350; PMID:26893264		BMP antagonist		BMP inhibition receptor	CellChatDB v1
BMP4	BMPR2+BMPR1A	BMP	1.0	Secreted Signaling	CellChatDB	BMP4_BMPR1A_BMPR2	KEGG: hsa04350; PMID:26893264		BMP antagonist		BMP inhibition receptor	CellChatDB v1
BMP4	BMPR1B+ACVR2A	BMP	1.0	Secreted Signaling	CellChatDB	BMP4_BMPR1B_ACVR2A	KEGG: hsa04350; PMID:26893264		BMP antagonist		BMP inhibition receptor	CellChatDB v1
BMP4	BMPR1B+ACVR2B	BMP	1.0	Secreted Signaling	CellChatDB	BMP4_BMPR1B_ACVR2B	KEGG: hsa04350; PMID:26893264		BMP antagonist		BMP inhibition receptor	CellChatDB v1
BMP4	BMPR1B+BMPR2	BMP	1.0	Secreted Signaling	CellChatDB	BMP4_BMPR1B_BMPR2	KEGG: hsa04350; PMID:26893264		BMP antagonist		BMP inhibition receptor	CellChatDB v1
GDF5	ACVR2A+BMPR1A	BMP	1.0	Secreted Signaling	CellChatDB	GDF5_BMPR1A_ACVR2A	KEGG: hsa04350; PMID:26893264		BMP antagonist		BMP inhibition receptor	CellChatDB v1
GDF5	ACVR2B+BMPR1A	BMP	1.0	Secreted Signaling	CellChatDB	GDF5_BMPR1A_ACVR2B	KEGG: hsa04350; PMID:26893264		BMP antagonist		BMP inhibition receptor	CellChatDB v1
GDF5	BMPR2+BMPR1A	BMP	1.0	Secreted Signaling	CellChatDB	GDF5_BMPR1A_BMPR2	KEGG: hsa04350; PMID:26893264		BMP antagonist		BMP inhibition receptor	CellChatDB v1
GDF5	BMPR1B+ACVR2A	BMP	1.0	Secreted Signaling	CellChatDB	GDF5_BMPR1B_ACVR2A	KEGG: hsa04350; PMID:26893264		BMP antagonist		BMP inhibition receptor	CellChatDB v1
GDF5	BMPR1B+ACVR2B	BMP	1.0	Secreted Signaling	CellChatDB	GDF5_BMPR1B_ACVR2B	KEGG: hsa04350; PMID:26893264		BMP antagonist		BMP inhibition receptor	CellChatDB v1
GDF5	BMPR1B+BMPR2	BMP	1.0	Secreted Signaling	CellChatDB	GDF5_BMPR1B_BMPR2	KEGG: hsa04350; PMID:26893264		BMP antagonist		BMP inhibition receptor	CellChatDB v1
GDF6	ACVR2A+BMPR1A	BMP	1.0	Secreted Signaling	CellChatDB	GDF6_BMPR1A_ACVR2A	KEGG: hsa04350; PMID:26893264		BMP antagonist		BMP inhibition receptor	CellChatDB v1
GDF6	ACVR2B+BMPR1A	BMP	1.0	Secreted Signaling	CellChatDB	GDF6_BMPR1A_ACVR2B	KEGG: hsa04350; PMID:26893264		BMP antagonist		BMP inhibition receptor	CellChatDB v1
GDF6	BMPR2+BMPR1A	BMP	1.0	Secreted Signaling	CellChatDB	GDF6_BMPR1A_BMPR2	KEGG: hsa04350; PMID:26893264		BMP antagonist		BMP inhibition receptor	CellChatDB v1
GDF6	BMPR1B+ACVR2A	BMP	1.0	Secreted Signaling	CellChatDB	GDF6_BMPR1B_ACVR2A	KEGG: hsa04350; PMID:26893264		BMP antagonist		BMP inhibition receptor	CellChatDB v1
GDF6	BMPR1B+ACVR2B	BMP	1.0	Secreted Signaling	CellChatDB	GDF6_BMPR1B_ACVR2B	KEGG: hsa04350; PMID:26893264		BMP antagonist		BMP inhibition receptor	CellChatDB v1
GDF6	BMPR1B+BMPR2	BMP	1.0	Secreted Signaling	CellChatDB	GDF6_BMPR1B_BMPR2	KEGG: hsa04350; PMID:26893264		BMP antagonist		BMP inhibition receptor	CellChatDB v1
GDF7	ACVR2A+BMPR1A	BMP	1.0	Secreted Signaling	CellChatDB	GDF7_BMPR1A_ACVR2A	KEGG: hsa04350; PMID:26893264		BMP antagonist		BMP inhibition receptor	CellChatDB v1
GDF7	ACVR2B+BMPR1A	BMP	1.0	Secreted Signaling	CellChatDB	GDF7_BMPR1A_ACVR2B	KEGG: hsa04350; PMID:26893264		BMP antagonist		BMP inhibition receptor	CellChatDB v1
GDF7	BMPR2+BMPR1A	BMP	1.0	Secreted Signaling	CellChatDB	GDF7_BMPR1A_BMPR2	KEGG: hsa04350; PMID:26893264		BMP antagonist		BMP inhibition receptor	CellChatDB v1
GDF7	BMPR1B+ACVR2A	BMP	1.0	Secreted Signaling	CellChatDB	GDF7_BMPR1B_ACVR2A	KEGG: hsa04350; PMID:26893264		BMP antagonist		BMP inhibition receptor	CellChatDB v1
GDF7	BMPR1B+ACVR2B	BMP	1.0	Secreted Signaling	CellChatDB	GDF7_BMPR1B_ACVR2B	KEGG: hsa04350; PMID:26893264		BMP antagonist		BMP inhibition receptor	CellChatDB v1
GDF7	BMPR1B+BMPR2	BMP	1.0	Secreted Signaling	CellChatDB	GDF7_BMPR1B_BMPR2	KEGG: hsa04350; PMID:26893264		BMP antagonist		BMP inhibition receptor	CellChatDB v1
BMP15	BMPR1B+BMPR2	BMP	1.0	Secreted Signaling	CellChatDB	BMP15_BMPR1B_BMPR2	KEGG: hsa04350; PMID:26893264		BMP antagonist		BMP inhibition receptor	CellChatDB v1
BMP5	ACVR1+ACVR2A	BMP	1.0	Secreted Signaling	CellChatDB	BMP5_ACVR1_ACVR2A	KEGG: hsa04350; PMID:26893264		BMP antagonist		BMP inhibition receptor	CellChatDB v1
BMP5	ACVR1+ACVR2B	BMP	1.0	Secreted Signaling	CellChatDB	BMP5_ACVR1_ACVR2B	KEGG: hsa04350; PMID:26893264		BMP antagonist		BMP inhibition receptor	CellChatDB v1
BMP5	BMPR2+ACVR1	BMP	1.0	Secreted Signaling	CellChatDB	BMP5_ACVR1_BMPR2	KEGG: hsa04350; PMID:26893264		BMP antagonist		BMP inhibition receptor	CellChatDB v1
BMP5	ACVR2A+BMPR1A	BMP	1.0	Secreted Signaling	CellChatDB	BMP5_BMPR1A_ACVR2A	KEGG: hsa04350; PMID:26893264		BMP antagonist		BMP inhibition receptor	CellChatDB v1
BMP5	ACVR2B+BMPR1A	BMP	1.0	Secreted Signaling	CellChatDB	BMP5_BMPR1A_ACVR2B	KEGG: hsa04350; PMID:26893264		BMP antagonist		BMP inhibition receptor	CellChatDB v1
BMP5	BMPR2+BMPR1A	BMP	1.0	Secreted Signaling	CellChatDB	BMP5_BMPR1A_BMPR2	KEGG: hsa04350; PMID:26893264		BMP antagonist		BMP inhibition receptor	CellChatDB v1
BMP5	BMPR1B+ACVR2A	BMP	1.0	Secreted Signaling	CellChatDB	BMP5_BMPR1B_ACVR2A	KEGG: hsa04350; PMID:26893264		BMP antagonist		BMP inhibition receptor	CellChatDB v1
BMP5	BMPR1B+ACVR2B	BMP	1.0	Secreted Signaling	CellChatDB	BMP5_BMPR1B_ACVR2B	KEGG: hsa04350; PMID:26893264		BMP antagonist		BMP inhibition receptor	CellChatDB v1
BMP5	BMPR1B+BMPR2	BMP	1.0	Secreted Signaling	CellChatDB	BMP5_BMPR1B_BMPR2	KEGG: hsa04350; PMID:26893264		BMP antagonist		BMP inhibition receptor	CellChatDB v1
BMP6	ACVR1+ACVR2A	BMP	1.0	Secreted Signaling	CellChatDB	BMP6_ACVR1_ACVR2A	KEGG: hsa04350; PMID:26893264		BMP antagonist		BMP inhibition receptor	CellChatDB v1
BMP6	ACVR1+ACVR2B	BMP	1.0	Secreted Signaling	CellChatDB	BMP6_ACVR1_ACVR2B	KEGG: hsa04350; PMID:26893264		BMP antagonist		BMP inhibition receptor	CellChatDB v1
BMP6	BMPR2+ACVR1	BMP	1.0	Secreted Signaling	CellChatDB	BMP6_ACVR1_BMPR2	KEGG: hsa04350; PMID:26893264		BMP antagonist		BMP inhibition receptor	CellChatDB v1
BMP6	ACVR2A+BMPR1A	BMP	1.0	Secreted Signaling	CellChatDB	BMP6_BMPR1A_ACVR2A	KEGG: hsa04350; PMID:26893264		BMP antagonist		BMP inhibition receptor	CellChatDB v1
BMP6	ACVR2B+BMPR1A	BMP	1.0	Secreted Signaling	CellChatDB	BMP6_BMPR1A_ACVR2B	KEGG: hsa04350; PMID:26893264		BMP antagonist		BMP inhibition receptor	CellChatDB v1
BMP6	BMPR2+BMPR1A	BMP	1.0	Secreted Signaling	CellChatDB	BMP6_BMPR1A_BMPR2	KEGG: hsa04350; PMID:26893264		BMP antagonist		BMP inhibition receptor	CellChatDB v1
BMP6	BMPR1B+ACVR2A	BMP	1.0	Secreted Signaling	CellChatDB	BMP6_BMPR1B_ACVR2A	KEGG: hsa04350; PMID:26893264		BMP antagonist		BMP inhibition receptor	CellChatDB v1
BMP6	BMPR1B+ACVR2B	BMP	1.0	Secreted Signaling	CellChatDB	BMP6_BMPR1B_ACVR2B	KEGG: hsa04350; PMID:26893264		BMP antagonist		BMP inhibition receptor	CellChatDB v1
BMP6	BMPR1B+BMPR2	BMP	1.0	Secreted Signaling	CellChatDB	BMP6_BMPR1B_BMPR2	KEGG: hsa04350; PMID:26893264		BMP antagonist		BMP inhibition receptor	CellChatDB v1
BMP7	ACVR1+ACVR2A	BMP	1.0	Secreted Signaling	CellChatDB	BMP7_ACVR1_ACVR2A	KEGG: hsa04350; PMID:26893264		BMP antagonist		BMP inhibition receptor	CellChatDB v1
BMP7	ACVR1+ACVR2B	BMP	1.0	Secreted Signaling	CellChatDB	BMP7_ACVR1_ACVR2B	KEGG: hsa04350; PMID:26893264		BMP antagonist		BMP inhibition receptor	CellChatDB v1
BMP7	BMPR2+ACVR1	BMP	1.0	Secreted Signaling	CellChatDB	BMP7_ACVR1_BMPR2	KEGG: hsa04350; PMID:26893264		BMP antagonist		BMP inhibition receptor	CellChatDB v1
BMP7	ACVR2A+BMPR1A	BMP	1.0	Secreted Signaling	CellChatDB	BMP7_BMPR1A_ACVR2A	KEGG: hsa04350; PMID:26893264		BMP antagonist		BMP inhibition receptor	CellChatDB v1
BMP7	ACVR2B+BMPR1A	BMP	1.0	Secreted Signaling	CellChatDB	BMP7_BMPR1A_ACVR2B	KEGG: hsa04350; PMID:26893264		BMP antagonist		BMP inhibition receptor	CellChatDB v1
BMP7	BMPR2+BMPR1A	BMP	1.0	Secreted Signaling	CellChatDB	BMP7_BMPR1A_BMPR2	KEGG: hsa04350; PMID:26893264		BMP antagonist		BMP inhibition receptor	CellChatDB v1
BMP7	BMPR1B+ACVR2A	BMP	1.0	Secreted Signaling	CellChatDB	BMP7_BMPR1B_ACVR2A	KEGG: hsa04350; PMID:26893264		BMP antagonist		BMP inhibition receptor	CellChatDB v1
BMP7	BMPR1B+ACVR2B	BMP	1.0	Secreted Signaling	CellChatDB	BMP7_BMPR1B_ACVR2B	KEGG: hsa04350; PMID:26893264		BMP antagonist		BMP inhibition receptor	CellChatDB v1
BMP7	BMPR1B+BMPR2	BMP	1.0	Secreted Signaling	CellChatDB	BMP7_BMPR1B_BMPR2	KEGG: hsa04350; PMID:26893264		BMP antagonist		BMP inhibition receptor	CellChatDB v1
BMP8A	ACVR1+ACVR2A	BMP	1.0	Secreted Signaling	CellChatDB	BMP8A_ACVR1_ACVR2A	KEGG: hsa04350; PMID:26893264		BMP antagonist		BMP inhibition receptor	CellChatDB v1
BMP8A	ACVR1+ACVR2B	BMP	1.0	Secreted Signaling	CellChatDB	BMP8A_ACVR1_ACVR2B	KEGG: hsa04350; PMID:26893264		BMP antagonist		BMP inhibition receptor	CellChatDB v1
BMP8A	BMPR2+ACVR1	BMP	1.0	Secreted Signaling	CellChatDB	BMP8A_ACVR1_BMPR2	KEGG: hsa04350; PMID:26893264		BMP antagonist		BMP inhibition receptor	CellChatDB v1
BMP8A	ACVR2A+BMPR1A	BMP	1.0	Secreted Signaling	CellChatDB	BMP8A_BMPR1A_ACVR2A	KEGG: hsa04350; PMID:26893264		BMP antagonist		BMP inhibition receptor	CellChatDB v1
BMP8A	ACVR2B+BMPR1A	BMP	1.0	Secreted Signaling	CellChatDB	BMP8A_BMPR1A_ACVR2B	KEGG: hsa04350; PMID:26893264		BMP antagonist		BMP inhibition receptor	CellChatDB v1
BMP8A	BMPR2+BMPR1A	BMP	1.0	Secreted Signaling	CellChatDB	BMP8A_BMPR1A_BMPR2	KEGG: hsa04350; PMID:26893264		BMP antagonist		BMP inhibition receptor	CellChatDB v1
BMP8A	BMPR1B+ACVR2A	BMP	1.0	Secreted Signaling	CellChatDB	BMP8A_BMPR1B_ACVR2A	KEGG: hsa04350; PMID:26893264		BMP antagonist		BMP inhibition receptor	CellChatDB v1
BMP8A	BMPR1B+ACVR2B	BMP	1.0	Secreted Signaling	CellChatDB	BMP8A_BMPR1B_ACVR2B	KEGG: hsa04350; PMID:26893264		BMP antagonist		BMP inhibition receptor	CellChatDB v1
BMP8A	BMPR1B+BMPR2	BMP	1.0	Secreted Signaling	CellChatDB	BMP8A_BMPR1B_BMPR2	KEGG: hsa04350; PMID:26893264		BMP antagonist		BMP inhibition receptor	CellChatDB v1
BMP8B	ACVR1+ACVR2A	BMP	1.0	Secreted Signaling	CellChatDB	BMP8B_ACVR1_ACVR2A	KEGG: hsa04350; PMID:26893264		BMP antagonist		BMP inhibition receptor	CellChatDB v1
BMP8B	ACVR1+ACVR2B	BMP	1.0	Secreted Signaling	CellChatDB	BMP8B_ACVR1_ACVR2B	KEGG: hsa04350; PMID:26893264		BMP antagonist		BMP inhibition receptor	CellChatDB v1
BMP8B	BMPR2+ACVR1	BMP	1.0	Secreted Signaling	CellChatDB	BMP8B_ACVR1_BMPR2	KEGG: hsa04350; PMID:26893264		BMP antagonist		BMP inhibition receptor	CellChatDB v1
BMP8B	ACVR2A+BMPR1A	BMP	1.0	Secreted Signaling	CellChatDB	BMP8B_BMPR1A_ACVR2A	KEGG: hsa04350; PMID:26893264		BMP antagonist		BMP inhibition receptor	CellChatDB v1
BMP8B	ACVR2B+BMPR1A	BMP	1.0	Secreted Signaling	CellChatDB	BMP8B_BMPR1A_ACVR2B	KEGG: hsa04350; PMID:26893264		BMP antagonist		BMP inhibition receptor	CellChatDB v1
BMP8B	BMPR2+BMPR1A	BMP	1.0	Secreted Signaling	CellChatDB	BMP8B_BMPR1A_BMPR2	KEGG: hsa04350; PMID:26893264		BMP antagonist		BMP inhibition receptor	CellChatDB v1
BMP8B	BMPR1B+ACVR2A	BMP	1.0	Secreted Signaling	CellChatDB	BMP8B_BMPR1B_ACVR2A	KEGG: hsa04350; PMID:26893264		BMP antagonist		BMP inhibition receptor	CellChatDB v1
BMP8B	BMPR1B+ACVR2B	BMP	1.0	Secreted Signaling	CellChatDB	BMP8B_BMPR1B_ACVR2B	KEGG: hsa04350; PMID:26893264		BMP antagonist		BMP inhibition receptor	CellChatDB v1
BMP8B	BMPR1B+BMPR2	BMP	1.0	Secreted Signaling	CellChatDB	BMP8B_BMPR1B_BMPR2	KEGG: hsa04350; PMID:26893264		BMP antagonist		BMP inhibition receptor	CellChatDB v1
BMP10	BMPR2+ACVRL1	BMP10	1.0	Secreted Signaling	CellChatDB	BMP10_ACVRL1_BMPR2	KEGG: hsa04350; PMID:26893264; PMID: 25620979			BMP10 activation receptor		CellChatDB v1
BMP10	ACVR2A+ACVRL1	BMP10	1.0	Secreted Signaling	CellChatDB	BMP10_ACVRL1_ACVR2A	KEGG: hsa04350; PMID:26893264; PMID: 25620979			BMP10 activation receptor		CellChatDB v1
GDF2	BMPR2+ACVRL1	BMP10	1.0	Secreted Signaling	CellChatDB	GDF2_ACVRL1_BMPR2	KEGG: hsa04350; PMID:26893264			BMP10 activation receptor		CellChatDB v1
GDF2	ACVR2A+ACVRL1	BMP10	1.0	Secreted Signaling	CellChatDB	GDF2_ACVRL1_ACVR2A	KEGG: hsa04350; PMID:26893264			BMP10 activation receptor		CellChatDB v1
GDF9	BMPR2+ACVR1B	GDF	1.0	Secreted Signaling	CellChatDB	GDF9_ACVR1B_BMPR2	KEGG: hsa04350					CellChatDB v1
GDF10	ACVR1B+ACVR2A	GDF	1.0	Secreted Signaling	CellChatDB	GDF10_ACVR1B_ACVR2A	KEGG: hsa04350					CellChatDB v1
GDF11	ACVR2A+TGFBR1	GDF	1.0	Secreted Signaling	CellChatDB	GDF11_TGFBR1_ACVR2A	KEGG: hsa04350					CellChatDB v1
GDF11	ACVR2B+TGFBR1	GDF	1.0	Secreted Signaling	CellChatDB	GDF11_TGFBR1_ACVR2B	KEGG: hsa04350					CellChatDB v1
GDF11	ACVR1B+ACVR2B	GDF	1.0	Secreted Signaling	CellChatDB	GDF11_ACVR1B_ACVR2B	KEGG: hsa04350					CellChatDB v1
GDF15	TGFBR2	GDF	1.0	Secreted Signaling	CellChatDB	GDF15_TGFBR2	KEGG: hsa04350					CellChatDB v1
MSTN	ACVR2B+TGFBR1	MSTN	1.0	Secreted Signaling	CellChatDB	MSTN_TGFBR1_ACVR2B	KEGG: hsa04060					CellChatDB v1
MSTN	ACVR1B+ACVR2B	MSTN	1.0	Secreted Signaling	CellChatDB	MSTN_ACVR1B_ACVR2B	KEGG: hsa04060					CellChatDB v1
MSTN	ACVR1B+ACVR2A	MSTN	1.0	Secreted Signaling	CellChatDB	MSTN_ACVR1B_ACVR2A	KEGG: hsa04060					CellChatDB v1
MSTN	ACVR2A+TGFBR1	MSTN	1.0	Secreted Signaling	CellChatDB	MSTN_TGFBR1_ACVR2A	KEGG: hsa04060					CellChatDB v1
AMH	ACVR1+AMHR2	AMH	1.0	Secreted Signaling	CellChatDB	AMH_AMHR2_ACVR1	KEGG: hsa04060					CellChatDB v1
AMH	AMHR2+BMPR1A	AMH	1.0	Secreted Signaling	CellChatDB	AMH_AMHR2_BMPR1A	KEGG: hsa04060					CellChatDB v1
GDNF	GFRA1+RET	GDNF	1.0	Secreted Signaling	CellChatDB	GDNF_GFRA1	PMID: 11544105					CellChatDB v1
NRTN	GFRA2+RET	GDNF	1.0	Secreted Signaling	CellChatDB	NRTN_GFRA2	PMID: 11544106					CellChatDB v1
ARTN	GFRA3+RET	GDNF	1.0	Secreted Signaling	CellChatDB	ARTN_GFRA3	PMID: 11544107					CellChatDB v1
PSPN	GFRA4+RET	GDNF	1.0	Secreted Signaling	CellChatDB	PSPN_GFRA4	PMID: 11544108					CellChatDB v1
ARTN	GFRA1+RET	GDNF	1.0	Secreted Signaling	CellChatDB	ARTN_GFRA1	PMID: 11544109					CellChatDB v1
NODAL	ACVR1B+ACVR2A+CFC1	NODAL	1.0	Secreted Signaling	CellChatDB	NODAL_ACVR1B_ACVR2A	KEGG: hsa04350; PMID: 17287255	NODAL agonist	NODAL antagonist			CellChatDB v1
NODAL	ACVR1C+ACVR2A+CFC1	NODAL	1.0	Secreted Signaling	CellChatDB	NODAL_ACVR1C_ACVR2A	KEGG: hsa04350; PMID: 17287255	NODAL agonist	NODAL antagonist			CellChatDB v1
NODAL	ACVR1B+ACVR2B+CFC1	NODAL	1.0	Secreted Signaling	CellChatDB	NODAL_ACVR1B_ACVR2B	KEGG: hsa04350; PMID: 17287255	NODAL agonist	NODAL antagonist			CellChatDB v1
NODAL	ACVR1C+ACVR2B+CFC1	NODAL	1.0	Secreted Signaling	CellChatDB	NODAL_ACVR1C_ACVR2B	KEGG: hsa04350; PMID: 17287255	NODAL agonist	NODAL antagonist			CellChatDB v1
GDF1	ACVR1B+ACVR2A+CFC1	NODAL	1.0	Secreted Signaling	CellChatDB	GDF1_ACVR1B_ACVR2A	KEGG: hsa04350; PMID: 17287255	NODAL agonist	NODAL antagonist			CellChatDB v1
GDF1	ACVR1B+ACVR2B+CFC1	NODAL	1.0	Secreted Signaling	CellChatDB	GDF1_ACVR1B_ACVR2B	KEGG: hsa04350; PMID: 17287255	NODAL agonist	NODAL antagonist			CellChatDB v1
GDF1	ACVR1C+ACVR2A+CFC1	NODAL	1.0	Secreted Signaling	CellChatDB	GDF1_ACVR1C_ACVR2A	KEGG: hsa04350; PMID: 17287255	NODAL agonist	NODAL antagonist			CellChatDB v1
GDF1	ACVR1C+ACVR2B+CFC1	NODAL	1.0	Secreted Signaling	CellChatDB	GDF1_ACVR1C_ACVR2B	KEGG: hsa04350; PMID: 17287255	NODAL agonist	NODAL antagonist			CellChatDB v1
GDF3	ACVR1B+ACVR2A+CFC1	NODAL	1.0	Secreted Signaling	CellChatDB	GDF3_ACVR1B_ACVR2A	KEGG: hsa04350; PMID: 17287255	NODAL agonist	NODAL antagonist			CellChatDB v1
GDF3	ACVR1B+ACVR2B+CFC1	NODAL	1.0	Secreted Signaling	CellChatDB	GDF3_ACVR1B_ACVR2B	KEGG: hsa04350; PMID: 17287255	NODAL agonist	NODAL antagonist			CellChatDB v1
GDF3	ACVR1C+ACVR2A+CFC1	NODAL	1.0	Secreted Signaling	CellChatDB	GDF3_ACVR1C_ACVR2A	KEGG: hsa04350; PMID: 17287255	NODAL agonist	NODAL antagonist			CellChatDB v1
GDF3	ACVR1C+ACVR2B+CFC1	NODAL	1.0	Secreted Signaling	CellChatDB	GDF3_ACVR1C_ACVR2B	KEGG: hsa04350; PMID: 17287255	NODAL agonist	NODAL antagonist			CellChatDB v1
INHBA	ACVR1B+ACVR2A	ACTIVIN	1.0	Secreted Signaling	CellChatDB	INHBA_ACVR1B_ACVR2A	KEGG: hsa04350		ACTIVIN antagonist		ACTIVIN inhibition receptor	CellChatDB v1
INHBA	ACVR1B+ACVR2B	ACTIVIN	1.0	Secreted Signaling	CellChatDB	INHBA_ACVR1B_ACVR2B	KEGG: hsa04351		ACTIVIN antagonist		ACTIVIN inhibition receptor	CellChatDB v1
INHBB	ACVR1B+ACVR2A	ACTIVIN	1.0	Secreted Signaling	CellChatDB	INHBB_ACVR1B_ACVR2A	KEGG: hsa04352		ACTIVIN antagonist		ACTIVIN inhibition receptor	CellChatDB v1
INHBB	ACVR1B+ACVR2B	ACTIVIN	1.0	Secreted Signaling	CellChatDB	INHBB_ACVR1B_ACVR2B	KEGG: hsa04353		ACTIVIN antagonist		ACTIVIN inhibition receptor	CellChatDB v1
INHBB	ACVR1C+ACVR2A	ACTIVIN	1.0	Secreted Signaling	CellChatDB	INHBB_ACVR1C_ACVR2A	KEGG: hsa04354		ACTIVIN antagonist		ACTIVIN inhibition receptor	CellChatDB v1
INHBB	ACVR1C+ACVR2B	ACTIVIN	1.0	Secreted Signaling	CellChatDB	INHBB_ACVR1C_ACVR2B	KEGG: hsa04355		ACTIVIN antagonist		ACTIVIN inhibition receptor	CellChatDB v1
INHBC	ACVR1B+ACVR2A	ACTIVIN	1.0	Secreted Signaling	CellChatDB	INHBC_ACVR1B_ACVR2A	KEGG: hsa04356		ACTIVIN antagonist		ACTIVIN inhibition receptor	CellChatDB v1
INHBC	ACVR1B+ACVR2B	ACTIVIN	1.0	Secreted Signaling	CellChatDB	INHBC_ACVR1B_ACVR2B	KEGG: hsa04357		ACTIVIN antagonist		ACTIVIN inhibition receptor	CellChatDB v1
INHBC	ACVR1C+ACVR2A	ACTIVIN	1.0	Secreted Signaling	CellChatDB	INHBC_ACVR1C_ACVR2A	KEGG: hsa04358		ACTIVIN antagonist		ACTIVIN inhibition receptor	CellChatDB v1
INHBC	ACVR1C+ACVR2B	ACTIVIN	1.0	Secreted Signaling	CellChatDB	INHBC_ACVR1C_ACVR2B	KEGG: hsa04359		ACTIVIN antagonist		ACTIVIN inhibition receptor	CellChatDB v1
INHBE	ACVR1B+ACVR2A	ACTIVIN	1.0	Secreted Signaling	CellChatDB	INHBE_ACVR1B_ACVR2A	KEGG: hsa04360		ACTIVIN antagonist		ACTIVIN inhibition receptor	CellChatDB v1
INHBE	ACVR1B+ACVR2B	ACTIVIN	1.0	Secreted Signaling	CellChatDB	INHBE_ACVR1B_ACVR2B	KEGG: hsa04361		ACTIVIN antagonist		ACTIVIN inhibition receptor	CellChatDB v1
INHBE	ACVR1C+ACVR2A	ACTIVIN	1.0	Secreted Signaling	CellChatDB	INHBE_ACVR1C_ACVR2A	KEGG: hsa04362		ACTIVIN antagonist		ACTIVIN inhibition receptor	CellChatDB v1
INHBE	ACVR1C+ACVR2B	ACTIVIN	1.0	Secreted Signaling	CellChatDB	INHBE_ACVR1C_ACVR2B	KEGG: hsa04363		ACTIVIN antagonist		ACTIVIN inhibition receptor	CellChatDB v1
INHBA+INHBB	ACVR1B+ACVR2A	ACTIVIN	1.0	Secreted Signaling	CellChatDB	INHBABB_ACVR1B_ACVR2A	PMID: 2457849; PMID: 22991378		ACTIVIN antagonist		ACTIVIN inhibition receptor	CellChatDB v1
INHBA+INHBB	ACVR1B+ACVR2B	ACTIVIN	1.0	Secreted Signaling	CellChatDB	INHBABB_ACVR1B_ACVR2B	PMID: 2457849; PMID: 22991378		ACTIVIN antagonist		ACTIVIN inhibition receptor	CellChatDB v1
INHBA+INHBB	ACVR1C+ACVR2A	ACTIVIN	1.0	Secreted Signaling	CellChatDB	INHBABB_ACVR1C_ACVR2A	PMID: 2457849; PMID: 22991378		ACTIVIN antagonist		ACTIVIN inhibition receptor	CellChatDB v1
INHBA+INHBB	ACVR1C+ACVR2B	ACTIVIN	1.0	Secreted Signaling	CellChatDB	INHB_ACVR1C_ACVR2B	PMID: 2457849; PMID: 22991378		ACTIVIN antagonist		ACTIVIN inhibition receptor	CellChatDB v1
INHBA+INHA	ACVR2A	ACTIVIN	1.0	Secreted Signaling	CellChatDB	INHABA_ACVR2A	PMID: 15027884		ACTIVIN antagonist		ACTIVIN inhibition receptor	CellChatDB v1
INHA+INHBB	ACVR2B	ACTIVIN	1.0	Secreted Signaling	CellChatDB	INHABB_ACVR2B	PMID: 15027884		ACTIVIN antagonist		ACTIVIN inhibition receptor	CellChatDB v1
WNT1	FZD1+LRP5	WNT	1.0	Secreted Signaling	CellChatDB	WNT1_FZD1_LRP5	KEGG: hsa04310; PMID: 23209147	WNT agonist	WNT antagonist	WNT activation receptor	WNT inhibition receptor	CellChatDB v1
WNT1	FZD10+LRP5	WNT	1.0	Secreted Signaling	CellChatDB	WNT1_FZD10_LRP5	KEGG: hsa04310; PMID: 23209147	WNT agonist	WNT antagonist	WNT activation receptor	WNT inhibition receptor	CellChatDB v1
WNT1	FZD2+LRP5	WNT	1.0	Secreted Signaling	CellChatDB	WNT1_FZD2_LRP5	KEGG: hsa04310; PMID: 23209147	WNT agonist	WNT antagonist	WNT activation receptor	WNT inhibition receptor	CellChatDB v1
WNT1	LRP5+FZD3	WNT	1.0	Secreted Signaling	CellChatDB	WNT1_FZD3_LRP5	KEGG: hsa04310; PMID: 23209147	WNT agonist	WNT antagonist	WNT activation receptor	WNT inhibition receptor	CellChatDB v1
WNT1	FZD4+LRP5	WNT	1.0	Secreted Signaling	CellChatDB	WNT1_FZD4_LRP5	KEGG: hsa04310; PMID: 23209147	WNT agonist	WNT antagonist	WNT activation receptor	WNT inhibition receptor	CellChatDB v1
WNT1	FZD5+LRP5	WNT	1.0	Secreted Signaling	CellChatDB	WNT1_FZD5_LRP5	KEGG: hsa04310; PMID: 23209147	WNT agonist	WNT antagonist	WNT activation receptor	WNT inhibition receptor	CellChatDB v1
WNT1	FZD6+LRP5	WNT	1.0	Secreted Signaling	CellChatDB	WNT1_FZD6_LRP5	KEGG: hsa04310; PMID: 23209147	WNT agonist	WNT antagonist	WNT activation receptor	WNT inhibition receptor	CellChatDB v1
WNT1	LRP5+FZD7	WNT	1.0	Secreted Signaling	CellChatDB	WNT1_FZD7_LRP5	KEGG: hsa04310; PMID: 23209147	WNT agonist	WNT antagonist	WNT activation receptor	WNT inhibition receptor	CellChatDB v1
WNT1	FZD8+LRP5	WNT	1.0	Secreted Signaling	CellChatDB	WNT1_FZD8_LRP5	KEGG: hsa04310; PMID: 23209147	WNT agonist	WNT antagonist	WNT activation receptor	WNT inhibition receptor	CellChatDB v1
WNT1	FZD9+LRP5	WNT	1.0	Secreted Signaling	CellChatDB	WNT1_FZD9_LRP5	KEGG: hsa04310; PMID: 23209147	WNT agonist	WNT antagonist	WNT activation receptor	WNT inhibition receptor	CellChatDB v1
WNT10A	FZD1+LRP5	WNT	1.0	Secreted Signaling	CellChatDB	WNT10A_FZD1_LRP5	KEGG: hsa04310; PMID: 23209147	WNT agonist	WNT antagonist	WNT activation receptor	WNT inhibition receptor	CellChatDB v1
WNT10A	FZD10+LRP5	WNT	1.0	Secreted Signaling	CellChatDB	WNT10A_FZD10_LRP5	KEGG: hsa04310; PMID: 23209147	WNT agonist	WNT antagonist	WNT activation receptor	WNT inhibition receptor	CellChatDB v1
WNT10A	FZD2+LRP5	WNT	1.0	Secreted Signaling	CellChatDB	WNT10A_FZD2_LRP5	KEGG: hsa04310; PMID: 23209147	WNT agonist	WNT antagonist	WNT activation receptor	WNT inhibition receptor	CellChatDB v1
WNT10A	LRP5+FZD3	WNT	1.0	Secreted Signaling	CellChatDB	WNT10A_FZD3_LRP5	KEGG: hsa04310; PMID: 23209147	WNT agonist	WNT antagonist	WNT activation receptor	WNT inhibition receptor	CellChatDB v1
WNT10A	FZD4+LRP5	WNT	1.0	Secreted Signaling	CellChatDB	WNT10A_FZD4_LRP5	KEGG: hsa04310; PMID: 23209147	WNT agonist	WNT antagonist	WNT activation receptor	WNT inhibition receptor	CellChatDB v1
WNT10A	FZD5+LRP5	WNT	1.0	Secreted Signaling	CellChatDB	WNT10A_FZD5_LRP5	KEGG: hsa04310; PMID: 23209147	WNT agonist	WNT antagonist	WNT activation receptor	WNT inhibition receptor	CellChatDB v1
WNT10A	FZD6+LRP5	WNT	1.0	Secreted Signaling	CellChatDB	WNT10A_FZD6_LRP5	KEGG: hsa04310; PMID: 23209147	WNT agonist	WNT antagonist	WNT activation receptor	WNT inhibition receptor	CellChatDB v1
WNT10A	LRP5+FZD7	WNT	1.0	Secreted Signaling	CellChatDB	WNT10A_FZD7_LRP5	KEGG: hsa04310; PMID: 23209147	WNT agonist	WNT antagonist	WNT activation receptor	WNT inhibition receptor	CellChatDB v1
WNT10A	FZD8+LRP5	WNT	1.0	Secreted Signaling	CellChatDB	WNT10A_FZD8_LRP5	KEGG: hsa04310; PMID: 23209147	WNT agonist	WNT antagonist	WNT activation receptor	WNT inhibition receptor	CellChatDB v1
WNT10A	FZD9+LRP5	WNT	1.0	Secreted Signaling	CellChatDB	WNT10A_FZD9_LRP5	KEGG: hsa04310; PMID: 23209147	WNT agonist	WNT antagonist	WNT activation receptor	WNT inhibition receptor	CellChatDB v1
WNT10B	FZD1+LRP5	WNT	1.0	Secreted Signaling	CellChatDB	WNT10B_FZD1_LRP5	KEGG: hsa04310; PMID: 23209147	WNT agonist	WNT antagonist	WNT activation receptor	WNT inhibition receptor	CellChatDB v1
WNT10B	FZD10+LRP5	WNT	1.0	Secreted Signaling	CellChatDB	WNT10B_FZD10_LRP5	KEGG: hsa04310; PMID: 23209147	WNT agonist	WNT antagonist	WNT activation receptor	WNT inhibition receptor	CellChatDB v1
WNT10B	FZD2+LRP5	WNT	1.0	Secreted Signaling	CellChatDB	WNT10B_FZD2_LRP5	KEGG: hsa04310; PMID: 23209147	WNT agonist	WNT antagonist	WNT activation receptor	WNT inhibition receptor	CellChatDB v1
WNT10B	LRP5+FZD3	WNT	1.0	Secreted Signaling	CellChatDB	WNT10B_FZD3_LRP5	KEGG: hsa04310; PMID: 23209147	WNT agonist	WNT antagonist	WNT activation receptor	WNT inhibition receptor	CellChatDB v1
WNT10B	FZD4+LRP5	WNT	1.0	Secreted Signaling	CellChatDB	WNT10B_FZD4_LRP5	KEGG: hsa04310; PMID: 23209147	WNT agonist	WNT antagonist	WNT activation receptor	WNT inhibition receptor	CellChatDB v1
WNT10B	FZD5+LRP5	WNT	1.0	Secreted Signaling	CellChatDB	WNT10B_FZD5_LRP5	KEGG: hsa04310; PMID: 23209147	WNT agonist	WNT antagonist	WNT activation receptor	WNT inhibition receptor	CellChatDB v1
WNT10B	FZD6+LRP5	WNT	1.0	Secreted Signaling	CellChatDB	WNT10B_FZD6_LRP5	KEGG: hsa04310; PMID: 23209147	WNT agonist	WNT antagonist	WNT activation receptor	WNT inhibition receptor	CellChatDB v1
WNT10B	LRP5+FZD7	WNT	1.0	Secreted Signaling	CellChatDB	WNT10B_FZD7_LRP5	KEGG: hsa04310; PMID: 23209147	WNT agonist	WNT antagonist	WNT activation receptor	WNT inhibition receptor	CellChatDB v1
WNT10B	FZD8+LRP5	WNT	1.0	Secreted Signaling	CellChatDB	WNT10B_FZD8_LRP5	KEGG: hsa04310; PMID: 23209147	WNT agonist	WNT antagonist	WNT activation receptor	WNT inhibition receptor	CellChatDB v1
WNT10B	FZD9+LRP5	WNT	1.0	Secreted Signaling	CellChatDB	WNT10B_FZD9_LRP5	KEGG: hsa04310; PMID: 23209147	WNT agonist	WNT antagonist	WNT activation receptor	WNT inhibition receptor	CellChatDB v1
WNT16	FZD1+LRP5	WNT	1.0	Secreted Signaling	CellChatDB	WNT16_FZD1_LRP5	KEGG: hsa04310; PMID: 23209147	WNT agonist	WNT antagonist	WNT activation receptor	WNT inhibition receptor	CellChatDB v1
WNT16	FZD10+LRP5	WNT	1.0	Secreted Signaling	CellChatDB	WNT16_FZD10_LRP5	KEGG: hsa04310; PMID: 23209147	WNT agonist	WNT antagonist	WNT activation receptor	WNT inhibition receptor	CellChatDB v1
WNT16	FZD2+LRP5	WNT	1.0	Secreted Signaling	CellChatDB	WNT16_FZD2_LRP5	KEGG: hsa04310; PMID: 23209147	WNT agonist	WNT antagonist	WNT activation receptor	WNT inhibition receptor	CellChatDB v1
WNT16	LRP5+FZD3	WNT	1.0	Secreted Signaling	CellChatDB	WNT16_FZD3_LRP5	KEGG: hsa04310; PMID: 23209147	WNT agonist	WNT antagonist	WNT activation receptor	WNT inhibition receptor	CellChatDB v1
WNT16	FZD4+LRP5	WNT	1.0	Secreted Signaling	CellChatDB	WNT16_FZD4_LRP5	KEGG: hsa04310; PMID: 23209147	WNT agonist	WNT antagonist	WNT activation receptor	WNT inhibition receptor	CellChatDB v1
WNT16	FZD5+LRP5	WNT	1.0	Secreted Signaling	CellChatDB	WNT16_FZD5_LRP5	KEGG: hsa04310; PMID: 23209147	WNT agonist	WNT antagonist	WNT activation receptor	WNT inhibition receptor	CellChatDB v1
WNT16	FZD6+LRP5	WNT	1.0	Secreted Signaling	CellChatDB	WNT16_FZD6_LRP5	KEGG: hsa04310; PMID: 23209147	WNT agonist	WNT antagonist	WNT activation receptor	WNT inhibition receptor	CellChatDB v1
WNT16	LRP5+FZD7	WNT	1.0	Secreted Signaling	CellChatDB	WNT16_FZD7_LRP5	KEGG: hsa04310; PMID: 23209147	WNT agonist	WNT antagonist	WNT activation receptor	WNT inhibition receptor	CellChatDB v1
WNT16	FZD8+LRP5	WNT	1.0	Secreted Signaling	CellChatDB	WNT16_FZD8_LRP5	KEGG: hsa04310; PMID: 23209147	WNT agonist	WNT antagonist	WNT activation receptor	WNT inhibition receptor	CellChatDB v1
WNT16	FZD9+LRP5	WNT	1.0	Secreted Signaling	CellChatDB	WNT16_FZD9_LRP5	KEGG: hsa04310; PMID: 23209147	WNT agonist	WNT antagonist	WNT activation receptor	WNT inhibition receptor	CellChatDB v1
WNT2	FZD1+LRP5	WNT	1.0	Secreted Signaling	CellChatDB	WNT2_FZD1_LRP5	KEGG: hsa04310; PMID: 23209147	WNT agonist	WNT antagonist	WNT activation receptor	WNT inhibition receptor	CellChatDB v1
WNT2	FZD10+LRP5	WNT	1.0	Secreted Signaling	CellChatDB	WNT2_FZD10_LRP5	KEGG: hsa04310; PMID: 23209147	WNT agonist	WNT antagonist	WNT activation receptor	WNT inhibition receptor	CellChatDB v1
WNT2	FZD2+LRP5	WNT	1.0	Secreted Signaling	CellChatDB	WNT2_FZD2_LRP5	KEGG: hsa04310; PMID: 23209147	WNT agonist	WNT antagonist	WNT activation receptor	WNT inhibition receptor	CellChatDB v1
WNT2	LRP5+FZD3	WNT	1.0	Secreted Signaling	CellChatDB	WNT2_FZD3_LRP5	KEGG: hsa04310; PMID: 23209147	WNT agonist	WNT antagonist	WNT activation receptor	WNT inhibition receptor	CellChatDB v1
WNT2	FZD4+LRP5	WNT	1.0	Secreted Signaling	CellChatDB	WNT2_FZD4_LRP5	KEGG: hsa04310; PMID: 23209147	WNT agonist	WNT antagonist	WNT activation receptor	WNT inhibition receptor	CellChatDB v1
WNT2	FZD5+LRP5	WNT	1.0	Secreted Signaling	CellChatDB	WNT2_FZD5_LRP5	KEGG: hsa04310; PMID: 23209147	WNT agonist	WNT antagonist	WNT activation receptor	WNT inhibition receptor	CellChatDB v1
WNT2	FZD6+LRP5	WNT	1.0	Secreted Signaling	CellChatDB	WNT2_FZD6_LRP5	KEGG: hsa04310; PMID: 23209147	WNT agonist	WNT antagonist	WNT activation receptor	WNT inhibition receptor	CellChatDB v1
WNT2	LRP5+FZD7	WNT	1.0	Secreted Signaling	CellChatDB	WNT2_FZD7_LRP5	KEGG: hsa04310; PMID: 23209147	WNT agonist	WNT antagonist	WNT activation receptor	WNT inhibition receptor	CellChatDB v1
WNT2	FZD8+LRP5	WNT	1.0	Secreted Signaling	CellChatDB	WNT2_FZD8_LRP5	KEGG: hsa04310; PMID: 23209147	WNT agonist	WNT antagonist	WNT activation receptor	WNT inhibition receptor	CellChatDB v1
WNT2	FZD9+LRP5	WNT	1.0	Secreted Signaling	CellChatDB	WNT2_FZD9_LRP5	KEGG: hsa04310; PMID: 23209147	WNT agonist	WNT antagonist	WNT activation receptor	WNT inhibition receptor	CellChatDB v1
WNT2B	FZD1+LRP5	WNT	1.0	Secreted Signaling	CellChatDB	WNT2B_FZD1_LRP5	KEGG: hsa04310; PMID: 23209147	WNT agonist	WNT antagonist	WNT activation receptor	WNT inhibition receptor	CellChatDB v1
WNT2B	FZD10+LRP5	WNT	1.0	Secreted Signaling	CellChatDB	WNT2B_FZD10_LRP5	KEGG: hsa04310; PMID: 23209147	WNT agonist	WNT antagonist	WNT activation receptor	WNT inhibition receptor	CellChatDB v1
WNT2B	FZD2+LRP5	WNT	1.0	Secreted Signaling	CellChatDB	WNT2B_FZD2_LRP5	KEGG: hsa04310; PMID: 23209147	WNT agonist	WNT antagonist	WNT activation receptor	WNT inhibition receptor	CellChatDB v1
WNT2B	LRP5+FZD3	WNT	1.0	Secreted Signaling	CellChatDB	WNT2B_FZD3_LRP5	KEGG: hsa04310; PMID: 23209147	WNT agonist	WNT antagonist	WNT activation receptor	WNT inhibition receptor	CellChatDB v1
WNT2B	FZD4+LRP5	WNT	1.0	Secreted Signaling	CellChatDB	WNT2B_FZD4_LRP5	KEGG: hsa04310; PMID: 23209147	WNT agonist	WNT antagonist	WNT activation receptor	WNT inhibition receptor	CellChatDB v1
WNT2B	FZD5+LRP5	WNT	1.0	Secreted Signaling	CellChatDB	WNT2B_FZD5_LRP5	KEGG: hsa04310; PMID: 23209147	WNT agonist	WNT antagonist	WNT activation receptor	WNT inhibition receptor	CellChatDB v1
WNT2B	FZD6+LRP5	WNT	1.0	Secreted Signaling	CellChatDB	WNT2B_FZD6_LRP5	KEGG: hsa04310; PMID: 23209147	WNT agonist	WNT antagonist	WNT activation receptor	WNT inhibition receptor	CellChatDB v1
WNT2B	LRP5+FZD7	WNT	1.0	Secreted Signaling	CellChatDB	WNT2B_FZD7_LRP5	KEGG: hsa04310; PMID: 23209147	WNT agonist	WNT antagonist	WNT activation receptor	WNT inhibition receptor	CellChatDB v1
WNT2B	FZD8+LRP5	WNT	1.0	Secreted Signaling	CellChatDB	WNT2B_FZD8_LRP5	KEGG: hsa04310; PMID: 23209147	WNT agonist	WNT antagonist	WNT activation receptor	WNT inhibition receptor	CellChatDB v1
WNT2B	FZD9+LRP5	WNT	1.0	Secreted Signaling	CellChatDB	WNT2B_FZD9_LRP5	KEGG: hsa04310; PMID: 23209147	WNT agonist	WNT antagonist	WNT activation receptor	WNT inhibition receptor	CellChatDB v1
WNT3	FZD1+LRP5	WNT	1.0	Secreted Signaling	CellChatDB	WNT3_FZD1_LRP5	KEGG: hsa04310; PMID: 23209147	WNT agonist	WNT antagonist	WNT activation receptor	WNT inhibition receptor	CellChatDB v1
WNT3	FZD10+LRP5	WNT	1.0	Secreted Signaling	CellChatDB	WNT3_FZD10_LRP5	KEGG: hsa04310; PMID: 23209147	WNT agonist	WNT antagonist	WNT activation receptor	WNT inhibition receptor	CellChatDB v1
WNT3	FZD2+LRP5	WNT	1.0	Secreted Signaling	CellChatDB	WNT3_FZD2_LRP5	KEGG: hsa04310; PMID: 23209147	WNT agonist	WNT antagonist	WNT activation receptor	WNT inhibition receptor	CellChatDB v1
WNT3	LRP5+FZD3	WNT	1.0	Secreted Signaling	CellChatDB	WNT3_FZD3_LRP5	KEGG: hsa04310; PMID: 23209147	WNT agonist	WNT antagonist	WNT activation receptor	WNT inhibition receptor	CellChatDB v1
WNT3	FZD4+LRP5	WNT	1.0	Secreted Signaling	CellChatDB	WNT3_FZD4_LRP5	KEGG: hsa04310; PMID: 23209147	WNT agonist	WNT antagonist	WNT activation receptor	WNT inhibition receptor	CellChatDB v1
WNT3	FZD5+LRP5	WNT	1.0	Secreted Signaling	CellChatDB	WNT3_FZD5_LRP5	KEGG: hsa04310; PMID: 23209147	WNT agonist	WNT antagonist	WNT activation receptor	WNT inhibition receptor	CellChatDB v1
WNT3	FZD6+LRP5	WNT	1.0	Secreted Signaling	CellChatDB	WNT3_FZD6_LRP5	KEGG: hsa04310; PMID: 23209147	WNT agonist	WNT antagonist	WNT activation receptor	WNT inhibition receptor	CellChatDB v1
WNT3	LRP5+FZD7	WNT	1.0	Secreted Signaling	CellChatDB	WNT3_FZD7_LRP5	KEGG: hsa04310; PMID: 23209147	WNT agonist	WNT antagonist	WNT activation receptor	WNT inhibition receptor	CellChatDB v1
WNT3	FZD8+LRP5	WNT	1.0	Secreted Signaling	CellChatDB	WNT3_FZD8_LRP5	KEGG: hsa04310; PMID: 23209147	WNT agonist	WNT antagonist	WNT activation receptor	WNT inhibition receptor	CellChatDB v1
WNT3	FZD9+LRP5	WNT	1.0	Secreted Signaling	CellChatDB	WNT3_FZD9_LRP5	KEGG: hsa04310; PMID: 23209147	WNT agonist	WNT antagonist	WNT activation receptor	WNT inhibition receptor	CellChatDB v1
WNT3A	FZD1+LRP5	WNT	1.0	Secreted Signaling	CellChatDB	WNT3A_FZD1_LRP5	KEGG: hsa04310; PMID: 23209147	WNT agonist	WNT antagonist	WNT activation receptor	WNT inhibition receptor	CellChatDB v1
WNT3A	FZD10+LRP5	WNT	1.0	Secreted Signaling	CellChatDB	WNT3A_FZD10_LRP5	KEGG: hsa04310; PMID: 23209147	WNT agonist	WNT antagonist	WNT activation receptor	WNT inhibition receptor	CellChatDB v1
WNT3A	FZD2+LRP5	WNT	1.0	Secreted Signaling	CellChatDB	WNT3A_FZD2_LRP5	KEGG: hsa04310; PMID: 23209147	WNT agonist	WNT antagonist	WNT activation receptor	WNT inhibition receptor	CellChatDB v1
WNT3A	LRP5+FZD3	WNT	1.0	Secreted Signaling	CellChatDB	WNT3A_FZD3_LRP5	KEGG: hsa04310; PMID: 23209147	WNT agonist	WNT antagonist	WNT activation receptor	WNT inhibition receptor	CellChatDB v1
WNT3A	FZD4+LRP5	WNT	1.0	Secreted Signaling	CellChatDB	WNT3A_FZD4_LRP5	KEGG: hsa04310; PMID: 23209147	WNT agonist	WNT antagonist	WNT activation receptor	WNT inhibition receptor	CellChatDB v1
WNT3A	FZD5+LRP5	WNT	1.0	Secreted Signaling	CellChatDB	WNT3A_FZD5_LRP5	KEGG: hsa04310; PMID: 23209147	WNT agonist	WNT antagonist	WNT activation receptor	WNT inhibition receptor	CellChatDB v1
WNT3A	FZD6+LRP5	WNT	1.0	Secreted Signaling	CellChatDB	WNT3A_FZD6_LRP5	KEGG: hsa04310; PMID: 23209147	WNT agonist	WNT antagonist	WNT activation receptor	WNT inhibition receptor	CellChatDB v1
WNT3A	LRP5+FZD7	WNT	1.0	Secreted Signaling	CellChatDB	WNT3A_FZD7_LRP5	KEGG: hsa04310; PMID: 23209147	WNT agonist	WNT antagonist	WNT activation receptor	WNT inhibition receptor	CellChatDB v1
WNT3A	FZD8+LRP5	WNT	1.0	Secreted Signaling	CellChatDB	WNT3A_FZD8_LRP5	KEGG: hsa04310; PMID: 23209147	WNT agonist	WNT antagonist	WNT activation receptor	WNT inhibition receptor	CellChatDB v1
WNT3A	FZD9+LRP5	WNT	1.0	Secreted Signaling	CellChatDB	WNT3A_FZD9_LRP5	KEGG: hsa04310; PMID: 23209147	WNT agonist	WNT antagonist	WNT activation receptor	WNT inhibition receptor	CellChatDB v1
WNT4	FZD1+LRP5	WNT	1.0	Secreted Signaling	CellChatDB	WNT4_FZD1_LRP5	KEGG: hsa04310; PMID: 23209147	WNT agonist	WNT antagonist	WNT activation receptor	WNT inhibition receptor	CellChatDB v1
WNT4	FZD10+LRP5	WNT	1.0	Secreted Signaling	CellChatDB	WNT4_FZD10_LRP5	KEGG: hsa04310; PMID: 23209147	WNT agonist	WNT antagonist	WNT activation receptor	WNT inhibition receptor	CellChatDB v1
WNT4	FZD2+LRP5	WNT	1.0	Secreted Signaling	CellChatDB	WNT4_FZD2_LRP5	KEGG: hsa04310; PMID: 23209147	WNT agonist	WNT antagonist	WNT activation receptor	WNT inhibition receptor	CellChatDB v1
WNT4	LRP5+FZD3	WNT	1.0	Secreted Signaling	CellChatDB	WNT4_FZD3_LRP5	KEGG: hsa04310; PMID: 23209147	WNT agonist	WNT antagonist	WNT activation receptor	WNT inhibition receptor	CellChatDB v1
WNT4	FZD4+LRP5	WNT	1.0	Secreted Signaling	CellChatDB	WNT4_FZD4_LRP5	KEGG: hsa04310; PMID: 23209147	WNT agonist	WNT antagonist	WNT activation receptor	WNT inhibition receptor	CellChatDB v1
WNT4	FZD5+LRP5	WNT	1.0	Secreted Signaling	CellChatDB	WNT4_FZD5_LRP5	KEGG: hsa04310; PMID: 23209147	WNT agonist	WNT antagonist	WNT activation receptor	WNT inhibition receptor	CellChatDB v1
WNT4	FZD6+LRP5	WNT	1.0	Secreted Signaling	CellChatDB	WNT4_FZD6_LRP5	KEGG: hsa04310; PMID: 23209147	WNT agonist	WNT antagonist	WNT activation receptor	WNT inhibition receptor	CellChatDB v1
WNT4	LRP5+FZD7	WNT	1.0	Secreted Signaling	CellChatDB	WNT4_FZD7_LRP5	KEGG: hsa04310; PMID: 23209147	WNT agonist	WNT antagonist	WNT activation receptor	WNT inhibition receptor	CellChatDB v1
WNT4	FZD8+LRP5	WNT	1.0	Secreted Signaling	CellChatDB	WNT4_FZD8_LRP5	KEGG: hsa04310; PMID: 23209147	WNT agonist	WNT antagonist	WNT activation receptor	WNT inhibition receptor	CellChatDB v1
WNT4	FZD9+LRP5	WNT	1.0	Secreted Signaling	CellChatDB	WNT4_FZD9_LRP5	KEGG: hsa04310; PMID: 23209147	WNT agonist	WNT antagonist	WNT activation receptor	WNT inhibition receptor	CellChatDB v1
WNT6	FZD1+LRP5	WNT	1.0	Secreted Signaling	CellChatDB	WNT6_FZD1_LRP5	KEGG: hsa04310; PMID: 23209147	WNT agonist	WNT antagonist	WNT activation receptor	WNT inhibition receptor	CellChatDB v1
WNT6	FZD10+LRP5	WNT	1.0	Secreted Signaling	CellChatDB	WNT6_FZD10_LRP5	KEGG: hsa04310; PMID: 23209147	WNT agonist	WNT antagonist	WNT activation receptor	WNT inhibition receptor	CellChatDB v1
WNT6	FZD2+LRP5	WNT	1.0	Secreted Signaling	CellChatDB	WNT6_FZD2_LRP5	KEGG: hsa04310; PMID: 23209147	WNT agonist	WNT antagonist	WNT activation receptor	WNT inhibition receptor	CellChatDB v1
WNT6	LRP5+FZD3	WNT	1.0	Secreted Signaling	CellChatDB	WNT6_FZD3_LRP5	KEGG: hsa04310; PMID: 23209147	WNT agonist	WNT antagonist	WNT activation receptor	WNT inhibition receptor	CellChatDB v1
WNT6	FZD4+LRP5	WNT	1.0	Secreted Signaling	CellChatDB	WNT6_FZD4_LRP5	KEGG: hsa04310; PMID: 23209147	WNT agonist	WNT antagonist	WNT activation receptor	WNT inhibition receptor	CellChatDB v1
WNT6	FZD5+LRP5	WNT	1.0	Secreted Signaling	CellChatDB	WNT6_FZD5_LRP5	KEGG: hsa04310; PMID: 23209147	WNT agonist	WNT antagonist	WNT activation receptor	WNT inhibition receptor	CellChatDB v1
WNT6	FZD6+LRP5	WNT	1.0	Secreted Signaling	CellChatDB	WNT6_FZD6_LRP5	KEGG: hsa04310; PMID: 23209147	WNT agonist	WNT antagonist	WNT activation receptor	WNT inhibition receptor	CellChatDB v1
WNT6	LRP5+FZD7	WNT	1.0	Secreted Signaling	CellChatDB	WNT6_FZD7_LRP5	KEGG: hsa04310; PMID: 23209147	WNT agonist	WNT antagonist	WNT activation receptor	WNT inhibition receptor	CellChatDB v1
WNT6	FZD8+LRP5	WNT	1.0	Secreted Signaling	CellChatDB	WNT6_FZD8_LRP5	KEGG: hsa04310; PMID: 23209147	WNT agonist	WNT antagonist	WNT activation receptor	WNT inhibition receptor	CellChatDB v1
WNT6	FZD9+LRP5	WNT	1.0	Secreted Signaling	CellChatDB	WNT6_FZD9_LRP5	KEGG: hsa04310; PMID: 23209147	WNT agonist	WNT antagonist	WNT activation receptor	WNT inhibition receptor	CellChatDB v1
WNT7A	FZD1+LRP5	WNT	1.0	Secreted Signaling	CellChatDB	WNT7A_FZD1_LRP5	KEGG: hsa04310; PMID: 23209147	WNT agonist	WNT antagonist	WNT activation receptor	WNT inhibition receptor	CellChatDB v1
WNT7A	FZD10+LRP5	WNT	1.0	Secreted Signaling	CellChatDB	WNT7A_FZD10_LRP5	KEGG: hsa04310; PMID: 23209147	WNT agonist	WNT antagonist	WNT activation receptor	WNT inhibition receptor	CellChatDB v1
WNT7A	FZD2+LRP5	WNT	1.0	Secreted Signaling	CellChatDB	WNT7A_FZD2_LRP5	KEGG: hsa04310; PMID: 23209147	WNT agonist	WNT antagonist	WNT activation receptor	WNT inhibition receptor	CellChatDB v1
WNT7A	LRP5+FZD3	WNT	1.0	Secreted Signaling	CellChatDB	WNT7A_FZD3_LRP5	KEGG: hsa04310; PMID: 23209147	WNT agonist	WNT antagonist	WNT activation receptor	WNT inhibition receptor	CellChatDB v1
WNT7A	FZD4+LRP5	WNT	1.0	Secreted Signaling	CellChatDB	WNT7A_FZD4_LRP5	KEGG: hsa04310; PMID: 23209147	WNT agonist	WNT antagonist	WNT activation receptor	WNT inhibition receptor	CellChatDB v1
WNT7A	FZD5+LRP5	WNT	1.0	Secreted Signaling	CellChatDB	WNT7A_FZD5_LRP5	KEGG: hsa04310; PMID: 23209147	WNT agonist	WNT antagonist	WNT activation receptor	WNT inhibition receptor	CellChatDB v1
WNT7A	FZD6+LRP5	WNT	1.0	Secreted Signaling	CellChatDB	WNT7A_FZD6_LRP5	KEGG: hsa04310; PMID: 23209147	WNT agonist	WNT antagonist	WNT activation receptor	WNT inhibition receptor	CellChatDB v1
WNT7A	LRP5+FZD7	WNT	1.0	Secreted Signaling	CellChatDB	WNT7A_FZD7_LRP5	KEGG: hsa04310; PMID: 23209147	WNT agonist	WNT antagonist	WNT activation receptor	WNT inhibition receptor	CellChatDB v1
WNT7A	FZD8+LRP5	WNT	1.0	Secreted Signaling	CellChatDB	WNT7A_FZD8_LRP5	KEGG: hsa04310; PMID: 23209147	WNT agonist	WNT antagonist	WNT activation receptor	WNT inhibition receptor	CellChatDB v1
WNT7A	FZD9+LRP5	WNT	1.0	Secreted Signaling	CellChatDB	WNT7A_FZD9_LRP5	KEGG: hsa04310; PMID: 23209147	WNT agonist	WNT antagonist	WNT activation receptor	WNT inhibition receptor	CellChatDB v1
WNT7B	FZD1+LRP5	WNT	1.0	Secreted Signaling	CellChatDB	WNT7B_FZD1_LRP5	KEGG: hsa04310; PMID: 23209147	WNT agonist	WNT antagonist	WNT activation receptor	WNT inhibition receptor	CellChatDB v1
WNT7B	FZD10+LRP5	WNT	1.0	Secreted Signaling	CellChatDB	WNT7B_FZD10_LRP5	KEGG: hsa04310; PMID: 23209147	WNT agonist	WNT antagonist	WNT activation receptor	WNT inhibition receptor	CellChatDB v1
WNT7B	FZD2+LRP5	WNT	1.0	Secreted Signaling	CellChatDB	WNT7B_FZD2_LRP5	KEGG: hsa04310; PMID: 23209147	WNT agonist	WNT antagonist	WNT activation receptor	WNT inhibition receptor	CellChatDB v1
WNT7B	LRP5+FZD3	WNT	1.0	Secreted Signaling	CellChatDB	WNT7B_FZD3_LRP5	KEGG: hsa04310; PMID: 23209147	WNT agonist	WNT antagonist	WNT activation receptor	WNT inhibition receptor	CellChatDB v1
WNT7B	FZD4+LRP5	WNT	1.0	Secreted Signaling	CellChatDB	WNT7B_FZD4_LRP5	KEGG: hsa04310; PMID: 23209147	WNT agonist	WNT antagonist	WNT activation receptor	WNT inhibition receptor	CellChatDB v1
WNT7B	FZD5+LRP5	WNT	1.0	Secreted Signaling	CellChatDB	WNT7B_FZD5_LRP5	KEGG: hsa04310; PMID: 23209147	WNT agonist	WNT antagonist	WNT activation receptor	WNT inhibition receptor	CellChatDB v1
WNT7B	FZD6+LRP5	WNT	1.0	Secreted Signaling	CellChatDB	WNT7B_FZD6_LRP5	KEGG: hsa04310; PMID: 23209147	WNT agonist	WNT antagonist	WNT activation receptor	WNT inhibition receptor	CellChatDB v1
WNT7B	LRP5+FZD7	WNT	1.0	Secreted Signaling	CellChatDB	WNT7B_FZD7_LRP5	KEGG: hsa04310; PMID: 23209147	WNT agonist	WNT antagonist	WNT activation receptor	WNT inhibition receptor	CellChatDB v1
WNT7B	FZD8+LRP5	WNT	1.0	Secreted Signaling	CellChatDB	WNT7B_FZD8_LRP5	KEGG: hsa04310; PMID: 23209147	WNT agonist	WNT antagonist	WNT activation receptor	WNT inhibition receptor	CellChatDB v1
WNT7B	FZD9+LRP5	WNT	1.0	Secreted Signaling	CellChatDB	WNT7B_FZD9_LRP5	KEGG: hsa04310; PMID: 23209147	WNT agonist	WNT antagonist	WNT activation receptor	WNT inhibition receptor	CellChatDB v1
WNT8A	FZD1+LRP5	WNT	1.0	Secreted Signaling	CellChatDB	WNT8A_FZD1_LRP5	KEGG: hsa04310; PMID: 23209147	WNT agonist	WNT antagonist	WNT activation receptor	WNT inhibition receptor	CellChatDB v1
WNT8A	FZD10+LRP5	WNT	1.0	Secreted Signaling	CellChatDB	WNT8A_FZD10_LRP5	KEGG: hsa04310; PMID: 23209147	WNT agonist	WNT antagonist	WNT activation receptor	WNT inhibition receptor	CellChatDB v1
WNT8A	FZD2+LRP5	WNT	1.0	Secreted Signaling	CellChatDB	WNT8A_FZD2_LRP5	KEGG: hsa04310; PMID: 23209147	WNT agonist	WNT antagonist	WNT activation receptor	WNT inhibition receptor	CellChatDB v1
WNT8A	LRP5+FZD3	WNT	1.0	Secreted Signaling	CellChatDB	WNT8A_FZD3_LRP5	KEGG: hsa04310; PMID: 23209147	WNT agonist	WNT antagonist	WNT activation receptor	WNT inhibition receptor	CellChatDB v1
WNT8A	FZD4+LRP5	WNT	1.0	Secreted Signaling	CellChatDB	WNT8A_FZD4_LRP5	KEGG: hsa04310; PMID: 23209147	WNT agonist	WNT antagonist	WNT activation receptor	WNT inhibition receptor	CellChatDB v1
WNT8A	FZD5+LRP5	WNT	1.0	Secreted Signaling	CellChatDB	WNT8A_FZD5_LRP5	KEGG: hsa04310; PMID: 23209147	WNT agonist	WNT antagonist	WNT activation receptor	WNT inhibition receptor	CellChatDB v1
WNT8A	FZD6+LRP5	WNT	1.0	Secreted Signaling	CellChatDB	WNT8A_FZD6_LRP5	KEGG: hsa04310; PMID: 23209147	WNT agonist	WNT antagonist	WNT activation receptor	WNT inhibition receptor	CellChatDB v1
WNT8A	LRP5+FZD7	WNT	1.0	Secreted Signaling	CellChatDB	WNT8A_FZD7_LRP5	KEGG: hsa04310; PMID: 23209147	WNT agonist	WNT antagonist	WNT activation receptor	WNT inhibition receptor	CellChatDB v1
WNT8A	FZD8+LRP5	WNT	1.0	Secreted Signaling	CellChatDB	WNT8A_FZD8_LRP5	KEGG: hsa04310; PMID: 23209147	WNT agonist	WNT antagonist	WNT activation receptor	WNT inhibition receptor	CellChatDB v1
WNT8A	FZD9+LRP5	WNT	1.0	Secreted Signaling	CellChatDB	WNT8A_FZD9_LRP5	KEGG: hsa04310; PMID: 23209147	WNT agonist	WNT antagonist	WNT activation receptor	WNT inhibition receptor	CellChatDB v1
WNT8B	FZD1+LRP5	WNT	1.0	Secreted Signaling	CellChatDB	WNT8B_FZD1_LRP5	KEGG: hsa04310; PMID: 23209147	WNT agonist	WNT antagonist	WNT activation receptor	WNT inhibition receptor	CellChatDB v1
WNT8B	FZD10+LRP5	WNT	1.0	Secreted Signaling	CellChatDB	WNT8B_FZD10_LRP5	KEGG: hsa04310; PMID: 23209147	WNT agonist	WNT antagonist	WNT activation receptor	WNT inhibition receptor	CellChatDB v1
WNT8B	FZD2+LRP5	WNT	1.0	Secreted Signaling	CellChatDB	WNT8B_FZD2_LRP5	KEGG: hsa04310; PMID: 23209147	WNT agonist	WNT antagonist	WNT activation receptor	WNT inhibition receptor	CellChatDB v1
WNT8B	LRP5+FZD3	WNT	1.0	Secreted Signaling	CellChatDB	WNT8B_FZD3_LRP5	KEGG: hsa04310; PMID: 23209147	WNT agonist	WNT antagonist	WNT activation receptor	WNT inhibition receptor	CellChatDB v1
WNT8B	FZD4+LRP5	WNT	1.0	Secreted Signaling	CellChatDB	WNT8B_FZD4_LRP5	KEGG: hsa04310; PMID: 23209147	WNT agonist	WNT antagonist	WNT activation receptor	WNT inhibition receptor	CellChatDB v1
WNT8B	FZD5+LRP5	WNT	1.0	Secreted Signaling	CellChatDB	WNT8B_FZD5_LRP5	KEGG: hsa04310; PMID: 23209147	WNT agonist	WNT antagonist	WNT activation receptor	WNT inhibition receptor	CellChatDB v1
WNT8B	FZD6+LRP5	WNT	1.0	Secreted Signaling	CellChatDB	WNT8B_FZD6_LRP5	KEGG: hsa04310; PMID: 23209147	WNT agonist	WNT antagonist	WNT activation receptor	WNT inhibition receptor	CellChatDB v1
WNT8B	LRP5+FZD7	WNT	1.0	Secreted Signaling	CellChatDB	WNT8B_FZD7_LRP5	KEGG: hsa04310; PMID: 23209147	WNT agonist	WNT antagonist	WNT activation receptor	WNT inhibition receptor	CellChatDB v1
WNT8B	FZD8+LRP5	WNT	1.0	Secreted Signaling	CellChatDB	WNT8B_FZD8_LRP5	KEGG: hsa04310; PMID: 23209147	WNT agonist	WNT antagonist	WNT activation receptor	WNT inhibition receptor	CellChatDB v1
WNT8B	FZD9+LRP5	WNT	1.0	Secreted Signaling	CellChatDB	WNT8B_FZD9_LRP5	KEGG: hsa04310; PMID: 23209147	WNT agonist	WNT antagonist	WNT activation receptor	WNT inhibition receptor	CellChatDB v1
WNT9A	FZD1+LRP5	WNT	1.0	Secreted Signaling	CellChatDB	WNT9A_FZD1_LRP5	KEGG: hsa04310; PMID: 23209147	WNT agonist	WNT antagonist	WNT activation receptor	WNT inhibition receptor	CellChatDB v1
WNT9A	FZD10+LRP5	WNT	1.0	Secreted Signaling	CellChatDB	WNT9A_FZD10_LRP5	KEGG: hsa04310; PMID: 23209147	WNT agonist	WNT antagonist	WNT activation receptor	WNT inhibition receptor	CellChatDB v1
WNT9A	FZD2+LRP5	WNT	1.0	Secreted Signaling	CellChatDB	WNT9A_FZD2_LRP5	KEGG: hsa04310; PMID: 23209147	WNT agonist	WNT antagonist	WNT activation receptor	WNT inhibition receptor	CellChatDB v1
WNT9A	LRP5+FZD3	WNT	1.0	Secreted Signaling	CellChatDB	WNT9A_FZD3_LRP5	KEGG: hsa04310; PMID: 23209147	WNT agonist	WNT antagonist	WNT activation receptor	WNT inhibition receptor	CellChatDB v1
WNT9A	FZD4+LRP5	WNT	1.0	Secreted Signaling	CellChatDB	WNT9A_FZD4_LRP5	KEGG: hsa04310; PMID: 23209147	WNT agonist	WNT antagonist	WNT activation receptor	WNT inhibition receptor	CellChatDB v1
WNT9A	FZD5+LRP5	WNT	1.0	Secreted Signaling	CellChatDB	WNT9A_FZD5_LRP5	KEGG: hsa04310; PMID: 23209147	WNT agonist	WNT antagonist	WNT activation receptor	WNT inhibition receptor	CellChatDB v1
WNT9A	FZD6+LRP5	WNT	1.0	Secreted Signaling	CellChatDB	WNT9A_FZD6_LRP5	KEGG: hsa04310; PMID: 23209147	WNT agonist	WNT antagonist	WNT activation receptor	WNT inhibition receptor	CellChatDB v1
WNT9A	LRP5+FZD7	WNT	1.0	Secreted Signaling	CellChatDB	WNT9A_FZD7_LRP5	KEGG: hsa04310; PMID: 23209147	WNT agonist	WNT antagonist	WNT activation receptor	WNT inhibition receptor	CellChatDB v1
WNT9A	FZD8+LRP5	WNT	1.0	Secreted Signaling	CellChatDB	WNT9A_FZD8_LRP5	KEGG: hsa04310; PMID: 23209147	WNT agonist	WNT antagonist	WNT activation receptor	WNT inhibition receptor	CellChatDB v1
WNT9A	FZD9+LRP5	WNT	1.0	Secreted Signaling	CellChatDB	WNT9A_FZD9_LRP5	KEGG: hsa04310; PMID: 23209147	WNT agonist	WNT antagonist	WNT activation receptor	WNT inhibition receptor	CellChatDB v1
WNT9B	FZD1+LRP5	WNT	1.0	Secreted Signaling	CellChatDB	WNT9B_FZD1_LRP5	KEGG: hsa04310; PMID: 23209147	WNT agonist	WNT antagonist	WNT activation receptor	WNT inhibition receptor	CellChatDB v1
WNT9B	FZD10+LRP5	WNT	1.0	Secreted Signaling	CellChatDB	WNT9B_FZD10_LRP5	KEGG: hsa04310; PMID: 23209147	WNT agonist	WNT antagonist	WNT activation receptor	WNT inhibition receptor	CellChatDB v1
WNT9B	FZD2+LRP5	WNT	1.0	Secreted Signaling	CellChatDB	WNT9B_FZD2_LRP5	KEGG: hsa04310; PMID: 23209147	WNT agonist	WNT antagonist	WNT activation receptor	WNT inhibition receptor	CellChatDB v1
WNT9B	LRP5+FZD3	WNT	1.0	Secreted Signaling	CellChatDB	WNT9B_FZD3_LRP5	KEGG: hsa04310; PMID: 23209147	WNT agonist	WNT antagonist	WNT activation receptor	WNT inhibition receptor	CellChatDB v1
WNT9B	FZD4+LRP5	WNT	1.0	Secreted Signaling	CellChatDB	WNT9B_FZD4_LRP5	KEGG: hsa04310; PMID: 23209147	WNT agonist	WNT antagonist	WNT activation receptor	WNT inhibition receptor	CellChatDB v1
WNT9B	FZD5+LRP5	WNT	1.0	Secreted Signaling	CellChatDB	WNT9B_FZD5_LRP5	KEGG: hsa04310; PMID: 23209147	WNT agonist	WNT antagonist	WNT activation receptor	WNT inhibition receptor	CellChatDB v1
WNT9B	FZD6+LRP5	WNT	1.0	Secreted Signaling	CellChatDB	WNT9B_FZD6_LRP5	KEGG: hsa04310; PMID: 23209147	WNT agonist	WNT antagonist	WNT activation receptor	WNT inhibition receptor	CellChatDB v1
WNT9B	LRP5+FZD7	WNT	1.0	Secreted Signaling	CellChatDB	WNT9B_FZD7_LRP5	KEGG: hsa04310; PMID: 23209147	WNT agonist	WNT antagonist	WNT activation receptor	WNT inhibition receptor	CellChatDB v1
WNT9B	FZD8+LRP5	WNT	1.0	Secreted Signaling	CellChatDB	WNT9B_FZD8_LRP5	KEGG: hsa04310; PMID: 23209147	WNT agonist	WNT antagonist	WNT activation receptor	WNT inhibition receptor	CellChatDB v1
WNT9B	FZD9+LRP5	WNT	1.0	Secreted Signaling	CellChatDB	WNT9B_FZD9_LRP5	KEGG: hsa04310; PMID: 23209147	WNT agonist	WNT antagonist	WNT activation receptor	WNT inhibition receptor	CellChatDB v1
WNT1	FZD1+LRP6	WNT	1.0	Secreted Signaling	CellChatDB	WNT1_FZD1_LRP6	KEGG: hsa04310; PMID: 23209147	WNT agonist	WNT antagonist	WNT activation receptor	WNT inhibition receptor	CellChatDB v1
WNT1	FZD10+LRP6	WNT	1.0	Secreted Signaling	CellChatDB	WNT1_FZD10_LRP6	KEGG: hsa04310; PMID: 23209147	WNT agonist	WNT antagonist	WNT activation receptor	WNT inhibition receptor	CellChatDB v1
WNT1	FZD2+LRP6	WNT	1.0	Secreted Signaling	CellChatDB	WNT1_FZD2_LRP6	KEGG: hsa04310; PMID: 23209147	WNT agonist	WNT antagonist	WNT activation receptor	WNT inhibition receptor	CellChatDB v1
WNT1	FZD3+LRP6	WNT	1.0	Secreted Signaling	CellChatDB	WNT1_FZD3_LRP6	KEGG: hsa04310; PMID: 23209147	WNT agonist	WNT antagonist	WNT activation receptor	WNT inhibition receptor	CellChatDB v1
WNT1	FZD4+LRP6	WNT	1.0	Secreted Signaling	CellChatDB	WNT1_FZD4_LRP6	KEGG: hsa04310; PMID: 23209147	WNT agonist	WNT antagonist	WNT activation receptor	WNT inhibition receptor	CellChatDB v1
WNT1	FZD5+LRP6	WNT	1.0	Secreted Signaling	CellChatDB	WNT1_FZD5_LRP6	KEGG: hsa04310; PMID: 23209147	WNT agonist	WNT antagonist	WNT activation receptor	WNT inhibition receptor	CellChatDB v1
WNT1	FZD6+LRP6	WNT	1.0	Secreted Signaling	CellChatDB	WNT1_FZD6_LRP6	KEGG: hsa04310; PMID: 23209147	WNT agonist	WNT antagonist	WNT activation receptor	WNT inhibition receptor	CellChatDB v1
WNT1	FZD7+LRP6	WNT	1.0	Secreted Signaling	CellChatDB	WNT1_FZD7_LRP6	KEGG: hsa04310; PMID: 23209147	WNT agonist	WNT antagonist	WNT activation receptor	WNT inhibition receptor	CellChatDB v1
WNT1	FZD8+LRP6	WNT	1.0	Secreted Signaling	CellChatDB	WNT1_FZD8_LRP6	KEGG: hsa04310; PMID: 23209147	WNT agonist	WNT antagonist	WNT activation receptor	WNT inhibition receptor	CellChatDB v1
WNT1	FZD9+LRP6	WNT	1.0	Secreted Signaling	CellChatDB	WNT1_FZD9_LRP6	KEGG: hsa04310; PMID: 23209147	WNT agonist	WNT antagonist	WNT activation receptor	WNT inhibition receptor	CellChatDB v1
WNT10A	FZD1+LRP6	WNT	1.0	Secreted Signaling	CellChatDB	WNT10A_FZD1_LRP6	KEGG: hsa04310; PMID: 23209147	WNT agonist	WNT antagonist	WNT activation receptor	WNT inhibition receptor	CellChatDB v1
WNT10A	FZD10+LRP6	WNT	1.0	Secreted Signaling	CellChatDB	WNT10A_FZD10_LRP6	KEGG: hsa04310; PMID: 23209147	WNT agonist	WNT antagonist	WNT activation receptor	WNT inhibition receptor	CellChatDB v1
WNT10A	FZD2+LRP6	WNT	1.0	Secreted Signaling	CellChatDB	WNT10A_FZD2_LRP6	KEGG: hsa04310; PMID: 23209147	WNT agonist	WNT antagonist	WNT activation receptor	WNT inhibition receptor	CellChatDB v1
WNT10A	FZD3+LRP6	WNT	1.0	Secreted Signaling	CellChatDB	WNT10A_FZD3_LRP6	KEGG: hsa04310; PMID: 23209147	WNT agonist	WNT antagonist	WNT activation receptor	WNT inhibition receptor	CellChatDB v1
WNT10A	FZD4+LRP6	WNT	1.0	Secreted Signaling	CellChatDB	WNT10A_FZD4_LRP6	KEGG: hsa04310; PMID: 23209147	WNT agonist	WNT antagonist	WNT activation receptor	WNT inhibition receptor	CellChatDB v1
WNT10A	FZD5+LRP6	WNT	1.0	Secreted Signaling	CellChatDB	WNT10A_FZD5_LRP6	KEGG: hsa04310; PMID: 23209147	WNT agonist	WNT antagonist	WNT activation receptor	WNT inhibition receptor	CellChatDB v1
WNT10A	FZD6+LRP6	WNT	1.0	Secreted Signaling	CellChatDB	WNT10A_FZD6_LRP6	KEGG: hsa04310; PMID: 23209147	WNT agonist	WNT antagonist	WNT activation receptor	WNT inhibition receptor	CellChatDB v1
WNT10A	FZD7+LRP6	WNT	1.0	Secreted Signaling	CellChatDB	WNT10A_FZD7_LRP6	KEGG: hsa04310; PMID: 23209147	WNT agonist	WNT antagonist	WNT activation receptor	WNT inhibition receptor	CellChatDB v1
WNT10A	FZD8+LRP6	WNT	1.0	Secreted Signaling	CellChatDB	WNT10A_FZD8_LRP6	KEGG: hsa04310; PMID: 23209147	WNT agonist	WNT antagonist	WNT activation receptor	WNT inhibition receptor	CellChatDB v1
WNT10A	FZD9+LRP6	WNT	1.0	Secreted Signaling	CellChatDB	WNT10A_FZD9_LRP6	KEGG: hsa04310; PMID: 23209147	WNT agonist	WNT antagonist	WNT activation receptor	WNT inhibition receptor	CellChatDB v1
WNT10B	FZD1+LRP6	WNT	1.0	Secreted Signaling	CellChatDB	WNT10B_FZD1_LRP6	KEGG: hsa04310; PMID: 23209147	WNT agonist	WNT antagonist	WNT activation receptor	WNT inhibition receptor	CellChatDB v1
WNT10B	FZD10+LRP6	WNT	1.0	Secreted Signaling	CellChatDB	WNT10B_FZD10_LRP6	KEGG: hsa04310; PMID: 23209147	WNT agonist	WNT antagonist	WNT activation receptor	WNT inhibition receptor	CellChatDB v1
WNT10B	FZD2+LRP6	WNT	1.0	Secreted Signaling	CellChatDB	WNT10B_FZD2_LRP6	KEGG: hsa04310; PMID: 23209147	WNT agonist	WNT antagonist	WNT activation receptor	WNT inhibition receptor	CellChatDB v1
WNT10B	FZD3+LRP6	WNT	1.0	Secreted Signaling	CellChatDB	WNT10B_FZD3_LRP6	KEGG: hsa04310; PMID: 23209147	WNT agonist	WNT antagonist	WNT activation receptor	WNT inhibition receptor	CellChatDB v1
WNT10B	FZD4+LRP6	WNT	1.0	Secreted Signaling	CellChatDB	WNT10B_FZD4_LRP6	KEGG: hsa04310; PMID: 23209147	WNT agonist	WNT antagonist	WNT activation receptor	WNT inhibition receptor	CellChatDB v1
WNT10B	FZD5+LRP6	WNT	1.0	Secreted Signaling	CellChatDB	WNT10B_FZD5_LRP6	KEGG: hsa04310; PMID: 23209147	WNT agonist	WNT antagonist	WNT activation receptor	WNT inhibition receptor	CellChatDB v1
WNT10B	FZD6+LRP6	WNT	1.0	Secreted Signaling	CellChatDB	WNT10B_FZD6_LRP6	KEGG: hsa04310; PMID: 23209147	WNT agonist	WNT antagonist	WNT activation receptor	WNT inhibition receptor	CellChatDB v1
WNT10B	FZD7+LRP6	WNT	1.0	Secreted Signaling	CellChatDB	WNT10B_FZD7_LRP6	KEGG: hsa04310; PMID: 23209147	WNT agonist	WNT antagonist	WNT activation receptor	WNT inhibition receptor	CellChatDB v1
WNT10B	FZD8+LRP6	WNT	1.0	Secreted Signaling	CellChatDB	WNT10B_FZD8_LRP6	KEGG: hsa04310; PMID: 23209147	WNT agonist	WNT antagonist	WNT activation receptor	WNT inhibition receptor	CellChatDB v1
WNT10B	FZD9+LRP6	WNT	1.0	Secreted Signaling	CellChatDB	WNT10B_FZD9_LRP6	KEGG: hsa04310; PMID: 23209147	WNT agonist	WNT antagonist	WNT activation receptor	WNT inhibition receptor	CellChatDB v1
WNT16	FZD1+LRP6	WNT	1.0	Secreted Signaling	CellChatDB	WNT16_FZD1_LRP6	KEGG: hsa04310; PMID: 23209147	WNT agonist	WNT antagonist	WNT activation receptor	WNT inhibition receptor	CellChatDB v1
WNT16	FZD10+LRP6	WNT	1.0	Secreted Signaling	CellChatDB	WNT16_FZD10_LRP6	KEGG: hsa04310; PMID: 23209147	WNT agonist	WNT antagonist	WNT activation receptor	WNT inhibition receptor	CellChatDB v1
WNT16	FZD2+LRP6	WNT	1.0	Secreted Signaling	CellChatDB	WNT16_FZD2_LRP6	KEGG: hsa04310; PMID: 23209147	WNT agonist	WNT antagonist	WNT activation receptor	WNT inhibition receptor	CellChatDB v1
WNT16	FZD3+LRP6	WNT	1.0	Secreted Signaling	CellChatDB	WNT16_FZD3_LRP6	KEGG: hsa04310; PMID: 23209147	WNT agonist	WNT antagonist	WNT activation receptor	WNT inhibition receptor	CellChatDB v1
WNT16	FZD4+LRP6	WNT	1.0	Secreted Signaling	CellChatDB	WNT16_FZD4_LRP6	KEGG: hsa04310; PMID: 23209147	WNT agonist	WNT antagonist	WNT activation receptor	WNT inhibition receptor	CellChatDB v1
WNT16	FZD5+LRP6	WNT	1.0	Secreted Signaling	CellChatDB	WNT16_FZD5_LRP6	KEGG: hsa04310; PMID: 23209147	WNT agonist	WNT antagonist	WNT activation receptor	WNT inhibition receptor	CellChatDB v1
WNT16	FZD6+LRP6	WNT	1.0	Secreted Signaling	CellChatDB	WNT16_FZD6_LRP6	KEGG: hsa04310; PMID: 23209147	WNT agonist	WNT antagonist	WNT activation receptor	WNT inhibition receptor	CellChatDB v1
WNT16	FZD7+LRP6	WNT	1.0	Secreted Signaling	CellChatDB	WNT16_FZD7_LRP6	KEGG: hsa04310; PMID: 23209147	WNT agonist	WNT antagonist	WNT activation receptor	WNT inhibition receptor	CellChatDB v1
WNT16	FZD8+LRP6	WNT	1.0	Secreted Signaling	CellChatDB	WNT16_FZD8_LRP6	KEGG: hsa04310; PMID: 23209147	WNT agonist	WNT antagonist	WNT activation receptor	WNT inhibition receptor	CellChatDB v1
WNT16	FZD9+LRP6	WNT	1.0	Secreted Signaling	CellChatDB	WNT16_FZD9_LRP6	KEGG: hsa04310; PMID: 23209147	WNT agonist	WNT antagonist	WNT activation receptor	WNT inhibition receptor	CellChatDB v1
WNT2	FZD1+LRP6	WNT	1.0	Secreted Signaling	CellChatDB	WNT2_FZD1_LRP6	KEGG: hsa04310; PMID: 23209147	WNT agonist	WNT antagonist	WNT activation receptor	WNT inhibition receptor	CellChatDB v1
WNT2	FZD10+LRP6	WNT	1.0	Secreted Signaling	CellChatDB	WNT2_FZD10_LRP6	KEGG: hsa04310; PMID: 23209147	WNT agonist	WNT antagonist	WNT activation receptor	WNT inhibition receptor	CellChatDB v1
WNT2	FZD2+LRP6	WNT	1.0	Secreted Signaling	CellChatDB	WNT2_FZD2_LRP6	KEGG: hsa04310; PMID: 23209147	WNT agonist	WNT antagonist	WNT activation receptor	WNT inhibition receptor	CellChatDB v1
WNT2	FZD3+LRP6	WNT	1.0	Secreted Signaling	CellChatDB	WNT2_FZD3_LRP6	KEGG: hsa04310; PMID: 23209147	WNT agonist	WNT antagonist	WNT activation receptor	WNT inhibition receptor	CellChatDB v1
WNT2	FZD4+LRP6	WNT	1.0	Secreted Signaling	CellChatDB	WNT2_FZD4_LRP6	KEGG: hsa04310; PMID: 23209147	WNT agonist	WNT antagonist	WNT activation receptor	WNT inhibition receptor	CellChatDB v1
WNT2	FZD5+LRP6	WNT	1.0	Secreted Signaling	CellChatDB	WNT2_FZD5_LRP6	KEGG: hsa04310; PMID: 23209147	WNT agonist	WNT antagonist	WNT activation receptor	WNT inhibition receptor	CellChatDB v1
WNT2	FZD6+LRP6	WNT	1.0	Secreted Signaling	CellChatDB	WNT2_FZD6_LRP6	KEGG: hsa04310; PMID: 23209147	WNT agonist	WNT antagonist	WNT activation receptor	WNT inhibition receptor	CellChatDB v1
WNT2	FZD7+LRP6	WNT	1.0	Secreted Signaling	CellChatDB	WNT2_FZD7_LRP6	KEGG: hsa04310; PMID: 23209147	WNT agonist	WNT antagonist	WNT activation receptor	WNT inhibition receptor	CellChatDB v1
WNT2	FZD8+LRP6	WNT	1.0	Secreted Signaling	CellChatDB	WNT2_FZD8_LRP6	KEGG: hsa04310; PMID: 23209147	WNT agonist	WNT antagonist	WNT activation receptor	WNT inhibition receptor	CellChatDB v1
WNT2	FZD9+LRP6	WNT	1.0	Secreted Signaling	CellChatDB	WNT2_FZD9_LRP6	KEGG: hsa04310; PMID: 23209147	WNT agonist	WNT antagonist	WNT activation receptor	WNT inhibition receptor	CellChatDB v1
WNT2B	FZD1+LRP6	WNT	1.0	Secreted Signaling	CellChatDB	WNT2B_FZD1_LRP6	KEGG: hsa04310; PMID: 23209147	WNT agonist	WNT antagonist	WNT activation receptor	WNT inhibition receptor	CellChatDB v1
WNT2B	FZD10+LRP6	WNT	1.0	Secreted Signaling	CellChatDB	WNT2B_FZD10_LRP6	KEGG: hsa04310; PMID: 23209147	WNT agonist	WNT antagonist	WNT activation receptor	WNT inhibition receptor	CellChatDB v1
WNT2B	FZD2+LRP6	WNT	1.0	Secreted Signaling	CellChatDB	WNT2B_FZD2_LRP6	KEGG: hsa04310; PMID: 23209147	WNT agonist	WNT antagonist	WNT activation receptor	WNT inhibition receptor	CellChatDB v1
WNT2B	FZD3+LRP6	WNT	1.0	Secreted Signaling	CellChatDB	WNT2B_FZD3_LRP6	KEGG: hsa04310; PMID: 23209147	WNT agonist	WNT antagonist	WNT activation receptor	WNT inhibition receptor	CellChatDB v1
WNT2B	FZD4+LRP6	WNT	1.0	Secreted Signaling	CellChatDB	WNT2B_FZD4_LRP6	KEGG: hsa04310; PMID: 23209147	WNT agonist	WNT antagonist	WNT activation receptor	WNT inhibition receptor	CellChatDB v1
WNT2B	FZD5+LRP6	WNT	1.0	Secreted Signaling	CellChatDB	WNT2B_FZD5_LRP6	KEGG: hsa04310; PMID: 23209147	WNT agonist	WNT antagonist	WNT activation receptor	WNT inhibition receptor	CellChatDB v1
WNT2B	FZD6+LRP6	WNT	1.0	Secreted Signaling	CellChatDB	WNT2B_FZD6_LRP6	KEGG: hsa04310; PMID: 23209147	WNT agonist	WNT antagonist	WNT activation receptor	WNT inhibition receptor	CellChatDB v1
WNT2B	FZD7+LRP6	WNT	1.0	Secreted Signaling	CellChatDB	WNT2B_FZD7_LRP6	KEGG: hsa04310; PMID: 23209147	WNT agonist	WNT antagonist	WNT activation receptor	WNT inhibition receptor	CellChatDB v1
WNT2B	FZD8+LRP6	WNT	1.0	Secreted Signaling	CellChatDB	WNT2B_FZD8_LRP6	KEGG: hsa04310; PMID: 23209147	WNT agonist	WNT antagonist	WNT activation receptor	WNT inhibition receptor	CellChatDB v1
WNT2B	FZD9+LRP6	WNT	1.0	Secreted Signaling	CellChatDB	WNT2B_FZD9_LRP6	KEGG: hsa04310; PMID: 23209147	WNT agonist	WNT antagonist	WNT activation receptor	WNT inhibition receptor	CellChatDB v1
WNT3	FZD1+LRP6	WNT	1.0	Secreted Signaling	CellChatDB	WNT3_FZD1_LRP6	KEGG: hsa04310; PMID: 23209147	WNT agonist	WNT antagonist	WNT activation receptor	WNT inhibition receptor	CellChatDB v1
WNT3	FZD10+LRP6	WNT	1.0	Secreted Signaling	CellChatDB	WNT3_FZD10_LRP6	KEGG: hsa04310; PMID: 23209147	WNT agonist	WNT antagonist	WNT activation receptor	WNT inhibition receptor	CellChatDB v1
WNT3	FZD2+LRP6	WNT	1.0	Secreted Signaling	CellChatDB	WNT3_FZD2_LRP6	KEGG: hsa04310; PMID: 23209147	WNT agonist	WNT antagonist	WNT activation receptor	WNT inhibition receptor	CellChatDB v1
WNT3	FZD3+LRP6	WNT	1.0	Secreted Signaling	CellChatDB	WNT3_FZD3_LRP6	KEGG: hsa04310; PMID: 23209147	WNT agonist	WNT antagonist	WNT activation receptor	WNT inhibition receptor	CellChatDB v1
WNT3	FZD4+LRP6	WNT	1.0	Secreted Signaling	CellChatDB	WNT3_FZD4_LRP6	KEGG: hsa04310; PMID: 23209147	WNT agonist	WNT antagonist	WNT activation receptor	WNT inhibition receptor	CellChatDB v1
WNT3	FZD5+LRP6	WNT	1.0	Secreted Signaling	CellChatDB	WNT3_FZD5_LRP6	KEGG: hsa04310; PMID: 23209147	WNT agonist	WNT antagonist	WNT activation receptor	WNT inhibition receptor	CellChatDB v1
WNT3	FZD6+LRP6	WNT	1.0	Secreted Signaling	CellChatDB	WNT3_FZD6_LRP6	KEGG: hsa04310; PMID: 23209147	WNT agonist	WNT antagonist	WNT activation receptor	WNT inhibition receptor	CellChatDB v1
WNT3	FZD7+LRP6	WNT	1.0	Secreted Signaling	CellChatDB	WNT3_FZD7_LRP6	KEGG: hsa04310; PMID: 23209147	WNT agonist	WNT antagonist	WNT activation receptor	WNT inhibition receptor	CellChatDB v1
WNT3	FZD8+LRP6	WNT	1.0	Secreted Signaling	CellChatDB	WNT3_FZD8_LRP6	KEGG: hsa04310; PMID: 23209147	WNT agonist	WNT antagonist	WNT activation receptor	WNT inhibition receptor	CellChatDB v1
WNT3	FZD9+LRP6	WNT	1.0	Secreted Signaling	CellChatDB	WNT3_FZD9_LRP6	KEGG: hsa04310; PMID: 23209147	WNT agonist	WNT antagonist	WNT activation receptor	WNT inhibition receptor	CellChatDB v1
WNT3A	FZD1+LRP6	WNT	1.0	Secreted Signaling	CellChatDB	WNT3A_FZD1_LRP6	KEGG: hsa04310; PMID: 23209147	WNT agonist	WNT antagonist	WNT activation receptor	WNT inhibition receptor	CellChatDB v1
WNT3A	FZD10+LRP6	WNT	1.0	Secreted Signaling	CellChatDB	WNT3A_FZD10_LRP6	KEGG: hsa04310; PMID: 23209147	WNT agonist	WNT antagonist	WNT activation receptor	WNT inhibition receptor	CellChatDB v1
WNT3A	FZD2+LRP6	WNT	1.0	Secreted Signaling	CellChatDB	WNT3A_FZD2_LRP6	KEGG: hsa04310; PMID: 23209147	WNT agonist	WNT antagonist	WNT activation receptor	WNT inhibition receptor	CellChatDB v1
WNT3A	FZD3+LRP6	WNT	1.0	Secreted Signaling	CellChatDB	WNT3A_FZD3_LRP6	KEGG: hsa04310; PMID: 23209147	WNT agonist	WNT antagonist	WNT activation receptor	WNT inhibition receptor	CellChatDB v1
WNT3A	FZD4+LRP6	WNT	1.0	Secreted Signaling	CellChatDB	WNT3A_FZD4_LRP6	KEGG: hsa04310; PMID: 23209147	WNT agonist	WNT antagonist	WNT activation receptor	WNT inhibition receptor	CellChatDB v1
WNT3A	FZD5+LRP6	WNT	1.0	Secreted Signaling	CellChatDB	WNT3A_FZD5_LRP6	KEGG: hsa04310; PMID: 23209147	WNT agonist	WNT antagonist	WNT activation receptor	WNT inhibition receptor	CellChatDB v1
WNT3A	FZD6+LRP6	WNT	1.0	Secreted Signaling	CellChatDB	WNT3A_FZD6_LRP6	KEGG: hsa04310; PMID: 23209147	WNT agonist	WNT antagonist	WNT activation receptor	WNT inhibition receptor	CellChatDB v1
WNT3A	FZD7+LRP6	WNT	1.0	Secreted Signaling	CellChatDB	WNT3A_FZD7_LRP6	KEGG: hsa04310; PMID: 23209147	WNT agonist	WNT antagonist	WNT activation receptor	WNT inhibition receptor	CellChatDB v1
WNT3A	FZD8+LRP6	WNT	1.0	Secreted Signaling	CellChatDB	WNT3A_FZD8_LRP6	KEGG: hsa04310; PMID: 23209147	WNT agonist	WNT antagonist	WNT activation receptor	WNT inhibition receptor	CellChatDB v1
WNT3A	FZD9+LRP6	WNT	1.0	Secreted Signaling	CellChatDB	WNT3A_FZD9_LRP6	KEGG: hsa04310; PMID: 23209147	WNT agonist	WNT antagonist	WNT activation receptor	WNT inhibition receptor	CellChatDB v1
WNT4	FZD1+LRP6	WNT	1.0	Secreted Signaling	CellChatDB	WNT4_FZD1_LRP6	KEGG: hsa04310; PMID: 23209147	WNT agonist	WNT antagonist	WNT activation receptor	WNT inhibition receptor	CellChatDB v1
WNT4	FZD10+LRP6	WNT	1.0	Secreted Signaling	CellChatDB	WNT4_FZD10_LRP6	KEGG: hsa04310; PMID: 23209147	WNT agonist	WNT antagonist	WNT activation receptor	WNT inhibition receptor	CellChatDB v1
WNT4	FZD2+LRP6	WNT	1.0	Secreted Signaling	CellChatDB	WNT4_FZD2_LRP6	KEGG: hsa04310; PMID: 23209147	WNT agonist	WNT antagonist	WNT activation receptor	WNT inhibition receptor	CellChatDB v1
WNT4	FZD3+LRP6	WNT	1.0	Secreted Signaling	CellChatDB	WNT4_FZD3_LRP6	KEGG: hsa04310; PMID: 23209147	WNT agonist	WNT antagonist	WNT activation receptor	WNT inhibition receptor	CellChatDB v1
WNT4	FZD4+LRP6	WNT	1.0	Secreted Signaling	CellChatDB	WNT4_FZD4_LRP6	KEGG: hsa04310; PMID: 23209147	WNT agonist	WNT antagonist	WNT activation receptor	WNT inhibition receptor	CellChatDB v1
WNT4	FZD5+LRP6	WNT	1.0	Secreted Signaling	CellChatDB	WNT4_FZD5_LRP6	KEGG: hsa04310; PMID: 23209147	WNT agonist	WNT antagonist	WNT activation receptor	WNT inhibition receptor	CellChatDB v1
WNT4	FZD6+LRP6	WNT	1.0	Secreted Signaling	CellChatDB	WNT4_FZD6_LRP6	KEGG: hsa04310; PMID: 23209147	WNT agonist	WNT antagonist	WNT activation receptor	WNT inhibition receptor	CellChatDB v1
WNT4	FZD7+LRP6	WNT	1.0	Secreted Signaling	CellChatDB	WNT4_FZD7_LRP6	KEGG: hsa04310; PMID: 23209147	WNT agonist	WNT antagonist	WNT activation receptor	WNT inhibition receptor	CellChatDB v1
WNT4	FZD8+LRP6	WNT	1.0	Secreted Signaling	CellChatDB	WNT4_FZD8_LRP6	KEGG: hsa04310; PMID: 23209147	WNT agonist	WNT antagonist	WNT activation receptor	WNT inhibition receptor	CellChatDB v1
WNT4	FZD9+LRP6	WNT	1.0	Secreted Signaling	CellChatDB	WNT4_FZD9_LRP6	KEGG: hsa04310; PMID: 23209147	WNT agonist	WNT antagonist	WNT activation receptor	WNT inhibition receptor	CellChatDB v1
WNT6	FZD1+LRP6	WNT	1.0	Secreted Signaling	CellChatDB	WNT6_FZD1_LRP6	KEGG: hsa04310; PMID: 23209147	WNT agonist	WNT antagonist	WNT activation receptor	WNT inhibition receptor	CellChatDB v1
WNT6	FZD10+LRP6	WNT	1.0	Secreted Signaling	CellChatDB	WNT6_FZD10_LRP6	KEGG: hsa04310; PMID: 23209147	WNT agonist	WNT antagonist	WNT activation receptor	WNT inhibition receptor	CellChatDB v1
WNT6	FZD2+LRP6	WNT	1.0	Secreted Signaling	CellChatDB	WNT6_FZD2_LRP6	KEGG: hsa04310; PMID: 23209147	WNT agonist	WNT antagonist	WNT activation receptor	WNT inhibition receptor	CellChatDB v1
WNT6	FZD3+LRP6	WNT	1.0	Secreted Signaling	CellChatDB	WNT6_FZD3_LRP6	KEGG: hsa04310; PMID: 23209147	WNT agonist	WNT antagonist	WNT activation receptor	WNT inhibition receptor	CellChatDB v1
WNT6	FZD4+LRP6	WNT	1.0	Secreted Signaling	CellChatDB	WNT6_FZD4_LRP6	KEGG: hsa04310; PMID: 23209147	WNT agonist	WNT antagonist	WNT activation receptor	WNT inhibition receptor	CellChatDB v1
WNT6	FZD5+LRP6	WNT	1.0	Secreted Signaling	CellChatDB	WNT6_FZD5_LRP6	KEGG: hsa04310; PMID: 23209147	WNT agonist	WNT antagonist	WNT activation receptor	WNT inhibition receptor	CellChatDB v1
WNT6	FZD6+LRP6	WNT	1.0	Secreted Signaling	CellChatDB	WNT6_FZD6_LRP6	KEGG: hsa04310; PMID: 23209147	WNT agonist	WNT antagonist	WNT activation receptor	WNT inhibition receptor	CellChatDB v1
WNT6	FZD7+LRP6	WNT	1.0	Secreted Signaling	CellChatDB	WNT6_FZD7_LRP6	KEGG: hsa04310; PMID: 23209147	WNT agonist	WNT antagonist	WNT activation receptor	WNT inhibition receptor	CellChatDB v1
WNT6	FZD8+LRP6	WNT	1.0	Secreted Signaling	CellChatDB	WNT6_FZD8_LRP6	KEGG: hsa04310; PMID: 23209147	WNT agonist	WNT antagonist	WNT activation receptor	WNT inhibition receptor	CellChatDB v1
WNT6	FZD9+LRP6	WNT	1.0	Secreted Signaling	CellChatDB	WNT6_FZD9_LRP6	KEGG: hsa04310; PMID: 23209147	WNT agonist	WNT antagonist	WNT activation receptor	WNT inhibition receptor	CellChatDB v1
WNT7A	FZD1+LRP6	WNT	1.0	Secreted Signaling	CellChatDB	WNT7A_FZD1_LRP6	KEGG: hsa04310; PMID: 23209147	WNT agonist	WNT antagonist	WNT activation receptor	WNT inhibition receptor	CellChatDB v1
WNT7A	FZD10+LRP6	WNT	1.0	Secreted Signaling	CellChatDB	WNT7A_FZD10_LRP6	KEGG: hsa04310; PMID: 23209147	WNT agonist	WNT antagonist	WNT activation receptor	WNT inhibition receptor	CellChatDB v1
WNT7A	FZD2+LRP6	WNT	1.0	Secreted Signaling	CellChatDB	WNT7A_FZD2_LRP6	KEGG: hsa04310; PMID: 23209147	WNT agonist	WNT antagonist	WNT activation receptor	WNT inhibition receptor	CellChatDB v1
WNT7A	FZD3+LRP6	WNT	1.0	Secreted Signaling	CellChatDB	WNT7A_FZD3_LRP6	KEGG: hsa04310; PMID: 23209147	WNT agonist	WNT antagonist	WNT activation receptor	WNT inhibition receptor	CellChatDB v1
WNT7A	FZD4+LRP6	WNT	1.0	Secreted Signaling	CellChatDB	WNT7A_FZD4_LRP6	KEGG: hsa04310; PMID: 23209147	WNT agonist	WNT antagonist	WNT activation receptor	WNT inhibition receptor	CellChatDB v1
WNT7A	FZD5+LRP6	WNT	1.0	Secreted Signaling	CellChatDB	WNT7A_FZD5_LRP6	KEGG: hsa04310; PMID: 23209147	WNT agonist	WNT antagonist	WNT activation receptor	WNT inhibition receptor	CellChatDB v1
WNT7A	FZD6+LRP6	WNT	1.0	Secreted Signaling	CellChatDB	WNT7A_FZD6_LRP6	KEGG: hsa04310; PMID: 23209147	WNT agonist	WNT antagonist	WNT activation receptor	WNT inhibition receptor	CellChatDB v1
WNT7A	FZD7+LRP6	WNT	1.0	Secreted Signaling	CellChatDB	WNT7A_FZD7_LRP6	KEGG: hsa04310; PMID: 23209147	WNT agonist	WNT antagonist	WNT activation receptor	WNT inhibition receptor	CellChatDB v1
WNT7A	FZD8+LRP6	WNT	1.0	Secreted Signaling	CellChatDB	WNT7A_FZD8_LRP6	KEGG: hsa04310; PMID: 23209147	WNT agonist	WNT antagonist	WNT activation receptor	WNT inhibition receptor	CellChatDB v1
WNT7A	FZD9+LRP6	WNT	1.0	Secreted Signaling	CellChatDB	WNT7A_FZD9_LRP6	KEGG: hsa04310; PMID: 23209147	WNT agonist	WNT antagonist	WNT activation receptor	WNT inhibition receptor	CellChatDB v1
WNT7B	FZD1+LRP6	WNT	1.0	Secreted Signaling	CellChatDB	WNT7B_FZD1_LRP6	KEGG: hsa04310; PMID: 23209147	WNT agonist	WNT antagonist	WNT activation receptor	WNT inhibition receptor	CellChatDB v1
WNT7B	FZD10+LRP6	WNT	1.0	Secreted Signaling	CellChatDB	WNT7B_FZD10_LRP6	KEGG: hsa04310; PMID: 23209147	WNT agonist	WNT antagonist	WNT activation receptor	WNT inhibition receptor	CellChatDB v1
WNT7B	FZD2+LRP6	WNT	1.0	Secreted Signaling	CellChatDB	WNT7B_FZD2_LRP6	KEGG: hsa04310; PMID: 23209147	WNT agonist	WNT antagonist	WNT activation receptor	WNT inhibition receptor	CellChatDB v1
WNT7B	FZD3+LRP6	WNT	1.0	Secreted Signaling	CellChatDB	WNT7B_FZD3_LRP6	KEGG: hsa04310; PMID: 23209147	WNT agonist	WNT antagonist	WNT activation receptor	WNT inhibition receptor	CellChatDB v1
WNT7B	FZD4+LRP6	WNT	1.0	Secreted Signaling	CellChatDB	WNT7B_FZD4_LRP6	KEGG: hsa04310; PMID: 23209147	WNT agonist	WNT antagonist	WNT activation receptor	WNT inhibition receptor	CellChatDB v1
WNT7B	FZD5+LRP6	WNT	1.0	Secreted Signaling	CellChatDB	WNT7B_FZD5_LRP6	KEGG: hsa04310; PMID: 23209147	WNT agonist	WNT antagonist	WNT activation receptor	WNT inhibition receptor	CellChatDB v1
WNT7B	FZD6+LRP6	WNT	1.0	Secreted Signaling	CellChatDB	WNT7B_FZD6_LRP6	KEGG: hsa04310; PMID: 23209147	WNT agonist	WNT antagonist	WNT activation receptor	WNT inhibition receptor	CellChatDB v1
WNT7B	FZD7+LRP6	WNT	1.0	Secreted Signaling	CellChatDB	WNT7B_FZD7_LRP6	KEGG: hsa04310; PMID: 23209147	WNT agonist	WNT antagonist	WNT activation receptor	WNT inhibition receptor	CellChatDB v1
WNT7B	FZD8+LRP6	WNT	1.0	Secreted Signaling	CellChatDB	WNT7B_FZD8_LRP6	KEGG: hsa04310; PMID: 23209147	WNT agonist	WNT antagonist	WNT activation receptor	WNT inhibition receptor	CellChatDB v1
WNT7B	FZD9+LRP6	WNT	1.0	Secreted Signaling	CellChatDB	WNT7B_FZD9_LRP6	KEGG: hsa04310; PMID: 23209147	WNT agonist	WNT antagonist	WNT activation receptor	WNT inhibition receptor	CellChatDB v1
WNT8A	FZD1+LRP6	WNT	1.0	Secreted Signaling	CellChatDB	WNT8A_FZD1_LRP6	KEGG: hsa04310; PMID: 23209147	WNT agonist	WNT antagonist	WNT activation receptor	WNT inhibition receptor	CellChatDB v1
WNT8A	FZD10+LRP6	WNT	1.0	Secreted Signaling	CellChatDB	WNT8A_FZD10_LRP6	KEGG: hsa04310; PMID: 23209147	WNT agonist	WNT antagonist	WNT activation receptor	WNT inhibition receptor	CellChatDB v1
WNT8A	FZD2+LRP6	WNT	1.0	Secreted Signaling	CellChatDB	WNT8A_FZD2_LRP6	KEGG: hsa04310; PMID: 23209147	WNT agonist	WNT antagonist	WNT activation receptor	WNT inhibition receptor	CellChatDB v1
WNT8A	FZD3+LRP6	WNT	1.0	Secreted Signaling	CellChatDB	WNT8A_FZD3_LRP6	KEGG: hsa04310; PMID: 23209147	WNT agonist	WNT antagonist	WNT activation receptor	WNT inhibition receptor	CellChatDB v1
WNT8A	FZD4+LRP6	WNT	1.0	Secreted Signaling	CellChatDB	WNT8A_FZD4_LRP6	KEGG: hsa04310; PMID: 23209147	WNT agonist	WNT antagonist	WNT activation receptor	WNT inhibition receptor	CellChatDB v1
WNT8A	FZD5+LRP6	WNT	1.0	Secreted Signaling	CellChatDB	WNT8A_FZD5_LRP6	KEGG: hsa04310; PMID: 23209147	WNT agonist	WNT antagonist	WNT activation receptor	WNT inhibition receptor	CellChatDB v1
WNT8A	FZD6+LRP6	WNT	1.0	Secreted Signaling	CellChatDB	WNT8A_FZD6_LRP6	KEGG: hsa04310; PMID: 23209147	WNT agonist	WNT antagonist	WNT activation receptor	WNT inhibition receptor	CellChatDB v1
WNT8A	FZD7+LRP6	WNT	1.0	Secreted Signaling	CellChatDB	WNT8A_FZD7_LRP6	KEGG: hsa04310; PMID: 23209147	WNT agonist	WNT antagonist	WNT activation receptor	WNT inhibition receptor	CellChatDB v1
WNT8A	FZD8+LRP6	WNT	1.0	Secreted Signaling	CellChatDB	WNT8A_FZD8_LRP6	KEGG: hsa04310; PMID: 23209147	WNT agonist	WNT antagonist	WNT activation receptor	WNT inhibition receptor	CellChatDB v1
WNT8A	FZD9+LRP6	WNT	1.0	Secreted Signaling	CellChatDB	WNT8A_FZD9_LRP6	KEGG: hsa04310; PMID: 23209147	WNT agonist	WNT antagonist	WNT activation receptor	WNT inhibition receptor	CellChatDB v1
WNT8B	FZD1+LRP6	WNT	1.0	Secreted Signaling	CellChatDB	WNT8B_FZD1_LRP6	KEGG: hsa04310; PMID: 23209147	WNT agonist	WNT antagonist	WNT activation receptor	WNT inhibition receptor	CellChatDB v1
WNT8B	FZD10+LRP6	WNT	1.0	Secreted Signaling	CellChatDB	WNT8B_FZD10_LRP6	KEGG: hsa04310; PMID: 23209147	WNT agonist	WNT antagonist	WNT activation receptor	WNT inhibition receptor	CellChatDB v1
WNT8B	FZD2+LRP6	WNT	1.0	Secreted Signaling	CellChatDB	WNT8B_FZD2_LRP6	KEGG: hsa04310; PMID: 23209147	WNT agonist	WNT antagonist	WNT activation receptor	WNT inhibition receptor	CellChatDB v1
WNT8B	FZD3+LRP6	WNT	1.0	Secreted Signaling	CellChatDB	WNT8B_FZD3_LRP6	KEGG: hsa04310; PMID: 23209147	WNT agonist	WNT antagonist	WNT activation receptor	WNT inhibition receptor	CellChatDB v1
WNT8B	FZD4+LRP6	WNT	1.0	Secreted Signaling	CellChatDB	WNT8B_FZD4_LRP6	KEGG: hsa04310; PMID: 23209147	WNT agonist	WNT antagonist	WNT activation receptor	WNT inhibition receptor	CellChatDB v1
WNT8B	FZD5+LRP6	WNT	1.0	Secreted Signaling	CellChatDB	WNT8B_FZD5_LRP6	KEGG: hsa04310; PMID: 23209147	WNT agonist	WNT antagonist	WNT activation receptor	WNT inhibition receptor	CellChatDB v1
WNT8B	FZD6+LRP6	WNT	1.0	Secreted Signaling	CellChatDB	WNT8B_FZD6_LRP6	KEGG: hsa04310; PMID: 23209147	WNT agonist	WNT antagonist	WNT activation receptor	WNT inhibition receptor	CellChatDB v1
WNT8B	FZD7+LRP6	WNT	1.0	Secreted Signaling	CellChatDB	WNT8B_FZD7_LRP6	KEGG: hsa04310; PMID: 23209147	WNT agonist	WNT antagonist	WNT activation receptor	WNT inhibition receptor	CellChatDB v1
WNT8B	FZD8+LRP6	WNT	1.0	Secreted Signaling	CellChatDB	WNT8B_FZD8_LRP6	KEGG: hsa04310; PMID: 23209147	WNT agonist	WNT antagonist	WNT activation receptor	WNT inhibition receptor	CellChatDB v1
WNT8B	FZD9+LRP6	WNT	1.0	Secreted Signaling	CellChatDB	WNT8B_FZD9_LRP6	KEGG: hsa04310; PMID: 23209147	WNT agonist	WNT antagonist	WNT activation receptor	WNT inhibition receptor	CellChatDB v1
WNT9A	FZD1+LRP6	WNT	1.0	Secreted Signaling	CellChatDB	WNT9A_FZD1_LRP6	KEGG: hsa04310; PMID: 23209147	WNT agonist	WNT antagonist	WNT activation receptor	WNT inhibition receptor	CellChatDB v1
WNT9A	FZD10+LRP6	WNT	1.0	Secreted Signaling	CellChatDB	WNT9A_FZD10_LRP6	KEGG: hsa04310; PMID: 23209147	WNT agonist	WNT antagonist	WNT activation receptor	WNT inhibition receptor	CellChatDB v1
WNT9A	FZD2+LRP6	WNT	1.0	Secreted Signaling	CellChatDB	WNT9A_FZD2_LRP6	KEGG: hsa04310; PMID: 23209147	WNT agonist	WNT antagonist	WNT activation receptor	WNT inhibition receptor	CellChatDB v1
WNT9A	FZD3+LRP6	WNT	1.0	Secreted Signaling	CellChatDB	WNT9A_FZD3_LRP6	KEGG: hsa04310; PMID: 23209147	WNT agonist	WNT antagonist	WNT activation receptor	WNT inhibition receptor	CellChatDB v1
WNT9A	FZD4+LRP6	WNT	1.0	Secreted Signaling	CellChatDB	WNT9A_FZD4_LRP6	KEGG: hsa04310; PMID: 23209147	WNT agonist	WNT antagonist	WNT activation receptor	WNT inhibition receptor	CellChatDB v1
WNT9A	FZD5+LRP6	WNT	1.0	Secreted Signaling	CellChatDB	WNT9A_FZD5_LRP6	KEGG: hsa04310; PMID: 23209147	WNT agonist	WNT antagonist	WNT activation receptor	WNT inhibition receptor	CellChatDB v1
WNT9A	FZD6+LRP6	WNT	1.0	Secreted Signaling	CellChatDB	WNT9A_FZD6_LRP6	KEGG: hsa04310; PMID: 23209147	WNT agonist	WNT antagonist	WNT activation receptor	WNT inhibition receptor	CellChatDB v1
WNT9A	FZD7+LRP6	WNT	1.0	Secreted Signaling	CellChatDB	WNT9A_FZD7_LRP6	KEGG: hsa04310; PMID: 23209147	WNT agonist	WNT antagonist	WNT activation receptor	WNT inhibition receptor	CellChatDB v1
WNT9A	FZD8+LRP6	WNT	1.0	Secreted Signaling	CellChatDB	WNT9A_FZD8_LRP6	KEGG: hsa04310; PMID: 23209147	WNT agonist	WNT antagonist	WNT activation receptor	WNT inhibition receptor	CellChatDB v1
WNT9A	FZD9+LRP6	WNT	1.0	Secreted Signaling	CellChatDB	WNT9A_FZD9_LRP6	KEGG: hsa04310; PMID: 23209147	WNT agonist	WNT antagonist	WNT activation receptor	WNT inhibition receptor	CellChatDB v1
WNT9B	FZD1+LRP6	WNT	1.0	Secreted Signaling	CellChatDB	WNT9B_FZD1_LRP6	KEGG: hsa04310; PMID: 23209147	WNT agonist	WNT antagonist	WNT activation receptor	WNT inhibition receptor	CellChatDB v1
WNT9B	FZD10+LRP6	WNT	1.0	Secreted Signaling	CellChatDB	WNT9B_FZD10_LRP6	KEGG: hsa04310; PMID: 23209147	WNT agonist	WNT antagonist	WNT activation receptor	WNT inhibition receptor	CellChatDB v1
WNT9B	FZD2+LRP6	WNT	1.0	Secreted Signaling	CellChatDB	WNT9B_FZD2_LRP6	KEGG: hsa04310; PMID: 23209147	WNT agonist	WNT antagonist	WNT activation receptor	WNT inhibition receptor	CellChatDB v1
WNT9B	FZD3+LRP6	WNT	1.0	Secreted Signaling	CellChatDB	WNT9B_FZD3_LRP6	KEGG: hsa04310; PMID: 23209147	WNT agonist	WNT antagonist	WNT activation receptor	WNT inhibition receptor	CellChatDB v1
WNT9B	FZD4+LRP6	WNT	1.0	Secreted Signaling	CellChatDB	WNT9B_FZD4_LRP6	KEGG: hsa04310; PMID: 23209147	WNT agonist	WNT antagonist	WNT activation receptor	WNT inhibition receptor	CellChatDB v1
WNT9B	FZD5+LRP6	WNT	1.0	Secreted Signaling	CellChatDB	WNT9B_FZD5_LRP6	KEGG: hsa04310; PMID: 23209147	WNT agonist	WNT antagonist	WNT activation receptor	WNT inhibition receptor	CellChatDB v1
WNT9B	FZD6+LRP6	WNT	1.0	Secreted Signaling	CellChatDB	WNT9B_FZD6_LRP6	KEGG: hsa04310; PMID: 23209147	WNT agonist	WNT antagonist	WNT activation receptor	WNT inhibition receptor	CellChatDB v1
WNT9B	FZD7+LRP6	WNT	1.0	Secreted Signaling	CellChatDB	WNT9B_FZD7_LRP6	KEGG: hsa04310; PMID: 23209147	WNT agonist	WNT antagonist	WNT activation receptor	WNT inhibition receptor	CellChatDB v1
WNT9B	FZD8+LRP6	WNT	1.0	Secreted Signaling	CellChatDB	WNT9B_FZD8_LRP6	KEGG: hsa04310; PMID: 23209147	WNT agonist	WNT antagonist	WNT activation receptor	WNT inhibition receptor	CellChatDB v1
WNT9B	FZD9+LRP6	WNT	1.0	Secreted Signaling	CellChatDB	WNT9B_FZD9_LRP6	KEGG: hsa04310; PMID: 23209147	WNT agonist	WNT antagonist	WNT activation receptor	WNT inhibition receptor	CellChatDB v1
WNT5A	FZD1	ncWNT	1.0	Secreted Signaling	CellChatDB	WNT5A_FZD1	KEGG: hsa04310			ncWNT activation receptor		CellChatDB v1
WNT5A	FZD10	ncWNT	1.0	Secreted Signaling	CellChatDB	WNT5A_FZD10	KEGG: hsa04310			ncWNT activation receptor		CellChatDB v1
WNT5A	FZD2	ncWNT	1.0	Secreted Signaling	CellChatDB	WNT5A_FZD2	KEGG: hsa04310			ncWNT activation receptor		CellChatDB v1
WNT5A	FZD3	ncWNT	1.0	Secreted Signaling	CellChatDB	WNT5A_FZD3	KEGG: hsa04310			ncWNT activation receptor		CellChatDB v1
WNT5A	FZD4	ncWNT	1.0	Secreted Signaling	CellChatDB	WNT5A_FZD4	KEGG: hsa04310			ncWNT activation receptor		CellChatDB v1
WNT5A	FZD5	ncWNT	1.0	Secreted Signaling	CellChatDB	WNT5A_FZD5	KEGG: hsa04310			ncWNT activation receptor		CellChatDB v1
WNT5A	FZD6	ncWNT	1.0	Secreted Signaling	CellChatDB	WNT5A_FZD6	KEGG: hsa04310			ncWNT activation receptor		CellChatDB v1
WNT5A	FZD7	ncWNT	1.0	Secreted Signaling	CellChatDB	WNT5A_FZD7	KEGG: hsa04310			ncWNT activation receptor		CellChatDB v1
WNT5A	FZD8	ncWNT	1.0	Secreted Signaling	CellChatDB	WNT5A_FZD8	KEGG: hsa04310			ncWNT activation receptor		CellChatDB v1
WNT5A	FZD9	ncWNT	1.0	Secreted Signaling	CellChatDB	WNT5A_FZD9	KEGG: hsa04310			ncWNT activation receptor		CellChatDB v1
WNT5A	MCAM	ncWNT	1.0	Secreted Signaling	CellChatDB	WNT5A_MCAM	PMID: 24335906					CellChatDB v1
WNT5B	FZD1	ncWNT	1.0	Secreted Signaling	CellChatDB	WNT5B_FZD1	KEGG: hsa04310			ncWNT activation receptor		CellChatDB v1
WNT5B	FZD10	ncWNT	1.0	Secreted Signaling	CellChatDB	WNT5B_FZD10	KEGG: hsa04310			ncWNT activation receptor		CellChatDB v1
WNT5B	FZD2	ncWNT	1.0	Secreted Signaling	CellChatDB	WNT5B_FZD2	KEGG: hsa04310			ncWNT activation receptor		CellChatDB v1
WNT5B	FZD3	ncWNT	1.0	Secreted Signaling	CellChatDB	WNT5B_FZD3	KEGG: hsa04310			ncWNT activation receptor		CellChatDB v1
WNT5B	FZD4	ncWNT	1.0	Secreted Signaling	CellChatDB	WNT5B_FZD4	KEGG: hsa04310			ncWNT activation receptor		CellChatDB v1
WNT5B	FZD5	ncWNT	1.0	Secreted Signaling	CellChatDB	WNT5B_FZD5	KEGG: hsa04310			ncWNT activation receptor		CellChatDB v1
WNT5B	FZD6	ncWNT	1.0	Secreted Signaling	CellChatDB	WNT5B_FZD6	KEGG: hsa04310			ncWNT activation receptor		CellChatDB v1
WNT5B	FZD7	ncWNT	1.0	Secreted Signaling	CellChatDB	WNT5B_FZD7	KEGG: hsa04310			ncWNT activation receptor		CellChatDB v1
WNT5B	FZD8	ncWNT	1.0	Secreted Signaling	CellChatDB	WNT5B_FZD8	KEGG: hsa04310			ncWNT activation receptor		CellChatDB v1
WNT5B	FZD9	ncWNT	1.0	Secreted Signaling	CellChatDB	WNT5B_FZD9	KEGG: hsa04310			ncWNT activation receptor		CellChatDB v1
WNT11	FZD1	ncWNT	1.0	Secreted Signaling	CellChatDB	WNT11_FZD1	KEGG: hsa04310			ncWNT activation receptor		CellChatDB v1
WNT11	FZD10	ncWNT	1.0	Secreted Signaling	CellChatDB	WNT11_FZD10	KEGG: hsa04310			ncWNT activation receptor		CellChatDB v1
WNT11	FZD2	ncWNT	1.0	Secreted Signaling	CellChatDB	WNT11_FZD2	KEGG: hsa04310			ncWNT activation receptor		CellChatDB v1
WNT11	FZD3	ncWNT	1.0	Secreted Signaling	CellChatDB	WNT11_FZD3	KEGG: hsa04310			ncWNT activation receptor		CellChatDB v1
WNT11	FZD4	ncWNT	1.0	Secreted Signaling	CellChatDB	WNT11_FZD4	KEGG: hsa04310			ncWNT activation receptor		CellChatDB v1
WNT11	FZD5	ncWNT	1.0	Secreted Signaling	CellChatDB	WNT11_FZD5	KEGG: hsa04310			ncWNT activation receptor		CellChatDB v1
WNT11	FZD6	ncWNT	1.0	Secreted Signaling	CellChatDB	WNT11_FZD6	KEGG: hsa04310			ncWNT activation receptor		CellChatDB v1
WNT11	FZD7	ncWNT	1.0	Secreted Signaling	CellChatDB	WNT11_FZD7	KEGG: hsa04310			ncWNT activation receptor		CellChatDB v1
WNT11	FZD8	ncWNT	1.0	Secreted Signaling	CellChatDB	WNT11_FZD8	KEGG: hsa04310			ncWNT activation receptor		CellChatDB v1
WNT11	FZD9	ncWNT	1.0	Secreted Signaling	CellChatDB	WNT11_FZD9	KEGG: hsa04310			ncWNT activation receptor		CellChatDB v1
EGF	EGFR	EGF	1.0	Secreted Signaling	CellChatDB	EGF_EGFR	KEGG: hsa04012					CellChatDB v1
EGF	ERBB2+EGFR	EGF	1.0	Secreted Signaling	CellChatDB	EGF_EGFR_ERBB2	KEGG: hsa04012					CellChatDB v1
TGFA	EGFR	EGF	1.0	Secreted Signaling	CellChatDB	TGFA_EGFR	KEGG: hsa04012					CellChatDB v1
TGFA	ERBB2+EGFR	EGF	1.0	Secreted Signaling	CellChatDB	TGFA_EGFR_ERBB2	KEGG: hsa04012					CellChatDB v1
AREG	EGFR	EGF	1.0	Secreted Signaling	CellChatDB	AREG_EGFR	KEGG: hsa04012					CellChatDB v1
AREG	ERBB2+EGFR	EGF	1.0	Secreted Signaling	CellChatDB	AREG_EGFR_ERBB2	KEGG: hsa04012					CellChatDB v1
BTC	EGFR	EGF	1.0	Secreted Signaling	CellChatDB	BTC_EGFR	KEGG: hsa04012					CellChatDB v1
BTC	ERBB2+EGFR	EGF	1.0	Secreted Signaling	CellChatDB	BTC_EGFR_ERBB2	KEGG: hsa04012					CellChatDB v1
BTC	ERBB4	EGF	1.0	Secreted Signaling	CellChatDB	BTC_ERBB4	KEGG: hsa04012					CellChatDB v1
BTC	ERBB2+ERBB4	EGF	1.0	Secreted Signaling	CellChatDB	BTC_ERBB2_ERBB4	KEGG: hsa04012					CellChatDB v1
HBEGF	EGFR	EGF	1.0	Secreted Signaling	CellChatDB	HBEGF_EGFR	KEGG: hsa04012					CellChatDB v1
HBEGF	ERBB2+EGFR	EGF	1.0	Secreted Signaling	CellChatDB	HBEGF_EGFR_ERBB2	KEGG: hsa04012					CellChatDB v1
HBEGF	ERBB4	EGF	1.0	Secreted Signaling	CellChatDB	HBEGF_ERBB4	KEGG: hsa04012					CellChatDB v1
HBEGF	ERBB2+ERBB4	EGF	1.0	Secreted Signaling	CellChatDB	HBEGF_ERBB2_ERBB4	KEGG: hsa04012					CellChatDB v1
EREG	EGFR	EGF	1.0	Secreted Signaling	CellChatDB	EREG_EGFR	KEGG: hsa04012					CellChatDB v1
EREG	ERBB2+EGFR	EGF	1.0	Secreted Signaling	CellChatDB	EREG_EGFR_ERBB2	KEGG: hsa04012					CellChatDB v1
EREG	ERBB4	EGF	1.0	Secreted Signaling	CellChatDB	EREG_ERBB4	KEGG: hsa04012					CellChatDB v1
EREG	ERBB2+ERBB4	EGF	1.0	Secreted Signaling	CellChatDB	EREG_ERBB2_ERBB4	KEGG: hsa04012					CellChatDB v1
NRG1	ERBB3	NRG	1.0	Secreted Signaling	CellChatDB	NRG1_ERBB3	KEGG: hsa04012					CellChatDB v1
NRG1	ERBB3+ERBB2	NRG	1.0	Secreted Signaling	CellChatDB	NRG1_ERBB2_ERBB3	KEGG: hsa04012					CellChatDB v1
NRG1	ERBB4	NRG	1.0	Secreted Signaling	CellChatDB	NRG1_ERBB4	KEGG: hsa04012					CellChatDB v1
NRG1	ERBB2+ERBB4	NRG	1.0	Secreted Signaling	CellChatDB	NRG1_ERBB2_ERBB4	KEGG: hsa04012					CellChatDB v1
NRG2	ERBB3	NRG	1.0	Secreted Signaling	CellChatDB	NRG2_ERBB3	KEGG: hsa04012					CellChatDB v1
NRG2	ERBB3+ERBB2	NRG	1.0	Secreted Signaling	CellChatDB	NRG2_ERBB2_ERBB3	KEGG: hsa04012					CellChatDB v1
NRG2	ERBB4	NRG	1.0	Secreted Signaling	CellChatDB	NRG2_ERBB4	KEGG: hsa04012					CellChatDB v1
NRG2	ERBB2+ERBB4	NRG	1.0	Secreted Signaling	CellChatDB	NRG2_ERBB2_ERBB4	KEGG: hsa04012					CellChatDB v1
NRG3	ERBB4	NRG	1.0	Secreted Signaling	CellChatDB	NRG3_ERBB4	KEGG: hsa04012					CellChatDB v1
NRG3	ERBB2+ERBB4	NRG	1.0	Secreted Signaling	CellChatDB	NRG3_ERBB2_ERBB4	KEGG: hsa04012					CellChatDB v1
NRG4	ERBB4	NRG	1.0	Secreted Signaling	CellChatDB	NRG4_ERBB4	KEGG: hsa04012					CellChatDB v1
NRG4	ERBB2+ERBB4	NRG	1.0	Secreted Signaling	CellChatDB	NRG4_ERBB2_ERBB4	KEGG: hsa04012					CellChatDB v1
NRG1	ITGAV+ITGB3	NRG	1.0	Secreted Signaling	CellChatDB	NRG1_ITGAV_ITGB3	PMID: 20682778					CellChatDB v1
FGF1	FGFR1	FGF	1.0	Secreted Signaling	CellChatDB	FGF1_FGFR1	PMC: 4393358				FGF inhibition receptor	CellChatDB v1
FGF1	FGFR2	FGF	1.0	Secreted Signaling	CellChatDB	FGF1_FGFR2	PMC: 4393358				FGF inhibition receptor	CellChatDB v1
FGF1	FGFR3	FGF	1.0	Secreted Signaling	CellChatDB	FGF1_FGFR3	PMC: 4393358				FGF inhibition receptor	CellChatDB v1
FGF1	FGFR4	FGF	1.0	Secreted Signaling	CellChatDB	FGF1_FGFR4	PMC: 4393358				FGF inhibition receptor	CellChatDB v1
FGF2	FGFR1	FGF	1.0	Secreted Signaling	CellChatDB	FGF2_FGFR1	PMC: 4393358				FGF inhibition receptor	CellChatDB v1
FGF2	FGFR2	FGF	1.0	Secreted Signaling	CellChatDB	FGF2_FGFR2	PMC: 4393358				FGF inhibition receptor	CellChatDB v1
FGF2	FGFR3	FGF	1.0	Secreted Signaling	CellChatDB	FGF2_FGFR3	PMC: 4393358				FGF inhibition receptor	CellChatDB v1
FGF2	FGFR4	FGF	1.0	Secreted Signaling	CellChatDB	FGF2_FGFR4	PMC: 4393358				FGF inhibition receptor	CellChatDB v1
FGF4	FGFR1	FGF	1.0	Secreted Signaling	CellChatDB	FGF4_FGFR1	PMC: 4393358				FGF inhibition receptor	CellChatDB v1
FGF4	FGFR2	FGF	1.0	Secreted Signaling	CellChatDB	FGF4_FGFR2	PMC: 4393358				FGF inhibition receptor	CellChatDB v1
FGF4	FGFR3	FGF	1.0	Secreted Signaling	CellChatDB	FGF4_FGFR3	PMC: 4393358				FGF inhibition receptor	CellChatDB v1
FGF4	FGFR4	FGF	1.0	Secreted Signaling	CellChatDB	FGF4_FGFR4	PMC: 4393358				FGF inhibition receptor	CellChatDB v1
FGF5	FGFR1	FGF	1.0	Secreted Signaling	CellChatDB	FGF5_FGFR1	PMC: 4393358				FGF inhibition receptor	CellChatDB v1
FGF5	FGFR2	FGF	1.0	Secreted Signaling	CellChatDB	FGF5_FGFR2	PMC: 4393358				FGF inhibition receptor	CellChatDB v1
FGF5	FGFR3	FGF	1.0	Secreted Signaling	CellChatDB	FGF5_FGFR3	PMC: 4393358				FGF inhibition receptor	CellChatDB v1
FGF5	FGFR4	FGF	1.0	Secreted Signaling	CellChatDB	FGF5_FGFR4	PMC: 4393358				FGF inhibition receptor	CellChatDB v1
FGF6	FGFR1	FGF	1.0	Secreted Signaling	CellChatDB	FGF6_FGFR1	PMC: 4393358				FGF inhibition receptor	CellChatDB v1
FGF6	FGFR2	FGF	1.0	Secreted Signaling	CellChatDB	FGF6_FGFR2	PMC: 4393358				FGF inhibition receptor	CellChatDB v1
FGF6	FGFR3	FGF	1.0	Secreted Signaling	CellChatDB	FGF6_FGFR3	PMC: 4393358				FGF inhibition receptor	CellChatDB v1
FGF6	FGFR4	FGF	1.0	Secreted Signaling	CellChatDB	FGF6_FGFR4	PMC: 4393358				FGF inhibition receptor	CellChatDB v1
FGF7	FGFR1	FGF	1.0	Secreted Signaling	CellChatDB	FGF7_FGFR1	PMC: 4393358				FGF inhibition receptor	CellChatDB v1
FGF7	FGFR2	FGF	1.0	Secreted Signaling	CellChatDB	FGF7_FGFR2	PMC: 4393358				FGF inhibition receptor	CellChatDB v1
FGF3	FGFR1	FGF	1.0	Secreted Signaling	CellChatDB	FGF3_FGFR1	PMC: 4393358				FGF inhibition receptor	CellChatDB v1
FGF3	FGFR2	FGF	1.0	Secreted Signaling	CellChatDB	FGF3_FGFR2	PMC: 4393358				FGF inhibition receptor	CellChatDB v1
FGF10	FGFR1	FGF	1.0	Secreted Signaling	CellChatDB	FGF10_FGFR1	PMC: 4393358				FGF inhibition receptor	CellChatDB v1
FGF10	FGFR2	FGF	1.0	Secreted Signaling	CellChatDB	FGF10_FGFR2	PMC: 4393358				FGF inhibition receptor	CellChatDB v1
FGF22	FGFR2	FGF	1.0	Secreted Signaling	CellChatDB	FGF22_FGFR2	PMC: 4393358				FGF inhibition receptor	CellChatDB v1
FGF8	FGFR1	FGF	1.0	Secreted Signaling	CellChatDB	FGF8_FGFR1	PMC: 4393358				FGF inhibition receptor	CellChatDB v1
FGF8	FGFR2	FGF	1.0	Secreted Signaling	CellChatDB	FGF8_FGFR2	PMC: 4393358				FGF inhibition receptor	CellChatDB v1
FGF8	FGFR3	FGF	1.0	Secreted Signaling	CellChatDB	FGF8_FGFR3	PMC: 4393358				FGF inhibition receptor	CellChatDB v1
FGF8	FGFR4	FGF	1.0	Secreted Signaling	CellChatDB	FGF8_FGFR4	PMC: 4393358				FGF inhibition receptor	CellChatDB v1
FGF17	FGFR1	FGF	1.0	Secreted Signaling	CellChatDB	FGF17_FGFR1	PMC: 4393358				FGF inhibition receptor	CellChatDB v1
FGF17	FGFR2	FGF	1.0	Secreted Signaling	CellChatDB	FGF17_FGFR2	PMC: 4393358				FGF inhibition receptor	CellChatDB v1
FGF17	FGFR3	FGF	1.0	Secreted Signaling	CellChatDB	FGF17_FGFR3	PMC: 4393358				FGF inhibition receptor	CellChatDB v1
FGF17	FGFR4	FGF	1.0	Secreted Signaling	CellChatDB	FGF17_FGFR4	PMC: 4393358				FGF inhibition receptor	CellChatDB v1
FGF18	FGFR1	FGF	1.0	Secreted Signaling	CellChatDB	FGF18_FGFR1	PMC: 4393358				FGF inhibition receptor	CellChatDB v1
FGF18	FGFR2	FGF	1.0	Secreted Signaling	CellChatDB	FGF18_FGFR2	PMC: 4393358				FGF inhibition receptor	CellChatDB v1
FGF18	FGFR3	FGF	1.0	Secreted Signaling	CellChatDB	FGF18_FGFR3	PMC: 4393358				FGF inhibition receptor	CellChatDB v1
FGF18	FGFR4	FGF	1.0	Secreted Signaling	CellChatDB	FGF18_FGFR4	PMC: 4393358				FGF inhibition receptor	CellChatDB v1
FGF9	FGFR1	FGF	1.0	Secreted Signaling	CellChatDB	FGF9_FGFR1	PMC: 4393358				FGF inhibition receptor	CellChatDB v1
FGF9	FGFR2	FGF	1.0	Secreted Signaling	CellChatDB	FGF9_FGFR2	PMC: 4393358				FGF inhibition receptor	CellChatDB v1
FGF9	FGFR3	FGF	1.0	Secreted Signaling	CellChatDB	FGF9_FGFR3	PMC: 4393358				FGF inhibition receptor	CellChatDB v1
FGF9	FGFR4	FGF	1.0	Secreted Signaling	CellChatDB	FGF9_FGFR4	PMC: 4393358				FGF inhibition receptor	CellChatDB v1
FGF20	FGFR1	FGF	1.0	Secreted Signaling	CellChatDB	FGF20_FGFR1	PMC: 4393358				FGF inhibition receptor	CellChatDB v1
FGF20	FGFR2	FGF	1.0	Secreted Signaling	CellChatDB	FGF20_FGFR2	PMC: 4393358				FGF inhibition receptor	CellChatDB v1
FGF20	FGFR3	FGF	1.0	Secreted Signaling	CellChatDB	FGF20_FGFR3	PMC: 4393358				FGF inhibition receptor	CellChatDB v1
FGF20	FGFR4	FGF	1.0	Secreted Signaling	CellChatDB	FGF20_FGFR4	PMC: 4393358				FGF inhibition receptor	CellChatDB v1
FGF16	FGFR1	FGF	1.0	Secreted Signaling	CellChatDB	FGF16_FGFR1	PMC: 4393358				FGF inhibition receptor	CellChatDB v1
FGF16	FGFR2	FGF	1.0	Secreted Signaling	CellChatDB	FGF16_FGFR2	PMC: 4393358				FGF inhibition receptor	CellChatDB v1
FGF16	FGFR3	FGF	1.0	Secreted Signaling	CellChatDB	FGF16_FGFR3	PMC: 4393358				FGF inhibition receptor	CellChatDB v1
FGF16	FGFR4	FGF	1.0	Secreted Signaling	CellChatDB	FGF16_FGFR4	PMC: 4393358				FGF inhibition receptor	CellChatDB v1
FGF19	FGFR1	FGF	1.0	Secreted Signaling	CellChatDB	FGF15_FGFR1	PMC: 4393358			FGF activation receptor 2		CellChatDB v1
FGF19	FGFR2	FGF	1.0	Secreted Signaling	CellChatDB	FGF15_FGFR2	PMC: 4393358			FGF activation receptor 2		CellChatDB v1
FGF19	FGFR3	FGF	1.0	Secreted Signaling	CellChatDB	FGF15_FGFR3	PMC: 4393358			FGF activation receptor 2		CellChatDB v1
FGF19	FGFR4	FGF	1.0	Secreted Signaling	CellChatDB	FGF15_FGFR4	PMC: 4393358			FGF activation receptor 2		CellChatDB v1
FGF21	FGFR1	FGF	1.0	Secreted Signaling	CellChatDB	FGF21_FGFR1	PMC: 4393358			FGF activation receptor 2		CellChatDB v1
FGF21	FGFR3	FGF	1.0	Secreted Signaling	CellChatDB	FGF21_FGFR3	PMC: 4393358			FGF activation receptor 2		CellChatDB v1
FGF23	FGFR1	FGF	1.0	Secreted Signaling	CellChatDB	FGF23_FGFR1	PMC: 4393358			FGF activation receptor 3		CellChatDB v1
FGF23	FGFR3	FGF	1.0	Secreted Signaling	CellChatDB	FGF23_FGFR3	PMC: 4393358			FGF activation receptor 3		CellChatDB v1
FGF23	FGFR4	FGF	1.0	Secreted Signaling	CellChatDB	FGF23_FGFR4	PMC: 4393358			FGF activation receptor 3		CellChatDB v1
PDGFA	PDGFRA	PDGF	1.0	Secreted Signaling	CellChatDB	PDGFA_PDGFRA	PMID: 15207812		PDGF antagonist			CellChatDB v1
PDGFA	PDGFRB	PDGF	1.0	Secreted Signaling	CellChatDB	PDGFA_PDGFRB	PMID: 15207812		PDGF antagonist			CellChatDB v1
PDGFB	PDGFRA	PDGF	1.0	Secreted Signaling	CellChatDB	PDGFB_PDGFRA	PMID: 15207812		PDGF antagonist			CellChatDB v1
PDGFB	PDGFRB	PDGF	1.0	Secreted Signaling	CellChatDB	PDGFB_PDGFRB	PMID: 15207812		PDGF antagonist			CellChatDB v1
PDGFC	PDGFRA	PDGF	1.0	Secreted Signaling	CellChatDB	PDGFC_PDGFRA	PMID: 15207812		PDGF antagonist			CellChatDB v1
PDGFD	PDGFRB	PDGF	1.0	Secreted Signaling	CellChatDB	PDGFD_PDGFRB	PMID: 15207812		PDGF antagonist			CellChatDB v1
VEGFA	FLT1	VEGF	1.0	Secreted Signaling	CellChatDB	VEGFA_VEGFR1	KEGG: hsa04370; PMID: 16633338					CellChatDB v1
VEGFA	KDR	VEGF	1.0	Secreted Signaling	CellChatDB	VEGFA_VEGFR2	KEGG: hsa04370; PMID: 16633338			VEGF activation receptor		CellChatDB v1
VEGFB	FLT1	VEGF	1.0	Secreted Signaling	CellChatDB	VEGFB_VEGFR1	KEGG: hsa04370; PMID: 16633338					CellChatDB v1
VEGFC	FLT4	VEGF	1.0	Secreted Signaling	CellChatDB	VEGFC_VEGFR3	KEGG: hsa04370; PMID: 16633338					CellChatDB v1
VEGFC	KDR	VEGF	1.0	Secreted Signaling	CellChatDB	VEGFC_VEGFR2	KEGG: hsa04370; PMID: 16633338			VEGF activation receptor		CellChatDB v1
VEGFD	FLT4	VEGF	1.0	Secreted Signaling	CellChatDB	VEGFD_VEGFR3	KEGG: hsa04370; PMID: 16633338					CellChatDB v1
VEGFD	KDR	VEGF	1.0	Secreted Signaling	CellChatDB	VEGFD_VEGFR2	KEGG: hsa04370; PMID: 16633338			VEGF activation receptor		CellChatDB v1
PGF	FLT1	VEGF	1.0	Secreted Signaling	CellChatDB	PGF_VEGFR1	KEGG: hsa04370; PMID: 16633338					CellChatDB v1
VEGFA	FLT1+KDR	VEGF	1.0	Secreted Signaling	CellChatDB	VEGFA_VEGFR1R2	PMID: 16633338			VEGF activation receptor		CellChatDB v1
VEGFC	FLT4+KDR	VEGF	1.0	Secreted Signaling	CellChatDB	VEGFC_VEGFR2R3	PMID: 16633338			VEGF activation receptor		CellChatDB v1
VEGFD	FLT4+KDR	VEGF	1.0	Secreted Signaling	CellChatDB	VEGFD_VEGFR2R3	PMID: 16633338			VEGF activation receptor		CellChatDB v1
IGF1	IGF1R	IGF	1.0	Secreted Signaling	CellChatDB	IGF1_IGF1R	PMID: 14604834		IGF antagonist			CellChatDB v1
IGF2	IGF1R	IGF	1.0	Secreted Signaling	CellChatDB	IGF2_IGF1R	PMID: 14604834		IGF antagonist			CellChatDB v1
IGF2	IGF2R	IGF	1.0	Secreted Signaling	CellChatDB	IGF2_IGF2R	PMID: 14604834		IGF antagonist			CellChatDB v1
IGF1	ITGAV+ITGB3	IGF	1.0	Secreted Signaling	CellChatDB	IGF1_ITGAV_ITGB3	PMID: 28190785; PMID: 28873464		IGF antagonist			CellChatDB v1
IGF1	ITGA6+ITGB4	IGF	1.0	Secreted Signaling	CellChatDB	IGF1_ITGA6_ITGB4	PMID: 28190785; PMID: 28873464		IGF antagonist			CellChatDB v1
IGF2	ITGAV+ITGB3	IGF	1.0	Secreted Signaling	CellChatDB	IGF2_ITGAV_ITGB3	PMID: 28190785; PMID: 28873464		IGF antagonist			CellChatDB v1
IGF2	ITGA6+ITGB4	IGF	1.0	Secreted Signaling	CellChatDB	IGF2_ITGA6_ITGB4	PMID: 28190785; PMID: 28873464		IGF antagonist			CellChatDB v1
IGFL3	IGFLR1	IGF	1.0	Secreted Signaling	CellChatDB	IGFL3_IGFLR1	PMID: 21454693		IGF antagonist			CellChatDB v1
INS	INSR	INSULIN	1.0	Secreted Signaling	CellChatDB	INS_INSSR	KEGG: hsa04911; PMID: 24633815	INSULIN agonist			INSULIN inhibition receptor	CellChatDB v1
APLN	APLNR	APELIN	1.0	Secreted Signaling	CellChatDB	APLN_APLNR	KEGG: hsa04371					CellChatDB v1
DHH	PTCH1+SMO	HH	1.0	Secreted Signaling	CellChatDB	DHH_PTCH1	KEGG: hsa04340; PMID: 25701396			HH activation receptor	HH inhibition receptor	CellChatDB v1
IHH	PTCH1+SMO	HH	1.0	Secreted Signaling	CellChatDB	IHH_PTCH1	KEGG: hsa04340; PMID: 25701396			HH activation receptor	HH inhibition receptor	CellChatDB v1
SHH	PTCH1+SMO	HH	1.0	Secreted Signaling	CellChatDB	SHH_PTCH1	KEGG: hsa04340; PMID: 25701396			HH activation receptor	HH inhibition receptor	CellChatDB v1
DHH	PTCH2+SMO	HH	1.0	Secreted Signaling	CellChatDB	DHH_PTCH2	KEGG: hsa04340; PMID: 25701396			HH activation receptor	HH inhibition receptor	CellChatDB v1
IHH	PTCH2+SMO	HH	1.0	Secreted Signaling	CellChatDB	IHH_PTCH2	KEGG: hsa04340; PMID: 25701396			HH activation receptor	HH inhibition receptor	CellChatDB v1
SHH	PTCH2+SMO	HH	1.0	Secreted Signaling	CellChatDB	SHH_PTCH2	KEGG: hsa04340; PMID: 25701396			HH activation receptor	HH inhibition receptor	CellChatDB v1
CCL5	CCR1	CCL	1.0	Secreted Signaling	CellChatDB	CCL5_CCR1	KEGG: hsa04060					CellChatDB v1
CCL3	CCR1	CCL	1.0	Secreted Signaling	CellChatDB	CCL3_CCR1	KEGG: hsa04060					CellChatDB v1
CCL3L1	CCR1	CCL	1.0	Secreted Signaling	CellChatDB	CCL3L1_CCR1	KEGG: hsa04060					CellChatDB v1
CCL3L3	CCR1	CCL	1.0	Secreted Signaling	CellChatDB	CCL3L3_CCR1	KEGG: hsa04060					CellChatDB v1
CCL8	CCR1	CCL	1.0	Secreted Signaling	CellChatDB	CCL8_CCR1	KEGG: hsa04060					CellChatDB v1
CCL7	CCR1	CCL	1.0	Secreted Signaling	CellChatDB	CCL7_CCR1	KEGG: hsa04060					CellChatDB v1
CCL13	CCR1	CCL	1.0	Secreted Signaling	CellChatDB	CCL13_CCR1	KEGG: hsa04060					CellChatDB v1
CCL14	CCR1	CCL	1.0	Secreted Signaling	CellChatDB	CCL14_CCR1	KEGG: hsa04060					CellChatDB v1
CCL15	CCR1	CCL	1.0	Secreted Signaling	CellChatDB	CCL15_CCR1	KEGG: hsa04060					CellChatDB v1
CCL16	CCR1	CCL	1.0	Secreted Signaling	CellChatDB	CCL16_CCR1	KEGG: hsa04060					CellChatDB v1
CCL23	CCR1	CCL	1.0	Secreted Signaling	CellChatDB	CCL23_CCR1	KEGG: hsa04060					CellChatDB v1
CCL8	CCR2	CCL	1.0	Secreted Signaling	CellChatDB	CCL8_CCR2	KEGG: hsa04060					CellChatDB v1
CCL7	CCR2	CCL	1.0	Secreted Signaling	CellChatDB	CCL7_CCR2	KEGG: hsa04060					CellChatDB v1
CCL2	CCR2	CCL	1.0	Secreted Signaling	CellChatDB	CCL2_CCR2	KEGG: hsa04060					CellChatDB v1
CCL27	CCR2	CCL	1.0	Secreted Signaling	CellChatDB	CCL27_CCR2	KEGG: hsa04060					CellChatDB v1
CCL5	CCR3	CCL	1.0	Secreted Signaling	CellChatDB	CCL5_CCR3	KEGG: hsa04060					CellChatDB v1
CCL7	CCR3	CCL	1.0	Secreted Signaling	CellChatDB	CCL7_CCR3	KEGG: hsa04060					CellChatDB v1
CCL11	CCR3	CCL	1.0	Secreted Signaling	CellChatDB	CCL11_CCR3	KEGG: hsa04060					CellChatDB v1
CCL24	CCR3	CCL	1.0	Secreted Signaling	CellChatDB	CCL24_CCR3	KEGG: hsa04060					CellChatDB v1
CCL26	CCR3	CCL	1.0	Secreted Signaling	CellChatDB	CCL26_CCR3	KEGG: hsa04060					CellChatDB v1
CCL28	CCR3	CCL	1.0	Secreted Signaling	CellChatDB	CCL28_CCR3	KEGG: hsa04060					CellChatDB v1
CCL27	CCR3	CCL	1.0	Secreted Signaling	CellChatDB	CCL27_CCR3	KEGG: hsa04060					CellChatDB v1
CCL17	CCR4	CCL	1.0	Secreted Signaling	CellChatDB	CCL17_CCR4	KEGG: hsa04060					CellChatDB v1
CCL22	CCR4	CCL	1.0	Secreted Signaling	CellChatDB	CCL22_CCR4	KEGG: hsa04060					CellChatDB v1
CCL5	CCR4	CCL	1.0	Secreted Signaling	CellChatDB	CCL5_CCR4	KEGG: hsa04060					CellChatDB v1
CCL4	CCR5	CCL	1.0	Secreted Signaling	CellChatDB	CCL4_CCR5	KEGG: hsa04060					CellChatDB v1
CCL5	CCR5	CCL	1.0	Secreted Signaling	CellChatDB	CCL5_CCR5	KEGG: hsa04060					CellChatDB v1
CCL3	CCR5	CCL	1.0	Secreted Signaling	CellChatDB	CCL3_CCR5	KEGG: hsa04060					CellChatDB v1
CCL20	CCR6	CCL	1.0	Secreted Signaling	CellChatDB	CCL20_CCR6	KEGG: hsa04060					CellChatDB v1
CCL19	CCR7	CCL	1.0	Secreted Signaling	CellChatDB	CCL19_CCR7	KEGG: hsa04060					CellChatDB v1
CCL21	CCR7	CCL	1.0	Secreted Signaling	CellChatDB	CCL21_CCR7	KEGG: hsa04060					CellChatDB v1
CCL19	ACKR4	CCL	1.0	Secreted Signaling	CellChatDB	CCL19_ACKR4	KEGG: hsa04060					CellChatDB v1
CCL21	ACKR4	CCL	1.0	Secreted Signaling	CellChatDB	CCL21_ACKR4	KEGG: hsa04060					CellChatDB v1
CCL1	CCR8	CCL	1.0	Secreted Signaling	CellChatDB	CCL1_CCR8	KEGG: hsa04060					CellChatDB v1
CCL25	CCR9	CCL	1.0	Secreted Signaling	CellChatDB	CCL25_CCR9	KEGG: hsa04060					CellChatDB v1
CCL25	ACKR4	CCL	1.0	Secreted Signaling	CellChatDB	CCL25_ACKR4	KEGG: hsa04060					CellChatDB v1
CCL28	CCR10	CCL	1.0	Secreted Signaling	CellChatDB	CCL28_CCR10	KEGG: hsa04060					CellChatDB v1
CCL27	CCR10	CCL	1.0	Secreted Signaling	CellChatDB	CCL27_CCR10	KEGG: hsa04060					CellChatDB v1
CCL1	ACKR4	CCL	1.0	Secreted Signaling	CellChatDB	CCL1_ACKR4	KEGG: hsa04060					CellChatDB v1
CCL13	ACKR4	CCL	1.0	Secreted Signaling	CellChatDB	CCL13_ACKR4	PMID: 26740381					CellChatDB v1
CCL8	ACKR4	CCL	1.0	Secreted Signaling	CellChatDB	CCL8_ACKR4	PMID: 26740381					CellChatDB v1
CCL1	ACKR1	CCL	1.0	Secreted Signaling	CellChatDB	CCL1_ACKR1	PMID: 26740381					CellChatDB v1
CCL2	ACKR1	CCL	1.0	Secreted Signaling	CellChatDB	CCL2_ACKR1	PMID: 26740381					CellChatDB v1
CCL5	ACKR1	CCL	1.0	Secreted Signaling	CellChatDB	CCL5_ACKR1	PMID: 26740381					CellChatDB v1
CCL8	ACKR1	CCL	1.0	Secreted Signaling	CellChatDB	CCL8_ACKR1	PMID: 26740381					CellChatDB v1
CCL13	ACKR1	CCL	1.0	Secreted Signaling	CellChatDB	CCL13_ACKR1	PMID: 26740381					CellChatDB v1
CCL14	ACKR1	CCL	1.0	Secreted Signaling	CellChatDB	CCL14_ACKR1	PMID: 26740381					CellChatDB v1
CCL16	ACKR1	CCL	1.0	Secreted Signaling	CellChatDB	CCL16_ACKR1	PMID: 26740381					CellChatDB v1
CCL18	ACKR1	CCL	1.0	Secreted Signaling	CellChatDB	CCL18_ACKR1	PMID: 26740381					CellChatDB v1
CXCL1	ACKR1	CXCL	1.0	Secreted Signaling	CellChatDB	CXCL1_ACKR1	PMID: 26740381					CellChatDB v1
CXCL2	ACKR1	CXCL	1.0	Secreted Signaling	CellChatDB	CXCL2_ACKR1	PMID: 26740381					CellChatDB v1
CXCL3	ACKR1	CXCL	1.0	Secreted Signaling	CellChatDB	CXCL3_ACKR1	PMID: 26740381					CellChatDB v1
CXCL5	ACKR1	CXCL	1.0	Secreted Signaling	CellChatDB	CXCL5_ACKR1	PMID: 26740381					CellChatDB v1
CXCL6	ACKR1	CXCL	1.0	Secreted Signaling	CellChatDB	CXCL6_ACKR1	PMID: 26740381					CellChatDB v1
CXCL8	ACKR1	CXCL	1.0	Secreted Signaling	CellChatDB	CXCL8_ACKR1	PMID: 26740381					CellChatDB v1
CXCL9	ACKR1	CXCL	1.0	Secreted Signaling	CellChatDB	CXCL9_ACKR1	PMID: 26740381					CellChatDB v1
CXCL10	ACKR1	CXCL	1.0	Secreted Signaling	CellChatDB	CXCL10_ACKR1	PMID: 26740381					CellChatDB v1
CXCL11	ACKR1	CXCL	1.0	Secreted Signaling	CellChatDB	CXCL11_ACKR1	PMID: 26740381					CellChatDB v1
CXCL13	ACKR1	CXCL	1.0	Secreted Signaling	CellChatDB	CXCL13_ACKR1	PMID: 26740381					CellChatDB v1
CCL2	ACKR2	CCL	1.0	Secreted Signaling	CellChatDB	CCL2_ACKR2	PMID: 26740381					CellChatDB v1
CCL3	ACKR2	CCL	1.0	Secreted Signaling	CellChatDB	CCL3_ACKR2	PMID: 26740381					CellChatDB v1
CCL3L1	ACKR2	CCL	1.0	Secreted Signaling	CellChatDB	CCL3L1_ACKR2	PMID: 26740381					CellChatDB v1
CCL4	ACKR2	CCL	1.0	Secreted Signaling	CellChatDB	CCL4_ACKR2	PMID: 26740381					CellChatDB v1
CCL5	ACKR2	CCL	1.0	Secreted Signaling	CellChatDB	CCL5_ACKR2	PMID: 26740381					CellChatDB v1
CCL7	ACKR2	CCL	1.0	Secreted Signaling	CellChatDB	CCL7_ACKR2	PMID: 26740381					CellChatDB v1
CCL8	ACKR2	CCL	1.0	Secreted Signaling	CellChatDB	CCL8_ACKR2	PMID: 26740381					CellChatDB v1
CCL7	ACKR1	CCL	1.0	Secreted Signaling	CellChatDB	CCL7_ACKR1	PMID: 26740381					CellChatDB v1
CCL11	ACKR1	CCL	1.0	Secreted Signaling	CellChatDB	CCL11_ACKR1	PMID: 26740381					CellChatDB v1
CCL11	ACKR2	CCL	1.0	Secreted Signaling	CellChatDB	CCL11_ACKR2	PMID: 26740381					CellChatDB v1
CCL13	ACKR2	CCL	1.0	Secreted Signaling	CellChatDB	CCL13_ACKR2	PMID: 26740381					CellChatDB v1
CCL22	ACKR2	CCL	1.0	Secreted Signaling	CellChatDB	CCL22_ACKR2	PMID: 26740381					CellChatDB v1
CCL24	ACKR2	CCL	1.0	Secreted Signaling	CellChatDB	CCL24_ACKR2	PMID: 26740381					CellChatDB v1
CCL26	ACKR2	CCL	1.0	Secreted Signaling	CellChatDB	CCL26_ACKR2	PMID: 26740381					CellChatDB v1
CCL17	ACKR1	CCL	1.0	Secreted Signaling	CellChatDB	CCL17_ACKR1	PMID: 26740381					CellChatDB v1
CCL14	ACKR2	CCL	1.0	Secreted Signaling	CellChatDB	CCL14_ACKR2	PMID: 26740381					CellChatDB v1
CCL17	ACKR2	CCL	1.0	Secreted Signaling	CellChatDB	CCL17_ACKR2	PMID: 26740381					CellChatDB v1
CXCL1	CXCR1	CXCL	1.0	Secreted Signaling	CellChatDB	CXCL1_CXCR1	KEGG: hsa04060					CellChatDB v1
CXCL2	CXCR1	CXCL	1.0	Secreted Signaling	CellChatDB	CXCL2_CXCR1	KEGG: hsa04060					CellChatDB v1
CXCL3	CXCR1	CXCL	1.0	Secreted Signaling	CellChatDB	CXCL3_CXCR1	KEGG: hsa04060					CellChatDB v1
CXCL5	CXCR1	CXCL	1.0	Secreted Signaling	CellChatDB	CXCL5_CXCR1	KEGG: hsa04060					CellChatDB v1
CXCL6	CXCR1	CXCL	1.0	Secreted Signaling	CellChatDB	CXCL6_CXCR1	KEGG: hsa04060					CellChatDB v1
CXCL1	CXCR2	CXCL	1.0	Secreted Signaling	CellChatDB	CXCL1_CXCR2	KEGG: hsa04060					CellChatDB v1
CXCL2	CXCR2	CXCL	1.0	Secreted Signaling	CellChatDB	CXCL2_CXCR2	KEGG: hsa04060					CellChatDB v1
CXCL3	CXCR2	CXCL	1.0	Secreted Signaling	CellChatDB	CXCL3_CXCR2	KEGG: hsa04060					CellChatDB v1
CXCL5	CXCR2	CXCL	1.0	Secreted Signaling	CellChatDB	CXCL5_CXCR2	KEGG: hsa04060					CellChatDB v1
CXCL6	CXCR2	CXCL	1.0	Secreted Signaling	CellChatDB	CXCL6_CXCR2	KEGG: hsa04060					CellChatDB v1
CXCL8	CXCR2	CXCL	1.0	Secreted Signaling	CellChatDB	CXCL8_CXCR2	KEGG: hsa04060					CellChatDB v1
PPBP	CXCR2	CXCL	1.0	Secreted Signaling	CellChatDB	PPBP_CXCR2	KEGG: hsa04060					CellChatDB v1
PF4V1	CXCR3	CXCL	1.0	Secreted Signaling	CellChatDB	PF4V1_CXCR3	KEGG: hsa04060					CellChatDB v1
CXCL9	CXCR3	CXCL	1.0	Secreted Signaling	CellChatDB	CXCL9_CXCR3	KEGG: hsa04060					CellChatDB v1
CXCL10	CXCR3	CXCL	1.0	Secreted Signaling	CellChatDB	CXCL10_CXCR3	KEGG: hsa04060					CellChatDB v1
CXCL11	CXCR3	CXCL	1.0	Secreted Signaling	CellChatDB	CXCL11_CXCR3	KEGG: hsa04060					CellChatDB v1
CXCL13	CXCR3	CXCL	1.0	Secreted Signaling	CellChatDB	CXCL13_CXCR3	KEGG: hsa04060					CellChatDB v1
PF4	CXCR3	CXCL	1.0	Secreted Signaling	CellChatDB	PF4_CXCR3	KEGG: hsa04060					CellChatDB v1
CXCL12	CXCR4	CXCL	1.0	Secreted Signaling	CellChatDB	CXCL12_CXCR4	KEGG: hsa04060					CellChatDB v1
CXCL11	ACKR3	CXCL	1.0	Secreted Signaling	CellChatDB	CXCL11_ACKR3	KEGG: hsa04060					CellChatDB v1
CXCL12	ACKR3	CXCL	1.0	Secreted Signaling	CellChatDB	CXCL12_ACKR3	KEGG: hsa04060					CellChatDB v1
CXCL13	CXCR5	CXCL	1.0	Secreted Signaling	CellChatDB	CXCL13_CXCR5	KEGG: hsa04060					CellChatDB v1
CXCL16	CXCR6	CXCL	1.0	Secreted Signaling	CellChatDB	CXCL16_CXCR6	KEGG: hsa04060					CellChatDB v1
MIF	CD74+CXCR4	MIF	1.0	Secreted Signaling	CellChatDB	MIF_CD74_CXCR4	PMID: 29637711; PMID: 24760155					CellChatDB v1
MIF	CD44+CD74	MIF	1.0	Secreted Signaling	CellChatDB	MIF_CD74_CD44	PMID: 29637711; PMID: 26175090					CellChatDB v1
MIF	CXCR2+CD74	MIF	1.0	Secreted Signaling	CellChatDB	MIF_CD74_CXCR2	PMID: 29637711; PMID: 26175090					CellChatDB v1
MIF	ACKR3	MIF	1.0	Secreted Signaling	CellChatDB	MIF_ACKR3	PMID: 26175090					CellChatDB v1
CX3CL1	CX3CR1	CX3C	1.0	Secreted Signaling	CellChatDB	CX3CL1_CX3CR1	KEGG: hsa04060					CellChatDB v1
XCL1	XCR1	XCR	1.0	Secreted Signaling	CellChatDB	XCL1_XCR1	KEGG: hsa04060					CellChatDB v1
XCL2	XCR1	XCR	1.0	Secreted Signaling	CellChatDB	XCL2_XCR1	KEGG: hsa04060					CellChatDB v1
IL2	IL2RA+IL2RB+IL2RG	IL2	1.0	Secreted Signaling	CellChatDB	IL2_IL2RA_IL2RB	KEGG: hsa04060					CellChatDB v1
IL2	IL2RB+IL2RG	IL2	1.0	Secreted Signaling	CellChatDB	IL2_IL2RB_IL2RG	KEGG: hsa04060					CellChatDB v1
IL4	IL2RG+IL4R	IL2	1.0	Secreted Signaling	CellChatDB	IL4_IL4R_IL2RG	KEGG: hsa04060					CellChatDB v1
IL7	IL2RG+IL7R	IL2	1.0	Secreted Signaling	CellChatDB	IL7_IL7R_IL2RG	KEGG: hsa04060					CellChatDB v1
IL9	IL2RG+IL9R	IL2	1.0	Secreted Signaling	CellChatDB	IL9_IL9R_IL2RG	KEGG: hsa04060					CellChatDB v1
IL15	IL15RA+IL2RB+IL2RG	IL2	1.0	Secreted Signaling	CellChatDB	IL15_IL15RA_IL2RB	KEGG: hsa04060					CellChatDB v1
IL21	IL2RG+IL21R	IL2	1.0	Secreted Signaling	CellChatDB	IL21_IL21R_IL2RG	KEGG: hsa04060					CellChatDB v1
TSLP	CRLF2+IL7R	IL2	1.0	Secreted Signaling	CellChatDB	TSLP_IL7R_CRLF2	KEGG: hsa04060					CellChatDB v1
IL3	IL3RA+CSF2RB	IL4	1.0	Secreted Signaling	CellChatDB	IL3_IL3RA_CSF2RB	KEGG: hsa04060					CellChatDB v1
IL5	CSF2RB+IL5RA	IL4	1.0	Secreted Signaling	CellChatDB	IL5_IL5RA_CSF2RB	KEGG: hsa04060					CellChatDB v1
CSF2	CSF2RB+CSF2RA	IL4	1.0	Secreted Signaling	CellChatDB	CSF2_CSF2RA_CSF2RB	KEGG: hsa04060					CellChatDB v1
IL4	IL4R	IL4	1.0	Secreted Signaling	CellChatDB	IL4_IL4R	KEGG: hsa04060					CellChatDB v1
IL4	IL13RA1+IL4R	IL4	1.0	Secreted Signaling	CellChatDB	IL4_IL4R_IL13RA1	KEGG: hsa04060					CellChatDB v1
IL4	IL13RA2+IL4R	IL4	1.0	Secreted Signaling	CellChatDB	IL4_IL4R_IL13RA2	KEGG: hsa04060					CellChatDB v1
IL13	IL13RA1+IL4R	IL4	1.0	Secreted Signaling	CellChatDB	IL13_IL4R_IL13RA1	KEGG: hsa04060					CellChatDB v1
IL13	IL13RA2+IL4R	IL4	1.0	Secreted Signaling	CellChatDB	IL13_IL4R_IL13RA2	KEGG: hsa04060					CellChatDB v1
IL13	IL13RA1	IL4	1.0	Secreted Signaling	CellChatDB	IL13_IL13RA1	KEGG: hsa04060					CellChatDB v1
IL13	IL13RA2	IL4	1.0	Secreted Signaling	CellChatDB	IL13_IL13RA2	KEGG: hsa04060					CellChatDB v1
IL6	IL6ST+IL6R	IL6	1.0	Secreted Signaling	CellChatDB	IL6_IL6R_IL6ST	KEGG: hsa04060					CellChatDB v1
IL11	IL11RA+IL6ST	IL6	1.0	Secreted Signaling	CellChatDB	IL11_IL11RA_IL6ST	KEGG: hsa04060					CellChatDB v1
IL12B+IL12A	IL12RB1+IL12RB2	IL12	1.0	Secreted Signaling	CellChatDB	IL12B_IL12RB1_IL12RB2	PMID: 26918147					CellChatDB v1
IL12B+IL23A	IL12RB1+IL23R	IL12	1.0	Secreted Signaling	CellChatDB	IL23A_IL23R_IL12RB1	PMID: 11114383					CellChatDB v1
IL27+EBI3	IL27RA+IL6ST	IL12	1.0	Secreted Signaling	CellChatDB	EBI3_IL27RA_IL6ST	PMID: 25861977					CellChatDB v1
IL31	IL31RA+OSMR	IL6	1.0	Secreted Signaling	CellChatDB	IL31_IL31RA_OSMR	KEGG: hsa04060					CellChatDB v1
CNTF	IL6ST+LIFR+CNTFR	LIFR	1.0	Secreted Signaling	CellChatDB	CNTF_CNTFR_LIFR	KEGG: hsa04060					CellChatDB v1
CLCF1	IL6ST+LIFR+CNTFR	LIFR	1.0	Secreted Signaling	CellChatDB	CLCF1_CNTFR_LIFR	KEGG: hsa04060					CellChatDB v1
CTF1	IL6ST+LIFR	LIFR	1.0	Secreted Signaling	CellChatDB	CTF1_LIFR_IL6ST	KEGG: hsa04060					CellChatDB v1
LIF	IL6ST+LIFR	LIFR	1.0	Secreted Signaling	CellChatDB	LIF_LIFR_IL6ST	KEGG: hsa04060					CellChatDB v1
OSM	IL6ST+LIFR	OSM	1.0	Secreted Signaling	CellChatDB	OSM_LIFR_IL6ST	KEGG: hsa04060					CellChatDB v1
OSM	IL6ST+OSMR	OSM	1.0	Secreted Signaling	CellChatDB	OSM_OSMR_IL6ST	KEGG: hsa04060					CellChatDB v1
IL10	IL10RA+IL10RB	IL10	1.0	Secreted Signaling	CellChatDB	IL10_IL10RA_IL10RB	KEGG: hsa04060					CellChatDB v1
IL19	IL20RA+IL20RB	IL10	1.0	Secreted Signaling	CellChatDB	IL19_IL20RA_IL20RB	KEGG: hsa04060					CellChatDB v1
IL20	IL20RA+IL20RB	IL10	1.0	Secreted Signaling	CellChatDB	IL20_IL20RA_IL20RB	KEGG: hsa04060					CellChatDB v1
IL24	IL20RA+IL20RB	IL10	1.0	Secreted Signaling	CellChatDB	IL24_IL20RA_IL20RB	KEGG: hsa04060					CellChatDB v1
IL20	IL20RB+IL22RA1	IL10	1.0	Secreted Signaling	CellChatDB	IL20_IL22RA1_IL20RB	KEGG: hsa04060					CellChatDB v1
IL24	IL20RB+IL22RA1	IL10	1.0	Secreted Signaling	CellChatDB	IL24_IL22RA1_IL20RB	KEGG: hsa04060					CellChatDB v1
IL22	IL10RB+IL22RA1	IL10	1.0	Secreted Signaling	CellChatDB	IL22_IL22RA1_IL10RB	KEGG: hsa04060					CellChatDB v1
IL26	IL10RB+IL20RA	IL10	1.0	Secreted Signaling	CellChatDB	IL26_IL20RA_IL10RB	KEGG: hsa04060					CellChatDB v1
IL1A	IL1RAP+IL1R1	IL1	1.0	Secreted Signaling	CellChatDB	IL1A_IL1R1_IL1RAP	KEGG: hsa04060		IL antagonist			CellChatDB v1
IL1B	IL1RAP+IL1R1	IL1	1.0	Secreted Signaling	CellChatDB	IL1B_IL1R1_IL1RAP	KEGG: hsa04060		IL antagonist			CellChatDB v1
IL1A	IL1R2	IL1	1.0	Secreted Signaling	CellChatDB	IL1A_IL1R2	KEGG: hsa04060					CellChatDB v1
IL1B	IL1R2	IL1	1.0	Secreted Signaling	CellChatDB	IL1B_IL1R2	KEGG: hsa04060					CellChatDB v1
IL36A	IL1RAP+IL1RL2	IL1	1.0	Secreted Signaling	CellChatDB	IL1F6_IL1RL2_IL1RAP	KEGG: hsa04060		IL36 antagonist			CellChatDB v1
IL36B	IL1RAP+IL1RL2	IL1	1.0	Secreted Signaling	CellChatDB	IL1F8_IL1RL2_IL1RAP	KEGG: hsa04060		IL36 antagonist			CellChatDB v1
IL36G	IL1RAP+IL1RL2	IL1	1.0	Secreted Signaling	CellChatDB	IL1F9_IL1RL2_IL1RAP	KEGG: hsa04060		IL36 antagonist			CellChatDB v1
IL1F10	IL1RAP+IL1RL2	IL1	1.0	Secreted Signaling	CellChatDB	IL1F10_IL1RL2_IL1RAP	KEGG: hsa04060					CellChatDB v1
IL37	IL18RAP+IL18R1	IL1	1.0	Secreted Signaling	CellChatDB	IL37_IL18R1_IL18RAP	KEGG: hsa04060					CellChatDB v1
IL18	IL18RAP+IL18R1	IL1	1.0	Secreted Signaling	CellChatDB	IL18_IL18R1_IL18RAP	KEGG: hsa04060					CellChatDB v1
IL33	IL1RAP+IL1RL1	IL1	1.0	Secreted Signaling	CellChatDB	IL33_IL1RL1_IL1RAP	KEGG: hsa04060					CellChatDB v1
IL17A	IL17RA+IL17RC	IL17	1.0	Secreted Signaling	CellChatDB	IL17A_IL17RA_IL17RC	KEGG: hsa04060					CellChatDB v1
IL17F	IL17RA+IL17RC	IL17	1.0	Secreted Signaling	CellChatDB	IL17F_IL17RA_IL17RC	KEGG: hsa04060					CellChatDB v1
IL17A+IL17F	IL17RA+IL17RC	IL17	1.0	Secreted Signaling	CellChatDB	IL17AF_IL17RA_IL17RC	PMID: 24813051					CellChatDB v1
IL17B	IL17RB	IL17	1.0	Secreted Signaling	CellChatDB	IL17B_IL17RB	KEGG: hsa04060					CellChatDB v1
IL17C	IL17RA+IL17RE	IL17	1.0	Secreted Signaling	CellChatDB	IL17C_IL17RA_IL17RE	KEGG: hsa04060					CellChatDB v1
IL25	IL17RA+IL17RB	IL17	1.0	Secreted Signaling	CellChatDB	IL25_IL17RA_IL17RB	KEGG: hsa04060					CellChatDB v1
IL34	CSF1R	CSF	1.0	Secreted Signaling	CellChatDB	IL34_CSF1R	KEGG: hsa04060					CellChatDB v1
CSF1	CSF1R	CSF	1.0	Secreted Signaling	CellChatDB	CSF1_CSF1R	KEGG: hsa04060					CellChatDB v1
IL16	CD4	IL16	1.0	Secreted Signaling	CellChatDB	IL16_CD4	KEGG: hsa04060					CellChatDB v1
EPO	EPOR	EPO	1.0	Secreted Signaling	CellChatDB	EPO_EPOR	KEGG: hsa04060					CellChatDB v1
GH1	GHR	GH	1.0	Secreted Signaling	CellChatDB	GH1_GHR	KEGG: hsa04060					CellChatDB v1
PRL	PRLR	PRL	1.0	Secreted Signaling	CellChatDB	PRL_PRLR	KEGG: hsa04060; PMID: 23192981					CellChatDB v1
THPO	MPL	THPO	1.0	Secreted Signaling	CellChatDB	THPO_MPL	KEGG: hsa04060					CellChatDB v1
CSF3	CSF3R	CSF3	1.0	Secreted Signaling	CellChatDB	CSF3_CSF3R	KEGG: hsa04060					CellChatDB v1
IFNB1	IFNAR1+IFNAR2	IFN-I	1.0	Secreted Signaling	CellChatDB	IFNB1_IFNAR1_IFNAR2	KEGG: hsa04060					CellChatDB v1
IFNW1	IFNAR1+IFNAR2	IFN-I	1.0	Secreted Signaling	CellChatDB	IFNW1_IFNAR1_IFNAR2	KEGG: hsa04060					CellChatDB v1
IFNK	IFNAR1+IFNAR2	IFN-I	1.0	Secreted Signaling	CellChatDB	IFNK_IFNAR1_IFNAR2	KEGG: hsa04060					CellChatDB v1
IFNE	IFNAR1+IFNAR2	IFN-I	1.0	Secreted Signaling	CellChatDB	IFNE_IFNAR1_IFNAR2	KEGG: hsa04060					CellChatDB v1
IFNA1	IFNAR1+IFNAR2	IFN-I	1.0	Secreted Signaling	CellChatDB	IFNA1_IFNAR1_IFNAR2	KEGG: hsa04060					CellChatDB v1
IFNA2	IFNAR1+IFNAR2	IFN-I	1.0	Secreted Signaling	CellChatDB	IFNA2_IFNAR1_IFNAR2	KEGG: hsa04060					CellChatDB v1
IFNA4	IFNAR1+IFNAR2	IFN-I	1.0	Secreted Signaling	CellChatDB	IFNA4_IFNAR1_IFNAR2	KEGG: hsa04060					CellChatDB v1
IFNA5	IFNAR1+IFNAR2	IFN-I	1.0	Secreted Signaling	CellChatDB	IFNA5_IFNAR1_IFNAR2	KEGG: hsa04060					CellChatDB v1
IFNA6	IFNAR1+IFNAR2	IFN-I	1.0	Secreted Signaling	CellChatDB	IFNA6_IFNAR1_IFNAR2	KEGG: hsa04060					CellChatDB v1
IFNA7	IFNAR1+IFNAR2	IFN-I	1.0	Secreted Signaling	CellChatDB	IFNA7_IFNAR1_IFNAR2	KEGG: hsa04060					CellChatDB v1
IFNA8	IFNAR1+IFNAR2	IFN-I	1.0	Secreted Signaling	CellChatDB	IFNA8_IFNAR1_IFNAR2	KEGG: hsa04060					CellChatDB v1
IFNA10	IFNAR1+IFNAR2	IFN-I	1.0	Secreted Signaling	CellChatDB	IFNA9_IFNAR1_IFNAR2	KEGG: hsa04060					CellChatDB v1
IFNA13	IFNAR1+IFNAR2	IFN-I	1.0	Secreted Signaling	CellChatDB	IFNA10_IFNAR1_IFNAR2	KEGG: hsa04060					CellChatDB v1
IFNA14	IFNAR1+IFNAR2	IFN-I	1.0	Secreted Signaling	CellChatDB	IFNA14_IFNAR1_IFNAR2	KEGG: hsa04060					CellChatDB v1
IFNA16	IFNAR1+IFNAR2	IFN-I	1.0	Secreted Signaling	CellChatDB	IFNA16_IFNAR1_IFNAR2	KEGG: hsa04060					CellChatDB v1
IFNA17	IFNAR1+IFNAR2	IFN-I	1.0	Secreted Signaling	CellChatDB	IFNA17_IFNAR1_IFNAR2	KEGG: hsa04060					CellChatDB v1
IFNA21	IFNAR1+IFNAR2	IFN-I	1.0	Secreted Signaling	CellChatDB	IFNA21_IFNAR1_IFNAR2	KEGG: hsa04060					CellChatDB v1
IFNG	IFNGR1+IFNGR2	IFN-II	1.0	Secreted Signaling	CellChatDB	IFNG_IFNGR1_IFNGR2	KEGG: hsa04060					CellChatDB v1
TNF	TNFRSF1A	TNF	1.0	Secreted Signaling	CellChatDB	TNF_TNFRSF1A	KEGG: hsa04060					CellChatDB v1
TNF	TNFRSF1B	TNF	1.0	Secreted Signaling	CellChatDB	TNF_TNFRSF1B	KEGG: hsa04060					CellChatDB v1
LTA	TNFRSF1A	LT	1.0	Secreted Signaling	CellChatDB	LTA_TNFRSF1A	KEGG: hsa04060					CellChatDB v1
LTA	TNFRSF1B	LT	1.0	Secreted Signaling	CellChatDB	LTA_TNFRSF1B	KEGG: hsa04060					CellChatDB v1
LTA	TNFRSF14	LT	1.0	Secreted Signaling	CellChatDB	LTA_TNFRSF14	KEGG: hsa04060					CellChatDB v1
LTB+LTA	LTBR	LT	1.0	Secreted Signaling	CellChatDB	LTA_LTB_LTBR	PMID: 24248355					CellChatDB v1
TNFSF14	LTBR	LIGHT	1.0	Secreted Signaling	CellChatDB	TNFSF14_LTBR	KEGG: hsa04060					CellChatDB v1
TNFSF14	TNFRSF14	LIGHT	1.0	Secreted Signaling	CellChatDB	TNFSF14_TNFRSF14	KEGG: hsa04060					CellChatDB v1
FASLG	FAS	FASLG	1.0	Secreted Signaling	CellChatDB	FASL_FAS	KEGG: hsa04060					CellChatDB v1
TNFSF15	TNFRSF25	VEGI	1.0	Secreted Signaling	CellChatDB	TNFSF15_TNFRSF25	KEGG: hsa04060					CellChatDB v1
TNFSF10	TNFRSF10A	TRAIL	1.0	Secreted Signaling	CellChatDB	TNFSF10_TNFRSF10B	KEGG: hsa04060					CellChatDB v1
EDA	EDAR	EDA	1.0	Secreted Signaling	CellChatDB	EDA_EDAR	KEGG: hsa04060					CellChatDB v1
EDA	EDA2R	EDA	1.0	Secreted Signaling	CellChatDB	EDA_EDA2R	KEGG: hsa04060					CellChatDB v1
NGF	NGFR	NGF	1.0	Secreted Signaling	CellChatDB	NGF_NGFR	KEGG: hsa04060					CellChatDB v1
KLK3	NGFR	NGF	1.0	Secreted Signaling	CellChatDB	KLK3_NGFR	KEGG: hsa04060					CellChatDB v1
TNFSF11	TNFRSF11A	RANKL	1.0	Secreted Signaling	CellChatDB	TNFSF11_TNFRSF11A	KEGG: hsa04060					CellChatDB v1
TNFSF11	TNFRSF11B	RANKL	1.0	Secreted Signaling	CellChatDB	TNFSF11_TNFRSF11B	KEGG: hsa04060					CellChatDB v1
TNFSF12	TNFRSF12A	TWEAK	1.0	Secreted Signaling	CellChatDB	TNFSF12_TNFRSF12A	KEGG: hsa04060					CellChatDB v1
CD70	CD27	CD70	1.0	Secreted Signaling	CellChatDB	CD70_CD27	KEGG: hsa04060					CellChatDB v1
TNFSF8	TNFRSF8	CD30	1.0	Secreted Signaling	CellChatDB	TNFSF8_TNFRSF8	KEGG: hsa04060					CellChatDB v1
TNFSF9	TNFRSF9	CD137	1.0	Secreted Signaling	CellChatDB	TNFSF9_TNFRSF9	KEGG: hsa04060					CellChatDB v1
TNFSF4	TNFRSF4	OX40	1.0	Secreted Signaling	CellChatDB	TNFSF4_TNFRSF4	KEGG: hsa04060					CellChatDB v1
TNFSF18	TNFRSF18	GITRL	1.0	Secreted Signaling	CellChatDB	TNFSF18_TNFRSF18	KEGG: hsa04060					CellChatDB v1
TNFSF13	TNFRSF17	APRIL	1.0	Secreted Signaling	CellChatDB	TNFSF13_TNFRSF17	KEGG: hsa04060					CellChatDB v1
TNFSF13	TNFRSF13B	APRIL	1.0	Secreted Signaling	CellChatDB	TNFSF13_TNFRSF13B	KEGG: hsa04060					CellChatDB v1
TNFSF13B	TNFRSF17	BAFF	1.0	Secreted Signaling	CellChatDB	TNFSF13B_TNFRSF17	KEGG: hsa04060					CellChatDB v1
TNFSF13B	TNFRSF13B	BAFF	1.0	Secreted Signaling	CellChatDB	TNFSF13B_TNFRSF13B	KEGG: hsa04060					CellChatDB v1
TNFSF13B	TNFRSF13C	BAFF	1.0	Secreted Signaling	CellChatDB	TNFSF13B_TNFRSF13C	KEGG: hsa04060					CellChatDB v1
CD40LG	ITGA2B+ITGB3	CD40	1.0	Secreted Signaling	CellChatDB	CD40LG_ITGA2B_ITGB3	PMID: 28676852					CellChatDB v1
CD40LG	ITGA5+ITGB1	CD40	1.0	Secreted Signaling	CellChatDB	CD40LG_ITGA5_ITGB1	PMID: 28676852					CellChatDB v1
CD40LG	ITGAM+ITGB2	CD40	1.0	Secreted Signaling	CellChatDB	CD40LG_ITGAM_ITGB2	PMID: 28676852					CellChatDB v1
SPP1	CD44	SPP1	1.0	Secreted Signaling	CellChatDB	SPP1_CD44	PMID: 21907263					CellChatDB v1
SPP1	ITGAV+ITGB3	SPP1	1.0	Secreted Signaling	CellChatDB	SPP1_ITGAV_ITGB3	PMID: 21907263					CellChatDB v1
SPP1	ITGAV+ITGB1	SPP1	1.0	Secreted Signaling	CellChatDB	SPP1_ITGAV_ITGB1	PMID: 21907263					CellChatDB v1
SPP1	ITGAV+ITGB5	SPP1	1.0	Secreted Signaling	CellChatDB	SPP1_ITGAV_ITGB5	PMID: 21907263					CellChatDB v1
SPP1	ITGAV+ITGB6	SPP1	1.0	Secreted Signaling	CellChatDB	SPP1_ITGAV_ITGB6	PMID: 21907263					CellChatDB v1
SPP1	ITGA4+ITGB1	SPP1	1.0	Secreted Signaling	CellChatDB	SPP1_ITGA4_ITGB1	PMID: 21907263					CellChatDB v1
SPP1	ITGA9+ITGB1	SPP1	1.0	Secreted Signaling	CellChatDB	SPP1_ITGA9_ITGB1	PMID: 21907263					CellChatDB v1
SPP1	ITGA8+ITGB1	SPP1	1.0	Secreted Signaling	CellChatDB	SPP1_ITGA8_ITGB1	PMID: 21907263					CellChatDB v1
SPP1	ITGA5+ITGB1	SPP1	1.0	Secreted Signaling	CellChatDB	SPP1_ITGA5_ITGB1	PMID: 21907263					CellChatDB v1
ADIPOQ	ADIPOR1	ADIPONECTIN	1.0	Secreted Signaling	CellChatDB	ADIPOQ_ADIPOR1	PMID: 21284979					CellChatDB v1
ADIPOQ	ADIPOR2	ADIPONECTIN	1.0	Secreted Signaling	CellChatDB	ADIPOQ_ADIPOR2	PMID: 21284979					CellChatDB v1
RETN	TLR4	RESISTIN	1.0	Secreted Signaling	CellChatDB	RETN_TLR4	PMID: 30809105					CellChatDB v1
RETN	CAP1	RESISTIN	1.0	Secreted Signaling	CellChatDB	RETN_CAP1	PMID: 30809105					CellChatDB v1
NAMPT	ITGA5+ITGB1	VISFATIN	1.0	Secreted Signaling	CellChatDB	NAMPT_ITGA5_ITGB1	PMID: 28490838					CellChatDB v1
ANGPTL1	ITGB1+ITGA1	ANGPTL	1.0	Secreted Signaling	CellChatDB	ANGPTL1_ITGA1_ITGB1	PMID: 24478758					CellChatDB v1
ANGPTL2	ITGA5+ITGB1	ANGPTL	1.0	Secreted Signaling	CellChatDB	ANGPTL2_ITGA5_ITGB1	PMID: 24478758					CellChatDB v1
ANGPTL2	TLR4	ANGPTL	1.0	Secreted Signaling	CellChatDB	ANGPTL2_TLR4	PMID: 24478758					CellChatDB v1
ANGPTL2	LILRB3	ANGPTL	1.0	Secreted Signaling	CellChatDB	ANGPTL2_PIRB	PMID: 24478758					CellChatDB v1
ANGPTL1	LILRB3	ANGPTL	1.0	Secreted Signaling	CellChatDB	ANGPTL1_PIRB	PMID: 24478758					CellChatDB v1
ANGPTL7	LILRB3	ANGPTL	1.0	Secreted Signaling	CellChatDB	ANGPTL7_PIRB	PMID: 24478758					CellChatDB v1
ANGPTL4	ITGA5+ITGB1	ANGPTL	1.0	Secreted Signaling	CellChatDB	ANGPTL4_ITGA5_ITGB1	PMID: 30049845					CellChatDB v1
ANGPTL4	ITGAV+ITGB3	ANGPTL	1.0	Secreted Signaling	CellChatDB	ANGPTL4_ITGAV_ITGB3	PMID: 30049845					CellChatDB v1
ANGPTL4	CDH5	ANGPTL	1.0	Secreted Signaling	CellChatDB	ANGPTL4_CDH5	PMID: 30049845					CellChatDB v1
ANGPTL4	CDH11	ANGPTL	1.0	Secreted Signaling	CellChatDB	ANGPTL4_CDH11	PMID: 30049845					CellChatDB v1
ANGPTL4	SDC1	ANGPTL	1.0	Secreted Signaling	CellChatDB	ANGPTL4_SDC1	PMID: 29017031					CellChatDB v1
ANGPTL4	SDC2	ANGPTL	1.0	Secreted Signaling	CellChatDB	ANGPTL4_SDC2	PMID: 29017031					CellChatDB v1
ANGPTL4	SDC3	ANGPTL	1.0	Secreted Signaling	CellChatDB	ANGPTL4_SDC3	PMID: 29017031					CellChatDB v1
ANGPTL4	SDC4	ANGPTL	1.0	Secreted Signaling	CellChatDB	ANGPTL4_SDC4	PMID: 29017031					CellChatDB v1
ANGPTL3	ITGAV+ITGB3	ANGPTL	1.0	Secreted Signaling	CellChatDB	ANGPTL3_ITGAV_ITGB3	PMID: 11877390					CellChatDB v1
ANGPT1	TEK	ANGPT	1.0	Secreted Signaling	CellChatDB	ANGPT1_TEK	PMID: 20651738				ANGPT inhibition receptor 1	CellChatDB v1
ANGPT2	TEK	ANGPT	1.0	Secreted Signaling	CellChatDB	ANGPT2_TEK	PMID: 20651738				ANGPT inhibition receptor 1	CellChatDB v1
ANGPT2	ITGA5+ITGB1	ANGPT	1.0	Secreted Signaling	CellChatDB	ANGPT2_ITGA5_ITGB1	PMID: 20651738; PMID: 25635707				ANGPT inhibition receptor 2	CellChatDB v1
MDK	SDC1	MK	1.0	Secreted Signaling	CellChatDB	MDK_SDC1	PMID: 28356350					CellChatDB v1
MDK	SDC2	MK	1.0	Secreted Signaling	CellChatDB	MDK_SDC2	PMID: 28356350					CellChatDB v1
MDK	SDC4	MK	1.0	Secreted Signaling	CellChatDB	MDK_SDC4	PMID: 28356350					CellChatDB v1
MDK	PTPRZ1	MK	1.0	Secreted Signaling	CellChatDB	MDK_PTPRZ1	PMID: 28356350					CellChatDB v1
MDK	ITGA4+ITGB1	MK	1.0	Secreted Signaling	CellChatDB	MDK_ITGA4_ITGB1	PMID: 28356350					CellChatDB v1
MDK	ITGA6+ITGB1	MK	1.0	Secreted Signaling	CellChatDB	MDK_ITGA6_ITGB1	PMID: 28356350					CellChatDB v1
MDK	LRP1	MK	1.0	Secreted Signaling	CellChatDB	MDK_LRP1	PMID: 28356350					CellChatDB v1
MDK	NCL	MK	1.0	Secreted Signaling	CellChatDB	MDK_NCL	PMID: 28356350					CellChatDB v1
MDK	ALK	MK	1.0	Secreted Signaling	CellChatDB	MDK_ALK	PMID: 19459784					CellChatDB v1
PTN	PTPRZ1	PTN	1.0	Secreted Signaling	CellChatDB	PTN_PTPRZ1	PMID: 28356350; PMID: 25620911					CellChatDB v1
PTN	SDC1	PTN	1.0	Secreted Signaling	CellChatDB	PTN_SDC1	PMID: 28356350; PMID: 25620911					CellChatDB v1
PTN	SDC2	PTN	1.0	Secreted Signaling	CellChatDB	PTN_SDC2	PMID: 28356350; PMID: 25620911					CellChatDB v1
PTN	SDC3	PTN	1.0	Secreted Signaling	CellChatDB	PTN_SDC3	PMID: 28356350; PMID: 25620911					CellChatDB v1
PTN	SDC4	PTN	1.0	Secreted Signaling	CellChatDB	PTN_SDC4	PMID: 28356350; PMID: 25620911					CellChatDB v1
PTN	ITGAV+ITGB3	PTN	1.0	Secreted Signaling	CellChatDB	PTN_ITGAV_ITGB3	PMID: 28356350; PMID: 25620911					CellChatDB v1
PTN	NCL	PTN	1.0	Secreted Signaling	CellChatDB	PTN_NCL	PMID: 28356350; PMID: 25620911					CellChatDB v1
PTN	ALK	PTN	1.0	Secreted Signaling	CellChatDB	PTN_ALK	PMID: 28356350; PMID: 25620911					CellChatDB v1
POSTN	ITGAV+ITGB3	PERIOSTIN	1.0	Secreted Signaling	CellChatDB	POSTN_ITGAV_ITGB3	PMID: 26721738					CellChatDB v1
POSTN	ITGAV+ITGB5	PERIOSTIN	1.0	Secreted Signaling	CellChatDB	POSTN_ITGAV_ITGB5	PMID: 26721738					CellChatDB v1
AGT	AGTR1	AGT	1.0	Secreted Signaling	CellChatDB	AGT_AGTR1B	KEGG: hsa04080					CellChatDB v1
GRP	GRPR	GPR	1.0	Secreted Signaling	CellChatDB	GRP_GRPR	KEGG: hsa04080					CellChatDB v1
NMB	NMBR	GPR	1.0	Secreted Signaling	CellChatDB	NMB_NMBR	KEGG: hsa04080					CellChatDB v1
KNG1	BDKRB1	BRADYKININ	1.0	Secreted Signaling	CellChatDB	KNG1_BDKRB1	KEGG: hsa04080					CellChatDB v1
KNG1	BDKRB2	BRADYKININ	1.0	Secreted Signaling	CellChatDB	KNG1_BDKRB2	KEGG: hsa04080					CellChatDB v1
C3	C3AR1	COMPLEMENT	1.0	Secreted Signaling	CellChatDB	C3_C3AR1	KEGG: hsa04080					CellChatDB v1
C3	CR2	COMPLEMENT	1.0	Secreted Signaling	CellChatDB	C3_CR2	PMID: 16234578					CellChatDB v1
C3	ITGAM+ITGB2	COMPLEMENT	1.0	Secreted Signaling	CellChatDB	C3_ITGAM_ITGB2	PMID: 16234578					CellChatDB v1
C3	ITGAX+ITGB2	COMPLEMENT	1.0	Secreted Signaling	CellChatDB	C3_ITGAX_ITGB2	PMID: 16234578					CellChatDB v1
C4A	C3AR1	COMPLEMENT	1.0	Secreted Signaling	CellChatDB	C4A_C3AR1	PMID: 16234578					CellChatDB v1
C4A	CR2	COMPLEMENT	1.0	Secreted Signaling	CellChatDB	C4A_CR2	PMID: 16234578					CellChatDB v1
C5	C5AR1	COMPLEMENT	1.0	Secreted Signaling	CellChatDB	HC_C5AR1	KEGG: hsa04080					CellChatDB v1
CCK	CCKAR	CCK	1.0	Secreted Signaling	CellChatDB	CCK_CCKAR	KEGG: hsa04080					CellChatDB v1
CCK	CCKBR	CCK	1.0	Secreted Signaling	CellChatDB	CCK_CCKBR	KEGG: hsa04080					CellChatDB v1
EDN1	EDNRA	EDN	1.0	Secreted Signaling	CellChatDB	EDN1_EDNRA	KEGG: hsa04080					CellChatDB v1
EDN2	EDNRA	EDN	1.0	Secreted Signaling	CellChatDB	EDN2_EDNRA	KEGG: hsa04080					CellChatDB v1
EDN3	EDNRA	EDN	1.0	Secreted Signaling	CellChatDB	EDN3_EDNRA	KEGG: hsa04080					CellChatDB v1
EDN1	EDNRB	EDN	1.0	Secreted Signaling	CellChatDB	EDN1_EDNRB	KEGG: hsa04080					CellChatDB v1
EDN2	EDNRB	EDN	1.0	Secreted Signaling	CellChatDB	EDN2_EDNRB	KEGG: hsa04080					CellChatDB v1
EDN3	EDNRB	EDN	1.0	Secreted Signaling	CellChatDB	EDN3_EDNRB	KEGG: hsa04080					CellChatDB v1
GAL	GALR1	GALANIN	1.0	Secreted Signaling	CellChatDB	GAL_GALR1	KEGG: hsa04080					CellChatDB v1
GAL	GALR2	GALANIN	1.0	Secreted Signaling	CellChatDB	GAL_GALR2	KEGG: hsa04080					CellChatDB v1
GAL	GALR3	GALANIN	1.0	Secreted Signaling	CellChatDB	GAL_GALR3	KEGG: hsa04080					CellChatDB v1
GALP	GALR1	GALANIN	1.0	Secreted Signaling	CellChatDB	GALP_GALR1	PMID: 23233848					CellChatDB v1
GALP	GALR2	GALANIN	1.0	Secreted Signaling	CellChatDB	GALP_GALR2	PMID: 23233848					CellChatDB v1
GHRL	GHSR	GHRELIN	1.0	Secreted Signaling	CellChatDB	GHRL_GHSR	KEGG: hsa04080; PMID: 29233536		GHRL antagonist			CellChatDB v1
KISS1	KISS1R	KISS1	1.0	Secreted Signaling	CellChatDB	KISS1_KISS1R	KEGG: hsa04080					CellChatDB v1
POMC	MC1R	MELANOCORTIN	1.0	Secreted Signaling	CellChatDB	POMC_MC1R	KEGG: hsa04080					CellChatDB v1
POMC	MC2R	MELANOCORTIN	1.0	Secreted Signaling	CellChatDB	POMC_MC2R	KEGG: hsa04080					CellChatDB v1
POMC	MC3R	MELANOCORTIN	1.0	Secreted Signaling	CellChatDB	POMC_MC3R	KEGG: hsa04080; PMID: 11024027		POMC antagonist			CellChatDB v1
POMC	MC4R	MELANOCORTIN	1.0	Secreted Signaling	CellChatDB	POMC_MC4R	KEGG: hsa04080; PMID: 11024027		POMC antagonist			CellChatDB v1
POMC	MC5R	MELANOCORTIN	1.0	Secreted Signaling	CellChatDB	POMC_MC5R	KEGG: hsa04080					CellChatDB v1
NMU	NMUR1	NMU	1.0	Secreted Signaling	CellChatDB	NMU_NMUR1	KEGG: hsa04080					CellChatDB v1
NMU	NMUR2	NMU	1.0	Secreted Signaling	CellChatDB	NMU_NMUR2	KEGG: hsa04080					CellChatDB v1
NMS	NMUR1	NMU	1.0	Secreted Signaling	CellChatDB	NMS_NMUR1	PMID: 29288685					CellChatDB v1
NMS	NMUR2	NMU	1.0	Secreted Signaling	CellChatDB	NMS_NMUR2	PMID: 29288685					CellChatDB v1
NPFF	NPFFR1	NPFF	1.0	Secreted Signaling	CellChatDB	NPFF_NPFFR1	KEGG: hsa04080					CellChatDB v1
NPFF	NPFFR2	NPFF	1.0	Secreted Signaling	CellChatDB	NPFF_NPFFR2	KEGG: hsa04080					CellChatDB v1
NPY	NPY1R	NPY	1.0	Secreted Signaling	CellChatDB	NPY_NPY1R	KEGG: hsa04080					CellChatDB v1
NPY	NPY2R	NPY	1.0	Secreted Signaling	CellChatDB	NPY_NPY2R	KEGG: hsa04080					CellChatDB v1
NPY	NPY4R	NPY	1.0	Secreted Signaling	CellChatDB	NPY_NPY4R	KEGG: hsa04080					CellChatDB v1
NPY	NPY5R	NPY	1.0	Secreted Signaling	CellChatDB	NPY_NPY5R	KEGG: hsa04080					CellChatDB v1
NPY	NPY6R	NPY	1.0	Secreted Signaling	CellChatDB	NPY_NPY6R	KEGG: hsa04080					CellChatDB v1
NPY	GPR83	NPY	1.0	Secreted Signaling	CellChatDB	NPY_GPR83	KEGG: hsa04080					CellChatDB v1
PPY	NPY1R	NPY	1.0	Secreted Signaling	CellChatDB	PPY_NPY1R	KEGG: hsa04080					CellChatDB v1
PPY	NPY2R	NPY	1.0	Secreted Signaling	CellChatDB	PPY_NPY2R	KEGG: hsa04080					CellChatDB v1
PPY	NPY4R	NPY	1.0	Secreted Signaling	CellChatDB	PPY_NPY4R	KEGG: hsa04080					CellChatDB v1
PPY	NPY5R	NPY	1.0	Secreted Signaling	CellChatDB	PPY_NPY5R	KEGG: hsa04080					CellChatDB v1
PPY	NPY6R	NPY	1.0	Secreted Signaling	CellChatDB	PPY_NPY6R	KEGG: hsa04080					CellChatDB v1
PPY	GPR83	NPY	1.0	Secreted Signaling	CellChatDB	PPY_GPR83	KEGG: hsa04080					CellChatDB v1
PYY	NPY1R	NPY	1.0	Secreted Signaling	CellChatDB	PYY_NPY1R	KEGG: hsa04080					CellChatDB v1
PYY	NPY2R	NPY	1.0	Secreted Signaling	CellChatDB	PYY_NPY2R	KEGG: hsa04080					CellChatDB v1
PYY	NPY4R	NPY	1.0	Secreted Signaling	CellChatDB	PYY_NPY4R	KEGG: hsa04080					CellChatDB v1
PYY	NPY5R	NPY	1.0	Secreted Signaling	CellChatDB	PYY_NPY5R	KEGG: hsa04080					CellChatDB v1
PYY	NPY6R	NPY	1.0	Secreted Signaling	CellChatDB	PYY_NPY6R	KEGG: hsa04080					CellChatDB v1
PYY	GPR83	NPY	1.0	Secreted Signaling	CellChatDB	PYY_GPR83	KEGG: hsa04080					CellChatDB v1
NPB	NPBWR1	NPW-B	1.0	Secreted Signaling	CellChatDB	NPB_NPBWR1	KEGG: hsa04080					CellChatDB v1
NPW	NPBWR1	NPW-B	1.0	Secreted Signaling	CellChatDB	NPW_NPBWR1	KEGG: hsa04080					CellChatDB v1
NTS	NTSR1	NTS	1.0	Secreted Signaling	CellChatDB	NTS_NTSR1	KEGG: hsa04080					CellChatDB v1
NTS	NTSR2	NTS	1.0	Secreted Signaling	CellChatDB	NTS_NTSR2	KEGG: hsa04080					CellChatDB v1
PDYN	OPRD1	OPIOID	1.0	Secreted Signaling	CellChatDB	PDYN_OPRD1	KEGG: hsa04080					CellChatDB v1
PDYN	OPRK1	OPIOID	1.0	Secreted Signaling	CellChatDB	PDYN_OPRK1	KEGG: hsa04080					CellChatDB v1
PDYN	OPRL1	OPIOID	1.0	Secreted Signaling	CellChatDB	PDYN_OPRL1	KEGG: hsa04080					CellChatDB v1
PDYN	OPRM1	OPIOID	1.0	Secreted Signaling	CellChatDB	PDYN_OPRM1	KEGG: hsa04080					CellChatDB v1
PENK	OPRD1	OPIOID	1.0	Secreted Signaling	CellChatDB	PENK_OPRD1	KEGG: hsa04080					CellChatDB v1
PENK	OPRK1	OPIOID	1.0	Secreted Signaling	CellChatDB	PENK_OPRK1	KEGG: hsa04080					CellChatDB v1
PENK	OPRL1	OPIOID	1.0	Secreted Signaling	CellChatDB	PENK_OPRL1	KEGG: hsa04080					CellChatDB v1
PENK	OPRM1	OPIOID	1.0	Secreted Signaling	CellChatDB	PENK_OPRM1	KEGG: hsa04080					CellChatDB v1
POMC	OPRD1	OPIOID	1.0	Secreted Signaling	CellChatDB	POMC_OPRD1	KEGG: hsa04080					CellChatDB v1
POMC	OPRK1	OPIOID	1.0	Secreted Signaling	CellChatDB	POMC_OPRK1	KEGG: hsa04080					CellChatDB v1
POMC	OPRL1	OPIOID	1.0	Secreted Signaling	CellChatDB	POMC_OPRL1	KEGG: hsa04080					CellChatDB v1
POMC	OPRM1	OPIOID	1.0	Secreted Signaling	CellChatDB	POMC_OPRM1	KEGG: hsa04080					CellChatDB v1
HCRT	HCRTR1	HCRT	1.0	Secreted Signaling	CellChatDB	HCRT_HCRTR1	KEGG: hsa04080					CellChatDB v1
HCRT	HCRTR2	HCRT	1.0	Secreted Signaling	CellChatDB	HCRT_HCRTR2	KEGG: hsa04080					CellChatDB v1
OXT	OXTR	OXT	1.0	Secreted Signaling	CellChatDB	OXT_OXTR	KEGG: hsa04080					CellChatDB v1
SST	SSTR1	SOMATOSTATIN	1.0	Secreted Signaling	CellChatDB	SST_SSTR1	KEGG: hsa04080					CellChatDB v1
SST	SSTR2	SOMATOSTATIN	1.0	Secreted Signaling	CellChatDB	SST_SSTR2	KEGG: hsa04080					CellChatDB v1
SST	SSTR3	SOMATOSTATIN	1.0	Secreted Signaling	CellChatDB	SST_SSTR3	KEGG: hsa04080					CellChatDB v1
SST	SSTR4	SOMATOSTATIN	1.0	Secreted Signaling	CellChatDB	SST_SSTR4	KEGG: hsa04080					CellChatDB v1
SST	SSTR5	SOMATOSTATIN	1.0	Secreted Signaling	CellChatDB	SST_SSTR5	KEGG: hsa04080					CellChatDB v1
CORT	SSTR1	SOMATOSTATIN	1.0	Secreted Signaling	CellChatDB	CORT_SSTR1	KEGG: hsa04080					CellChatDB v1
CORT	SSTR2	SOMATOSTATIN	1.0	Secreted Signaling	CellChatDB	CORT_SSTR2	KEGG: hsa04080					CellChatDB v1
CORT	SSTR3	SOMATOSTATIN	1.0	Secreted Signaling	CellChatDB	CORT_SSTR3	KEGG: hsa04080					CellChatDB v1
CORT	SSTR4	SOMATOSTATIN	1.0	Secreted Signaling	CellChatDB	CORT_SSTR4	KEGG: hsa04080					CellChatDB v1
CORT	SSTR5	SOMATOSTATIN	1.0	Secreted Signaling	CellChatDB	CORT_SSTR5	KEGG: hsa04080					CellChatDB v1
TAC1	TACR1	TAC	1.0	Secreted Signaling	CellChatDB	TAC1_TACR1	KEGG: hsa04080					CellChatDB v1
TAC4	TACR1	TAC	1.0	Secreted Signaling	CellChatDB	TAC4_TACR1	KEGG: hsa04080					CellChatDB v1
TAC1	TACR2	TAC	1.0	Secreted Signaling	CellChatDB	TAC1_TACR2	KEGG: hsa04080					CellChatDB v1
TAC3	TACR3	TAC	1.0	Secreted Signaling	CellChatDB	TAC2_TACR3	KEGG: hsa04080					CellChatDB v1
UTS2	UTS2R	UTS2	1.0	Secreted Signaling	CellChatDB	UTS2_UTS2R	KEGG: hsa04080					CellChatDB v1
AVP	AVPR2	AVP	1.0	Secreted Signaling	CellChatDB	AVP_AVPR2	KEGG: hsa04080					CellChatDB v1
AVP	AVPR1A	AVP	1.0	Secreted Signaling	CellChatDB	AVP_AVPR1A	KEGG: hsa04080					CellChatDB v1
AVP	AVPR1B	AVP	1.0	Secreted Signaling	CellChatDB	AVP_AVPR1B	KEGG: hsa04080					CellChatDB v1
PRLH	PRLHR	PRLH	1.0	Secreted Signaling	CellChatDB	PRLH_PRLHR	KEGG: hsa04080					CellChatDB v1
PRSS3	F2R	PARs	1.0	Secreted Signaling	CellChatDB	PRSS3_F2R	KEGG: hsa04080					CellChatDB v1
CTSG	F2R	PARs	1.0	Secreted Signaling	CellChatDB	CTSG_F2R	KEGG: hsa04080					CellChatDB v1
F2	F2R	PARs	1.0	Secreted Signaling	CellChatDB	F2_F2R	KEGG: hsa04080					CellChatDB v1
PLG	F2R	PARs	1.0	Secreted Signaling	CellChatDB	PLG_F2R	KEGG: hsa04080					CellChatDB v1
GZMA	F2R	PARs	1.0	Secreted Signaling	CellChatDB	GZMA_F2R	KEGG: hsa04080					CellChatDB v1
PRSS2	F2R	PARs	1.0	Secreted Signaling	CellChatDB	PRSS2_F2R	KEGG: hsa04080					CellChatDB v1
PRSS1	F2R	PARs	1.0	Secreted Signaling	CellChatDB	PRSS1_F2R	KEGG: hsa04080					CellChatDB v1
PRSS3	F2RL1	PARs	1.0	Secreted Signaling	CellChatDB	PRSS3_F2RL1	KEGG: hsa04080					CellChatDB v1
CTSG	F2RL1	PARs	1.0	Secreted Signaling	CellChatDB	CTSG_F2RL1	KEGG: hsa04080					CellChatDB v1
F2	F2RL1	PARs	1.0	Secreted Signaling	CellChatDB	F2_F2RL1	KEGG: hsa04080					CellChatDB v1
PLG	F2RL1	PARs	1.0	Secreted Signaling	CellChatDB	PLG_F2RL1	KEGG: hsa04080					CellChatDB v1
GZMA	F2RL1	PARs	1.0	Secreted Signaling	CellChatDB	GZMA_F2RL1	KEGG: hsa04080					CellChatDB v1
PRSS2	F2RL1	PARs	1.0	Secreted Signaling	CellChatDB	PRSS2_F2RL1	KEGG: hsa04080					CellChatDB v1
PRSS1	F2RL1	PARs	1.0	Secreted Signaling	CellChatDB	PRSS1_F2RL1	KEGG: hsa04080					CellChatDB v1
PRSS3	F2RL2	PARs	1.0	Secreted Signaling	CellChatDB	PRSS3_F2RL2	KEGG: hsa04080					CellChatDB v1
CTSG	F2RL2	PARs	1.0	Secreted Signaling	CellChatDB	CTSG_F2RL2	KEGG: hsa04080					CellChatDB v1
F2	F2RL2	PARs	1.0	Secreted Signaling	CellChatDB	F2_F2RL2	KEGG: hsa04080					CellChatDB v1
PLG	F2RL2	PARs	1.0	Secreted Signaling	CellChatDB	PLG_F2RL2	KEGG: hsa04080					CellChatDB v1
GZMA	F2RL2	PARs	1.0	Secreted Signaling	CellChatDB	GZMA_F2RL2	KEGG: hsa04080					CellChatDB v1
PRSS2	F2RL2	PARs	1.0	Secreted Signaling	CellChatDB	PRSS2_F2RL2	KEGG: hsa04080					CellChatDB v1
PRSS1	F2RL2	PARs	1.0	Secreted Signaling	CellChatDB	PRSS1_F2RL2	KEGG: hsa04080					CellChatDB v1
PRSS3	F2RL3	PARs	1.0	Secreted Signaling	CellChatDB	PRSS3_F2RL3	KEGG: hsa04080					CellChatDB v1
CTSG	F2RL3	PARs	1.0	Secreted Signaling	CellChatDB	CTSG_F2RL3	KEGG: hsa04080					CellChatDB v1
F2	F2RL3	PARs	1.0	Secreted Signaling	CellChatDB	F2_F2RL3	KEGG: hsa04080					CellChatDB v1
GZMA	F2RL3	PARs	1.0	Secreted Signaling	CellChatDB	GZMA_F2RL3	KEGG: hsa04080					CellChatDB v1
PLG	F2RL3	PARs	1.0	Secreted Signaling	CellChatDB	PLG_F2RL3	KEGG: hsa04080					CellChatDB v1
PRSS2	F2RL3	PARs	1.0	Secreted Signaling	CellChatDB	PRSS2_F2RL3	KEGG: hsa04080					CellChatDB v1
PRSS1	F2RL3	PARs	1.0	Secreted Signaling	CellChatDB	PRSS1_F2RL3	KEGG: hsa04080					CellChatDB v1
PRSS3	PARD3	PARs	1.0	Secreted Signaling	CellChatDB	PRSS3_PARD3	KEGG: hsa04080					CellChatDB v1
CTSG	PARD3	PARs	1.0	Secreted Signaling	CellChatDB	CTSG_PARD3	KEGG: hsa04080					CellChatDB v1
F2	PARD3	PARs	1.0	Secreted Signaling	CellChatDB	F2_PARD3	KEGG: hsa04080					CellChatDB v1
GZMA	PARD3	PARs	1.0	Secreted Signaling	CellChatDB	GZMA_PARD3	KEGG: hsa04080					CellChatDB v1
PLG	PARD3	PARs	1.0	Secreted Signaling	CellChatDB	PLG_PARD3	KEGG: hsa04080					CellChatDB v1
PRSS2	PARD3	PARs	1.0	Secreted Signaling	CellChatDB	PRSS2_PARD3	KEGG: hsa04080					CellChatDB v1
PRSS1	PARD3	PARs	1.0	Secreted Signaling	CellChatDB	PRSS1_PARD3	KEGG: hsa04080					CellChatDB v1
PMCH	MCHR1	PMCH	1.0	Secreted Signaling	CellChatDB	PMCH_MCHR1	KEGG: hsa04080					CellChatDB v1
PROK1	PROKR2	PROK	1.0	Secreted Signaling	CellChatDB	PROK1_PROKR2	PMID: 24496457					CellChatDB v1
PROK1	PROKR1	PROK	1.0	Secreted Signaling	CellChatDB	PROK1_PROKR1	PMID: 24496457					CellChatDB v1
PROK2	PROKR1	PROK	1.0	Secreted Signaling	CellChatDB	PROK2_PROKR1	PMID: 24496457					CellChatDB v1
PROK2	PROKR2	PROK	1.0	Secreted Signaling	CellChatDB	PROK2_PROKR2	PMID: 24496457					CellChatDB v1
ADCYAP1	ADCYAP1R1	PACAP	1.0	Secreted Signaling	CellChatDB	ADCYAP1_ADCYAP1R1	PMID: 21350482					CellChatDB v1
VIP	VIPR1	VIP	1.0	Secreted Signaling	CellChatDB	VIP_VIPR1	PMID: 10655512					CellChatDB v1
VIP	VIPR2	VIP	1.0	Secreted Signaling	CellChatDB	VIP_VIPR2	KEGG: hsa04080					CellChatDB v1
NPPA	NPR1	NPR1	1.0	Secreted Signaling	CellChatDB	NPPA_NPR1	KEGG: hsa04080; PMID: 29934640					CellChatDB v1
NPPB	NPR1	NPR1	1.0	Secreted Signaling	CellChatDB	NPPB_NPR1	KEGG: hsa04080; PMID: 29934641					CellChatDB v1
NPPC	NPR2	NPR2	1.0	Secreted Signaling	CellChatDB	NPPC_NPR2	KEGG: hsa04080; PMID: 29934642					CellChatDB v1
KITLG	KIT	KIT	1.0	Secreted Signaling	CellChatDB	KITL_KIT	KEGG: hsa04080					CellChatDB v1
GCG	GIPR	GIPR	1.0	Secreted Signaling	CellChatDB	GCG_GIPR	KEGG: hsa04080					CellChatDB v1
GIP	GIPR	GIPR	1.0	Secreted Signaling	CellChatDB	GIP_GIPR	KEGG: hsa04080					CellChatDB v1
FSHB	FSHR	FSH	1.0	Secreted Signaling	CellChatDB	FSHB_FSHR	KEGG: hsa04080					CellChatDB v1
CGA	FSHR	FSH	1.0	Secreted Signaling	CellChatDB	CGA_FSHR	KEGG: hsa04080					CellChatDB v1
LHB	LHCGR	LHB	1.0	Secreted Signaling	CellChatDB	LHB_LHCGR	KEGG: hsa04080					CellChatDB v1
CGA	LHCGR	LHB	1.0	Secreted Signaling	CellChatDB	CGA_LHCGR	KEGG: hsa04080					CellChatDB v1
TSHB	TSHR	TSH	1.0	Secreted Signaling	CellChatDB	TSHB_TSHR	KEGG: hsa04080					CellChatDB v1
CGA	TSHR	TSH	1.0	Secreted Signaling	CellChatDB	CGA_TSHR	KEGG: hsa04080					CellChatDB v1
BDNF	NTRK2	NT	1.0	Secreted Signaling	CellChatDB	BDNF_NTRK2	PMID: 27908981			NGFR activation receptor		CellChatDB v1
NGF	NTRK1	NT	1.0	Secreted Signaling	CellChatDB	NGF_NTRK1	PMID: 27908981			NGFR activation receptor		CellChatDB v1
FLT3LG	FLT3	FLT3	1.0	Secreted Signaling	CellChatDB	FLT3L_FLT3	PMID: 25992210					CellChatDB v1
HGF	MET	HGF	1.0	Secreted Signaling	CellChatDB	HGF_MET	PMID: 28475121					CellChatDB v1
KLK3	NTRK1	NT	1.0	Secreted Signaling	CellChatDB	KLK3_NTRK1	PMID: 27908981			NGFR activation receptor		CellChatDB v1
NTF3	NTRK1	NT	1.0	Secreted Signaling	CellChatDB	NTF3_NTRK1	PMID: 27908981			NGFR activation receptor		CellChatDB v1
NTF3	NTRK2	NT	1.0	Secreted Signaling	CellChatDB	NTF3_NTRK2	PMID: 27908981			NGFR activation receptor		CellChatDB v1
NTF3	NTRK3	NT	1.0	Secreted Signaling	CellChatDB	NTF3_NTRK3	PMID: 27908981			NGFR activation receptor		CellChatDB v1
NTF4	NTRK2	NT	1.0	Secreted Signaling	CellChatDB	NTF5_NTRK2	PMID: 27908981			NGFR activation receptor		CellChatDB v1
SEMA3A	NRP1+PLXNA1	SEMA3	1.0	Secreted Signaling	CellChatDB	SEMA3A_NRP1_PLXNA1	PMID: 27533782					CellChatDB v1
SEMA3A	NRP1+PLXNA2	SEMA3	1.0	Secreted Signaling	CellChatDB	SEMA3A_NRP1_PLXNA2	PMID: 27533782					CellChatDB v1
SEMA3A	PLXNA3+NRP1	SEMA3	1.0	Secreted Signaling	CellChatDB	SEMA3A_NRP1_PLXNA3	PMID: 27533782					CellChatDB v1
SEMA3A	PLXNA4+NRP1	SEMA3	1.0	Secreted Signaling	CellChatDB	SEMA3A_NRP1_PLXNA4	PMID: 27533782					CellChatDB v1
SEMA3B	NRP1+PLXNA1	SEMA3	1.0	Secreted Signaling	CellChatDB	SEMA3B_NRP1_PLXNA1	PMID: 27533782					CellChatDB v1
SEMA3B	NRP1+PLXNA2	SEMA3	1.0	Secreted Signaling	CellChatDB	SEMA3B_NRP1_PLXNA2	PMID: 27533782					CellChatDB v1
SEMA3B	PLXNA3+NRP1	SEMA3	1.0	Secreted Signaling	CellChatDB	SEMA3B_NRP1_PLXNA3	PMID: 27533782					CellChatDB v1
SEMA3B	PLXNA4+NRP1	SEMA3	1.0	Secreted Signaling	CellChatDB	SEMA3B_NRP1_PLXNA4	PMID: 27533782					CellChatDB v1
SEMA3C	NRP1+PLXNA1	SEMA3	1.0	Secreted Signaling	CellChatDB	SEMA3C_NRP1_PLXNA1	PMID: 27533782					CellChatDB v1
SEMA3C	NRP1+PLXNA2	SEMA3	1.0	Secreted Signaling	CellChatDB	SEMA3C_NRP1_PLXNA2	PMID: 27533782					CellChatDB v1
SEMA3C	PLXNA3+NRP1	SEMA3	1.0	Secreted Signaling	CellChatDB	SEMA3C_NRP1_PLXNA3	PMID: 27533782					CellChatDB v1
SEMA3C	PLXNA4+NRP1	SEMA3	1.0	Secreted Signaling	CellChatDB	SEMA3C_NRP1_PLXNA4	PMID: 27533782					CellChatDB v1
SEMA3D	NRP1+PLXNA1	SEMA3	1.0	Secreted Signaling	CellChatDB	SEMA3D_NRP1_PLXNA1	PMID: 27533782					CellChatDB v1
SEMA3D	NRP1+PLXNA2	SEMA3	1.0	Secreted Signaling	CellChatDB	SEMA3D_NRP1_PLXNA2	PMID: 27533782					CellChatDB v1
SEMA3D	PLXNA3+NRP1	SEMA3	1.0	Secreted Signaling	CellChatDB	SEMA3D_NRP1_PLXNA3	PMID: 27533782					CellChatDB v1
SEMA3D	PLXNA4+NRP1	SEMA3	1.0	Secreted Signaling	CellChatDB	SEMA3D_NRP1_PLXNA4	PMID: 27533782					CellChatDB v1
SEMA3B	PLXNA1+NRP2	SEMA3	1.0	Secreted Signaling	CellChatDB	SEMA3B_NRP2_PLXNA1	PMID: 27533782					CellChatDB v1
SEMA3B	NRP2+PLXNA2	SEMA3	1.0	Secreted Signaling	CellChatDB	SEMA3B_NRP2_PLXNA2	PMID: 27533782					CellChatDB v1
SEMA3B	PLXNA3+NRP2	SEMA3	1.0	Secreted Signaling	CellChatDB	SEMA3B_NRP2_PLXNA3	PMID: 27533782					CellChatDB v1
SEMA3B	PLXNA4+NRP2	SEMA3	1.0	Secreted Signaling	CellChatDB	SEMA3B_NRP2_PLXNA4	PMID: 27533782					CellChatDB v1
SEMA3C	PLXNA1+NRP2	SEMA3	1.0	Secreted Signaling	CellChatDB	SEMA3C_NRP2_PLXNA1	PMID: 27533782					CellChatDB v1
SEMA3C	NRP2+PLXNA2	SEMA3	1.0	Secreted Signaling	CellChatDB	SEMA3C_NRP2_PLXNA2	PMID: 27533782					CellChatDB v1
SEMA3C	PLXNA3+NRP2	SEMA3	1.0	Secreted Signaling	CellChatDB	SEMA3C_NRP2_PLXNA3	PMID: 27533782					CellChatDB v1
SEMA3C	PLXNA4+NRP2	SEMA3	1.0	Secreted Signaling	CellChatDB	SEMA3C_NRP2_PLXNA4	PMID: 27533782					CellChatDB v1
SEMA3D	PLXNA1+NRP2	SEMA3	1.0	Secreted Signaling	CellChatDB	SEMA3D_NRP2_PLXNA1	PMID: 27533782					CellChatDB v1
SEMA3D	NRP2+PLXNA2	SEMA3	1.0	Secreted Signaling	CellChatDB	SEMA3D_NRP2_PLXNA2	PMID: 27533782					CellChatDB v1
SEMA3D	PLXNA3+NRP2	SEMA3	1.0	Secreted Signaling	CellChatDB	SEMA3D_NRP2_PLXNA3	PMID: 27533782					CellChatDB v1
SEMA3D	PLXNA4+NRP2	SEMA3	1.0	Secreted Signaling	CellChatDB	SEMA3D_NRP2_PLXNA4	PMID: 27533782					CellChatDB v1
SEMA3F	PLXNA1+NRP2	SEMA3	1.0	Secreted Signaling	CellChatDB	SEMA3F_NRP2_PLXNA1	PMID: 27533782					CellChatDB v1
SEMA3F	NRP2+PLXNA2	SEMA3	1.0	Secreted Signaling	CellChatDB	SEMA3F_NRP2_PLXNA2	PMID: 27533782					CellChatDB v1
SEMA3F	PLXNA3+NRP2	SEMA3	1.0	Secreted Signaling	CellChatDB	SEMA3F_NRP2_PLXNA3	PMID: 27533782					CellChatDB v1
SEMA3F	PLXNA4+NRP2	SEMA3	1.0	Secreted Signaling	CellChatDB	SEMA3F_NRP2_PLXNA4	PMID: 27533782					CellChatDB v1
SEMA3G	PLXNA1+NRP2	SEMA3	1.0	Secreted Signaling	CellChatDB	SEMA3G_NRP2_PLXNA1	PMID: 27533782					CellChatDB v1
SEMA3G	NRP2+PLXNA2	SEMA3	1.0	Secreted Signaling	CellChatDB	SEMA3G_NRP2_PLXNA2	PMID: 27533782					CellChatDB v1
SEMA3G	PLXNA3+NRP2	SEMA3	1.0	Secreted Signaling	CellChatDB	SEMA3G_NRP2_PLXNA3	PMID: 27533782					CellChatDB v1
SEMA3G	PLXNA4+NRP2	SEMA3	1.0	Secreted Signaling	CellChatDB	SEMA3G_NRP2_PLXNA4	PMID: 27533782					CellChatDB v1
SEMA3C	NRP1+PLXND1+NRP2	SEMA3	1.0	Secreted Signaling	CellChatDB	SEMA3C_NRP1_NRP2	PMID: 27533782					CellChatDB v1
SEMA3C	PLXND1	SEMA3	1.0	Secreted Signaling	CellChatDB	SEMA3C_PLXND1	PMID: 27533782					CellChatDB v1
SEMA3E	PLXND1	SEMA3	1.0	Secreted Signaling	CellChatDB	SEMA3E_PLXND1	PMID: 22325954					CellChatDB v1
ADM	CALCR	CALCR	1.0	Secreted Signaling	CellChatDB	ADM_CALCR	KEGG: hsa04080					CellChatDB v1
ADM	CALCRL	CALCR	1.0	Secreted Signaling	CellChatDB	ADM_CALCRL	KEGG: hsa04080					CellChatDB v1
AGT	MAS1	AGT	1.0	Secreted Signaling	CellChatDB	AGT_MAS1	KEGG: hsa04080					CellChatDB v1
ANXA1	FPR2	ANNEXIN	1.0	Secreted Signaling	CellChatDB	ANXA1_FPR2	PMID: 23230437					CellChatDB v1
ANXA1	FPR1	ANNEXIN	1.0	Secreted Signaling	CellChatDB	ANXA1_FPR1	PMID: 23230437					CellChatDB v1
APELA	APLNR	APJ	1.0	Secreted Signaling	CellChatDB	APELA_APLNR	PMID: 25995451					CellChatDB v1
CALCA	CALCR	CALCR	1.0	Secreted Signaling	CellChatDB	CALCA_CALCR	KEGG: hsa04080					CellChatDB v1
CALCA	CALCRL	CALCR	1.0	Secreted Signaling	CellChatDB	CALCA_CALCRL	KEGG: hsa04080					CellChatDB v1
CALCB	CALCR	CALCR	1.0	Secreted Signaling	CellChatDB	CALCB_CALCR	KEGG: hsa04080					CellChatDB v1
CALCB	CALCRL	CALCR	1.0	Secreted Signaling	CellChatDB	CALCB_CALCRL	KEGG: hsa04080					CellChatDB v1
CRH	CRHR1	CRH	1.0	Secreted Signaling	CellChatDB	CRH_CRHR1	KEGG: hsa04080					CellChatDB v1
CRH	CRHR2	CRH	1.0	Secreted Signaling	CellChatDB	CRH_CRHR2	KEGG: hsa04080					CellChatDB v1
ENHO	GPR19	ENHO	1.0	Secreted Signaling	CellChatDB	ENHO_GPR19	PMID: 28476646					CellChatDB v1
GAS6	AXL	GAS	1.0	Secreted Signaling	CellChatDB	GAS6_AXL	PMID: 27801848					CellChatDB v1
GAS6	MERTK	GAS	1.0	Secreted Signaling	CellChatDB	GAS6_MERTK	PMID: 27801848					CellChatDB v1
GAS6	TYRO3	GAS	1.0	Secreted Signaling	CellChatDB	GAS6_TYRO3	PMID: 27801848					CellChatDB v1
GCG	GCGR	GCG	1.0	Secreted Signaling	CellChatDB	GCG_GCGR	KEGG: hsa04080					CellChatDB v1
GCG	GLP1R	GCG	1.0	Secreted Signaling	CellChatDB	GCG_GLP1R	KEGG: hsa04080					CellChatDB v1
GCG	GLP2R	GCG	1.0	Secreted Signaling	CellChatDB	GCG_GLP2R	KEGG: hsa04080					CellChatDB v1
GH1	PRLR	GH	1.0	Secreted Signaling	CellChatDB	GH_PRLR	PMID: 23192981					CellChatDB v1
GHRH	VIPR1	GHRH	1.0	Secreted Signaling	CellChatDB	GHRH_VIPR1	PMID: 10655511					CellChatDB v1
GHRH	VIPR2	GHRH	1.0	Secreted Signaling	CellChatDB	GHRH_VIPR2	PMID: 10655511					CellChatDB v1
GHRH	GHSR	GHRH	1.0	Secreted Signaling	CellChatDB	GHRH_GHSR	PMID: 19088192					CellChatDB v1
GHRH	GHRHR	GHRH	1.0	Secreted Signaling	CellChatDB	GHRH_GHRHR	PMID: 26917260					CellChatDB v1
GNRH1	GNRHR	GNRH	1.0	Secreted Signaling	CellChatDB	GNRH1_GNRHR	PMID: 19640273					CellChatDB v1
GRN	SORT1	GRN	1.0	Secreted Signaling	CellChatDB	GRN_SORT1	PMID: 29555433					CellChatDB v1
GUCA2A	GUCY2C	GUCA	1.0	Secreted Signaling	CellChatDB	GUCA2A_GUCY2C	PMID: 22384056					CellChatDB v1
GUCA2B	GUCY2C	GUCA	1.0	Secreted Signaling	CellChatDB	GUCA2B_GUCY2C	PMID: 22384056					CellChatDB v1
IAPP	CALCR	CALCR	1.0	Secreted Signaling	CellChatDB	IAPP_CALCR	KEGG: hsa04080					CellChatDB v1
IAPP	CALCRL	CALCR	1.0	Secreted Signaling	CellChatDB	IAPP_CALCRL	KEGG: hsa04080					CellChatDB v1
INSL3	RXFP2	RLN	1.0	Secreted Signaling	CellChatDB	INSL3_RXFP2	KEGG: hsa04080					CellChatDB v1
INSL3	RXFP1	RLN	1.0	Secreted Signaling	CellChatDB	INSL3_RXFP1	KEGG: hsa04080					CellChatDB v1
INSL3	RXFP4	RLN	1.0	Secreted Signaling	CellChatDB	INSL3_RXFP4	KEGG: hsa04080					CellChatDB v1
INSL3	RXFP3	RLN	1.0	Secreted Signaling	CellChatDB	INSL3_RXFP3	KEGG: hsa04080					CellChatDB v1
INSL5	RXFP4	RLN	1.0	Secreted Signaling	CellChatDB	INSL5_RXFP4	KEGG: hsa04080					CellChatDB v1
INSL5	RXFP3	RLN	1.0	Secreted Signaling	CellChatDB	INSL5_RXFP3	KEGG: hsa04080					CellChatDB v1
INSL5	RXFP2	RLN	1.0	Secreted Signaling	CellChatDB	INSL5_RXFP2	KEGG: hsa04080					CellChatDB v1
INSL5	RXFP1	RLN	1.0	Secreted Signaling	CellChatDB	INSL5_RXFP1	KEGG: hsa04080					CellChatDB v1
LEP	LEPR	LEP	1.0	Secreted Signaling	CellChatDB	LEP_LEPR	KEGG: hsa04080					CellChatDB v1
LGALS9	PTPRC	GALECTIN	1.0	Secreted Signaling	CellChatDB	LGALS9_CD45	PMID: 30120235					CellChatDB v1
NPS	NPSR1	NPS	1.0	Secreted Signaling	CellChatDB	NPS_NPSR1	PMID: 19732772					CellChatDB v1
NPVF	NPFFR1	NPVF	1.0	Secreted Signaling	CellChatDB	NPVF_NPFFR1	PMID: 29106375					CellChatDB v1
NPVF	NPFFR2	NPVF	1.0	Secreted Signaling	CellChatDB	NPVF_NPFFR2	PMID: 29106375					CellChatDB v1
OSTN	NPR3	OSTN	1.0	Secreted Signaling	CellChatDB	OSTN_NPR3	PMID: 29326144					CellChatDB v1
PMCH	MERTK	PMCH	1.0	Secreted Signaling	CellChatDB	PMCH_MERTK	PMID: 30501104					CellChatDB v1
PROS1	AXL	PROS	1.0	Secreted Signaling	CellChatDB	PROS1_AXL	PMID: 29531161					CellChatDB v1
PROS1	TYRO3	PROS	1.0	Secreted Signaling	CellChatDB	PROS1_TYRO3	PMID: 30501104					CellChatDB v1
PSAP	GPR37L1	PSAP	1.0	Secreted Signaling	CellChatDB	PSAP_GPR37L1	PMID: 23690594					CellChatDB v1
PSAP	GPR37	PSAP	1.0	Secreted Signaling	CellChatDB	PSAP_GPR37	PMID: 23690594					CellChatDB v1
PTH	PTH1R	PTH	1.0	Secreted Signaling	CellChatDB	PTH_PTH1R	KEGG: hsa04080					CellChatDB v1
PTH	PTH2R	PTH	1.0	Secreted Signaling	CellChatDB	PTH_PTH2R	KEGG: hsa04080					CellChatDB v1
PTH2	PTH1R	PTH	1.0	Secreted Signaling	CellChatDB	PTH2_PTH1R	KEGG: hsa04080					CellChatDB v1
PTH2	PTH2R	PTH	1.0	Secreted Signaling	CellChatDB	PTH2_PTH2R	KEGG: hsa04080					CellChatDB v1
PTHLH	PTH1R	PTH	1.0	Secreted Signaling	CellChatDB	PTHLH_PTH1R	PMID: 29577935					CellChatDB v1
QRFP	QRFPR	QRFP	1.0	Secreted Signaling	CellChatDB	QRFP_QRFPR	PMID: 25386115					CellChatDB v1
RARRES2	GPR1	CHEMERIN	1.0	Secreted Signaling	CellChatDB	RARRES2_GPR1	PMID: 24671882					CellChatDB v1
RARRES2	CMKLR1	CHEMERIN	1.0	Secreted Signaling	CellChatDB	RARRES2_CMKLR1	PMID: 24671882					CellChatDB v1
RLN1	RXFP2	RLN	1.0	Secreted Signaling	CellChatDB	RLN1_RXFP2	KEGG: hsa04080					CellChatDB v1
RLN1	RXFP1	RLN	1.0	Secreted Signaling	CellChatDB	RLN1_RXFP1	KEGG: hsa04080					CellChatDB v1
RLN1	RXFP3	RLN	1.0	Secreted Signaling	CellChatDB	RLN1_RXFP3	KEGG: hsa04080					CellChatDB v1
RLN1	RXFP4	RLN	1.0	Secreted Signaling	CellChatDB	RLN1_RXFP4	KEGG: hsa04080					CellChatDB v1
RLN3	RXFP3	RLN	1.0	Secreted Signaling	CellChatDB	RLN3_RXFP3	KEGG: hsa04080					CellChatDB v1
RLN3	RXFP1	RLN	1.0	Secreted Signaling	CellChatDB	RLN3_RXFP1	KEGG: hsa04080					CellChatDB v1
RLN3	RXFP4	RLN	1.0	Secreted Signaling	CellChatDB	RLN3_RXFP4	KEGG: hsa04080					CellChatDB v1
RLN3	RXFP2	RLN	1.0	Secreted Signaling	CellChatDB	RLN3_RXFP2	KEGG: hsa04080					CellChatDB v1
SAA1	FPR2	SAA	1.0	Secreted Signaling	CellChatDB	SAA1_FPR2	PMID: 22610094					CellChatDB v1
SCGB3A2	MARCO	UGRP1	1.0	Secreted Signaling	CellChatDB	SCGB3A2_MARCO	PMID: 12847263					CellChatDB v1
SCT	SCTR	SCT	1.0	Secreted Signaling	CellChatDB	SCT_SCTR	KEGG: hsa04080					CellChatDB v1
SLURP1	CHRNB1	SLURP	1.0	Secreted Signaling	CellChatDB	SLURP1_CHRNB1	KEGG: hsa04080					CellChatDB v1
SLURP1	CHRNB2	SLURP	1.0	Secreted Signaling	CellChatDB	SLURP1_CHRNB2	KEGG: hsa04080					CellChatDB v1
SLURP1	CHRNB3	SLURP	1.0	Secreted Signaling	CellChatDB	SLURP1_CHRNB3	KEGG: hsa04080					CellChatDB v1
SLURP1	CHRNB4	SLURP	1.0	Secreted Signaling	CellChatDB	SLURP1_CHRNB4	KEGG: hsa04080					CellChatDB v1
SLURP1	CHRNA1	SLURP	1.0	Secreted Signaling	CellChatDB	SLURP1_CHRNA1	KEGG: hsa04080					CellChatDB v1
SLURP1	CHRNA2	SLURP	1.0	Secreted Signaling	CellChatDB	SLURP1_CHRNA2	KEGG: hsa04080					CellChatDB v1
SLURP1	CHRNA3	SLURP	1.0	Secreted Signaling	CellChatDB	SLURP1_CHRNA3	KEGG: hsa04080					CellChatDB v1
SLURP1	CHRNA4	SLURP	1.0	Secreted Signaling	CellChatDB	SLURP1_CHRNA4	KEGG: hsa04080					CellChatDB v1
SLURP1	CHRNA5	SLURP	1.0	Secreted Signaling	CellChatDB	SLURP1_CHRNA5	KEGG: hsa04080					CellChatDB v1
SLURP1	CHRNA6	SLURP	1.0	Secreted Signaling	CellChatDB	SLURP1_CHRNA6	KEGG: hsa04080					CellChatDB v1
SLURP1	CHRNA9	SLURP	1.0	Secreted Signaling	CellChatDB	SLURP1_CHRNA9	KEGG: hsa04080					CellChatDB v1
SLURP1	CHRNA10	SLURP	1.0	Secreted Signaling	CellChatDB	SLURP1_CHRNA10	KEGG: hsa04080					CellChatDB v1
SLURP1	CHRND	SLURP	1.0	Secreted Signaling	CellChatDB	SLURP1_CHRND	KEGG: hsa04080					CellChatDB v1
SLURP1	CHRNE	SLURP	1.0	Secreted Signaling	CellChatDB	SLURP1_CHRNE	KEGG: hsa04080					CellChatDB v1
SLURP1	CHRNG	SLURP	1.0	Secreted Signaling	CellChatDB	SLURP1_CHRNG	KEGG: hsa04080					CellChatDB v1
SLURP1	CHRNA7	SLURP	1.0	Secreted Signaling	CellChatDB	SLURP1_CHRNA7	KEGG: hsa04080; PMID: 29545933;					CellChatDB v1
SLURP2	CHRNB1	SLURP	1.0	Secreted Signaling	CellChatDB	SLURP2_CHRNB1	KEGG: hsa04080					CellChatDB v1
SLURP2	CHRNB2	SLURP	1.0	Secreted Signaling	CellChatDB	SLURP2_CHRNB2	KEGG: hsa04080					CellChatDB v1
SLURP2	CHRNB3	SLURP	1.0	Secreted Signaling	CellChatDB	SLURP2_CHRNB3	KEGG: hsa04080					CellChatDB v1
SLURP2	CHRNB4	SLURP	1.0	Secreted Signaling	CellChatDB	SLURP2_CHRNB4	KEGG: hsa04080					CellChatDB v1
SLURP2	CHRNA1	SLURP	1.0	Secreted Signaling	CellChatDB	SLURP2_CHRNA1	KEGG: hsa04080					CellChatDB v1
SLURP2	CHRNA2	SLURP	1.0	Secreted Signaling	CellChatDB	SLURP2_CHRNA2	KEGG: hsa04080					CellChatDB v1
SLURP2	CHRNA3	SLURP	1.0	Secreted Signaling	CellChatDB	SLURP2_CHRNA3	KEGG: hsa04080					CellChatDB v1
SLURP2	CHRNA4	SLURP	1.0	Secreted Signaling	CellChatDB	SLURP2_CHRNA4	KEGG: hsa04080					CellChatDB v1
SLURP2	CHRNA5	SLURP	1.0	Secreted Signaling	CellChatDB	SLURP2_CHRNA5	KEGG: hsa04080					CellChatDB v1
SLURP2	CHRNA6	SLURP	1.0	Secreted Signaling	CellChatDB	SLURP2_CHRNA6	KEGG: hsa04080					CellChatDB v1
SLURP2	CHRNA7	SLURP	1.0	Secreted Signaling	CellChatDB	SLURP2_CHRNA7	KEGG: hsa04080					CellChatDB v1
SLURP2	CHRNA9	SLURP	1.0	Secreted Signaling	CellChatDB	SLURP2_CHRNA9	KEGG: hsa04080					CellChatDB v1
SLURP2	CHRNA10	SLURP	1.0	Secreted Signaling	CellChatDB	SLURP2_CHRNA10	KEGG: hsa04080					CellChatDB v1
SLURP2	CHRND	SLURP	1.0	Secreted Signaling	CellChatDB	SLURP2_CHRND	KEGG: hsa04080					CellChatDB v1
SLURP2	CHRNE	SLURP	1.0	Secreted Signaling	CellChatDB	SLURP2_CHRNE	KEGG: hsa04080					CellChatDB v1
SLURP2	CHRNG	SLURP	1.0	Secreted Signaling	CellChatDB	SLURP2_CHRNG	KEGG: hsa04080					CellChatDB v1
BTLA	TNFRSF14	BTLA	1.0	Secreted Signaling	CellChatDB	BTLA_TNFRSF14	PMID: 21941365					CellChatDB v1
TRH	TRHR	TRH	1.0	Secreted Signaling	CellChatDB	TRH_TRHR	KEGG: hsa04080					CellChatDB v1
UCN	CRHR1	UCN	1.0	Secreted Signaling	CellChatDB	UCN_CRHR1	KEGG: hsa04080					CellChatDB v1
UCN	CRHR2	UCN	1.0	Secreted Signaling	CellChatDB	UCN_CRHR2	KEGG: hsa04080					CellChatDB v1
UCN2	CRHR1	UCN	1.0	Secreted Signaling	CellChatDB	UCN2_CRHR1	KEGG: hsa04080					CellChatDB v1
UCN2	CRHR2	UCN	1.0	Secreted Signaling	CellChatDB	UCN2_CRHR2	KEGG: hsa04080					CellChatDB v1
UCN3	CRHR1	UCN	1.0	Secreted Signaling	CellChatDB	UCN3_CRHR1	KEGG: hsa04080					CellChatDB v1
UCN3	CRHR2	UCN	1.0	Secreted Signaling	CellChatDB	UCN3_CRHR2	KEGG: hsa04080					CellChatDB v1
UTS2B	UTS2R	UROTENSIN	1.0	Secreted Signaling	CellChatDB	UTS2B_UTS2R	PMID: 31556942					CellChatDB v1
UTS2B	SSTR5	UROTENSIN	1.0	Secreted Signaling	CellChatDB	UTS2B_SSTR5	PMID: 31556942					CellChatDB v1
BAG6	NCR3	BAG	1.0	Secreted Signaling	CellChatDB	BAG6_NCR3-PS	PMID: 30021652					CellChatDB v1
LGALS9	HAVCR2	GALECTIN	1.0	Secreted Signaling	CellChatDB	LGALS9_HAVCR2	PMID: 27192565					CellChatDB v1
LGALS9	CD44	GALECTIN	1.0	Secreted Signaling	CellChatDB	LGALS9_CD44	PMID: 25065622					CellChatDB v1
COL1A1	ITGB1+ITGA1	COLLAGEN	1.0	ECM-Receptor	CellChatDB	COL1A1_ITGA1_ITGB1	KEGG: hsa04512					CellChatDB v1
COL1A2	ITGB1+ITGA1	COLLAGEN	1.0	ECM-Receptor	CellChatDB	COL1A2_ITGA1_ITGB1	KEGG: hsa04512					CellChatDB v1
COL2A1	ITGB1+ITGA1	COLLAGEN	1.0	ECM-Receptor	CellChatDB	COL2A1_ITGA1_ITGB1	KEGG: hsa04512					CellChatDB v1
COL4A1	ITGB1+ITGA1	COLLAGEN	1.0	ECM-Receptor	CellChatDB	COL4A1_ITGA1_ITGB1	KEGG: hsa04512					CellChatDB v1
COL4A2	ITGB1+ITGA1	COLLAGEN	1.0	ECM-Receptor	CellChatDB	COL4A2_ITGA1_ITGB1	KEGG: hsa04512					CellChatDB v1
COL4A3	ITGB1+ITGA1	COLLAGEN	1.0	ECM-Receptor	CellChatDB	COL4A3_ITGA1_ITGB1	KEGG: hsa04512					CellChatDB v1
COL4A4	ITGB1+ITGA1	COLLAGEN	1.0	ECM-Receptor	CellChatDB	COL4A4_ITGA1_ITGB1	KEGG: hsa04512					CellChatDB v1
COL4A5	ITGB1+ITGA1	COLLAGEN	1.0	ECM-Receptor	CellChatDB	COL4A5_ITGA1_ITGB1	KEGG: hsa04512					CellChatDB v1
COL4A6	ITGB1+ITGA1	COLLAGEN	1.0	ECM-Receptor	CellChatDB	COL4A6_ITGA1_ITGB1	KEGG: hsa04512					CellChatDB v1
COL6A1	ITGB1+ITGA1	COLLAGEN	1.0	ECM-Receptor	CellChatDB	COL6A1_ITGA1_ITGB1	KEGG: hsa04512					CellChatDB v1
COL6A2	ITGB1+ITGA1	COLLAGEN	1.0	ECM-Receptor	CellChatDB	COL6A2_ITGA1_ITGB1	KEGG: hsa04512					CellChatDB v1
COL6A3	ITGB1+ITGA1	COLLAGEN	1.0	ECM-Receptor	CellChatDB	COL6A3_ITGA1_ITGB1	KEGG: hsa04512					CellChatDB v1
COL6A5	ITGB1+ITGA1	COLLAGEN	1.0	ECM-Receptor	CellChatDB	COL6A5_ITGA1_ITGB1	KEGG: hsa04512					CellChatDB v1
COL6A6	ITGB1+ITGA1	COLLAGEN	1.0	ECM-Receptor	CellChatDB	COL6A6_ITGA1_ITGB1	KEGG: hsa04512					CellChatDB v1
COL9A1	ITGB1+ITGA1	COLLAGEN	1.0	ECM-Receptor	CellChatDB	COL9A1_ITGA1_ITGB1	KEGG: hsa04512					CellChatDB v1
COL9A2	ITGB1+ITGA1	COLLAGEN	1.0	ECM-Receptor	CellChatDB	COL9A2_ITGA1_ITGB1	KEGG: hsa04512					CellChatDB v1
COL9A3	ITGB1+ITGA1	COLLAGEN	1.0	ECM-Receptor	CellChatDB	COL9A3_ITGA1_ITGB1	KEGG: hsa04512					CellChatDB v1
COL1A1	ITGA2+ITGB1	COLLAGEN	1.0	ECM-Receptor	CellChatDB	COL1A1_ITGA2_ITGB1	KEGG: hsa04512					CellChatDB v1
COL1A2	ITGA2+ITGB1	COLLAGEN	1.0	ECM-Receptor	CellChatDB	COL1A2_ITGA2_ITGB1	KEGG: hsa04512					CellChatDB v1
COL2A1	ITGA2+ITGB1	COLLAGEN	1.0	ECM-Receptor	CellChatDB	COL2A1_ITGA2_ITGB1	KEGG: hsa04512					CellChatDB v1
COL4A1	ITGA2+ITGB1	COLLAGEN	1.0	ECM-Receptor	CellChatDB	COL4A1_ITGA2_ITGB1	KEGG: hsa04512					CellChatDB v1
COL4A2	ITGA2+ITGB1	COLLAGEN	1.0	ECM-Receptor	CellChatDB	COL4A2_ITGA2_ITGB1	KEGG: hsa04512					CellChatDB v1
COL4A3	ITGA2+ITGB1	COLLAGEN	1.0	ECM-Receptor	CellChatDB	COL4A3_ITGA2_ITGB1	KEGG: hsa04512					CellChatDB v1
COL4A4	ITGA2+ITGB1	COLLAGEN	1.0	ECM-Receptor	CellChatDB	COL4A4_ITGA2_ITGB1	KEGG: hsa04512					CellChatDB v1
COL4A5	ITGA2+ITGB1	COLLAGEN	1.0	ECM-Receptor	CellChatDB	COL4A5_ITGA2_ITGB1	KEGG: hsa04512					CellChatDB v1
COL4A6	ITGA2+ITGB1	COLLAGEN	1.0	ECM-Receptor	CellChatDB	COL4A6_ITGA2_ITGB1	KEGG: hsa04512					CellChatDB v1
COL6A1	ITGA2+ITGB1	COLLAGEN	1.0	ECM-Receptor	CellChatDB	COL6A1_ITGA2_ITGB1	KEGG: hsa04512					CellChatDB v1
COL6A2	ITGA2+ITGB1	COLLAGEN	1.0	ECM-Receptor	CellChatDB	COL6A2_ITGA2_ITGB1	KEGG: hsa04512					CellChatDB v1
COL6A3	ITGA2+ITGB1	COLLAGEN	1.0	ECM-Receptor	CellChatDB	COL6A3_ITGA2_ITGB1	KEGG: hsa04512					CellChatDB v1
COL6A5	ITGA2+ITGB1	COLLAGEN	1.0	ECM-Receptor	CellChatDB	COL6A5_ITGA2_ITGB1	KEGG: hsa04512					CellChatDB v1
COL6A6	ITGA2+ITGB1	COLLAGEN	1.0	ECM-Receptor	CellChatDB	COL6A6_ITGA2_ITGB1	KEGG: hsa04512					CellChatDB v1
COL9A1	ITGA2+ITGB1	COLLAGEN	1.0	ECM-Receptor	CellChatDB	COL9A1_ITGA2_ITGB1	KEGG: hsa04512					CellChatDB v1
COL9A2	ITGA2+ITGB1	COLLAGEN	1.0	ECM-Receptor	CellChatDB	COL9A2_ITGA2_ITGB1	KEGG: hsa04512					CellChatDB v1
COL9A3	ITGA2+ITGB1	COLLAGEN	1.0	ECM-Receptor	CellChatDB	COL9A3_ITGA2_ITGB1	KEGG: hsa04512					CellChatDB v1
FN1	ITGA3+ITGB1	FN1	1.0	ECM-Receptor	CellChatDB	FN1_ITGA3_ITGB1	KEGG: hsa04512					CellChatDB v1
FN1	ITGA4+ITGB1	FN1	1.0	ECM-Receptor	CellChatDB	FN1_ITGA4_ITGB1	KEGG: hsa04512					CellChatDB v1
FN1	ITGA5+ITGB1	FN1	1.0	ECM-Receptor	CellChatDB	FN1_ITGA5_ITGB1	KEGG: hsa04512					CellChatDB v1
FN1	ITGA8+ITGB1	FN1	1.0	ECM-Receptor	CellChatDB	FN1_ITGA8_ITGB1	KEGG: hsa04512					CellChatDB v1
LAMA1	ITGB1+ITGA1	LAMININ	1.0	ECM-Receptor	CellChatDB	LAMA1_ITGA1_ITGB1	KEGG: hsa04512					CellChatDB v1
LAMA2	ITGB1+ITGA1	LAMININ	1.0	ECM-Receptor	CellChatDB	LAMA2_ITGA1_ITGB1	KEGG: hsa04512					CellChatDB v1
LAMA3	ITGB1+ITGA1	LAMININ	1.0	ECM-Receptor	CellChatDB	LAMA3_ITGA1_ITGB1	KEGG: hsa04512					CellChatDB v1
LAMA4	ITGB1+ITGA1	LAMININ	1.0	ECM-Receptor	CellChatDB	LAMA4_ITGA1_ITGB1	KEGG: hsa04512					CellChatDB v1
LAMA5	ITGB1+ITGA1	LAMININ	1.0	ECM-Receptor	CellChatDB	LAMA5_ITGA1_ITGB1	KEGG: hsa04512					CellChatDB v1
LAMB1	ITGB1+ITGA1	LAMININ	1.0	ECM-Receptor	CellChatDB	LAMB1_ITGA1_ITGB1	KEGG: hsa04512					CellChatDB v1
LAMB2	ITGB1+ITGA1	LAMININ	1.0	ECM-Receptor	CellChatDB	LAMB2_ITGA1_ITGB1	KEGG: hsa04512					CellChatDB v1
LAMB3	ITGB1+ITGA1	LAMININ	1.0	ECM-Receptor	CellChatDB	LAMB3_ITGA1_ITGB1	KEGG: hsa04512					CellChatDB v1
LAMC1	ITGB1+ITGA1	LAMININ	1.0	ECM-Receptor	CellChatDB	LAMC1_ITGA1_ITGB1	KEGG: hsa04512					CellChatDB v1
LAMC2	ITGB1+ITGA1	LAMININ	1.0	ECM-Receptor	CellChatDB	LAMC2_ITGA1_ITGB1	KEGG: hsa04512					CellChatDB v1
LAMC3	ITGB1+ITGA1	LAMININ	1.0	ECM-Receptor	CellChatDB	LAMC3_ITGA1_ITGB1	KEGG: hsa04512					CellChatDB v1
LAMA1	ITGA2+ITGB1	LAMININ	1.0	ECM-Receptor	CellChatDB	LAMA1_ITGA2_ITGB1	KEGG: hsa04512					CellChatDB v1
LAMA2	ITGA2+ITGB1	LAMININ	1.0	ECM-Receptor	CellChatDB	LAMA2_ITGA2_ITGB1	KEGG: hsa04512					CellChatDB v1
LAMA3	ITGA2+ITGB1	LAMININ	1.0	ECM-Receptor	CellChatDB	LAMA3_ITGA2_ITGB1	KEGG: hsa04512					CellChatDB v1
LAMA4	ITGA2+ITGB1	LAMININ	1.0	ECM-Receptor	CellChatDB	LAMA4_ITGA2_ITGB1	KEGG: hsa04512					CellChatDB v1
LAMA5	ITGA2+ITGB1	LAMININ	1.0	ECM-Receptor	CellChatDB	LAMA5_ITGA2_ITGB1	KEGG: hsa04512					CellChatDB v1
LAMB1	ITGA2+ITGB1	LAMININ	1.0	ECM-Receptor	CellChatDB	LAMB1_ITGA2_ITGB1	KEGG: hsa04512					CellChatDB v1
LAMB2	ITGA2+ITGB1	LAMININ	1.0	ECM-Receptor	CellChatDB	LAMB2_ITGA2_ITGB1	KEGG: hsa04512					CellChatDB v1
LAMB3	ITGA2+ITGB1	LAMININ	1.0	ECM-Receptor	CellChatDB	LAMB3_ITGA2_ITGB1	KEGG: hsa04512					CellChatDB v1
LAMC1	ITGA2+ITGB1	LAMININ	1.0	ECM-Receptor	CellChatDB	LAMC1_ITGA2_ITGB1	KEGG: hsa04512					CellChatDB v1
LAMC2	ITGA2+ITGB1	LAMININ	1.0	ECM-Receptor	CellChatDB	LAMC2_ITGA2_ITGB1	KEGG: hsa04512					CellChatDB v1
LAMC3	ITGA2+ITGB1	LAMININ	1.0	ECM-Receptor	CellChatDB	LAMC3_ITGA2_ITGB1	KEGG: hsa04512					CellChatDB v1
CHAD	ITGA2+ITGB1	CHAD	1.0	ECM-Receptor	CellChatDB	CHAD_ITGA2_ITGB1	KEGG: hsa04512					CellChatDB v1
LAMA1	ITGA3+ITGB1	LAMININ	1.0	ECM-Receptor	CellChatDB	LAMA1_ITGA3_ITGB1	KEGG: hsa04512					CellChatDB v1
LAMA2	ITGA3+ITGB1	LAMININ	1.0	ECM-Receptor	CellChatDB	LAMA2_ITGA3_ITGB1	KEGG: hsa04512					CellChatDB v1
LAMA3	ITGA3+ITGB1	LAMININ	1.0	ECM-Receptor	CellChatDB	LAMA3_ITGA3_ITGB1	KEGG: hsa04512					CellChatDB v1
LAMA4	ITGA3+ITGB1	LAMININ	1.0	ECM-Receptor	CellChatDB	LAMA4_ITGA3_ITGB1	KEGG: hsa04512					CellChatDB v1
LAMA5	ITGA3+ITGB1	LAMININ	1.0	ECM-Receptor	CellChatDB	LAMA5_ITGA3_ITGB1	KEGG: hsa04512					CellChatDB v1
LAMB1	ITGA3+ITGB1	LAMININ	1.0	ECM-Receptor	CellChatDB	LAMB1_ITGA3_ITGB1	KEGG: hsa04512					CellChatDB v1
LAMB2	ITGA3+ITGB1	LAMININ	1.0	ECM-Receptor	CellChatDB	LAMB2_ITGA3_ITGB1	KEGG: hsa04512					CellChatDB v1
LAMB3	ITGA3+ITGB1	LAMININ	1.0	ECM-Receptor	CellChatDB	LAMB3_ITGA3_ITGB1	KEGG: hsa04512					CellChatDB v1
LAMC1	ITGA3+ITGB1	LAMININ	1.0	ECM-Receptor	CellChatDB	LAMC1_ITGA3_ITGB1	KEGG: hsa04512					CellChatDB v1
LAMC2	ITGA3+ITGB1	LAMININ	1.0	ECM-Receptor	CellChatDB	LAMC2_ITGA3_ITGB1	KEGG: hsa04512					CellChatDB v1
LAMC3	ITGA3+ITGB1	LAMININ	1.0	ECM-Receptor	CellChatDB	LAMC3_ITGA3_ITGB1	KEGG: hsa04512					CellChatDB v1
RELN	ITGA3+ITGB1	RELN	1.0	ECM-Receptor	CellChatDB	RELN_ITGA3_ITGB1	KEGG: hsa04512					CellChatDB v1
THBS1	ITGA3+ITGB1	THBS	1.0	ECM-Receptor	CellChatDB	THBS1_ITGA3_ITGB1	KEGG: hsa04512					CellChatDB v1
THBS2	ITGA3+ITGB1	THBS	1.0	ECM-Receptor	CellChatDB	THBS2_ITGA3_ITGB1	KEGG: hsa04512					CellChatDB v1
THBS3	ITGA3+ITGB1	THBS	1.0	ECM-Receptor	CellChatDB	THBS3_ITGA3_ITGB1	KEGG: hsa04512					CellChatDB v1
THBS4	ITGA3+ITGB1	THBS	1.0	ECM-Receptor	CellChatDB	THBS4_ITGA3_ITGB1	KEGG: hsa04512					CellChatDB v1
COMP	ITGA3+ITGB1	THBS	1.0	ECM-Receptor	CellChatDB	COMP_ITGA3_ITGB1	KEGG: hsa04512					CellChatDB v1
COL1A1	ITGA3+ITGB1	COLLAGEN	1.0	ECM-Receptor	CellChatDB	COL1A1_ITGA3_ITGB1	KEGG: hsa04512					CellChatDB v1
COL1A2	ITGA3+ITGB1	COLLAGEN	1.0	ECM-Receptor	CellChatDB	COL1A2_ITGA3_ITGB1	KEGG: hsa04512					CellChatDB v1
COL2A1	ITGA3+ITGB1	COLLAGEN	1.0	ECM-Receptor	CellChatDB	COL2A1_ITGA3_ITGB1	KEGG: hsa04512					CellChatDB v1
COL4A1	ITGA3+ITGB1	COLLAGEN	1.0	ECM-Receptor	CellChatDB	COL4A1_ITGA3_ITGB1	KEGG: hsa04512					CellChatDB v1
COL4A2	ITGA3+ITGB1	COLLAGEN	1.0	ECM-Receptor	CellChatDB	COL4A2_ITGA3_ITGB1	KEGG: hsa04512					CellChatDB v1
COL4A3	ITGA3+ITGB1	COLLAGEN	1.0	ECM-Receptor	CellChatDB	COL4A3_ITGA3_ITGB1	KEGG: hsa04512					CellChatDB v1
COL4A4	ITGA3+ITGB1	COLLAGEN	1.0	ECM-Receptor	CellChatDB	COL4A4_ITGA3_ITGB1	KEGG: hsa04512					CellChatDB v1
COL4A5	ITGA3+ITGB1	COLLAGEN	1.0	ECM-Receptor	CellChatDB	COL4A5_ITGA3_ITGB1	KEGG: hsa04512					CellChatDB v1
COL4A6	ITGA3+ITGB1	COLLAGEN	1.0	ECM-Receptor	CellChatDB	COL4A6_ITGA3_ITGB1	KEGG: hsa04512					CellChatDB v1
COL6A1	ITGA3+ITGB1	COLLAGEN	1.0	ECM-Receptor	CellChatDB	COL6A1_ITGA3_ITGB1	KEGG: hsa04512					CellChatDB v1
COL6A2	ITGA3+ITGB1	COLLAGEN	1.0	ECM-Receptor	CellChatDB	COL6A2_ITGA3_ITGB1	KEGG: hsa04512					CellChatDB v1
COL6A3	ITGA3+ITGB1	COLLAGEN	1.0	ECM-Receptor	CellChatDB	COL6A3_ITGA3_ITGB1	KEGG: hsa04512					CellChatDB v1
COL6A5	ITGA3+ITGB1	COLLAGEN	1.0	ECM-Receptor	CellChatDB	COL6A5_ITGA3_ITGB1	KEGG: hsa04512					CellChatDB v1
COL6A6	ITGA3+ITGB1	COLLAGEN	1.0	ECM-Receptor	CellChatDB	COL6A6_ITGA3_ITGB1	KEGG: hsa04512					CellChatDB v1
COL9A1	ITGA3+ITGB1	COLLAGEN	1.0	ECM-Receptor	CellChatDB	COL9A1_ITGA3_ITGB1	KEGG: hsa04512					CellChatDB v1
COL9A2	ITGA3+ITGB1	COLLAGEN	1.0	ECM-Receptor	CellChatDB	COL9A2_ITGA3_ITGB1	KEGG: hsa04512					CellChatDB v1
COL9A3	ITGA3+ITGB1	COLLAGEN	1.0	ECM-Receptor	CellChatDB	COL9A3_ITGA3_ITGB1	KEGG: hsa04512					CellChatDB v1
LAMA1	ITGA6+ITGB1	LAMININ	1.0	ECM-Receptor	CellChatDB	LAMA1_ITGA6_ITGB1	KEGG: hsa04512					CellChatDB v1
LAMA2	ITGA6+ITGB1	LAMININ	1.0	ECM-Receptor	CellChatDB	LAMA2_ITGA6_ITGB1	KEGG: hsa04512					CellChatDB v1
LAMA3	ITGA6+ITGB1	LAMININ	1.0	ECM-Receptor	CellChatDB	LAMA3_ITGA6_ITGB1	KEGG: hsa04512					CellChatDB v1
LAMA4	ITGA6+ITGB1	LAMININ	1.0	ECM-Receptor	CellChatDB	LAMA4_ITGA6_ITGB1	KEGG: hsa04512					CellChatDB v1
LAMA5	ITGA6+ITGB1	LAMININ	1.0	ECM-Receptor	CellChatDB	LAMA5_ITGA6_ITGB1	KEGG: hsa04512					CellChatDB v1
LAMB1	ITGA6+ITGB1	LAMININ	1.0	ECM-Receptor	CellChatDB	LAMB1_ITGA6_ITGB1	KEGG: hsa04512					CellChatDB v1
LAMB2	ITGA6+ITGB1	LAMININ	1.0	ECM-Receptor	CellChatDB	LAMB2_ITGA6_ITGB1	KEGG: hsa04512					CellChatDB v1
LAMB3	ITGA6+ITGB1	LAMININ	1.0	ECM-Receptor	CellChatDB	LAMB3_ITGA6_ITGB1	KEGG: hsa04512					CellChatDB v1
LAMC1	ITGA6+ITGB1	LAMININ	1.0	ECM-Receptor	CellChatDB	LAMC1_ITGA6_ITGB1	KEGG: hsa04512					CellChatDB v1
LAMC2	ITGA6+ITGB1	LAMININ	1.0	ECM-Receptor	CellChatDB	LAMC2_ITGA6_ITGB1	KEGG: hsa04512					CellChatDB v1
LAMC3	ITGA6+ITGB1	LAMININ	1.0	ECM-Receptor	CellChatDB	LAMC3_ITGA6_ITGB1	KEGG: hsa04512					CellChatDB v1
LAMA1	ITGA7+ITGB1	LAMININ	1.0	ECM-Receptor	CellChatDB	LAMA1_ITGA7_ITGB1	KEGG: hsa04512					CellChatDB v1
LAMA2	ITGA7+ITGB1	LAMININ	1.0	ECM-Receptor	CellChatDB	LAMA2_ITGA7_ITGB1	KEGG: hsa04512					CellChatDB v1
LAMA3	ITGA7+ITGB1	LAMININ	1.0	ECM-Receptor	CellChatDB	LAMA3_ITGA7_ITGB1	KEGG: hsa04512					CellChatDB v1
LAMA4	ITGA7+ITGB1	LAMININ	1.0	ECM-Receptor	CellChatDB	LAMA4_ITGA7_ITGB1	KEGG: hsa04512					CellChatDB v1
LAMA5	ITGA7+ITGB1	LAMININ	1.0	ECM-Receptor	CellChatDB	LAMA5_ITGA7_ITGB1	KEGG: hsa04512					CellChatDB v1
LAMB1	ITGA7+ITGB1	LAMININ	1.0	ECM-Receptor	CellChatDB	LAMB1_ITGA7_ITGB1	KEGG: hsa04512					CellChatDB v1
LAMB2	ITGA7+ITGB1	LAMININ	1.0	ECM-Receptor	CellChatDB	LAMB2_ITGA7_ITGB1	KEGG: hsa04512					CellChatDB v1
LAMB3	ITGA7+ITGB1	LAMININ	1.0	ECM-Receptor	CellChatDB	LAMB3_ITGA7_ITGB1	KEGG: hsa04512					CellChatDB v1
LAMC1	ITGA7+ITGB1	LAMININ	1.0	ECM-Receptor	CellChatDB	LAMC1_ITGA7_ITGB1	KEGG: hsa04512					CellChatDB v1
LAMC2	ITGA7+ITGB1	LAMININ	1.0	ECM-Receptor	CellChatDB	LAMC2_ITGA7_ITGB1	KEGG: hsa04512					CellChatDB v1
LAMC3	ITGA7+ITGB1	LAMININ	1.0	ECM-Receptor	CellChatDB	LAMC3_ITGA7_ITGB1	KEGG: hsa04512					CellChatDB v1
VTN	ITGA8+ITGB1	VTN	1.0	ECM-Receptor	CellChatDB	VTN_ITGA8_ITGB1	KEGG: hsa04512					CellChatDB v1
TNC	ITGA8+ITGB1	TENASCIN	1.0	ECM-Receptor	CellChatDB	TNC_ITGA8_ITGB1	KEGG: hsa04512					CellChatDB v1
TNR	ITGA8+ITGB1	TENASCIN	1.0	ECM-Receptor	CellChatDB	TNR_ITGA8_ITGB1	KEGG: hsa04512					CellChatDB v1
TNN	ITGA8+ITGB1	TENASCIN	1.0	ECM-Receptor	CellChatDB	TNN_ITGA8_ITGB1	KEGG: hsa04512					CellChatDB v1
TNXB	ITGA8+ITGB1	TENASCIN	1.0	ECM-Receptor	CellChatDB	TNXB_ITGA8_ITGB1	KEGG: hsa04512					CellChatDB v1
FREM1+NPNT+FRAS1	ITGA8+ITGB1	NPNT	1.0	ECM-Receptor	CellChatDB	NPNT1_ITGA8_ITGB1	KEGG: hsa04512					CellChatDB v1
FREM2+NPNT+FRAS1	ITGA8+ITGB1	NPNT	1.0	ECM-Receptor	CellChatDB	NPNT2_ITGA8_ITGB1	KEGG: hsa04512					CellChatDB v1
TNC	ITGA9+ITGB1	TENASCIN	1.0	ECM-Receptor	CellChatDB	TNC_ITGA9_ITGB1	KEGG: hsa04512					CellChatDB v1
TNR	ITGA9+ITGB1	TENASCIN	1.0	ECM-Receptor	CellChatDB	TNR_ITGA9_ITGB1	KEGG: hsa04512					CellChatDB v1
TNN	ITGA9+ITGB1	TENASCIN	1.0	ECM-Receptor	CellChatDB	TNN_ITGA9_ITGB1	KEGG: hsa04512					CellChatDB v1
TNXB	ITGA9+ITGB1	TENASCIN	1.0	ECM-Receptor	CellChatDB	TNXB_ITGA9_ITGB1	KEGG: hsa04512					CellChatDB v1
COL1A1	ITGA9+ITGB1	COLLAGEN	1.0	ECM-Receptor	CellChatDB	COL1A1_ITGA9_ITGB1	KEGG: hsa04512					CellChatDB v1
COL1A2	ITGA9+ITGB1	COLLAGEN	1.0	ECM-Receptor	CellChatDB	COL1A2_ITGA9_ITGB1	KEGG: hsa04512					CellChatDB v1
COL2A1	ITGA9+ITGB1	COLLAGEN	1.0	ECM-Receptor	CellChatDB	COL2A1_ITGA9_ITGB1	KEGG: hsa04512					CellChatDB v1
COL4A1	ITGA9+ITGB1	COLLAGEN	1.0	ECM-Receptor	CellChatDB	COL4A1_ITGA9_ITGB1	KEGG: hsa04512					CellChatDB v1
COL4A2	ITGA9+ITGB1	COLLAGEN	1.0	ECM-Receptor	CellChatDB	COL4A2_ITGA9_ITGB1	KEGG: hsa04512					CellChatDB v1
COL4A3	ITGA9+ITGB1	COLLAGEN	1.0	ECM-Receptor	CellChatDB	COL4A3_ITGA9_ITGB1	KEGG: hsa04512					CellChatDB v1
COL4A4	ITGA9+ITGB1	COLLAGEN	1.0	ECM-Receptor	CellChatDB	COL4A4_ITGA9_ITGB1	KEGG: hsa04512					CellChatDB v1
COL4A5	ITGA9+ITGB1	COLLAGEN	1.0	ECM-Receptor	CellChatDB	COL4A5_ITGA9_ITGB1	KEGG: hsa04512					CellChatDB v1
COL4A6	ITGA9+ITGB1	COLLAGEN	1.0	ECM-Receptor	CellChatDB	COL4A6_ITGA9_ITGB1	KEGG: hsa04512					CellChatDB v1
COL6A1	ITGA9+ITGB1	COLLAGEN	1.0	ECM-Receptor	CellChatDB	COL6A1_ITGA9_ITGB1	KEGG: hsa04512					CellChatDB v1
COL6A2	ITGA9+ITGB1	COLLAGEN	1.0	ECM-Receptor	CellChatDB	COL6A2_ITGA9_ITGB1	KEGG: hsa04512					CellChatDB v1
COL6A3	ITGA9+ITGB1	COLLAGEN	1.0	ECM-Receptor	CellChatDB	COL6A3_ITGA9_ITGB1	KEGG: hsa04512					CellChatDB v1
COL6A5	ITGA9+ITGB1	COLLAGEN	1.0	ECM-Receptor	CellChatDB	COL6A5_ITGA9_ITGB1	KEGG: hsa04512					CellChatDB v1
COL6A6	ITGA9+ITGB1	COLLAGEN	1.0	ECM-Receptor	CellChatDB	COL6A6_ITGA9_ITGB1	KEGG: hsa04512					CellChatDB v1
COL9A1	ITGA9+ITGB1	COLLAGEN	1.0	ECM-Receptor	CellChatDB	COL9A1_ITGA9_ITGB1	KEGG: hsa04512					CellChatDB v1
COL9A2	ITGA9+ITGB1	COLLAGEN	1.0	ECM-Receptor	CellChatDB	COL9A2_ITGA9_ITGB1	KEGG: hsa04512					CellChatDB v1
COL9A3	ITGA9+ITGB1	COLLAGEN	1.0	ECM-Receptor	CellChatDB	COL9A3_ITGA9_ITGB1	KEGG: hsa04512					CellChatDB v1
LAMA1	ITGA9+ITGB1	LAMININ	1.0	ECM-Receptor	CellChatDB	LAMA1_ITGA9_ITGB1	KEGG: hsa04512					CellChatDB v1
LAMA2	ITGA9+ITGB1	LAMININ	1.0	ECM-Receptor	CellChatDB	LAMA2_ITGA9_ITGB1	KEGG: hsa04512					CellChatDB v1
LAMA3	ITGA9+ITGB1	LAMININ	1.0	ECM-Receptor	CellChatDB	LAMA3_ITGA9_ITGB1	KEGG: hsa04512					CellChatDB v1
LAMA4	ITGA9+ITGB1	LAMININ	1.0	ECM-Receptor	CellChatDB	LAMA4_ITGA9_ITGB1	KEGG: hsa04512					CellChatDB v1
LAMA5	ITGA9+ITGB1	LAMININ	1.0	ECM-Receptor	CellChatDB	LAMA5_ITGA9_ITGB1	KEGG: hsa04512					CellChatDB v1
LAMB1	ITGA9+ITGB1	LAMININ	1.0	ECM-Receptor	CellChatDB	LAMB1_ITGA9_ITGB1	KEGG: hsa04512					CellChatDB v1
LAMB2	ITGA9+ITGB1	LAMININ	1.0	ECM-Receptor	CellChatDB	LAMB2_ITGA9_ITGB1	KEGG: hsa04512					CellChatDB v1
LAMB3	ITGA9+ITGB1	LAMININ	1.0	ECM-Receptor	CellChatDB	LAMB3_ITGA9_ITGB1	KEGG: hsa04512					CellChatDB v1
LAMC1	ITGA9+ITGB1	LAMININ	1.0	ECM-Receptor	CellChatDB	LAMC1_ITGA9_ITGB1	KEGG: hsa04512					CellChatDB v1
LAMC2	ITGA9+ITGB1	LAMININ	1.0	ECM-Receptor	CellChatDB	LAMC2_ITGA9_ITGB1	KEGG: hsa04512					CellChatDB v1
LAMC3	ITGA9+ITGB1	LAMININ	1.0	ECM-Receptor	CellChatDB	LAMC3_ITGA9_ITGB1	KEGG: hsa04512					CellChatDB v1
COL1A1	ITGA10+ITGB1	COLLAGEN	1.0	ECM-Receptor	CellChatDB	COL1A1_ITGA10_ITGB1	KEGG: hsa04512					CellChatDB v1
COL1A2	ITGA10+ITGB1	COLLAGEN	1.0	ECM-Receptor	CellChatDB	COL1A2_ITGA10_ITGB1	KEGG: hsa04512					CellChatDB v1
COL2A1	ITGA10+ITGB1	COLLAGEN	1.0	ECM-Receptor	CellChatDB	COL2A1_ITGA10_ITGB1	KEGG: hsa04512					CellChatDB v1
COL4A1	ITGA10+ITGB1	COLLAGEN	1.0	ECM-Receptor	CellChatDB	COL4A1_ITGA10_ITGB1	KEGG: hsa04512					CellChatDB v1
COL4A2	ITGA10+ITGB1	COLLAGEN	1.0	ECM-Receptor	CellChatDB	COL4A2_ITGA10_ITGB1	KEGG: hsa04512					CellChatDB v1
COL4A3	ITGA10+ITGB1	COLLAGEN	1.0	ECM-Receptor	CellChatDB	COL4A3_ITGA10_ITGB1	KEGG: hsa04512					CellChatDB v1
COL4A4	ITGA10+ITGB1	COLLAGEN	1.0	ECM-Receptor	CellChatDB	COL4A4_ITGA10_ITGB1	KEGG: hsa04512					CellChatDB v1
COL4A5	ITGA10+ITGB1	COLLAGEN	1.0	ECM-Receptor	CellChatDB	COL4A5_ITGA10_ITGB1	KEGG: hsa04512					CellChatDB v1
COL4A6	ITGA10+ITGB1	COLLAGEN	1.0	ECM-Receptor	CellChatDB	COL4A6_ITGA10_ITGB1	KEGG: hsa04512					CellChatDB v1
COL6A1	ITGA10+ITGB1	COLLAGEN	1.0	ECM-Receptor	CellChatDB	COL6A1_ITGA10_ITGB1	KEGG: hsa04512					CellChatDB v1
COL6A2	ITGA10+ITGB1	COLLAGEN	1.0	ECM-Receptor	CellChatDB	COL6A2_ITGA10_ITGB1	KEGG: hsa04512					CellChatDB v1
COL6A3	ITGA10+ITGB1	COLLAGEN	1.0	ECM-Receptor	CellChatDB	COL6A3_ITGA10_ITGB1	KEGG: hsa04512					CellChatDB v1
COL6A5	ITGA10+ITGB1	COLLAGEN	1.0	ECM-Receptor	CellChatDB	COL6A5_ITGA10_ITGB1	KEGG: hsa04512					CellChatDB v1
COL6A6	ITGA10+ITGB1	COLLAGEN	1.0	ECM-Receptor	CellChatDB	COL6A6_ITGA10_ITGB1	KEGG: hsa04512					CellChatDB v1
COL9A1	ITGA10+ITGB1	COLLAGEN	1.0	ECM-Receptor	CellChatDB	COL9A1_ITGA10_ITGB1	KEGG: hsa04512					CellChatDB v1
COL9A2	ITGA10+ITGB1	COLLAGEN	1.0	ECM-Receptor	CellChatDB	COL9A2_ITGA10_ITGB1	KEGG: hsa04512					CellChatDB v1
COL9A3	ITGA10+ITGB1	COLLAGEN	1.0	ECM-Receptor	CellChatDB	COL9A3_ITGA10_ITGB1	KEGG: hsa04512					CellChatDB v1
COL1A1	ITGB1+ITGA11	COLLAGEN	1.0	ECM-Receptor	CellChatDB	COL1A1_ITGA11_ITGB1	KEGG: hsa04512					CellChatDB v1
COL1A2	ITGB1+ITGA11	COLLAGEN	1.0	ECM-Receptor	CellChatDB	COL1A2_ITGA11_ITGB1	KEGG: hsa04512					CellChatDB v1
COL2A1	ITGB1+ITGA11	COLLAGEN	1.0	ECM-Receptor	CellChatDB	COL2A1_ITGA11_ITGB1	KEGG: hsa04512					CellChatDB v1
COL4A1	ITGB1+ITGA11	COLLAGEN	1.0	ECM-Receptor	CellChatDB	COL4A1_ITGA11_ITGB1	KEGG: hsa04512					CellChatDB v1
COL4A2	ITGB1+ITGA11	COLLAGEN	1.0	ECM-Receptor	CellChatDB	COL4A2_ITGA11_ITGB1	KEGG: hsa04512					CellChatDB v1
COL4A3	ITGB1+ITGA11	COLLAGEN	1.0	ECM-Receptor	CellChatDB	COL4A3_ITGA11_ITGB1	KEGG: hsa04512					CellChatDB v1
COL4A4	ITGB1+ITGA11	COLLAGEN	1.0	ECM-Receptor	CellChatDB	COL4A4_ITGA11_ITGB1	KEGG: hsa04512					CellChatDB v1
COL4A5	ITGB1+ITGA11	COLLAGEN	1.0	ECM-Receptor	CellChatDB	COL4A5_ITGA11_ITGB1	KEGG: hsa04512					CellChatDB v1
COL4A6	ITGB1+ITGA11	COLLAGEN	1.0	ECM-Receptor	CellChatDB	COL4A6_ITGA11_ITGB1	KEGG: hsa04512					CellChatDB v1
COL6A1	ITGB1+ITGA11	COLLAGEN	1.0	ECM-Receptor	CellChatDB	COL6A1_ITGA11_ITGB1	KEGG: hsa04512					CellChatDB v1
COL6A2	ITGB1+ITGA11	COLLAGEN	1.0	ECM-Receptor	CellChatDB	COL6A2_ITGA11_ITGB1	KEGG: hsa04512					CellChatDB v1
COL6A3	ITGB1+ITGA11	COLLAGEN	1.0	ECM-Receptor	CellChatDB	COL6A3_ITGA11_ITGB1	KEGG: hsa04512					CellChatDB v1
COL6A5	ITGB1+ITGA11	COLLAGEN	1.0	ECM-Receptor	CellChatDB	COL6A5_ITGA11_ITGB1	KEGG: hsa04512					CellChatDB v1
COL6A6	ITGB1+ITGA11	COLLAGEN	1.0	ECM-Receptor	CellChatDB	COL6A6_ITGA11_ITGB1	KEGG: hsa04512					CellChatDB v1
COL9A1	ITGB1+ITGA11	COLLAGEN	1.0	ECM-Receptor	CellChatDB	COL9A1_ITGA11_ITGB1	KEGG: hsa04512					CellChatDB v1
COL9A2	ITGB1+ITGA11	COLLAGEN	1.0	ECM-Receptor	CellChatDB	COL9A2_ITGA11_ITGB1	KEGG: hsa04512					CellChatDB v1
COL9A3	ITGB1+ITGA11	COLLAGEN	1.0	ECM-Receptor	CellChatDB	COL9A3_ITGA11_ITGB1	KEGG: hsa04512					CellChatDB v1
FN1	ITGAV+ITGB1	FN1	1.0	ECM-Receptor	CellChatDB	FN1_ITGAV_ITGB1	KEGG: hsa04512					CellChatDB v1
VTN	ITGAV+ITGB1	VTN	1.0	ECM-Receptor	CellChatDB	VTN_ITGAV_ITGB1	KEGG: hsa04512					CellChatDB v1
DSPP	ITGAV+ITGB1	DSPP	1.0	ECM-Receptor	CellChatDB	DSPP_ITGAV_ITGB1	KEGG: hsa04512					CellChatDB v1
FN1	ITGA4+ITGB7	FN1	1.0	ECM-Receptor	CellChatDB	FN1_ITGA4_ITGB7	KEGG: hsa04512					CellChatDB v1
FN1	ITGAV+ITGB3	FN1	1.0	ECM-Receptor	CellChatDB	FN1_ITGAV_ITGB3	KEGG: hsa04512					CellChatDB v1
VTN	ITGAV+ITGB3	VTN	1.0	ECM-Receptor	CellChatDB	VTN_ITGAV_ITGB3	KEGG: hsa04512					CellChatDB v1
VWF	ITGAV+ITGB3	VWF	1.0	ECM-Receptor	CellChatDB	VWF_ITGAV_ITGB3	KEGG: hsa04512					CellChatDB v1
TNC	ITGAV+ITGB3	TENASCIN	1.0	ECM-Receptor	CellChatDB	TNC_ITGAV_ITGB3	KEGG: hsa04512					CellChatDB v1
TNR	ITGAV+ITGB3	TENASCIN	1.0	ECM-Receptor	CellChatDB	TNR_ITGAV_ITGB3	KEGG: hsa04512					CellChatDB v1
TNN	ITGAV+ITGB3	TENASCIN	1.0	ECM-Receptor	CellChatDB	TNN_ITGAV_ITGB3	KEGG: hsa04512					CellChatDB v1
TNXB	ITGAV+ITGB3	TENASCIN	1.0	ECM-Receptor	CellChatDB	TNXB_ITGAV_ITGB3	KEGG: hsa04512					CellChatDB v1
IBSP	ITGAV+ITGB3	BSP	1.0	ECM-Receptor	CellChatDB	IBSP_ITGAV_ITGB3	KEGG: hsa04512					CellChatDB v1
THBS1	ITGAV+ITGB3	THBS	1.0	ECM-Receptor	CellChatDB	THBS1_ITGAV_ITGB3	KEGG: hsa04512					CellChatDB v1
THBS2	ITGAV+ITGB3	THBS	1.0	ECM-Receptor	CellChatDB	THBS2_ITGAV_ITGB3	KEGG: hsa04512					CellChatDB v1
THBS3	ITGAV+ITGB3	THBS	1.0	ECM-Receptor	CellChatDB	THBS3_ITGAV_ITGB3	KEGG: hsa04512					CellChatDB v1
THBS4	ITGAV+ITGB3	THBS	1.0	ECM-Receptor	CellChatDB	THBS4_ITGAV_ITGB3	KEGG: hsa04512					CellChatDB v1
COMP	ITGAV+ITGB3	THBS	1.0	ECM-Receptor	CellChatDB	COMP_ITGAV_ITGB3	KEGG: hsa04512					CellChatDB v1
DMP1	ITGAV+ITGB3	DMP1	1.0	ECM-Receptor	CellChatDB	DMP1_ITGAV_ITGB3	KEGG: hsa04512					CellChatDB v1
FN1	ITGA2B+ITGB3	FN1	1.0	ECM-Receptor	CellChatDB	FN1_ITGA2B_ITGB3	KEGG: hsa04512					CellChatDB v1
VTN	ITGA2B+ITGB3	VTN	1.0	ECM-Receptor	CellChatDB	VTN_ITGA2B_ITGB3	KEGG: hsa04512					CellChatDB v1
VWF	ITGA2B+ITGB3	VWF	1.0	ECM-Receptor	CellChatDB	VWF_ITGA2B_ITGB3	KEGG: hsa04512					CellChatDB v1
TNC	ITGA2B+ITGB3	TENASCIN	1.0	ECM-Receptor	CellChatDB	TNC_ITGA2B_ITGB3	KEGG: hsa04512					CellChatDB v1
TNR	ITGA2B+ITGB3	TENASCIN	1.0	ECM-Receptor	CellChatDB	TNR_ITGA2B_ITGB3	KEGG: hsa04512					CellChatDB v1
TNN	ITGA2B+ITGB3	TENASCIN	1.0	ECM-Receptor	CellChatDB	TNN_ITGA2B_ITGB3	KEGG: hsa04512					CellChatDB v1
TNXB	ITGA2B+ITGB3	TENASCIN	1.0	ECM-Receptor	CellChatDB	TNXB_ITGA2B_ITGB3	KEGG: hsa04512					CellChatDB v1
VTN	ITGAV+ITGB5	VTN	1.0	ECM-Receptor	CellChatDB	VTN_ITGAV_ITGB5	KEGG: hsa04512					CellChatDB v1
IBSP	ITGAV+ITGB5	BSP	1.0	ECM-Receptor	CellChatDB	IBSP_ITGAV_ITGB5	KEGG: hsa04512					CellChatDB v1
TNC	ITGAV+ITGB6	TENASCIN	1.0	ECM-Receptor	CellChatDB	TNC_ITGAV_ITGB6	KEGG: hsa04512					CellChatDB v1
TNR	ITGAV+ITGB6	TENASCIN	1.0	ECM-Receptor	CellChatDB	TNR_ITGAV_ITGB6	KEGG: hsa04512					CellChatDB v1
TNN	ITGAV+ITGB6	TENASCIN	1.0	ECM-Receptor	CellChatDB	TNN_ITGAV_ITGB6	KEGG: hsa04512					CellChatDB v1
TNXB	ITGAV+ITGB6	TENASCIN	1.0	ECM-Receptor	CellChatDB	TNXB_ITGAV_ITGB6	KEGG: hsa04512					CellChatDB v1
FN1	ITGAV+ITGB6	FN1	1.0	ECM-Receptor	CellChatDB	FN1_ITGAV_ITGB6	KEGG: hsa04512					CellChatDB v1
DSPP	ITGAV+ITGB6	DSPP	1.0	ECM-Receptor	CellChatDB	DSPP_ITGAV_ITGB6	KEGG: hsa04512					CellChatDB v1
VTN	ITGAV+ITGB8	VTN	1.0	ECM-Receptor	CellChatDB	VTN_ITGAV_ITGB8	KEGG: hsa04512					CellChatDB v1
FN1	ITGAV+ITGB8	FN1	1.0	ECM-Receptor	CellChatDB	FN1_ITGAV_ITGB8	KEGG: hsa04512					CellChatDB v1
LAMA1	ITGAV+ITGB8	LAMININ	1.0	ECM-Receptor	CellChatDB	LAMA1_ITGAV_ITGB8	KEGG: hsa04512					CellChatDB v1
LAMA2	ITGAV+ITGB8	LAMININ	1.0	ECM-Receptor	CellChatDB	LAMA2_ITGAV_ITGB8	KEGG: hsa04512					CellChatDB v1
LAMA3	ITGAV+ITGB8	LAMININ	1.0	ECM-Receptor	CellChatDB	LAMA3_ITGAV_ITGB8	KEGG: hsa04512					CellChatDB v1
LAMA4	ITGAV+ITGB8	LAMININ	1.0	ECM-Receptor	CellChatDB	LAMA4_ITGAV_ITGB8	KEGG: hsa04512					CellChatDB v1
LAMA5	ITGAV+ITGB8	LAMININ	1.0	ECM-Receptor	CellChatDB	LAMA5_ITGAV_ITGB8	KEGG: hsa04512					CellChatDB v1
LAMB1	ITGAV+ITGB8	LAMININ	1.0	ECM-Receptor	CellChatDB	LAMB1_ITGAV_ITGB8	KEGG: hsa04512					CellChatDB v1
LAMB2	ITGAV+ITGB8	LAMININ	1.0	ECM-Receptor	CellChatDB	LAMB2_ITGAV_ITGB8	KEGG: hsa04512					CellChatDB v1
LAMB3	ITGAV+ITGB8	LAMININ	1.0	ECM-Receptor	CellChatDB	LAMB3_ITGAV_ITGB8	KEGG: hsa04512					CellChatDB v1
LAMC1	ITGAV+ITGB8	LAMININ	1.0	ECM-Receptor	CellChatDB	LAMC1_ITGAV_ITGB8	KEGG: hsa04512					CellChatDB v1
LAMC2	ITGAV+ITGB8	LAMININ	1.0	ECM-Receptor	CellChatDB	LAMC2_ITGAV_ITGB8	KEGG: hsa04512					CellChatDB v1
LAMC3	ITGAV+ITGB8	LAMININ	1.0	ECM-Receptor	CellChatDB	LAMC3_ITGAV_ITGB8	KEGG: hsa04512					CellChatDB v1
COL1A1	ITGAV+ITGB8	COLLAGEN	1.0	ECM-Receptor	CellChatDB	COL1A1_ITGAV_ITGB8	KEGG: hsa04512					CellChatDB v1
COL1A2	ITGAV+ITGB8	COLLAGEN	1.0	ECM-Receptor	CellChatDB	COL1A2_ITGAV_ITGB8	KEGG: hsa04512					CellChatDB v1
COL2A1	ITGAV+ITGB8	COLLAGEN	1.0	ECM-Receptor	CellChatDB	COL2A1_ITGAV_ITGB8	KEGG: hsa04512					CellChatDB v1
COL4A1	ITGAV+ITGB8	COLLAGEN	1.0	ECM-Receptor	CellChatDB	COL4A1_ITGAV_ITGB8	KEGG: hsa04512					CellChatDB v1
COL4A2	ITGAV+ITGB8	COLLAGEN	1.0	ECM-Receptor	CellChatDB	COL4A2_ITGAV_ITGB8	KEGG: hsa04512					CellChatDB v1
COL4A3	ITGAV+ITGB8	COLLAGEN	1.0	ECM-Receptor	CellChatDB	COL4A3_ITGAV_ITGB8	KEGG: hsa04512					CellChatDB v1
COL4A4	ITGAV+ITGB8	COLLAGEN	1.0	ECM-Receptor	CellChatDB	COL4A4_ITGAV_ITGB8	KEGG: hsa04512					CellChatDB v1
COL4A5	ITGAV+ITGB8	COLLAGEN	1.0	ECM-Receptor	CellChatDB	COL4A5_ITGAV_ITGB8	KEGG: hsa04512					CellChatDB v1
COL4A6	ITGAV+ITGB8	COLLAGEN	1.0	ECM-Receptor	CellChatDB	COL4A6_ITGAV_ITGB8	KEGG: hsa04512					CellChatDB v1
COL6A1	ITGAV+ITGB8	COLLAGEN	1.0	ECM-Receptor	CellChatDB	COL6A1_ITGAV_ITGB8	KEGG: hsa04512					CellChatDB v1
COL6A2	ITGAV+ITGB8	COLLAGEN	1.0	ECM-Receptor	CellChatDB	COL6A2_ITGAV_ITGB8	KEGG: hsa04512					CellChatDB v1
COL6A3	ITGAV+ITGB8	COLLAGEN	1.0	ECM-Receptor	CellChatDB	COL6A3_ITGAV_ITGB8	KEGG: hsa04512					CellChatDB v1
COL6A5	ITGAV+ITGB8	COLLAGEN	1.0	ECM-Receptor	CellChatDB	COL6A5_ITGAV_ITGB8	KEGG: hsa04512					CellChatDB v1
COL6A6	ITGAV+ITGB8	COLLAGEN	1.0	ECM-Receptor	CellChatDB	COL6A6_ITGAV_ITGB8	KEGG: hsa04512					CellChatDB v1
COL9A1	ITGAV+ITGB8	COLLAGEN	1.0	ECM-Receptor	CellChatDB	COL9A1_ITGAV_ITGB8	KEGG: hsa04512					CellChatDB v1
COL9A2	ITGAV+ITGB8	COLLAGEN	1.0	ECM-Receptor	CellChatDB	COL9A2_ITGAV_ITGB8	KEGG: hsa04512					CellChatDB v1
COL9A3	ITGAV+ITGB8	COLLAGEN	1.0	ECM-Receptor	CellChatDB	COL9A3_ITGAV_ITGB8	KEGG: hsa04512					CellChatDB v1
LAMA1	ITGA6+ITGB4	LAMININ	1.0	ECM-Receptor	CellChatDB	LAMA1_ITGA6_ITGB4	KEGG: hsa04512					CellChatDB v1
LAMA2	ITGA6+ITGB4	LAMININ	1.0	ECM-Receptor	CellChatDB	LAMA2_ITGA6_ITGB4	KEGG: hsa04512					CellChatDB v1
LAMA3	ITGA6+ITGB4	LAMININ	1.0	ECM-Receptor	CellChatDB	LAMA3_ITGA6_ITGB4	KEGG: hsa04512					CellChatDB v1
LAMA4	ITGA6+ITGB4	LAMININ	1.0	ECM-Receptor	CellChatDB	LAMA4_ITGA6_ITGB4	KEGG: hsa04512					CellChatDB v1
LAMA5	ITGA6+ITGB4	LAMININ	1.0	ECM-Receptor	CellChatDB	LAMA5_ITGA6_ITGB4	KEGG: hsa04512					CellChatDB v1
LAMB1	ITGA6+ITGB4	LAMININ	1.0	ECM-Receptor	CellChatDB	LAMB1_ITGA6_ITGB4	KEGG: hsa04512					CellChatDB v1
LAMB2	ITGA6+ITGB4	LAMININ	1.0	ECM-Receptor	CellChatDB	LAMB2_ITGA6_ITGB4	KEGG: hsa04512					CellChatDB v1
LAMB3	ITGA6+ITGB4	LAMININ	1.0	ECM-Receptor	CellChatDB	LAMB3_ITGA6_ITGB4	KEGG: hsa04512					CellChatDB v1
LAMC1	ITGA6+ITGB4	LAMININ	1.0	ECM-Receptor	CellChatDB	LAMC1_ITGA6_ITGB4	KEGG: hsa04512					CellChatDB v1
LAMC2	ITGA6+ITGB4	LAMININ	1.0	ECM-Receptor	CellChatDB	LAMC2_ITGA6_ITGB4	KEGG: hsa04512					CellChatDB v1
LAMC3	ITGA6+ITGB4	LAMININ	1.0	ECM-Receptor	CellChatDB	LAMC3_ITGA6_ITGB4	KEGG: hsa04512					CellChatDB v1
FN1	CD44	FN1	1.0	ECM-Receptor	CellChatDB	FN1_CD44	KEGG: hsa04512					CellChatDB v1
COL1A1	CD44	COLLAGEN	1.0	ECM-Receptor	CellChatDB	COL1A1_CD44	KEGG: hsa04512					CellChatDB v1
COL1A2	CD44	COLLAGEN	1.0	ECM-Receptor	CellChatDB	COL1A2_CD44	KEGG: hsa04512					CellChatDB v1
COL2A1	CD44	COLLAGEN	1.0	ECM-Receptor	CellChatDB	COL2A1_CD44	KEGG: hsa04512					CellChatDB v1
COL4A1	CD44	COLLAGEN	1.0	ECM-Receptor	CellChatDB	COL4A1_CD44	KEGG: hsa04512					CellChatDB v1
COL4A2	CD44	COLLAGEN	1.0	ECM-Receptor	CellChatDB	COL4A2_CD44	KEGG: hsa04512					CellChatDB v1
COL4A3	CD44	COLLAGEN	1.0	ECM-Receptor	CellChatDB	COL4A3_CD44	KEGG: hsa04512					CellChatDB v1
COL4A4	CD44	COLLAGEN	1.0	ECM-Receptor	CellChatDB	COL4A4_CD44	KEGG: hsa04512					CellChatDB v1
COL4A5	CD44	COLLAGEN	1.0	ECM-Receptor	CellChatDB	COL4A5_CD44	KEGG: hsa04512					CellChatDB v1
COL4A6	CD44	COLLAGEN	1.0	ECM-Receptor	CellChatDB	COL4A6_CD44	KEGG: hsa04512					CellChatDB v1
COL6A1	CD44	COLLAGEN	1.0	ECM-Receptor	CellChatDB	COL6A1_CD44	KEGG: hsa04512					CellChatDB v1
COL6A2	CD44	COLLAGEN	1.0	ECM-Receptor	CellChatDB	COL6A2_CD44	KEGG: hsa04512					CellChatDB v1
COL6A3	CD44	COLLAGEN	1.0	ECM-Receptor	CellChatDB	COL6A3_CD44	KEGG: hsa04512					CellChatDB v1
COL6A5	CD44	COLLAGEN	1.0	ECM-Receptor	CellChatDB	COL6A5_CD44	KEGG: hsa04512					CellChatDB v1
COL6A6	CD44	COLLAGEN	1.0	ECM-Receptor	CellChatDB	COL6A6_CD44	KEGG: hsa04512					CellChatDB v1
COL9A1	CD44	COLLAGEN	1.0	ECM-Receptor	CellChatDB	COL9A1_CD44	KEGG: hsa04512					CellChatDB v1
COL9A2	CD44	COLLAGEN	1.0	ECM-Receptor	CellChatDB	COL9A2_CD44	KEGG: hsa04512					CellChatDB v1
COL9A3	CD44	COLLAGEN	1.0	ECM-Receptor	CellChatDB	COL9A3_CD44	KEGG: hsa04512					CellChatDB v1
LAMA1	CD44	LAMININ	1.0	ECM-Receptor	CellChatDB	LAMA1_CD44	KEGG: hsa04512					CellChatDB v1
LAMA2	CD44	LAMININ	1.0	ECM-Receptor	CellChatDB	LAMA2_CD44	KEGG: hsa04512					CellChatDB v1
LAMA3	CD44	LAMININ	1.0	ECM-Receptor	CellChatDB	LAMA3_CD44	KEGG: hsa04512					CellChatDB v1
LAMA4	CD44	LAMININ	1.0	ECM-Receptor	CellChatDB	LAMA4_CD44	KEGG: hsa04512					CellChatDB v1
LAMA5	CD44	LAMININ	1.0	ECM-Receptor	CellChatDB	LAMA5_CD44	KEGG: hsa04512					CellChatDB v1
LAMB1	CD44	LAMININ	1.0	ECM-Receptor	CellChatDB	LAMB1_CD44	KEGG: hsa04512					CellChatDB v1
LAMB2	CD44	LAMININ	1.0	ECM-Receptor	CellChatDB	LAMB2_CD44	KEGG: hsa04512					CellChatDB v1
LAMB3	CD44	LAMININ	1.0	ECM-Receptor	CellChatDB	LAMB3_CD44	KEGG: hsa04512					CellChatDB v1
LAMC1	CD44	LAMININ	1.0	ECM-Receptor	CellChatDB	LAMC1_CD44	KEGG: hsa04512					CellChatDB v1
LAMC2	CD44	LAMININ	1.0	ECM-Receptor	CellChatDB	LAMC2_CD44	KEGG: hsa04512					CellChatDB v1
LAMC3	CD44	LAMININ	1.0	ECM-Receptor	CellChatDB	LAMC3_CD44	KEGG: hsa04512					CellChatDB v1
COL1A1	SDC1	COLLAGEN	1.0	ECM-Receptor	CellChatDB	COL1A1_SDC1	KEGG: hsa04512					CellChatDB v1
COL1A2	SDC1	COLLAGEN	1.0	ECM-Receptor	CellChatDB	COL1A2_SDC1	KEGG: hsa04512					CellChatDB v1
COL2A1	SDC1	COLLAGEN	1.0	ECM-Receptor	CellChatDB	COL2A1_SDC1	KEGG: hsa04512					CellChatDB v1
COL4A1	SDC1	COLLAGEN	1.0	ECM-Receptor	CellChatDB	COL4A1_SDC1	KEGG: hsa04512					CellChatDB v1
COL4A2	SDC1	COLLAGEN	1.0	ECM-Receptor	CellChatDB	COL4A2_SDC1	KEGG: hsa04512					CellChatDB v1
COL4A3	SDC1	COLLAGEN	1.0	ECM-Receptor	CellChatDB	COL4A3_SDC1	KEGG: hsa04512					CellChatDB v1
COL4A4	SDC1	COLLAGEN	1.0	ECM-Receptor	CellChatDB	COL4A4_SDC1	KEGG: hsa04512					CellChatDB v1
COL4A5	SDC1	COLLAGEN	1.0	ECM-Receptor	CellChatDB	COL4A5_SDC1	KEGG: hsa04512					CellChatDB v1
COL4A6	SDC1	COLLAGEN	1.0	ECM-Receptor	CellChatDB	COL4A6_SDC1	KEGG: hsa04512					CellChatDB v1
COL6A1	SDC1	COLLAGEN	1.0	ECM-Receptor	CellChatDB	COL6A1_SDC1	KEGG: hsa04512					CellChatDB v1
COL6A2	SDC1	COLLAGEN	1.0	ECM-Receptor	CellChatDB	COL6A2_SDC1	KEGG: hsa04512					CellChatDB v1
COL6A3	SDC1	COLLAGEN	1.0	ECM-Receptor	CellChatDB	COL6A3_SDC1	KEGG: hsa04512					CellChatDB v1
COL6A5	SDC1	COLLAGEN	1.0	ECM-Receptor	CellChatDB	COL6A5_SDC1	KEGG: hsa04512					CellChatDB v1
COL6A6	SDC1	COLLAGEN	1.0	ECM-Receptor	CellChatDB	COL6A6_SDC1	KEGG: hsa04512					CellChatDB v1
COL9A1	SDC1	COLLAGEN	1.0	ECM-Receptor	CellChatDB	COL9A1_SDC1	KEGG: hsa04512					CellChatDB v1
COL9A2	SDC1	COLLAGEN	1.0	ECM-Receptor	CellChatDB	COL9A2_SDC1	KEGG: hsa04512					CellChatDB v1
COL9A3	SDC1	COLLAGEN	1.0	ECM-Receptor	CellChatDB	COL9A3_SDC1	KEGG: hsa04512					CellChatDB v1
FN1	SDC1	FN1	1.0	ECM-Receptor	CellChatDB	FN1_SDC1	KEGG: hsa04512					CellChatDB v1
TNC	SDC1	TENASCIN	1.0	ECM-Receptor	CellChatDB	TNC_SDC1	KEGG: hsa04512					CellChatDB v1
TNR	SDC1	TENASCIN	1.0	ECM-Receptor	CellChatDB	TNR_SDC1	KEGG: hsa04512					CellChatDB v1
TNN	SDC1	TENASCIN	1.0	ECM-Receptor	CellChatDB	TNN_SDC1	KEGG: hsa04512					CellChatDB v1
TNXB	SDC1	TENASCIN	1.0	ECM-Receptor	CellChatDB	TNXB_SDC1	KEGG: hsa04512					CellChatDB v1
THBS1	SDC1	THBS	1.0	ECM-Receptor	CellChatDB	THBS1_SDC1	KEGG: hsa04512					CellChatDB v1
THBS2	SDC1	THBS	1.0	ECM-Receptor	CellChatDB	THBS2_SDC1	KEGG: hsa04512					CellChatDB v1
THBS3	SDC1	THBS	1.0	ECM-Receptor	CellChatDB	THBS3_SDC1	KEGG: hsa04512					CellChatDB v1
THBS4	SDC1	THBS	1.0	ECM-Receptor	CellChatDB	THBS4_SDC1	KEGG: hsa04512					CellChatDB v1
COMP	SDC1	THBS	1.0	ECM-Receptor	CellChatDB	COMP_SDC1	KEGG: hsa04512					CellChatDB v1
COL1A1	SDC4	COLLAGEN	1.0	ECM-Receptor	CellChatDB	COL1A1_SDC4	KEGG: hsa04512					CellChatDB v1
COL1A2	SDC4	COLLAGEN	1.0	ECM-Receptor	CellChatDB	COL1A2_SDC4	KEGG: hsa04512					CellChatDB v1
COL2A1	SDC4	COLLAGEN	1.0	ECM-Receptor	CellChatDB	COL2A1_SDC4	KEGG: hsa04512					CellChatDB v1
COL4A1	SDC4	COLLAGEN	1.0	ECM-Receptor	CellChatDB	COL4A1_SDC4	KEGG: hsa04512					CellChatDB v1
COL4A2	SDC4	COLLAGEN	1.0	ECM-Receptor	CellChatDB	COL4A2_SDC4	KEGG: hsa04512					CellChatDB v1
COL4A3	SDC4	COLLAGEN	1.0	ECM-Receptor	CellChatDB	COL4A3_SDC4	KEGG: hsa04512					CellChatDB v1
COL4A4	SDC4	COLLAGEN	1.0	ECM-Receptor	CellChatDB	COL4A4_SDC4	KEGG: hsa04512					CellChatDB v1
COL4A5	SDC4	COLLAGEN	1.0	ECM-Receptor	CellChatDB	COL4A5_SDC4	KEGG: hsa04512					CellChatDB v1
COL4A6	SDC4	COLLAGEN	1.0	ECM-Receptor	CellChatDB	COL4A6_SDC4	KEGG: hsa04512					CellChatDB v1
COL6A1	SDC4	COLLAGEN	1.0	ECM-Receptor	CellChatDB	COL6A1_SDC4	KEGG: hsa04512					CellChatDB v1
COL6A2	SDC4	COLLAGEN	1.0	ECM-Receptor	CellChatDB	COL6A2_SDC4	KEGG: hsa04512					CellChatDB v1
COL6A3	SDC4	COLLAGEN	1.0	ECM-Receptor	CellChatDB	COL6A3_SDC4	KEGG: hsa04512					CellChatDB v1
COL6A5	SDC4	COLLAGEN	1.0	ECM-Receptor	CellChatDB	COL6A5_SDC4	KEGG: hsa04512					CellChatDB v1
COL6A6	SDC4	COLLAGEN	1.0	ECM-Receptor	CellChatDB	COL6A6_SDC4	KEGG: hsa04512					CellChatDB v1
COL9A1	SDC4	COLLAGEN	1.0	ECM-Receptor	CellChatDB	COL9A1_SDC4	KEGG: hsa04512					CellChatDB v1
COL9A2	SDC4	COLLAGEN	1.0	ECM-Receptor	CellChatDB	COL9A2_SDC4	KEGG: hsa04512					CellChatDB v1
COL9A3	SDC4	COLLAGEN	1.0	ECM-Receptor	CellChatDB	COL9A3_SDC4	KEGG: hsa04512					CellChatDB v1
FN1	SDC4	FN1	1.0	ECM-Receptor	CellChatDB	FN1_SDC4	KEGG: hsa04512					CellChatDB v1
TNC	SDC4	TENASCIN	1.0	ECM-Receptor	CellChatDB	TNC_SDC4	KEGG: hsa04512					CellChatDB v1
TNR	SDC4	TENASCIN	1.0	ECM-Receptor	CellChatDB	TNR_SDC4	KEGG: hsa04512					CellChatDB v1
TNN	SDC4	TENASCIN	1.0	ECM-Receptor	CellChatDB	TNN_SDC4	KEGG: hsa04512					CellChatDB v1
TNXB	SDC4	TENASCIN	1.0	ECM-Receptor	CellChatDB	TNXB_SDC4	KEGG: hsa04512					CellChatDB v1
THBS1	SDC4	THBS	1.0	ECM-Receptor	CellChatDB	THBS1_SDC4	KEGG: hsa04512					CellChatDB v1
THBS2	SDC4	THBS	1.0	ECM-Receptor	CellChatDB	THBS2_SDC4	KEGG: hsa04512					CellChatDB v1
THBS3	SDC4	THBS	1.0	ECM-Receptor	CellChatDB	THBS3_SDC4	KEGG: hsa04512					CellChatDB v1
THBS4	SDC4	THBS	1.0	ECM-Receptor	CellChatDB	THBS4_SDC4	KEGG: hsa04512					CellChatDB v1
COMP	SDC4	THBS	1.0	ECM-Receptor	CellChatDB	COMP_SDC4	KEGG: hsa04512					CellChatDB v1
LAMA1	SV2A	LAMININ	1.0	ECM-Receptor	CellChatDB	LAMA1_SV2A	KEGG: hsa04512					CellChatDB v1
LAMA2	SV2A	LAMININ	1.0	ECM-Receptor	CellChatDB	LAMA2_SV2A	KEGG: hsa04512					CellChatDB v1
LAMA3	SV2A	LAMININ	1.0	ECM-Receptor	CellChatDB	LAMA3_SV2A	KEGG: hsa04512					CellChatDB v1
LAMA4	SV2A	LAMININ	1.0	ECM-Receptor	CellChatDB	LAMA4_SV2A	KEGG: hsa04512					CellChatDB v1
LAMA5	SV2A	LAMININ	1.0	ECM-Receptor	CellChatDB	LAMA5_SV2A	KEGG: hsa04512					CellChatDB v1
LAMB1	SV2A	LAMININ	1.0	ECM-Receptor	CellChatDB	LAMB1_SV2A	KEGG: hsa04512					CellChatDB v1
LAMB2	SV2A	LAMININ	1.0	ECM-Receptor	CellChatDB	LAMB2_SV2A	KEGG: hsa04512					CellChatDB v1
LAMB3	SV2A	LAMININ	1.0	ECM-Receptor	CellChatDB	LAMB3_SV2A	KEGG: hsa04512					CellChatDB v1
LAMC1	SV2A	LAMININ	1.0	ECM-Receptor	CellChatDB	LAMC1_SV2A	KEGG: hsa04512					CellChatDB v1
LAMC2	SV2A	LAMININ	1.0	ECM-Receptor	CellChatDB	LAMC2_SV2A	KEGG: hsa04512					CellChatDB v1
LAMC3	SV2A	LAMININ	1.0	ECM-Receptor	CellChatDB	LAMC3_SV2A	KEGG: hsa04512					CellChatDB v1
LAMA1	SV2B	LAMININ	1.0	ECM-Receptor	CellChatDB	LAMA1_SV2B	KEGG: hsa04512					CellChatDB v1
LAMA2	SV2B	LAMININ	1.0	ECM-Receptor	CellChatDB	LAMA2_SV2B	KEGG: hsa04512					CellChatDB v1
LAMA3	SV2B	LAMININ	1.0	ECM-Receptor	CellChatDB	LAMA3_SV2B	KEGG: hsa04512					CellChatDB v1
LAMA4	SV2B	LAMININ	1.0	ECM-Receptor	CellChatDB	LAMA4_SV2B	KEGG: hsa04512					CellChatDB v1
LAMA5	SV2B	LAMININ	1.0	ECM-Receptor	CellChatDB	LAMA5_SV2B	KEGG: hsa04512					CellChatDB v1
LAMB1	SV2B	LAMININ	1.0	ECM-Receptor	CellChatDB	LAMB1_SV2B	KEGG: hsa04512					CellChatDB v1
LAMB2	SV2B	LAMININ	1.0	ECM-Receptor	CellChatDB	LAMB2_SV2B	KEGG: hsa04512					CellChatDB v1
LAMB3	SV2B	LAMININ	1.0	ECM-Receptor	CellChatDB	LAMB3_SV2B	KEGG: hsa04512					CellChatDB v1
LAMC1	SV2B	LAMININ	1.0	ECM-Receptor	CellChatDB	LAMC1_SV2B	KEGG: hsa04512					CellChatDB v1
LAMC2	SV2B	LAMININ	1.0	ECM-Receptor	CellChatDB	LAMC2_SV2B	KEGG: hsa04512					CellChatDB v1
LAMC3	SV2B	LAMININ	1.0	ECM-Receptor	CellChatDB	LAMC3_SV2B	KEGG: hsa04512					CellChatDB v1
LAMA1	SV2C	LAMININ	1.0	ECM-Receptor	CellChatDB	LAMA1_SV2C	KEGG: hsa04512					CellChatDB v1
LAMA2	SV2C	LAMININ	1.0	ECM-Receptor	CellChatDB	LAMA2_SV2C	KEGG: hsa04512					CellChatDB v1
LAMA3	SV2C	LAMININ	1.0	ECM-Receptor	CellChatDB	LAMA3_SV2C	KEGG: hsa04512					CellChatDB v1
LAMA4	SV2C	LAMININ	1.0	ECM-Receptor	CellChatDB	LAMA4_SV2C	KEGG: hsa04512					CellChatDB v1
LAMA5	SV2C	LAMININ	1.0	ECM-Receptor	CellChatDB	LAMA5_SV2C	KEGG: hsa04512					CellChatDB v1
LAMB1	SV2C	LAMININ	1.0	ECM-Receptor	CellChatDB	LAMB1_SV2C	KEGG: hsa04512					CellChatDB v1
LAMB2	SV2C	LAMININ	1.0	ECM-Receptor	CellChatDB	LAMB2_SV2C	KEGG: hsa04512					CellChatDB v1
LAMB3	SV2C	LAMININ	1.0	ECM-Receptor	CellChatDB	LAMB3_SV2C	KEGG: hsa04512					CellChatDB v1
LAMC1	SV2C	LAMININ	1.0	ECM-Receptor	CellChatDB	LAMC1_SV2C	KEGG: hsa04512					CellChatDB v1
LAMC2	SV2C	LAMININ	1.0	ECM-Receptor	CellChatDB	LAMC2_SV2C	KEGG: hsa04512					CellChatDB v1
LAMC3	SV2C	LAMININ	1.0	ECM-Receptor	CellChatDB	LAMC3_SV2C	KEGG: hsa04512					CellChatDB v1
THBS1	CD36	THBS	1.0	ECM-Receptor	CellChatDB	THBS1_CD36	KEGG: hsa04512					CellChatDB v1
THBS2	CD36	THBS	1.0	ECM-Receptor	CellChatDB	THBS2_CD36	KEGG: hsa04512					CellChatDB v1
THBS3	CD36	THBS	1.0	ECM-Receptor	CellChatDB	THBS3_CD36	KEGG: hsa04512					CellChatDB v1
THBS4	CD36	THBS	1.0	ECM-Receptor	CellChatDB	THBS4_CD36	KEGG: hsa04512					CellChatDB v1
COMP	CD36	THBS	1.0	ECM-Receptor	CellChatDB	COMP_CD36	KEGG: hsa04512					CellChatDB v1
VWF	GP5+GP1BA+GP1BB+GP9	VWF	1.0	ECM-Receptor	CellChatDB	VWF_GP1BA_GP1BB_GP5_GP9	KEGG: hsa04512					CellChatDB v1
COL1A1	GP6	COLLAGEN	1.0	ECM-Receptor	CellChatDB	COL1A1_GP6	KEGG: hsa04512					CellChatDB v1
COL1A2	GP6	COLLAGEN	1.0	ECM-Receptor	CellChatDB	COL1A2_GP6	KEGG: hsa04512					CellChatDB v1
COL2A1	GP6	COLLAGEN	1.0	ECM-Receptor	CellChatDB	COL2A1_GP6	KEGG: hsa04512					CellChatDB v1
COL4A1	GP6	COLLAGEN	1.0	ECM-Receptor	CellChatDB	COL4A1_GP6	KEGG: hsa04512					CellChatDB v1
COL4A2	GP6	COLLAGEN	1.0	ECM-Receptor	CellChatDB	COL4A2_GP6	KEGG: hsa04512					CellChatDB v1
COL4A3	GP6	COLLAGEN	1.0	ECM-Receptor	CellChatDB	COL4A3_GP6	KEGG: hsa04512					CellChatDB v1
COL4A4	GP6	COLLAGEN	1.0	ECM-Receptor	CellChatDB	COL4A4_GP6	KEGG: hsa04512					CellChatDB v1
COL4A5	GP6	COLLAGEN	1.0	ECM-Receptor	CellChatDB	COL4A5_GP6	KEGG: hsa04512					CellChatDB v1
COL4A6	GP6	COLLAGEN	1.0	ECM-Receptor	CellChatDB	COL4A6_GP6	KEGG: hsa04512					CellChatDB v1
COL6A1	GP6	COLLAGEN	1.0	ECM-Receptor	CellChatDB	COL6A1_GP6	KEGG: hsa04512					CellChatDB v1
COL6A2	GP6	COLLAGEN	1.0	ECM-Receptor	CellChatDB	COL6A2_GP6	KEGG: hsa04512					CellChatDB v1
COL6A3	GP6	COLLAGEN	1.0	ECM-Receptor	CellChatDB	COL6A3_GP6	KEGG: hsa04512					CellChatDB v1
COL6A5	GP6	COLLAGEN	1.0	ECM-Receptor	CellChatDB	COL6A5_GP6	KEGG: hsa04512					CellChatDB v1
COL6A6	GP6	COLLAGEN	1.0	ECM-Receptor	CellChatDB	COL6A6_GP6	KEGG: hsa04512					CellChatDB v1
COL9A1	GP6	COLLAGEN	1.0	ECM-Receptor	CellChatDB	COL9A1_GP6	KEGG: hsa04512					CellChatDB v1
COL9A2	GP6	COLLAGEN	1.0	ECM-Receptor	CellChatDB	COL9A2_GP6	KEGG: hsa04512					CellChatDB v1
COL9A3	GP6	COLLAGEN	1.0	ECM-Receptor	CellChatDB	COL9A3_GP6	KEGG: hsa04512					CellChatDB v1
THBS1	CD47	THBS	1.0	ECM-Receptor	CellChatDB	THBS1_CD47	KEGG: hsa04512					CellChatDB v1
THBS2	CD47	THBS	1.0	ECM-Receptor	CellChatDB	THBS2_CD47	KEGG: hsa04512					CellChatDB v1
THBS3	CD47	THBS	1.0	ECM-Receptor	CellChatDB	THBS3_CD47	KEGG: hsa04512					CellChatDB v1
THBS4	CD47	THBS	1.0	ECM-Receptor	CellChatDB	THBS4_CD47	KEGG: hsa04512					CellChatDB v1
COMP	CD47	THBS	1.0	ECM-Receptor	CellChatDB	COMP_CD47	KEGG: hsa04512					CellChatDB v1
AGRN	DAG1	AGRN	1.0	ECM-Receptor	CellChatDB	AGRN_DAG1	KEGG: hsa04512					CellChatDB v1
HSPG2	DAG1	HSPG	1.0	ECM-Receptor	CellChatDB	HSPG2_DAG1	KEGG: hsa04512					CellChatDB v1
LAMA1	DAG1	LAMININ	1.0	ECM-Receptor	CellChatDB	LAMA1_DAG1	KEGG: hsa04512					CellChatDB v1
LAMA2	DAG1	LAMININ	1.0	ECM-Receptor	CellChatDB	LAMA2_DAG1	KEGG: hsa04512					CellChatDB v1
LAMA3	DAG1	LAMININ	1.0	ECM-Receptor	CellChatDB	LAMA3_DAG1	KEGG: hsa04512					CellChatDB v1
LAMA4	DAG1	LAMININ	1.0	ECM-Receptor	CellChatDB	LAMA4_DAG1	KEGG: hsa04512					CellChatDB v1
LAMA5	DAG1	LAMININ	1.0	ECM-Receptor	CellChatDB	LAMA5_DAG1	KEGG: hsa04512					CellChatDB v1
LAMB1	DAG1	LAMININ	1.0	ECM-Receptor	CellChatDB	LAMB1_DAG1	KEGG: hsa04512					CellChatDB v1
LAMB2	DAG1	LAMININ	1.0	ECM-Receptor	CellChatDB	LAMB2_DAG1	KEGG: hsa04512					CellChatDB v1
LAMB3	DAG1	LAMININ	1.0	ECM-Receptor	CellChatDB	LAMB3_DAG1	KEGG: hsa04512					CellChatDB v1
LAMC1	DAG1	LAMININ	1.0	ECM-Receptor	CellChatDB	LAMC1_DAG1	KEGG: hsa04512					CellChatDB v1
LAMC2	DAG1	LAMININ	1.0	ECM-Receptor	CellChatDB	LAMC2_DAG1	KEGG: hsa04512					CellChatDB v1
LAMC3	DAG1	LAMININ	1.0	ECM-Receptor	CellChatDB	LAMC3_DAG1	KEGG: hsa04512					CellChatDB v1
ANXA1	FPR2+FPR3	ANNEXIN	1.0	Secreted Signaling	CellChatDB	ANXA1_FPR2_LXA4	PMID: 22610094					CellChatDB v1
APP	CD74	APP	1.0	Cell-Cell Contact	CellChatDB	APP_CD74	PMID: 19849849					CellChatDB v1
CADM1	CADM1	CADM	1.0	Cell-Cell Contact	CellChatDB	CADM1_CADM1	PMID: 24503895					CellChatDB v1
CADM3	CADM3	CADM	1.0	Cell-Cell Contact	CellChatDB	CADM3_CADM3	KEGG: hsa04514					CellChatDB v1
FCER2	ITGAM+ITGB2	CD23	1.0	Cell-Cell Contact	CellChatDB	FCER2A_ITGAM_ITGB2	PMID: 7621072					CellChatDB v1
FCER2	ITGAX+ITGB2	CD23	1.0	Cell-Cell Contact	CellChatDB	FCER2A_ITGAX_ITGB2	PMID: 7621072					CellChatDB v1
FCER2	ITGAV+ITGB3	CD23	1.0	Cell-Cell Contact	CellChatDB	FCER2A_ITGAV_ITGB3	PMID: 10037797					CellChatDB v1
FCER2	CR2	CD23	1.0	Cell-Cell Contact	CellChatDB	FCER2A_CR2	PMID: 16785534					CellChatDB v1
CD34	SELP	CD34	1.0	Cell-Cell Contact	CellChatDB	CD34_SELP	PMID: 18606703					CellChatDB v1
ENTPD1	ADORA1	CD39	1.0	Cell-Cell Contact	CellChatDB	ENTPD1_ADORA1	PMID: 21677139					CellChatDB v1
ENTPD1	ADORA2A	CD39	1.0	Cell-Cell Contact	CellChatDB	ENTPD1_ADORA2A	PMID: 21677139					CellChatDB v1
ENTPD1	ADORA2B	CD39	1.0	Cell-Cell Contact	CellChatDB	ENTPD1_ADORA2B	PMID: 21677139					CellChatDB v1
ENTPD1	TMIGD3	CD39	1.0	Cell-Cell Contact	CellChatDB	ENTPD1_TMIGD3	PMID: 21677139					CellChatDB v1
CD40LG	CD40	CD40	1.0	Cell-Cell Contact	CellChatDB	CD40LG_CD40	KEGG: hsa04514					CellChatDB v1
PTPRC	CD22	CD45	1.0	Cell-Cell Contact	CellChatDB	PTPRC_CD22	PMID: 12115612					CellChatDB v1
PTPRC	MRC1	CD45	1.0	Cell-Cell Contact	CellChatDB	PTPRC_MRC1	PMID: 27601670; PMID: 10575006					CellChatDB v1
CD46	JAG1	CD46	1.0	Cell-Cell Contact	CellChatDB	CD46_JAG1	PMID: 23086448					CellChatDB v1
CD48	CD244	CD48	1.0	Cell-Cell Contact	CellChatDB	CD48_CD244A	PMID: 26697006					CellChatDB v1
CD6	ALCAM	CD6	1.0	Cell-Cell Contact	CellChatDB	CD6_ALCAM	PMID: 23602662					CellChatDB v1
CD80	CD274	CD80	1.0	Cell-Cell Contact	CellChatDB	CD80_CD274	PMID: 17629517; PMID: 18585785					CellChatDB v1
CD80	CD28	CD80	1.0	Cell-Cell Contact	CellChatDB	CD80_CD28	PMID: 23954143					CellChatDB v1
CD80	CTLA4	CD80	1.0	Cell-Cell Contact	CellChatDB	CD80_CTLA4	PMID: 23954143					CellChatDB v1
CD86	CD28	CD86	1.0	Cell-Cell Contact	CellChatDB	CD86_CD28	PMID: 23954143					CellChatDB v1
CD86	CTLA4	CD86	1.0	Cell-Cell Contact	CellChatDB	CD86_CTLA4	PMID: 23954143					CellChatDB v1
CD96	NECTIN1	CD96	1.0	Cell-Cell Contact	CellChatDB	CD96_NECTIN1	PMID: 17971293					CellChatDB v1
CD96	PVR	CD96	1.0	Cell-Cell Contact	CellChatDB	CD96_PVR	PMID: 15034010					CellChatDB v1
CD99	PILRA	CD99	1.0	Cell-Cell Contact	CellChatDB	CD99_PILRA	PMID: 18234675					CellChatDB v1
CD99	CD99	CD99	1.0	Cell-Cell Contact	CellChatDB	CD99_CD99	KEGG: hsa04514					CellChatDB v1
CD99	CD99L2	CD99	1.0	Cell-Cell Contact	CellChatDB	CD99_CD99L2	KEGG: hsa04514					CellChatDB v1
CDH15	CDH15	CDH	1.0	Cell-Cell Contact	CellChatDB	CDH15_CDH15	KEGG: hsa04514					CellChatDB v1
CDH4	CDH4	CDH	1.0	Cell-Cell Contact	CellChatDB	CDH4_CDH4	KEGG: hsa04514					CellChatDB v1
CDH2	CDH2	CDH	1.0	Cell-Cell Contact	CellChatDB	CDH2_CDH2	KEGG: hsa04514					CellChatDB v1
CDH1	CDH1	CDH	1.0	Cell-Cell Contact	CellChatDB	CDH1_CDH1	KEGG: hsa04514					CellChatDB v1
CDH1	ITGA2+ITGB1	CDH1	1.0	Cell-Cell Contact	CellChatDB	CDH1_ITGA1_ITGB1	PMID: 12392763					CellChatDB v1
CDH1	ITGAE+ITGB7	CDH1	1.0	Cell-Cell Contact	CellChatDB	CDH1_ITGAE_ITGB7	PMID: 9425167					CellChatDB v1
CDH1	KLRG1	CDH1	1.0	Cell-Cell Contact	CellChatDB	CDH1_KLRG1	PMID: 19604491					CellChatDB v1
CDH5	CDH5	CDH5	1.0	Cell-Cell Contact	CellChatDB	CDH5_CDH5	KEGG: hsa04514					CellChatDB v1
CD1D	CEACAM5	CEACAM	1.0	Cell-Cell Contact	CellChatDB	CD1D_CEACAM5	PMID: 24104458					CellChatDB v1
CD209	CEACAM1	CEACAM	1.0	Cell-Cell Contact	CellChatDB	CD209_CEACAM1	PMID: 16282604; PMID: 6246332					CellChatDB v1
CD8A	CEACAM5	CEACAM	1.0	Cell-Cell Contact	CellChatDB	CD8A_CEACAM5	PMID: 24104458					CellChatDB v1
CEACAM1	CEACAM5	CEACAM	1.0	Cell-Cell Contact	CellChatDB	CEACAM1_CEACAM5	PMID: 11590190					CellChatDB v1
SELE	CEACAM1	CEACAM	1.0	Cell-Cell Contact	CellChatDB	SELE_CEACAM1	PMID: 1378450					CellChatDB v1
CLDN11	CLDN11	CLDN	1.0	Cell-Cell Contact	CellChatDB	CLDN11_CLDN11	KEGG: hsa04514					CellChatDB v1
CLEC2D	KLRB1	CLEC	1.0	Cell-Cell Contact	CellChatDB	CLEC2D_KLRB1	PMID: 24223577					CellChatDB v1
CLEC2A	KLRB1	CLEC	1.0	Cell-Cell Contact	CellChatDB	CLEC2A_KLRB1	PMID: 24223577					CellChatDB v1
CLEC2B	KLRB1	CLEC	1.0	Cell-Cell Contact	CellChatDB	CLEC2B_KLRB1	PMID: 24223577					CellChatDB v1
CD69	KLRB1	CLEC	1.0	Cell-Cell Contact	CellChatDB	CLEC2C_KLRB1	PMID: 24223577					CellChatDB v1
CLEC2L	KLRB1	CLEC	1.0	Cell-Cell Contact	CellChatDB	CLEC2L_KLRB1	PMID: 24223577					CellChatDB v1
CLEC1B	KLRB1	CLEC	1.0	Cell-Cell Contact	CellChatDB	CLEC1B_KLRB1	PMID: 24223577					CellChatDB v1
NFASC	CNTN1+CNTNAP1	CNTN	1.0	Cell-Cell Contact	CellChatDB	NFASC_CNTN1_CNTNAP1	KEGG: hsa04514					CellChatDB v1
CNTN2	CNTN2+CNTNAP2	CNTN	1.0	Cell-Cell Contact	CellChatDB	CNTN2_CNTN2_CNTNAP2	KEGG: hsa04514					CellChatDB v1
CNTN2	L1CAM	CNTN	1.0	Cell-Cell Contact	CellChatDB	CNTN2_L1CAM	KEGG: hsa04514					CellChatDB v1
CNTN2	CNTN2	CNTN	1.0	Cell-Cell Contact	CellChatDB	CNTN2_CNTN2	KEGG: hsa04514					CellChatDB v1
CNTN1	NRCAM	CNTN	1.0	Cell-Cell Contact	CellChatDB	CNTN1_NRCAM	KEGG: hsa04514					CellChatDB v1
CSPG4	ITGA3+ITGB1	CSPG4	1.0	Cell-Cell Contact	CellChatDB	CSPG4_ITGA2_ITGB1	PMID: 30213051					CellChatDB v1
DSC1	DSG1	DESMOSOME	1.0	Cell-Cell Contact	CellChatDB	DSC1_DSG1	PMID: 27298358					CellChatDB v1
DSC1	DSG2	DESMOSOME	1.0	Cell-Cell Contact	CellChatDB	DSC1_DSG2	PMID: 27298358					CellChatDB v1
DSC2	DSG1	DESMOSOME	1.0	Cell-Cell Contact	CellChatDB	DSC2_DSG1	PMID: 27298358					CellChatDB v1
DSC2	DSG2	DESMOSOME	1.0	Cell-Cell Contact	CellChatDB	DSC2_DSG2	PMID: 27298358					CellChatDB v1
DSC3	DSG1	DESMOSOME	1.0	Cell-Cell Contact	CellChatDB	DSC3_DSG1	PMID: 27298358					CellChatDB v1
DSC3	DSG2	DESMOSOME	1.0	Cell-Cell Contact	CellChatDB	DSC3_DSG2	PMID: 27298358					CellChatDB v1
EPGN	EGFR	EPGN	1.0	Cell-Cell Contact	CellChatDB	EPGN_EGFR	PMID: 27298358					CellChatDB v1
EFNA1	EPHA1	EPHA	1.0	Cell-Cell Contact	CellChatDB	EFNA1_EPHA1	PMID: 15114347					CellChatDB v1
EFNA1	EPHA2	EPHA	1.0	Cell-Cell Contact	CellChatDB	EFNA1_EPHA2	PMID: 15114347					CellChatDB v1
EFNA1	EPHA3	EPHA	1.0	Cell-Cell Contact	CellChatDB	EFNA1_EPHA3	PMID: 15114347					CellChatDB v1
EFNA1	EPHA4	EPHA	1.0	Cell-Cell Contact	CellChatDB	EFNA1_EPHA4	PMID: 15114347					CellChatDB v1
EFNA1	EPHA5	EPHA	1.0	Cell-Cell Contact	CellChatDB	EFNA1_EPHA5	PMID: 15114347					CellChatDB v1
EFNA1	EPHA7	EPHA	1.0	Cell-Cell Contact	CellChatDB	EFNA1_EPHA7	PMID: 15114347					CellChatDB v1
EFNA1	EPHA8	EPHA	1.0	Cell-Cell Contact	CellChatDB	EFNA1_EPHA8	PMID: 15114347					CellChatDB v1
EFNA2	EPHA1	EPHA	1.0	Cell-Cell Contact	CellChatDB	EFNA2_EPHA1	PMID: 15114347					CellChatDB v1
EFNA2	EPHA2	EPHA	1.0	Cell-Cell Contact	CellChatDB	EFNA2_EPHA2	PMID: 15114347					CellChatDB v1
EFNA2	EPHA3	EPHA	1.0	Cell-Cell Contact	CellChatDB	EFNA2_EPHA3	PMID: 15114347					CellChatDB v1
EFNA2	EPHA4	EPHA	1.0	Cell-Cell Contact	CellChatDB	EFNA2_EPHA4	PMID: 15114347					CellChatDB v1
EFNA2	EPHA5	EPHA	1.0	Cell-Cell Contact	CellChatDB	EFNA2_EPHA5	PMID: 15114347					CellChatDB v1
EFNA2	EPHA7	EPHA	1.0	Cell-Cell Contact	CellChatDB	EFNA2_EPHA7	PMID: 15114347					CellChatDB v1
EFNA2	EPHA8	EPHA	1.0	Cell-Cell Contact	CellChatDB	EFNA2_EPHA8	PMID: 15114347					CellChatDB v1
EFNA3	EPHA1	EPHA	1.0	Cell-Cell Contact	CellChatDB	EFNA3_EPHA1	PMID: 15114347					CellChatDB v1
EFNA3	EPHA2	EPHA	1.0	Cell-Cell Contact	CellChatDB	EFNA3_EPHA2	PMID: 15114347					CellChatDB v1
EFNA3	EPHA3	EPHA	1.0	Cell-Cell Contact	CellChatDB	EFNA3_EPHA3	PMID: 15114347					CellChatDB v1
EFNA3	EPHA4	EPHA	1.0	Cell-Cell Contact	CellChatDB	EFNA3_EPHA4	PMID: 15114347					CellChatDB v1
EFNA3	EPHA5	EPHA	1.0	Cell-Cell Contact	CellChatDB	EFNA3_EPHA5	PMID: 15114347					CellChatDB v1
EFNA3	EPHA7	EPHA	1.0	Cell-Cell Contact	CellChatDB	EFNA3_EPHA7	PMID: 15114347					CellChatDB v1
EFNA3	EPHA8	EPHA	1.0	Cell-Cell Contact	CellChatDB	EFNA3_EPHA8	PMID: 15114347					CellChatDB v1
EFNA4	EPHA1	EPHA	1.0	Cell-Cell Contact	CellChatDB	EFNA4_EPHA1	PMID: 15114347					CellChatDB v1
EFNA4	EPHA2	EPHA	1.0	Cell-Cell Contact	CellChatDB	EFNA4_EPHA2	PMID: 15114347					CellChatDB v1
EFNA4	EPHA3	EPHA	1.0	Cell-Cell Contact	CellChatDB	EFNA4_EPHA3	PMID: 15114347					CellChatDB v1
EFNA4	EPHA4	EPHA	1.0	Cell-Cell Contact	CellChatDB	EFNA4_EPHA4	PMID: 15114347					CellChatDB v1
EFNA4	EPHA5	EPHA	1.0	Cell-Cell Contact	CellChatDB	EFNA4_EPHA5	PMID: 15114347					CellChatDB v1
EFNA4	EPHA7	EPHA	1.0	Cell-Cell Contact	CellChatDB	EFNA4_EPHA7	PMID: 15114347					CellChatDB v1
EFNA4	EPHA8	EPHA	1.0	Cell-Cell Contact	CellChatDB	EFNA4_EPHA8	PMID: 15114347					CellChatDB v1
EFNA5	EPHA1	EPHA	1.0	Cell-Cell Contact	CellChatDB	EFNA5_EPHA1	PMID: 15114347					CellChatDB v1
EFNA5	EPHA2	EPHA	1.0	Cell-Cell Contact	CellChatDB	EFNA5_EPHA2	PMID: 15114347					CellChatDB v1
EFNA5	EPHA3	EPHA	1.0	Cell-Cell Contact	CellChatDB	EFNA5_EPHA3	PMID: 15114347					CellChatDB v1
EFNA5	EPHA4	EPHA	1.0	Cell-Cell Contact	CellChatDB	EFNA5_EPHA4	PMID: 15114347					CellChatDB v1
EFNA5	EPHA5	EPHA	1.0	Cell-Cell Contact	CellChatDB	EFNA5_EPHA5	PMID: 15114347					CellChatDB v1
EFNA5	EPHA7	EPHA	1.0	Cell-Cell Contact	CellChatDB	EFNA5_EPHA7	PMID: 15114347					CellChatDB v1
EFNA5	EPHA8	EPHA	1.0	Cell-Cell Contact	CellChatDB	EFNA5_EPHA8	PMID: 15114347					CellChatDB v1
EFNA5	EPHB2	EPHA	1.0	Cell-Cell Contact	CellChatDB	EFNA5_EPHB2	PMID:15107857; PMID: 15114347					CellChatDB v1
EFNB1	EPHA4	EPHB	1.0	Cell-Cell Contact	CellChatDB	EFNB1_EPHA4	PMID: 15114347					CellChatDB v1
EFNB1	EPHB1	EPHB	1.0	Cell-Cell Contact	CellChatDB	EFNB1_EPHB1	PMID: 15114347					CellChatDB v1
EFNB1	EPHB2	EPHB	1.0	Cell-Cell Contact	CellChatDB	EFNB1_EPHB2	PMID: 15114347					CellChatDB v1
EFNB1	EPHB3	EPHB	1.0	Cell-Cell Contact	CellChatDB	EFNB1_EPHB3	PMID: 15114347					CellChatDB v1
EFNB1	EPHB4	EPHB	1.0	Cell-Cell Contact	CellChatDB	EFNB1_EPHB4	PMID: 15114347					CellChatDB v1
EFNB2	EPHA4	EPHB	1.0	Cell-Cell Contact	CellChatDB	EFNB2_EPHA4	PMID: 15114347					CellChatDB v1
EFNB2	EPHB1	EPHB	1.0	Cell-Cell Contact	CellChatDB	EFNB2_EPHB1	PMID: 15114347					CellChatDB v1
EFNB2	EPHB2	EPHB	1.0	Cell-Cell Contact	CellChatDB	EFNB2_EPHB2	PMID: 15114347					CellChatDB v1
EFNB2	EPHB3	EPHB	1.0	Cell-Cell Contact	CellChatDB	EFNB2_EPHB3	PMID: 15114347					CellChatDB v1
EFNB2	EPHB4	EPHB	1.0	Cell-Cell Contact	CellChatDB	EFNB2_EPHB4	PMID: 15114347					CellChatDB v1
EFNB3	EPHA4	EPHB	1.0	Cell-Cell Contact	CellChatDB	EFNB3_EPHA4	PMID: 15114347					CellChatDB v1
EFNB3	EPHB1	EPHB	1.0	Cell-Cell Contact	CellChatDB	EFNB3_EPHB1	PMID: 15114347					CellChatDB v1
EFNB3	EPHB2	EPHB	1.0	Cell-Cell Contact	CellChatDB	EFNB3_EPHB2	PMID: 15114347					CellChatDB v1
EFNB3	EPHB3	EPHB	1.0	Cell-Cell Contact	CellChatDB	EFNB3_EPHB3	PMID: 15114347					CellChatDB v1
EFNB3	EPHB4	EPHB	1.0	Cell-Cell Contact	CellChatDB	EFNB3_EPHB4	PMID: 15114347					CellChatDB v1
EFNB3	EPHB6	EPHB	1.0	Cell-Cell Contact	CellChatDB	EFNB3_EPHB6	PMID: 15114347					CellChatDB v1
ESAM	ESAM	ESAM	1.0	Cell-Cell Contact	CellChatDB	ESAM_ESAM	KEGG: hsa04514; PMID: 11279107					CellChatDB v1
GP1BA	ITGAM+ITGB2	GP1BA	1.0	Cell-Cell Contact	CellChatDB	GP1BA_ITGAM_ITGB2	PMC2194217					CellChatDB v1
ICAM1	ITGAX+ITGB2	ICAM	1.0	Cell-Cell Contact	CellChatDB	ICAM1_ITGAX_ITGB2	PMID: 16252253					CellChatDB v1
ICAM1	ITGAL+ITGB2	ICAM	1.0	Cell-Cell Contact	CellChatDB	ICAM1_ITGAL_ITGB2	KEGG: hsa04514					CellChatDB v1
ICAM2	ITGAL+ITGB2	ICAM	1.0	Cell-Cell Contact	CellChatDB	ICAM2_ITGAL_ITGB2	KEGG: hsa04514					CellChatDB v1
ICAM1	ITGAM+ITGB2	ICAM	1.0	Cell-Cell Contact	CellChatDB	ICAM1_ITGAM_ITGB2	KEGG: hsa04514					CellChatDB v1
ICAM2	ITGAM+ITGB2	ICAM	1.0	Cell-Cell Contact	CellChatDB	ICAM2_ITGAM_ITGB2	KEGG: hsa04514					CellChatDB v1
ICAM1	ITGAL	ICAM	1.0	Cell-Cell Contact	CellChatDB	ICAM1_ITGAL	PMID: 23602662					CellChatDB v1
ICAM1	SPN	ICAM	1.0	Cell-Cell Contact	CellChatDB	ICAM1_SPN	PMID: 1683685					CellChatDB v1
ICAM5	CD209	ICAM	1.0	Cell-Cell Contact	CellChatDB	ICAM5_CD209	PMID: 15795245					CellChatDB v1
ICOSLG	ICOS	ICOS	1.0	Cell-Cell Contact	CellChatDB	ICOSL_ICOS	PMID: 23954143					CellChatDB v1
ICOSLG	CD28	ICOS	1.0	Cell-Cell Contact	CellChatDB	ICOSL_CD28	KEGG: hsa04514					CellChatDB v1
ICOSLG	CTLA4	ICOS	1.0	Cell-Cell Contact	CellChatDB	ICOSL_CTLA4	KEGG: hsa04514					CellChatDB v1
JAM2	ITGA3+ITGB1	JAM	1.0	Cell-Cell Contact	CellChatDB	JAM2_ITGA3_ITGB1	PMID: 12070135					CellChatDB v1
JAM2	ITGAV+ITGB1	JAM	1.0	Cell-Cell Contact	CellChatDB	JAM2_ITGAV_ITGB1	KEGG: hsa04514					CellChatDB v1
JAM3	ITGAM+ITGB2	JAM	1.0	Cell-Cell Contact	CellChatDB	JAM3_ITGAM_ITGB2	KEGG: hsa04514; PMID: 16118203, PMC2194005					CellChatDB v1
F11R	ITGAL+ITGB2	JAM	1.0	Cell-Cell Contact	CellChatDB	JAM1_ITGAL_ITGB2	PMID: 11812992					CellChatDB v1
JAM2	JAM3	JAM	1.0	Cell-Cell Contact	CellChatDB	JAM2_JAM3	PMC1237098;  PMID: 11590146					CellChatDB v1
F11R	F11R	JAM	1.0	Cell-Cell Contact	CellChatDB	F11R_F11R	KEGG: hsa04514					CellChatDB v1
JAM2	F11R	JAM	1.0	Cell-Cell Contact	CellChatDB	JAM2_F11R	KEGG: hsa04514					CellChatDB v1
JAM2	JAM2	JAM	1.0	Cell-Cell Contact	CellChatDB	JAM2_JAM2	KEGG: hsa04514					CellChatDB v1
JAM3	F11R	JAM	1.0	Cell-Cell Contact	CellChatDB	JAM3_F11R	KEGG: hsa04514					CellChatDB v1
JAM3	JAM3	JAM	1.0	Cell-Cell Contact	CellChatDB	JAM3_JAM3	KEGG: hsa04514					CellChatDB v1
L1CAM	ITGAV+ITGB3	L1CAM	1.0	Cell-Cell Contact	CellChatDB	L1CAM_ITGAV_ITGB3	PMID: 9396761					CellChatDB v1
L1CAM	ITGA4+ITGB7	L1CAM	1.0	Cell-Cell Contact	CellChatDB	L1CAM_ITGA4_ITGB7	PMID: 8557754					CellChatDB v1
L1CAM	L1CAM	L1CAM	1.0	Cell-Cell Contact	CellChatDB	L1CAM_L1CAM	PMID: 18701456					CellChatDB v1
LCK	CD8B+CD8A	LCK	1.0	Cell-Cell Contact	CellChatDB	LCK_CD8A_CD8B1	PMID: 25427562					CellChatDB v1
MADCAM1	ITGA4+ITGB7	MADCAM	1.0	Cell-Cell Contact	CellChatDB	MADCAM1_ITGA4_ITGB7	KEGG: hsa04514; PMID: 7517418					CellChatDB v1
MAG	MAG	MAG	1.0	Cell-Cell Contact	CellChatDB	MAG_MAG	KEGG: hsa04514					CellChatDB v1
HLA-A	CD8A	MHC-I	1.0	Cell-Cell Contact	CellChatDB	HLA-A_CD8A	KEGG: hsa04514					CellChatDB v1
HLA-B	CD8A	MHC-I	1.0	Cell-Cell Contact	CellChatDB	HLA-B_CD8A	KEGG: hsa04514					CellChatDB v1
HLA-C	CD8A	MHC-I	1.0	Cell-Cell Contact	CellChatDB	HLA-C_CD8A	KEGG: hsa04514					CellChatDB v1
HLA-E	CD8A	MHC-I	1.0	Cell-Cell Contact	CellChatDB	HLA-E_CD8A	KEGG: hsa04514					CellChatDB v1
HLA-F	CD8A	MHC-I	1.0	Cell-Cell Contact	CellChatDB	HLA-F_CD8A	KEGG: hsa04514					CellChatDB v1
HLA-G	CD8A	MHC-I	1.0	Cell-Cell Contact	CellChatDB	HLA-G_CD8A	KEGG: hsa04514					CellChatDB v1
HLA-A	CD8B	MHC-I	1.0	Cell-Cell Contact	CellChatDB	HLA-A_CD8B	KEGG: hsa04514					CellChatDB v1
HLA-B	CD8B	MHC-I	1.0	Cell-Cell Contact	CellChatDB	HLA-B_CD8B	KEGG: hsa04514					CellChatDB v1
HLA-C	CD8B	MHC-I	1.0	Cell-Cell Contact	CellChatDB	HLA-C_CD8B	KEGG: hsa04514					CellChatDB v1
HLA-E	CD8B	MHC-I	1.0	Cell-Cell Contact	CellChatDB	HLA-E_CD8B	KEGG: hsa04514					CellChatDB v1
HLA-F	CD8B	MHC-I	1.0	Cell-Cell Contact	CellChatDB	HLA-F_CD8B	KEGG: hsa04514					CellChatDB v1
HLA-G	CD8B	MHC-I	1.0	Cell-Cell Contact	CellChatDB	HLA-G_CD8B	KEGG: hsa04514					CellChatDB v1
HLA-A	CD8B2	MHC-I	1.0	Cell-Cell Contact	CellChatDB	HLA-A_CD8B2	KEGG: hsa04514					CellChatDB v1
HLA-B	CD8B2	MHC-I	1.0	Cell-Cell Contact	CellChatDB	HLA-B_CD8B2	KEGG: hsa04514					CellChatDB v1
HLA-C	CD8B2	MHC-I	1.0	Cell-Cell Contact	CellChatDB	HLA-C_CD8B2	KEGG: hsa04514					CellChatDB v1
HLA-E	CD8B2	MHC-I	1.0	Cell-Cell Contact	CellChatDB	HLA-E_CD8B2	KEGG: hsa04514					CellChatDB v1
HLA-F	CD8B2	MHC-I	1.0	Cell-Cell Contact	CellChatDB	HLA-F_CD8B2	KEGG: hsa04514					CellChatDB v1
HLA-G	CD8B2	MHC-I	1.0	Cell-Cell Contact	CellChatDB	HLA-G_CD8B2	KEGG: hsa04514					CellChatDB v1
HLA-C	KIR2DL1	MHC-I	1.0	Cell-Cell Contact	CellChatDB	HLA-C_KIR2DL1	PMID: 28484462					CellChatDB v1
HLA-C	KIR2DL2	MHC-I	1.0	Cell-Cell Contact	CellChatDB	HLA-C_KIR2DL2	PMID: 28484462					CellChatDB v1
HLA-C	KIR2DL3	MHC-I	1.0	Cell-Cell Contact	CellChatDB	HLA-C_KIR2DL3	PMID: 28484462					CellChatDB v1
HLA-C	KIR2DS1	MHC-I	1.0	Cell-Cell Contact	CellChatDB	HLA-C_KIR2DS1	PMID: 28484462					CellChatDB v1
HLA-C	KIR2DS4	MHC-I	1.0	Cell-Cell Contact	CellChatDB	HLA-C_KIR2DS4	PMID: 28484462					CellChatDB v1
HLA-G	LILRB1	MHC-I	1.0	Cell-Cell Contact	CellChatDB	HLA-G_LILRB1	PMID: 28484462					CellChatDB v1
HLA-G	LILRB2	MHC-I	1.0	Cell-Cell Contact	CellChatDB	HLA-G_LILRB2	PMID: 28484462					CellChatDB v1
HLA-F	KIR3DL1	MHC-I	1.0	Cell-Cell Contact	CellChatDB	HLA-F_KIR3DL1	PMID: 28484462					CellChatDB v1
HLA-F	KIR3DL2	MHC-I	1.0	Cell-Cell Contact	CellChatDB	HLA-F_KIR3DL2	PMID: 28484462					CellChatDB v1
HLA-B	KIR3DL2	MHC-I	1.0	Cell-Cell Contact	CellChatDB	HLA-B_KIR3DL2	PMID: 28484462					CellChatDB v1
HLA-C	KIR3DL3	MHC-I	1.0	Cell-Cell Contact	CellChatDB	HLA-C_KIR3DL3	PMID: 28484462					CellChatDB v1
HLA-E	KLRC1	MHC-I	1.0	Cell-Cell Contact	CellChatDB	HLA-E_KLRC1	PMID: 24223577					CellChatDB v1
HLA-E	KLRC2	MHC-I	1.0	Cell-Cell Contact	CellChatDB	HLA-E_KLRC2	PMID: 26697006					CellChatDB v1
HLA-A	KIR3DL1	MHC-I	1.0	Cell-Cell Contact	CellChatDB	HLA-A_KIR3DL1	PMID: 28484462					CellChatDB v1
HLA-F	LILRB1	MHC-I	1.0	Cell-Cell Contact	CellChatDB	HLA-F_LILRB1	PMID: 28484462					CellChatDB v1
HLA-E	KLRK1	MHC-I	1.0	Cell-Cell Contact	CellChatDB	HLA-E_KLRK1	PMID: 28484462					CellChatDB v1
HLA-F	KIR3DS1	MHC-I	1.0	Cell-Cell Contact	CellChatDB	HLA-F_KIR3DS1	PMID: 28484462					CellChatDB v1
HLA-E	KLRC1+KLRD1	MHC-I	1.0	Cell-Cell Contact	CellChatDB	HLA-E_CD94:NKG2A	PMID: 28484462					CellChatDB v1
HLA-E	KLRC2+KLRD1	MHC-I	1.0	Cell-Cell Contact	CellChatDB	HLA-E_CD94:NKG2C	PMID: 28484462					CellChatDB v1
HLA-E	KLRC3+KLRD1	MHC-I	1.0	Cell-Cell Contact	CellChatDB	HLA-E_CD94:NKG2E	PMID: 28484462					CellChatDB v1
ULBP1	KLRK1	MHC-I	1.0	Cell-Cell Contact	CellChatDB	ULBP1_KLRK1	PMID: 24223577					CellChatDB v1
ULBP2	KLRK1	MHC-I	1.0	Cell-Cell Contact	CellChatDB	ULBP2_KLRK1	PMID: 24223577					CellChatDB v1
ULBP3	KLRK1	MHC-I	1.0	Cell-Cell Contact	CellChatDB	ULBP3_KLRK1	PMID: 24223577					CellChatDB v2
RAET1L	KLRK1	MHC-I	1.0	Cell-Cell Contact	CellChatDB	RAET1L_KLRK1	PMID: 24223577					CellChatDB v2
RAET1E	KLRK1	MHC-I	1.0	Cell-Cell Contact	CellChatDB	RAET1E_KLRK1	PMID: 24223577					CellChatDB v1
RAET1G	KLRK1	MHC-I	1.0	Cell-Cell Contact	CellChatDB	RAET1G_KLRK1	PMID: 24223577					CellChatDB v1
HLA-DPA1	CD4	MHC-II	1.0	Cell-Cell Contact	CellChatDB	HLA-DPA1_CD4	KEGG: hsa04514					CellChatDB v1
HLA-DPB1	CD4	MHC-II	1.0	Cell-Cell Contact	CellChatDB	HLA-DPB1_CD4	KEGG: hsa04514					CellChatDB v1
HLA-DQA1	CD4	MHC-II	1.0	Cell-Cell Contact	CellChatDB	HLA-DQA1_CD4	KEGG: hsa04514					CellChatDB v1
HLA-DMA	CD4	MHC-II	1.0	Cell-Cell Contact	CellChatDB	HLA-DMA_CD4	KEGG: hsa04514					CellChatDB v1
HLA-DMB	CD4	MHC-II	1.0	Cell-Cell Contact	CellChatDB	HLA-DMB_CD4	KEGG: hsa04514					CellChatDB v1
HLA-DQA2	CD4	MHC-II	1.0	Cell-Cell Contact	CellChatDB	HLA-DQA2_CD4	KEGG: hsa04514					CellChatDB v1
HLA-DOA	CD4	MHC-II	1.0	Cell-Cell Contact	CellChatDB	HLA-DOA_CD4	KEGG: hsa04514					CellChatDB v1
HLA-DOB	CD4	MHC-II	1.0	Cell-Cell Contact	CellChatDB	HLA-DOB_CD4	KEGG: hsa04514					CellChatDB v1
HLA-DQB1	CD4	MHC-II	1.0	Cell-Cell Contact	CellChatDB	HLA-DQB1_CD4	KEGG: hsa04514					CellChatDB v1
HLA-DRA	CD4	MHC-II	1.0	Cell-Cell Contact	CellChatDB	HLA-DRA_CD4	KEGG: hsa04514					CellChatDB v1
HLA-DRB1	CD4	MHC-II	1.0	Cell-Cell Contact	CellChatDB	HLA-DRB1_CD4	KEGG: hsa04514					CellChatDB v1
HLA-DRB3	CD4	MHC-II	1.0	Cell-Cell Contact	CellChatDB	HLA-DRB3_CD4	KEGG: hsa04514					CellChatDB v1
HLA-DRB4	CD4	MHC-II	1.0	Cell-Cell Contact	CellChatDB	HLA-DRB4_CD4	KEGG: hsa04514					CellChatDB v1
HLA-DRB5	CD4	MHC-II	1.0	Cell-Cell Contact	CellChatDB	HLA-DRB5_CD4	KEGG: hsa04514					CellChatDB v1
MPZ	MPZL1	MPZ	1.0	Cell-Cell Contact	CellChatDB	MPZ_MPZL1	KEGG: hsa04514					CellChatDB v1
MPZ	MPZ	MPZ	1.0	Cell-Cell Contact	CellChatDB	MPZ_MPZ	KEGG: hsa04514					CellChatDB v1
MPZL1	MPZL1	MPZ	1.0	Cell-Cell Contact	CellChatDB	MPZL1_MPZL1	KEGG: hsa04514					CellChatDB v1
NCAM1	FGFR1	NCAM	1.0	Cell-Cell Contact	CellChatDB	NCAM1_FGFR1	PMID: 12791257					CellChatDB v1
NCAM1	NCAM1	NCAM	1.0	Cell-Cell Contact	CellChatDB	NCAM1_NCAM1	KEGG: hsa04514					CellChatDB v1
NCAM1	NCAM2	NCAM	1.0	Cell-Cell Contact	CellChatDB	NCAM1_NCAM2	KEGG: hsa04514					CellChatDB v1
NCAM1	L1CAM	NCAM	1.0	Cell-Cell Contact	CellChatDB	NCAM1_L1CAM	KEGG: hsa04514					CellChatDB v1
NCAM2	L1CAM	NCAM	1.0	Cell-Cell Contact	CellChatDB	NCAM2_L1CAM	KEGG: hsa04514					CellChatDB v1
NECTIN1	CADM3	NECTIN	1.0	Cell-Cell Contact	CellChatDB	NECTIN1_CADM3	PMID: 23027581					CellChatDB v1
NECTIN1	NECTIN4	NECTIN	1.0	Cell-Cell Contact	CellChatDB	NECTIN1_NECTIN4	PMID: 23027581					CellChatDB v1
NECTIN3	NECTIN1	NECTIN	1.0	Cell-Cell Contact	CellChatDB	NECTIN3_NECTIN1	PMID: 23027581					CellChatDB v1
NECTIN3	NECTIN2	NECTIN	1.0	Cell-Cell Contact	CellChatDB	NECTIN3_NECTIN2	PMID: 23027581					CellChatDB v1
NECTIN3	PVR	NECTIN	1.0	Cell-Cell Contact	CellChatDB	NECTIN3_PVR	PMID: 23027581					CellChatDB v1
NECTIN3	TIGIT	NECTIN	1.0	Cell-Cell Contact	CellChatDB	NECTIN3_TIGIT	KEGG: hsa04514; PMID: 1313846					CellChatDB v1
NECTIN2	CD226	NECTIN	1.0	Cell-Cell Contact	CellChatDB	NECTIN2_CD226	KEGG: hsa04514					CellChatDB v1
NECTIN2	TIGIT	NECTIN	1.0	Cell-Cell Contact	CellChatDB	NECTIN2_TIGIT	KEGG: hsa04514					CellChatDB v1
NEGR1	NEGR1	NEGR	1.0	Cell-Cell Contact	CellChatDB	NEGR1_NEGR1	KEGG: hsa04514					CellChatDB v1
LRRC4C	NTNG1	NGL	1.0	Cell-Cell Contact	CellChatDB	LRRC4C_NTNG1	KEGG: hsa04514					CellChatDB v1
LRRC4	NTNG2	NGL	1.0	Cell-Cell Contact	CellChatDB	LRRC4_NTNG2	KEGG: hsa04514					CellChatDB v1
LRRC4B	PTPRF	NGL	1.0	Cell-Cell Contact	CellChatDB	LRRC4B_PTPRF	KEGG: hsa04514					CellChatDB v1
DLK1	NOTCH1	NOTCH	1.0	Cell-Cell Contact	CellChatDB	DLK1_NOTCH1	PMID: 22353464					CellChatDB v1
DLK1	NOTCH2	NOTCH	1.0	Cell-Cell Contact	CellChatDB	DLK1_NOTCH2	PMID: 22353464					CellChatDB v1
DLK1	NOTCH3	NOTCH	1.0	Cell-Cell Contact	CellChatDB	DLK1_NOTCH3	PMID: 22353464					CellChatDB v1
DLK1	NOTCH4	NOTCH	1.0	Cell-Cell Contact	CellChatDB	DLK1_NOTCH4	PMID: 22353464					CellChatDB v1
DLL1	NOTCH1	NOTCH	1.0	Cell-Cell Contact	CellChatDB	DLL1_NOTCH1	PMID: 22353464					CellChatDB v1
DLL1	NOTCH3	NOTCH	1.0	Cell-Cell Contact	CellChatDB	DLL1_NOTCH3	PMID: 22353464					CellChatDB v1
DLL1	NOTCH4	NOTCH	1.0	Cell-Cell Contact	CellChatDB	DLL1_NOTCH4	PMID: 22353464					CellChatDB v1
DLL3	NOTCH1	NOTCH	1.0	Cell-Cell Contact	CellChatDB	DLL3_NOTCH1	PMID: 22353464					CellChatDB v1
DLL3	NOTCH2	NOTCH	1.0	Cell-Cell Contact	CellChatDB	DLL3_NOTCH2	PMID: 22353464					CellChatDB v1
DLL3	NOTCH3	NOTCH	1.0	Cell-Cell Contact	CellChatDB	DLL3_NOTCH3	PMID: 22353464					CellChatDB v1
DLL3	NOTCH4	NOTCH	1.0	Cell-Cell Contact	CellChatDB	DLL3_NOTCH4	PMID: 22353464					CellChatDB v1
DLL4	NOTCH1	NOTCH	1.0	Cell-Cell Contact	CellChatDB	DLL4_NOTCH1	PMID: 22353464					CellChatDB v1
DLL4	NOTCH2	NOTCH	1.0	Cell-Cell Contact	CellChatDB	DLL4_NOTCH2	PMID: 22353464					CellChatDB v1
DLL4	NOTCH3	NOTCH	1.0	Cell-Cell Contact	CellChatDB	DLL4_NOTCH3	PMID: 22353464					CellChatDB v1
DLL4	NOTCH4	NOTCH	1.0	Cell-Cell Contact	CellChatDB	DLL4_NOTCH4	PMID: 22353464					CellChatDB v1
JAG1	NOTCH1	NOTCH	1.0	Cell-Cell Contact	CellChatDB	JAG1_NOTCH1	PMID: 22353464					CellChatDB v1
JAG1	NOTCH2	NOTCH	1.0	Cell-Cell Contact	CellChatDB	JAG1_NOTCH2	PMID: 22353464					CellChatDB v1
JAG1	NOTCH3	NOTCH	1.0	Cell-Cell Contact	CellChatDB	JAG1_NOTCH3	PMID: 22353464					CellChatDB v1
JAG1	NOTCH4	NOTCH	1.0	Cell-Cell Contact	CellChatDB	JAG1_NOTCH4	PMID: 22353464					CellChatDB v1
JAG2	NOTCH1	NOTCH	1.0	Cell-Cell Contact	CellChatDB	JAG2_NOTCH1	PMID: 22353464					CellChatDB v1
JAG2	NOTCH2	NOTCH	1.0	Cell-Cell Contact	CellChatDB	JAG2_NOTCH2	PMID: 22353464					CellChatDB v1
JAG2	NOTCH3	NOTCH	1.0	Cell-Cell Contact	CellChatDB	JAG2_NOTCH3	PMID: 22353464					CellChatDB v1
JAG2	NOTCH4	NOTCH	1.0	Cell-Cell Contact	CellChatDB	JAG2_NOTCH4	PMID: 22353464					CellChatDB v1
DLL1	NOTCH2	NOTCH	1.0	Cell-Cell Contact	CellChatDB	DLL1_NOTCH2	PMID: 22353464					CellChatDB v1
NRXN1	NLGN1	NRXN	1.0	Cell-Cell Contact	CellChatDB	NRXN1_NLGN1	KEGG: hsa04514					CellChatDB v1
NRXN1	NLGN2	NRXN	1.0	Cell-Cell Contact	CellChatDB	NRXN1_NLGN2	KEGG: hsa04514					CellChatDB v1
NRXN1	NLGN3	NRXN	1.0	Cell-Cell Contact	CellChatDB	NRXN1_NLGN3	KEGG: hsa04514					CellChatDB v1
NRXN2	NLGN1	NRXN	1.0	Cell-Cell Contact	CellChatDB	NRXN2_NLGN1	KEGG: hsa04514					CellChatDB v1
NRXN2	NLGN2	NRXN	1.0	Cell-Cell Contact	CellChatDB	NRXN2_NLGN2	KEGG: hsa04514					CellChatDB v1
NRXN2	NLGN3	NRXN	1.0	Cell-Cell Contact	CellChatDB	NRXN2_NLGN3	KEGG: hsa04514					CellChatDB v1
NRXN3	NLGN1	NRXN	1.0	Cell-Cell Contact	CellChatDB	NRXN3_NLGN1	KEGG: hsa04514					CellChatDB v1
NRXN3	NLGN2	NRXN	1.0	Cell-Cell Contact	CellChatDB	NRXN3_NLGN2	KEGG: hsa04514					CellChatDB v1
NRXN3	NLGN3	NRXN	1.0	Cell-Cell Contact	CellChatDB	NRXN3_NLGN3	KEGG: hsa04514					CellChatDB v1
OCLN	OCLN	OCLN	1.0	Cell-Cell Contact	CellChatDB	OCLN_OCLN	KEGG: hsa04514					CellChatDB v1
CD274	PDCD1	PD-L1	1.0	Cell-Cell Contact	CellChatDB	CD274_PDCD1	PMID: 23954143					CellChatDB v1
PDCD1LG2	PDCD1	PDL2	1.0	Cell-Cell Contact	CellChatDB	PDCD1LG2_PDCD1	PMID: 23954143					CellChatDB v1
PECAM1	PECAM1	PECAM1	1.0	Cell-Cell Contact	CellChatDB	PECAM1_PECAM1	KEGG: hsa04514					CellChatDB v1
PTPRM	PTPRM	PTPRM	1.0	Cell-Cell Contact	CellChatDB	PTPRM_PTPRM	KEGG: hsa04514					CellChatDB v1
PVR	CD226	PVR	1.0	Cell-Cell Contact	CellChatDB	PVR_CD226	KEGG: hsa04514					CellChatDB v1
PVR	TIGIT	PVR	1.0	Cell-Cell Contact	CellChatDB	PVR_TIGIT	KEGG: hsa04514					CellChatDB v1
SELE	CD44	SELE	1.0	Cell-Cell Contact	CellChatDB	SELE_CD44	PMC4571854					CellChatDB v1
SELE	GLG1	SELE	1.0	Cell-Cell Contact	CellChatDB	SELE_GLG1	PMID: 11404363					CellChatDB v1
SELL	CD34	SELL	1.0	Cell-Cell Contact	CellChatDB	SELL_CD34	PMID: 7692600; PMID: 8977216					CellChatDB v1
SELL	PODXL	SELL	1.0	Cell-Cell Contact	CellChatDB	SELL_PODXL	PMID: 22814396					CellChatDB v1
SELL	GLYCAM1	SELL	1.0	Cell-Cell Contact	CellChatDB	SELL_GLYCAM1	KEGG: hsa04514					CellChatDB v1
SELL	MADCAM1	SELL	1.0	Cell-Cell Contact	CellChatDB	SELL_MADCAM1	KEGG: hsa04514					CellChatDB v1
SELPLG	SELE	SELPLG	1.0	Cell-Cell Contact	CellChatDB	SELPLG_SELE	PMC4571854					CellChatDB v1
SELPLG	SELL	SELPLG	1.0	Cell-Cell Contact	CellChatDB	SELPLG_SELL	PMC2431087; PMID:  8892633,PMID:  8896607					CellChatDB v1
SELPLG	SELP	SELPLG	1.0	Cell-Cell Contact	CellChatDB	SELPLG_SELP	PMID: 19118202; PMID: 9829984					CellChatDB v1
SEMA4A	NRP1+PLXNA1	SEMA4	1.0	Cell-Cell Contact	CellChatDB	SEMA4A_NRP1_PLXNA1	PMID: 27533782					CellChatDB v1
SEMA4A	NRP1+PLXNA2	SEMA4	1.0	Cell-Cell Contact	CellChatDB	SEMA4A_NRP1_PLXNA2	PMID: 27533782					CellChatDB v1
SEMA4A	PLXNA3+NRP1	SEMA4	1.0	Cell-Cell Contact	CellChatDB	SEMA4A_NRP1_PLXNA3	PMID: 27533782					CellChatDB v1
SEMA4A	PLXNA4+NRP1	SEMA4	1.0	Cell-Cell Contact	CellChatDB	SEMA4A_NRP1_PLXNA4	PMID: 27533782					CellChatDB v1
SEMA4A	PLXNB1	SEMA4	1.0	Cell-Cell Contact	CellChatDB	SEMA4A_PLXNB1	PMID: 27533782					CellChatDB v1
SEMA4A	PLXNB2	SEMA4	1.0	Cell-Cell Contact	CellChatDB	SEMA4A_PLXNB2	PMID: 27533782					CellChatDB v1
SEMA4A	PLXNB3	SEMA4	1.0	Cell-Cell Contact	CellChatDB	SEMA4A_PLXNB3	PMID: 27533782					CellChatDB v1
SEMA4D	PLXNB1	SEMA4	1.0	Cell-Cell Contact	CellChatDB	SEMA4D_PLXNB1	PMID: 27533782					CellChatDB v1
SEMA4D	PLXNB2	SEMA4	1.0	Cell-Cell Contact	CellChatDB	SEMA4D_PLXNB2	PMID: 27533782					CellChatDB v1
SEMA4D	PLXNB3	SEMA4	1.0	Cell-Cell Contact	CellChatDB	SEMA4D_PLXNB3	PMID: 27533782					CellChatDB v1
SEMA4C	PLXNB2	SEMA4	1.0	Cell-Cell Contact	CellChatDB	SEMA4C_PLXNB2	PMID: 27533782					CellChatDB v1
SEMA4G	PLXNB2	SEMA4	1.0	Cell-Cell Contact	CellChatDB	SEMA4G_PLXNB2	PMID: 27533782					CellChatDB v1
SEMA4D	CD72	SEMA4	1.0	Cell-Cell Contact	CellChatDB	SEMA4D_CD72	PMID: 22325954					CellChatDB v1
SEMA5A	PLXNA1	SEMA5	1.0	Cell-Cell Contact	CellChatDB	SEMA5A_PLXNA1	PMID: 27533782					CellChatDB v1
SEMA5B	PLXNA1	SEMA5	1.0	Cell-Cell Contact	CellChatDB	SEMA5B_PLXNA1	PMID: 27533782					CellChatDB v1
SEMA5A	PLXNA3	SEMA5	1.0	Cell-Cell Contact	CellChatDB	SEMA5A_PLXNA3	PMID: 27533782					CellChatDB v1
SEMA5B	PLXNA3	SEMA5	1.0	Cell-Cell Contact	CellChatDB	SEMA5B_PLXNA3	PMID: 27533782					CellChatDB v1
SEMA5A	PLXNB3	SEMA5	1.0	Cell-Cell Contact	CellChatDB	SEMA5A_PLXNB3	PMID: 27533782					CellChatDB v1
SEMA6D	KDR+PLXNA1	SEMA6	1.0	Cell-Cell Contact	CellChatDB	SEMA6D_PLXNA1_KDR	PMID: 22325954					CellChatDB v1
SEMA6D	TREM2+TYROBP+PLXNA1	SEMA6	1.0	Cell-Cell Contact	CellChatDB	SEMA6D_PLXNA1_TREM2	PMID: 22325954					CellChatDB v1
SEMA6D	PLXNA1	SEMA6	1.0	Cell-Cell Contact	CellChatDB	SEMA6D_PLXNA1	PMID: 27533782					CellChatDB v1
SEMA6A	PLXNA2	SEMA6	1.0	Cell-Cell Contact	CellChatDB	SEMA6A_PLXNA2	PMID: 27533782					CellChatDB v1
SEMA6B	PLXNA2	SEMA6	1.0	Cell-Cell Contact	CellChatDB	SEMA6B_PLXNA2	PMID: 27533782					CellChatDB v1
SEMA6A	PLXNA4	SEMA6	1.0	Cell-Cell Contact	CellChatDB	SEMA6A_PLXNA4	PMID: 27533782					CellChatDB v1
SEMA6B	PLXNA4	SEMA6	1.0	Cell-Cell Contact	CellChatDB	SEMA6B_PLXNA4	PMID: 27533782					CellChatDB v1
SEMA7A	ITGB1+ITGA1	SEMA7	1.0	Cell-Cell Contact	CellChatDB	SEMA7A_ITGB1_ITGA1	PMID: 22325954					CellChatDB v1
SEMA7A	PLXNC1	SEMA7	1.0	Cell-Cell Contact	CellChatDB	SEMA7A_PLXNC1	PMID: 27533782					CellChatDB v1
SIGLEC1	SPN	SN	1.0	Cell-Cell Contact	CellChatDB	SIGLEC1_SPN	KEGG: hsa04514; PMID: 11238599					CellChatDB v1
THY1	ITGAM+ITGB2	THY1	1.0	Cell-Cell Contact	CellChatDB	THY1_ITGAM_ITGB2	PMID: 15850796					CellChatDB v1
THY1	ITGAX+ITGB2	THY1	1.0	Cell-Cell Contact	CellChatDB	THY1_ITGAX_ITGB2	PMID: 15850796					CellChatDB v1
THY1	ITGAV+ITGB3	THY1	1.0	Cell-Cell Contact	CellChatDB	THY1_ITGAV_ITGB3	PMID: 29212879; PMID: 18346467					CellChatDB v1
ITGA4+ITGB1	VCAM1	VCAM	1.0	Cell-Cell Contact	CellChatDB	ITGA4_ITGB1_VCAM1	KEGG: hsa04514					CellChatDB v1
ITGA9+ITGB1	VCAM1	VCAM	1.0	Cell-Cell Contact	CellChatDB	ITGA9_ITGB1_VCAM1	KEGG: hsa04514					CellChatDB v1
ITGA4+ITGB7	VCAM1	VCAM	1.0	Cell-Cell Contact	CellChatDB	ITGA4_ITGB7_VCAM1	KEGG: hsa04514					CellChatDB v1
VSIR	IGSF11	VISTA	1.0	Cell-Cell Contact	CellChatDB	VSIR_IGSF11	KEGG: hsa04514					CellChatDB v1
CDH3	CDH3	CDH	1.0	Cell-Cell Contact	CellChatDB	CDH3_CDH3	KEGG: hsa04514					CellChatDB v2
CDH12	ITGB1+ITGA1	CDH	1.0	Cell-Cell Contact	CellChatDB	CDH12_ITGA1_ITGB1	PMID: 34385456					CellChatDB v2
DSC1	DSG3	DESMOSOME	1.0	Cell-Cell Contact	CellChatDB	DSC1_DSG3	PMID: 27298358					CellChatDB v2
DSC1	DSG4	DESMOSOME	1.0	Cell-Cell Contact	CellChatDB	DSC1_DSG4	PMID: 27298358					CellChatDB v2
DSC2	DSG3	DESMOSOME	1.0	Cell-Cell Contact	CellChatDB	DSC2_DSG3	PMID: 27298358					CellChatDB v2
DSC2	DSG4	DESMOSOME	1.0	Cell-Cell Contact	CellChatDB	DSC2_DSG4	PMID: 27298358					CellChatDB v2
DSC3	DSG3	DESMOSOME	1.0	Cell-Cell Contact	CellChatDB	DSC3_DSG3	PMID: 27298358					CellChatDB v2
DSC3	DSG4	DESMOSOME	1.0	Cell-Cell Contact	CellChatDB	DSC3_DSG4	PMID: 27298358					CellChatDB v2
GJA5	GJA5	GAP	1.0	Cell-Cell Contact	CellChatDB	GJA5_GJA5	PMID: 32532966;PMID: 15094344					CellChatDB v2
GJA1	GJA5	GAP	1.0	Cell-Cell Contact	CellChatDB	GJA1_GJA5	PMID: 32532966;PMID: 15094344					CellChatDB v2
GJC1	GJA5	GAP	1.0	Cell-Cell Contact	CellChatDB	GJC1_GJA5	PMID: 32532966;PMID: 15094344					CellChatDB v2
GJA3	GJA5	GAP	1.0	Cell-Cell Contact	CellChatDB	GJA3_GJA5	PMID: 32532966;PMID: 15094344					CellChatDB v2
GJA1	GJA1	GAP	1.0	Cell-Cell Contact	CellChatDB	GJA1_GJA1	PMID: 32532966;PMID: 15094344					CellChatDB v2
GJC1	GJA1	GAP	1.0	Cell-Cell Contact	CellChatDB	GJC1_GJA1	PMID: 32532966;PMID: 15094344					CellChatDB v2
GJA3	GJA1	GAP	1.0	Cell-Cell Contact	CellChatDB	GJA3_GJA1	PMID: 32532966;PMID: 15094344					CellChatDB v2
GJC1	GJC1	GAP	1.0	Cell-Cell Contact	CellChatDB	GJC1_GJC1	PMID: 32532966;PMID: 15094344					CellChatDB v2
GJA3	GJC1	GAP	1.0	Cell-Cell Contact	CellChatDB	GJA3_GJC1	PMID: 32532966;PMID: 15094344					CellChatDB v2
GJA3	GJA3	GAP	1.0	Cell-Cell Contact	CellChatDB	GJA3_GJA3	PMID: 32532966;PMID: 15094344					CellChatDB v2
CLDN1	CLDN1	CLDN	1.0	Cell-Cell Contact	CellChatDB	CLDN1_CLDN1	PMID: 31942240					CellChatDB v2
CLDN2	CLDN2	CLDN	1.0	Cell-Cell Contact	CellChatDB	CLDN2_CLDN2	PMID: 31942240					CellChatDB v2
CLDN3	CLDN3	CLDN	1.0	Cell-Cell Contact	CellChatDB	CLDN3_CLDN3	PMID: 31942240					CellChatDB v2
PCDHA10	PCDHA10	PCDH	1.0	Cell-Cell Contact	CellChatDB	PCDHA10_PCDHA10	PMID: 35253643; PMID: 32694982					CellChatDB v2
PCDHA11	PCDHA11	PCDH	1.0	Cell-Cell Contact	CellChatDB	PCDHA11_PCDHA11	PMID: 35253643; PMID: 32694982					CellChatDB v2
PCDHA12	PCDHA12	PCDH	1.0	Cell-Cell Contact	CellChatDB	PCDHA12_PCDHA12	PMID: 35253643; PMID: 32694982					CellChatDB v2
PCDHA13	PCDHA13	PCDH	1.0	Cell-Cell Contact	CellChatDB	PCDHA13_PCDHA13	PMID: 35253643; PMID: 32694982					CellChatDB v2
PCDHA1	PCDHA1	PCDH	1.0	Cell-Cell Contact	CellChatDB	PCDHA1_PCDHA1	PMID: 35253643; PMID: 32694982					CellChatDB v2
PCDHA2	PCDHA2	PCDH	1.0	Cell-Cell Contact	CellChatDB	PCDHA2_PCDHA2	PMID: 35253643; PMID: 32694982					CellChatDB v2
PCDHA3	PCDHA3	PCDH	1.0	Cell-Cell Contact	CellChatDB	PCDHA3_PCDHA3	PMID: 35253643; PMID: 32694982					CellChatDB v2
PCDHA4	PCDHA4	PCDH	1.0	Cell-Cell Contact	CellChatDB	PCDHA4_PCDHA4	PMID: 35253643; PMID: 32694982					CellChatDB v2
PCDHA5	PCDHA5	PCDH	1.0	Cell-Cell Contact	CellChatDB	PCDHA5_PCDHA5	PMID: 35253643; PMID: 32694982					CellChatDB v2
PCDHA6	PCDHA6	PCDH	1.0	Cell-Cell Contact	CellChatDB	PCDHA6_PCDHA6	PMID: 35253643; PMID: 32694982					CellChatDB v2
PCDHA7	PCDHA7	PCDH	1.0	Cell-Cell Contact	CellChatDB	PCDHA7_PCDHA7	PMID: 35253643; PMID: 32694982					CellChatDB v2
PCDHA8	PCDHA8	PCDH	1.0	Cell-Cell Contact	CellChatDB	PCDHA8_PCDHA8	PMID: 35253643; PMID: 32694982					CellChatDB v2
PCDHA9	PCDHA9	PCDH	1.0	Cell-Cell Contact	CellChatDB	PCDHA9_PCDHA9	PMID: 35253643; PMID: 32694982					CellChatDB v2
PCDHAC1	PCDHAC1	PCDH	1.0	Cell-Cell Contact	CellChatDB	PCDHAC1_PCDHAC1	PMID: 35253643; PMID: 32694982					CellChatDB v2
PCDHAC2	PCDHAC2	PCDH	1.0	Cell-Cell Contact	CellChatDB	PCDHAC2_PCDHAC2	PMID: 35253643; PMID: 32694982					CellChatDB v2
PCDHB1	PCDHB1	PCDH	1.0	Cell-Cell Contact	CellChatDB	PCDHB1_PCDHB1	PMID: 35253643; PMID: 32694982					CellChatDB v2
PCDHB10	PCDHB10	PCDH	1.0	Cell-Cell Contact	CellChatDB	PCDHB10_PCDHB10	PMID: 35253643; PMID: 32694982					CellChatDB v2
PCDHB11	PCDHB11	PCDH	1.0	Cell-Cell Contact	CellChatDB	PCDHB11_PCDHB11	PMID: 35253643; PMID: 32694982					CellChatDB v2
PCDHB12	PCDHB12	PCDH	1.0	Cell-Cell Contact	CellChatDB	PCDHB12_PCDHB12	PMID: 35253643; PMID: 32694982					CellChatDB v2
PCDHB13	PCDHB13	PCDH	1.0	Cell-Cell Contact	CellChatDB	PCDHB13_PCDHB13	PMID: 35253643; PMID: 32694982					CellChatDB v2
PCDHB14	PCDHB14	PCDH	1.0	Cell-Cell Contact	CellChatDB	PCDHB14_PCDHB14	PMID: 35253643; PMID: 32694982					CellChatDB v2
PCDHB15	PCDHB15	PCDH	1.0	Cell-Cell Contact	CellChatDB	PCDHB15_PCDHB15	PMID: 35253643; PMID: 32694982					CellChatDB v2
PCDHB16	PCDHB16	PCDH	1.0	Cell-Cell Contact	CellChatDB	PCDHB16_PCDHB16	PMID: 35253643; PMID: 32694982					CellChatDB v2
PCDHB2	PCDHB2	PCDH	1.0	Cell-Cell Contact	CellChatDB	PCDHB2_PCDHB2	PMID: 35253643; PMID: 32694982					CellChatDB v2
PCDHB3	PCDHB3	PCDH	1.0	Cell-Cell Contact	CellChatDB	PCDHB3_PCDHB3	PMID: 35253643; PMID: 32694982					CellChatDB v2
PCDHB4	PCDHB4	PCDH	1.0	Cell-Cell Contact	CellChatDB	PCDHB4_PCDHB4	PMID: 35253643; PMID: 32694982					CellChatDB v2
PCDHB5	PCDHB5	PCDH	1.0	Cell-Cell Contact	CellChatDB	PCDHB5_PCDHB5	PMID: 35253643; PMID: 32694982					CellChatDB v2
PCDHB6	PCDHB6	PCDH	1.0	Cell-Cell Contact	CellChatDB	PCDHB6_PCDHB6	PMID: 35253643; PMID: 32694982					CellChatDB v2
PCDHB7	PCDHB7	PCDH	1.0	Cell-Cell Contact	CellChatDB	PCDHB7_PCDHB7	PMID: 35253643; PMID: 32694982					CellChatDB v2
PCDHB8	PCDHB8	PCDH	1.0	Cell-Cell Contact	CellChatDB	PCDHB8_PCDHB8	PMID: 35253643; PMID: 32694982					CellChatDB v2
PCDHB9	PCDHB9	PCDH	1.0	Cell-Cell Contact	CellChatDB	PCDHB9_PCDHB9	PMID: 35253643; PMID: 32694982					CellChatDB v2
PCDHGA1	PCDHGA1	PCDH	1.0	Cell-Cell Contact	CellChatDB	PCDHGA1_PCDHGA1	PMID: 35253643; PMID: 32694982					CellChatDB v2
PCDHGA10	PCDHGA10	PCDH	1.0	Cell-Cell Contact	CellChatDB	PCDHGA10_PCDHGA10	PMID: 35253643; PMID: 32694982					CellChatDB v2
PCDHGA11	PCDHGA11	PCDH	1.0	Cell-Cell Contact	CellChatDB	PCDHGA11_PCDHGA11	PMID: 35253643; PMID: 32694982					CellChatDB v2
PCDHGA12	PCDHGA12	PCDH	1.0	Cell-Cell Contact	CellChatDB	PCDHGA12_PCDHGA12	PMID: 35253643; PMID: 32694982					CellChatDB v2
PCDHGA2	PCDHGA2	PCDH	1.0	Cell-Cell Contact	CellChatDB	PCDHGA2_PCDHGA2	PMID: 35253643; PMID: 32694982					CellChatDB v2
PCDHGA3	PCDHGA3	PCDH	1.0	Cell-Cell Contact	CellChatDB	PCDHGA3_PCDHGA3	PMID: 35253643; PMID: 32694982					CellChatDB v2
PCDHGA4	PCDHGA4	PCDH	1.0	Cell-Cell Contact	CellChatDB	PCDHGA4_PCDHGA4	PMID: 35253643; PMID: 32694982					CellChatDB v2
PCDHGA5	PCDHGA5	PCDH	1.0	Cell-Cell Contact	CellChatDB	PCDHGA5_PCDHGA5	PMID: 35253643; PMID: 32694982					CellChatDB v2
PCDHGA6	PCDHGA6	PCDH	1.0	Cell-Cell Contact	CellChatDB	PCDHGA6_PCDHGA6	PMID: 35253643; PMID: 32694982					CellChatDB v2
PCDHGA7	PCDHGA7	PCDH	1.0	Cell-Cell Contact	CellChatDB	PCDHGA7_PCDHGA7	PMID: 35253643; PMID: 32694982					CellChatDB v2
PCDHGA8	PCDHGA8	PCDH	1.0	Cell-Cell Contact	CellChatDB	PCDHGA8_PCDHGA8	PMID: 35253643; PMID: 32694982					CellChatDB v2
PCDHGA9	PCDHGA9	PCDH	1.0	Cell-Cell Contact	CellChatDB	PCDHGA9_PCDHGA9	PMID: 35253643; PMID: 32694982					CellChatDB v2
PCDHGB1	PCDHGB1	PCDH	1.0	Cell-Cell Contact	CellChatDB	PCDHGB1_PCDHGB1	PMID: 35253643; PMID: 32694982					CellChatDB v2
PCDHGB2	PCDHGB2	PCDH	1.0	Cell-Cell Contact	CellChatDB	PCDHGB2_PCDHGB2	PMID: 35253643; PMID: 32694982					CellChatDB v2
PCDHGB3	PCDHGB3	PCDH	1.0	Cell-Cell Contact	CellChatDB	PCDHGB3_PCDHGB3	PMID: 35253643; PMID: 32694982					CellChatDB v2
PCDHGB4	PCDHGB4	PCDH	1.0	Cell-Cell Contact	CellChatDB	PCDHGB4_PCDHGB4	PMID: 35253643; PMID: 32694982					CellChatDB v2
PCDHGB5	PCDHGB5	PCDH	1.0	Cell-Cell Contact	CellChatDB	PCDHGB5_PCDHGB5	PMID: 35253643; PMID: 32694982					CellChatDB v2
PCDHGB6	PCDHGB6	PCDH	1.0	Cell-Cell Contact	CellChatDB	PCDHGB6_PCDHGB6	PMID: 35253643; PMID: 32694982					CellChatDB v2
PCDHGB7	PCDHGB7	PCDH	1.0	Cell-Cell Contact	CellChatDB	PCDHGB7_PCDHGB7	PMID: 35253643; PMID: 32694982					CellChatDB v2
PCDHGC3	PCDHGC3	PCDH	1.0	Cell-Cell Contact	CellChatDB	PCDHGC3_PCDHGC3	PMID: 35253643; PMID: 32694982					CellChatDB v2
PCDHGC4	PCDHGC4	PCDH	1.0	Cell-Cell Contact	CellChatDB	PCDHGC4_PCDHGC4	PMID: 35253643; PMID: 32694982					CellChatDB v2
PCDHGC5	PCDHGC5	PCDH	1.0	Cell-Cell Contact	CellChatDB	PCDHGC5_PCDHGC5	PMID: 35253643; PMID: 32694982					CellChatDB v2
KLK6	F2R	KLK	1.0	Secreted Signaling	CellChatDB	KLK6_F2R	PMID: 35102281					CellChatDB v2
KLK6	F2RL1	KLK	1.0	Secreted Signaling	CellChatDB	KLK6_F2RL1	PMID: 35102281					CellChatDB v2
KLK5	F2RL1	KLK	1.0	Secreted Signaling	CellChatDB	KLK5_F2RL1	PMID: 35102281;PMID: 33543017					CellChatDB v2
KLK4	F2R	KLK	1.0	Secreted Signaling	CellChatDB	KLK4_F2R	PMID: 35102281					CellChatDB v2
KLK1	F2R	KLK	1.0	Secreted Signaling	CellChatDB	KLK1_F2R	PMID: 35102281;PMID: 33543017					CellChatDB v2
KLK2	F2R	KLK	1.0	Secreted Signaling	CellChatDB	KLK2_F2R	PMID: 35102281					CellChatDB v2
KLK14	F2R	KLK	1.0	Secreted Signaling	CellChatDB	KLK14_F2R	PMID: 35102281					CellChatDB v2
KLK4	F2RL1	KLK	1.0	Secreted Signaling	CellChatDB	KLK4_F2RL1	PMID: 35102281					CellChatDB v2
KLK2	F2RL1	KLK	1.0	Secreted Signaling	CellChatDB	KLK2_F2RL1	PMID: 35102281					CellChatDB v2
KLK14	F2RL1	KLK	1.0	Secreted Signaling	CellChatDB	KLK14_F2RL1	PMID: 35102281					CellChatDB v2
KLK7	F2RL1	KLK	1.0	Secreted Signaling	CellChatDB	KLK7_F2RL1	PMID: 33543017					CellChatDB v2
KLK8	F2R	KLK	1.0	Secreted Signaling	CellChatDB	KLK8_F2R	PMID: 34552064					CellChatDB v2
ADM	CALCR+RAMP1	ADM	1.0	Secreted Signaling	CellChatDB	ADM_CALCR_RAMP1	PMID: 33462236					CellChatDB v2
ADM	RAMP2+CALCR	ADM	1.0	Secreted Signaling	CellChatDB	ADM_CALCR_RAMP2	PMID: 33462236					CellChatDB v2
ADM	RAMP3+CALCR	ADM	1.0	Secreted Signaling	CellChatDB	ADM_CALCR_RAMP3	PMID: 33462236					CellChatDB v2
CALCA	CALCR+RAMP1	CALC	1.0	Secreted Signaling	CellChatDB	CALCA_CALCR_RAMP1	PMID: 30741933;PMID: 18599553					CellChatDB v2
CALCA	RAMP2+CALCR	CALC	1.0	Secreted Signaling	CellChatDB	CALCA_CALCR_RAMP2	PMID: 30741933;PMID: 18599553					CellChatDB v2
CALCA	RAMP3+CALCR	CALC	1.0	Secreted Signaling	CellChatDB	CALCA_CALCR_RAMP3	PMID: 30741933;PMID: 18599553					CellChatDB v2
CALCB	CALCR+RAMP1	CALC	1.0	Secreted Signaling	CellChatDB	CALCB_CALCR_RAMP1	PMID: 30741933;PMID: 18599553					CellChatDB v2
CALCB	RAMP2+CALCR	CALC	1.0	Secreted Signaling	CellChatDB	CALCB_CALCR_RAMP2	PMID: 30741933;PMID: 18599553					CellChatDB v2
CALCB	RAMP3+CALCR	CALC	1.0	Secreted Signaling	CellChatDB	CALCB_CALCR_RAMP3	PMID: 30741933;PMID: 18599553					CellChatDB v2
IAPP	CALCR+RAMP1	IAPP	1.0	Secreted Signaling	CellChatDB	IAPP_CALCR_RAMP1	PMID: 28149534					CellChatDB v2
IAPP	RAMP2+CALCR	IAPP	1.0	Secreted Signaling	CellChatDB	IAPP_CALCR_RAMP2	PMID: 28149534					CellChatDB v2
IAPP	RAMP3+CALCR	IAPP	1.0	Secreted Signaling	CellChatDB	IAPP_CALCR_RAMP3	PMID: 28149534					CellChatDB v2
PROC	PROCR+HSP90AA1	PROCR	1.0	Secreted Signaling	CellChatDB	PROC_PROCR_HSP90AA1	PMID: 35320720					CellChatDB v2
PROC	PROCR+F2R	PROCR	1.0	Secreted Signaling	CellChatDB	PROC_PROCR_F2R	PMID: 29217770					CellChatDB v2
VTN	PLAUR	VTN	1.0	ECM-Receptor	CellChatDB	VTN_PLAUR	PMID: 29222114					CellChatDB v2
SLC18A1+TPH1	HTR3A+HTR3C+HTR3E+HTR3B+HTR3D	5-HT	1.0	Non-protein Signaling	CellChatDB	5-HT-TPH1_SLC18A1_HTR3_COMPLEX	PMID: 23328530					CellChatDB v2
SLC18A2+TPH1	HTR3A+HTR3C+HTR3E+HTR3B+HTR3D	5-HT	1.0	Non-protein Signaling	CellChatDB	5-HT-TPH1_SLC18A2_HTR3_COMPLEX	PMID: 23328530					CellChatDB v2
SLC6A4+TPH1	HTR3A+HTR3C+HTR3E+HTR3B+HTR3D	5-HT	1.0	Non-protein Signaling	CellChatDB	5-HT-TPH1_SLC6A4_HTR3_COMPLEX	PMID: 23328530					CellChatDB v2
SLC18A1+TPH2	HTR3A+HTR3C+HTR3E+HTR3B+HTR3D	5-HT	1.0	Non-protein Signaling	CellChatDB	5-HT-TPH2_SLC18A1_HTR3_COMPLEX	PMID: 23328530					CellChatDB v2
SLC18A2+TPH2	HTR3A+HTR3C+HTR3E+HTR3B+HTR3D	5-HT	1.0	Non-protein Signaling	CellChatDB	5-HT-TPH2_SLC18A2_HTR3_COMPLEX	PMID: 23328530					CellChatDB v2
SLC6A4+TPH2	HTR3A+HTR3C+HTR3E+HTR3B+HTR3D	5-HT	1.0	Non-protein Signaling	CellChatDB	5-HT-TPH2_SLC6A4_HTR3_COMPLEX	PMID: 23328530					CellChatDB v2
SLC10A4+CHAT	CHRNA1+CHRNB1+CHRND+CHRNE	Ach	1.0	Non-protein Signaling	CellChatDB	Acetylcholine-Ach-CHAT_SLC10A4_CHRN_A1_2B1DE	PMID: 33674322;PMID: 25176177					CellChatDB v2
SLC10A4+CHAT	CHRNA1+CHRNB1+CHRND+CHRNG	Ach	1.0	Non-protein Signaling	CellChatDB	Acetylcholine-Ach-CHAT_SLC10A4_CHRN_A1_2B1DG	PMID: 33674322;PMID: 25176177					CellChatDB v2
SLC10A4+CHAT	CHRNA3+CHRNB4	Ach	1.0	Non-protein Signaling	CellChatDB	Acetylcholine-Ach-CHAT_SLC10A4_CHRN_A3_2B4_3	PMID: 33674322;PMID: 25176177					CellChatDB v2
SLC10A4+CHAT	CHRNA4+CHRNB2	Ach	1.0	Non-protein Signaling	CellChatDB	Acetylcholine-Ach-CHAT_SLC10A4_CHRN_A4B2	PMID: 33674322;PMID: 25176177					CellChatDB v2
SLC10A4+CHAT	CHRNA7	Ach	1.0	Non-protein Signaling	CellChatDB	Acetylcholine-Ach-CHAT_SLC10A4_CHRNA7	PMID: 33674322;PMID: 25176177					CellChatDB v2
SLC18A3+CHAT	CHRNA1+CHRNB1+CHRND+CHRNE	Ach	1.0	Non-protein Signaling	CellChatDB	Acetylcholine-Ach-CHAT_SLC18A3_CHRN_A1_2B1DE	PMID: 33674322;uniprot;reactome;IUPHAR					CellChatDB v2
SLC18A3+CHAT	CHRNA1+CHRNB1+CHRND+CHRNG	Ach	1.0	Non-protein Signaling	CellChatDB	Acetylcholine-Ach-CHAT_SLC18A3_CHRN_A1_2B1DG	PMID: 33674322;uniprot;reactome;IUPHAR					CellChatDB v2
SLC18A3+CHAT	CHRNA3+CHRNB4	Ach	1.0	Non-protein Signaling	CellChatDB	Acetylcholine-Ach-CHAT_SLC18A3_CHRN_A3_2B4_3	PMID: 33674322;uniprot;reactome;IUPHAR					CellChatDB v2
SLC18A3+CHAT	CHRNA4+CHRNB2	Ach	1.0	Non-protein Signaling	CellChatDB	Acetylcholine-Ach-CHAT_SLC18A3_CHRN_A4B2	PMID: 33674322;uniprot;reactome;IUPHAR					CellChatDB v2
SLC18A3+CHAT	CHRNA7	Ach	1.0	Non-protein Signaling	CellChatDB	Acetylcholine-Ach-CHAT_SLC18A3_CHRNA7	PMID: 33674322;uniprot;reactome;IUPHAR					CellChatDB v2
SLC5A7+CHAT	CHRNA1+CHRNB1+CHRND+CHRNE	Ach	1.0	Non-protein Signaling	CellChatDB	Acetylcholine-Ach-CHAT_SLC5A7_CHRN_A1_2B1DE	PMID: 33674322;uniprot;reactome;IUPHAR					CellChatDB v2
SLC5A7+CHAT	CHRNA1+CHRNB1+CHRND+CHRNG	Ach	1.0	Non-protein Signaling	CellChatDB	Acetylcholine-Ach-CHAT_SLC5A7_CHRN_A1_2B1DG	PMID: 33674322;uniprot;reactome;IUPHAR					CellChatDB v2
SLC5A7+CHAT	CHRNA4+CHRNB2	Ach	1.0	Non-protein Signaling	CellChatDB	Acetylcholine-Ach-CHAT_SLC5A7_CHRN_A3_2B4_3	PMID: 33674322;uniprot;reactome;IUPHAR					CellChatDB v2
SLC5A7+CHAT	CHRNA7	Ach	1.0	Non-protein Signaling	CellChatDB	Acetylcholine-Ach-CHAT_SLC5A7_CHRNA7	PMID: 33674322;uniprot;reactome;IUPHAR					CellChatDB v2
SLC32A1+GAD1	GABRA1+GABRG2+GABRB3	GABA-A	1.0	Non-protein Signaling	CellChatDB	GABA-A-GAD1_SLC32A1_GABR_A1B3G2	PMID: 34417930;PMID: 23038269					CellChatDB v2
SLC32A1+GAD1	GABRA1+GABRG2+GABRB2	GABA-A	1.0	Non-protein Signaling	CellChatDB	GABA-A-GAD1_SLC32A1_GABR_A1B2G2	PMID: 34417930;PMID: 23038269					CellChatDB v2
SLC32A1+GAD1	GABRA1+GABRB2	GABA-A	1.0	Non-protein Signaling	CellChatDB	GABA-A-GAD1_SLC32A1_GABR_A1B2	PMID: 34417930;PMID: 23038269					CellChatDB v2
SLC32A1+GAD1	GABRA1+GABRB3	GABA-A	1.0	Non-protein Signaling	CellChatDB	GABA-A-GAD1_SLC32A1_GABR_A1B3	PMID: 34417930;PMID: 23038269					CellChatDB v2
SLC32A1+GAD1	GABRA1+GABRD+GABRB2	GABA-A	1.0	Non-protein Signaling	CellChatDB	GABA-A-GAD1_SLC32A1_GABR_A1B2D	PMID: 34417930;PMID: 23038269					CellChatDB v2
SLC32A1+GAD1	GABRA2+GABRG2+GABRB3	GABA-A	1.0	Non-protein Signaling	CellChatDB	GABA-A-GAD1_SLC32A1_GABR_A2B3G2	PMID: 34417930;PMID: 23038269					CellChatDB v2
SLC32A1+GAD1	GABRA3+GABRG2+GABRB3	GABA-A	1.0	Non-protein Signaling	CellChatDB	GABA-A-GAD1_SLC32A1_GABR_A3B3G2	PMID: 34417930;PMID: 23038269					CellChatDB v2
SLC32A1+GAD1	GABRQ+GABRA3+GABRB3	GABA-A	1.0	Non-protein Signaling	CellChatDB	GABA-A-GAD1_SLC32A1_GABR_A3B3Q	PMID: 34417930;PMID: 23038269					CellChatDB v2
SLC32A1+GAD1	GABRA3+GABRE+GABRB3	GABA-A	1.0	Non-protein Signaling	CellChatDB	GABA-A-GAD1_SLC32A1_GABR_A3B3E	PMID: 34417930;PMID: 23038269					CellChatDB v2
SLC32A1+GAD1	GABRA4+GABRG2+GABRB3	GABA-A	1.0	Non-protein Signaling	CellChatDB	GABA-A-GAD1_SLC32A1_GABR_A4B3G2	PMID: 34417930;PMID: 23038269					CellChatDB v2
SLC32A1+GAD1	GABRA4+GABRD+GABRB3	GABA-A	1.0	Non-protein Signaling	CellChatDB	GABA-A-GAD1_SLC32A1_GABR_A4B3D	PMID: 34417930;PMID: 23038269					CellChatDB v2
SLC32A1+GAD1	GABRA4+GABRD+GABRB2	GABA-A	1.0	Non-protein Signaling	CellChatDB	GABA-A-GAD1_SLC32A1_GABR_A4B2D	PMID: 34417930;PMID: 23038269					CellChatDB v2
SLC32A1+GAD1	GABRA5+GABRG2+GABRB3	GABA-A	1.0	Non-protein Signaling	CellChatDB	GABA-A-GAD1_SLC32A1_GABR_A5B3G2	PMID: 34417930;PMID: 23038269					CellChatDB v2
SLC32A1+GAD1	GABRA6+GABRG2+GABRB3	GABA-A	1.0	Non-protein Signaling	CellChatDB	GABA-A-GAD1_SLC32A1_GABR_A6B3G2	PMID: 34417930;PMID: 23038269					CellChatDB v2
SLC32A1+GAD1	GABRA6+GABRD+GABRB3	GABA-A	1.0	Non-protein Signaling	CellChatDB	GABA-A-GAD1_SLC32A1_GABR_A6B3D	PMID: 34417930;PMID: 23038269					CellChatDB v2
GAD1+SLC6A1	GABRA1+GABRG2+GABRB3	GABA-A	1.0	Non-protein Signaling	CellChatDB	GABA-A-GAD1_SLC6A1_GABR_A1B3G2	PMID: 34417930;PMID: 23038269					CellChatDB v2
GAD1+SLC6A1	GABRA1+GABRG2+GABRB2	GABA-A	1.0	Non-protein Signaling	CellChatDB	GABA-A-GAD1_SLC6A1_GABR_A1B2G2	PMID: 34417930;PMID: 23038269					CellChatDB v2
GAD1+SLC6A1	GABRA1+GABRB2	GABA-A	1.0	Non-protein Signaling	CellChatDB	GABA-A-GAD1_SLC6A1_GABR_A1B2	PMID: 34417930;PMID: 23038269					CellChatDB v2
GAD1+SLC6A1	GABRA1+GABRB3	GABA-A	1.0	Non-protein Signaling	CellChatDB	GABA-A-GAD1_SLC6A1_GABR_A1B3	PMID: 34417930;PMID: 23038269					CellChatDB v2
GAD1+SLC6A1	GABRA1+GABRD+GABRB2	GABA-A	1.0	Non-protein Signaling	CellChatDB	GABA-A-GAD1_SLC6A1_GABR_A1B2D	PMID: 34417930;PMID: 23038269					CellChatDB v2
GAD1+SLC6A1	GABRA2+GABRG2+GABRB3	GABA-A	1.0	Non-protein Signaling	CellChatDB	GABA-A-GAD1_SLC6A1_GABR_A2B3G2	PMID: 34417930;PMID: 23038269					CellChatDB v2
GAD1+SLC6A1	GABRA3+GABRG2+GABRB3	GABA-A	1.0	Non-protein Signaling	CellChatDB	GABA-A-GAD1_SLC6A1_GABR_A3B3G2	PMID: 34417930;PMID: 23038269					CellChatDB v2
GAD1+SLC6A1	GABRQ+GABRA3+GABRB3	GABA-A	1.0	Non-protein Signaling	CellChatDB	GABA-A-GAD1_SLC6A1_GABR_A3B3Q	PMID: 34417930;PMID: 23038269					CellChatDB v2
GAD1+SLC6A1	GABRA3+GABRE+GABRB3	GABA-A	1.0	Non-protein Signaling	CellChatDB	GABA-A-GAD1_SLC6A1_GABR_A3B3E	PMID: 34417930;PMID: 23038269					CellChatDB v2
GAD1+SLC6A1	GABRA4+GABRG2+GABRB3	GABA-A	1.0	Non-protein Signaling	CellChatDB	GABA-A-GAD1_SLC6A1_GABR_A4B3G2	PMID: 34417930;PMID: 23038269					CellChatDB v2
GAD1+SLC6A1	GABRA4+GABRD+GABRB3	GABA-A	1.0	Non-protein Signaling	CellChatDB	GABA-A-GAD1_SLC6A1_GABR_A4B3D	PMID: 34417930;PMID: 23038269					CellChatDB v2
GAD1+SLC6A1	GABRA4+GABRD+GABRB2	GABA-A	1.0	Non-protein Signaling	CellChatDB	GABA-A-GAD1_SLC6A1_GABR_A4B2D	PMID: 34417930;PMID: 23038269					CellChatDB v2
GAD1+SLC6A1	GABRA5+GABRG2+GABRB3	GABA-A	1.0	Non-protein Signaling	CellChatDB	GABA-A-GAD1_SLC6A1_GABR_A5B3G2	PMID: 34417930;PMID: 23038269					CellChatDB v2
GAD1+SLC6A1	GABRA6+GABRG2+GABRB3	GABA-A	1.0	Non-protein Signaling	CellChatDB	GABA-A-GAD1_SLC6A1_GABR_A6B3G2	PMID: 34417930;PMID: 23038269					CellChatDB v2
GAD1+SLC6A1	GABRA6+GABRD+GABRB3	GABA-A	1.0	Non-protein Signaling	CellChatDB	GABA-A-GAD1_SLC6A1_GABR_A6B3D	PMID: 34417930;PMID: 23038269					CellChatDB v2
GAD1+SLC6A11	GABRA1+GABRG2+GABRB3	GABA-A	1.0	Non-protein Signaling	CellChatDB	GABA-A-GAD1_SLC6A11_GABR_A1B3G2	PMID: 34417930;PMID: 23038269					CellChatDB v2
GAD1+SLC6A11	GABRA1+GABRG2+GABRB2	GABA-A	1.0	Non-protein Signaling	CellChatDB	GABA-A-GAD1_SLC6A11_GABR_A1B2G2	PMID: 34417930;PMID: 23038269					CellChatDB v2
GAD1+SLC6A11	GABRA1+GABRB2	GABA-A	1.0	Non-protein Signaling	CellChatDB	GABA-A-GAD1_SLC6A11_GABR_A1B2	PMID: 34417930;PMID: 23038269					CellChatDB v2
GAD1+SLC6A11	GABRA1+GABRB3	GABA-A	1.0	Non-protein Signaling	CellChatDB	GABA-A-GAD1_SLC6A11_GABR_A1B3	PMID: 34417930;PMID: 23038269					CellChatDB v2
GAD1+SLC6A11	GABRA1+GABRD+GABRB2	GABA-A	1.0	Non-protein Signaling	CellChatDB	GABA-A-GAD1_SLC6A11_GABR_A1B2D	PMID: 34417930;PMID: 23038269					CellChatDB v2
GAD1+SLC6A11	GABRA2+GABRG2+GABRB3	GABA-A	1.0	Non-protein Signaling	CellChatDB	GABA-A-GAD1_SLC6A11_GABR_A2B3G2	PMID: 34417930;PMID: 23038269					CellChatDB v2
GAD1+SLC6A11	GABRA3+GABRG2+GABRB3	GABA-A	1.0	Non-protein Signaling	CellChatDB	GABA-A-GAD1_SLC6A11_GABR_A3B3G2	PMID: 34417930;PMID: 23038269					CellChatDB v2
GAD1+SLC6A11	GABRQ+GABRA3+GABRB3	GABA-A	1.0	Non-protein Signaling	CellChatDB	GABA-A-GAD1_SLC6A11_GABR_A3B3Q	PMID: 34417930;PMID: 23038269					CellChatDB v2
GAD1+SLC6A11	GABRA3+GABRE+GABRB3	GABA-A	1.0	Non-protein Signaling	CellChatDB	GABA-A-GAD1_SLC6A11_GABR_A3B3E	PMID: 34417930;PMID: 23038269					CellChatDB v2
GAD1+SLC6A11	GABRA4+GABRG2+GABRB3	GABA-A	1.0	Non-protein Signaling	CellChatDB	GABA-A-GAD1_SLC6A11_GABR_A4B3G2	PMID: 34417930;PMID: 23038269					CellChatDB v2
GAD1+SLC6A11	GABRA4+GABRD+GABRB3	GABA-A	1.0	Non-protein Signaling	CellChatDB	GABA-A-GAD1_SLC6A11_GABR_A4B3D	PMID: 34417930;PMID: 23038269					CellChatDB v2
GAD1+SLC6A11	GABRA4+GABRD+GABRB2	GABA-A	1.0	Non-protein Signaling	CellChatDB	GABA-A-GAD1_SLC6A11_GABR_A4B2D	PMID: 34417930;PMID: 23038269					CellChatDB v2
GAD1+SLC6A11	GABRA5+GABRG2+GABRB3	GABA-A	1.0	Non-protein Signaling	CellChatDB	GABA-A-GAD1_SLC6A11_GABR_A5B3G2	PMID: 34417930;PMID: 23038269					CellChatDB v2
GAD1+SLC6A11	GABRA6+GABRG2+GABRB3	GABA-A	1.0	Non-protein Signaling	CellChatDB	GABA-A-GAD1_SLC6A11_GABR_A6B3G2	PMID: 34417930;PMID: 23038269					CellChatDB v2
GAD1+SLC6A11	GABRA6+GABRD+GABRB3	GABA-A	1.0	Non-protein Signaling	CellChatDB	GABA-A-GAD1_SLC6A11_GABR_A6B3D	PMID: 34417930;PMID: 23038269					CellChatDB v2
SLC6A12+GAD1	GABRA1+GABRG2+GABRB3	GABA-A	1.0	Non-protein Signaling	CellChatDB	GABA-A-GAD1_SLC6A12_GABR_A1B3G2	PMID: 34417930;PMID: 23038269					CellChatDB v2
SLC6A12+GAD1	GABRA1+GABRG2+GABRB2	GABA-A	1.0	Non-protein Signaling	CellChatDB	GABA-A-GAD1_SLC6A12_GABR_A1B2G2	PMID: 34417930;PMID: 23038269					CellChatDB v2
SLC6A12+GAD1	GABRA1+GABRB2	GABA-A	1.0	Non-protein Signaling	CellChatDB	GABA-A-GAD1_SLC6A12_GABR_A1B2	PMID: 34417930;PMID: 23038269					CellChatDB v2
SLC6A12+GAD1	GABRA1+GABRB3	GABA-A	1.0	Non-protein Signaling	CellChatDB	GABA-A-GAD1_SLC6A12_GABR_A1B3	PMID: 34417930;PMID: 23038269					CellChatDB v2
SLC6A12+GAD1	GABRA1+GABRD+GABRB2	GABA-A	1.0	Non-protein Signaling	CellChatDB	GABA-A-GAD1_SLC6A12_GABR_A1B2D	PMID: 34417930;PMID: 23038269					CellChatDB v2
SLC6A12+GAD1	GABRA2+GABRG2+GABRB3	GABA-A	1.0	Non-protein Signaling	CellChatDB	GABA-A-GAD1_SLC6A12_GABR_A2B3G2	PMID: 34417930;PMID: 23038269					CellChatDB v2
SLC6A12+GAD1	GABRA3+GABRG2+GABRB3	GABA-A	1.0	Non-protein Signaling	CellChatDB	GABA-A-GAD1_SLC6A12_GABR_A3B3G2	PMID: 34417930;PMID: 23038269					CellChatDB v2
SLC6A12+GAD1	GABRQ+GABRA3+GABRB3	GABA-A	1.0	Non-protein Signaling	CellChatDB	GABA-A-GAD1_SLC6A12_GABR_A3B3Q	PMID: 34417930;PMID: 23038269					CellChatDB v2
SLC6A12+GAD1	GABRA3+GABRE+GABRB3	GABA-A	1.0	Non-protein Signaling	CellChatDB	GABA-A-GAD1_SLC6A12_GABR_A3B3E	PMID: 34417930;PMID: 23038269					CellChatDB v2
SLC6A12+GAD1	GABRA4+GABRG2+GABRB3	GABA-A	1.0	Non-protein Signaling	CellChatDB	GABA-A-GAD1_SLC6A12_GABR_A4B3G2	PMID: 34417930;PMID: 23038269					CellChatDB v2
SLC6A12+GAD1	GABRA4+GABRD+GABRB3	GABA-A	1.0	Non-protein Signaling	CellChatDB	GABA-A-GAD1_SLC6A12_GABR_A4B3D	PMID: 34417930;PMID: 23038269					CellChatDB v2
SLC6A12+GAD1	GABRA4+GABRD+GABRB2	GABA-A	1.0	Non-protein Signaling	CellChatDB	GABA-A-GAD1_SLC6A12_GABR_A4B2D	PMID: 34417930;PMID: 23038269					CellChatDB v2
SLC6A12+GAD1	GABRA5+GABRG2+GABRB3	GABA-A	1.0	Non-protein Signaling	CellChatDB	GABA-A-GAD1_SLC6A12_GABR_A5B3G2	PMID: 34417930;PMID: 23038269					CellChatDB v2
SLC6A12+GAD1	GABRA6+GABRG2+GABRB3	GABA-A	1.0	Non-protein Signaling	CellChatDB	GABA-A-GAD1_SLC6A12_GABR_A6B3G2	PMID: 34417930;PMID: 23038269					CellChatDB v2
SLC6A12+GAD1	GABRA6+GABRD+GABRB3	GABA-A	1.0	Non-protein Signaling	CellChatDB	GABA-A-GAD1_SLC6A12_GABR_A6B3D	PMID: 34417930;PMID: 23038269					CellChatDB v2
GAD1+SLC6A13	GABRA1+GABRG2+GABRB3	GABA-A	1.0	Non-protein Signaling	CellChatDB	GABA-A-GAD1_SLC6A13_GABR_A1B3G2	PMID: 34417930;PMID: 23038269					CellChatDB v2
GAD1+SLC6A13	GABRA1+GABRG2+GABRB2	GABA-A	1.0	Non-protein Signaling	CellChatDB	GABA-A-GAD1_SLC6A13_GABR_A1B2G2	PMID: 34417930;PMID: 23038269					CellChatDB v2
GAD1+SLC6A13	GABRA1+GABRB2	GABA-A	1.0	Non-protein Signaling	CellChatDB	GABA-A-GAD1_SLC6A13_GABR_A1B2	PMID: 34417930;PMID: 23038269					CellChatDB v2
GAD1+SLC6A13	GABRA1+GABRB3	GABA-A	1.0	Non-protein Signaling	CellChatDB	GABA-A-GAD1_SLC6A13_GABR_A1B3	PMID: 34417930;PMID: 23038269					CellChatDB v2
GAD1+SLC6A13	GABRA1+GABRD+GABRB2	GABA-A	1.0	Non-protein Signaling	CellChatDB	GABA-A-GAD1_SLC6A13_GABR_A1B2D	PMID: 34417930;PMID: 23038269					CellChatDB v2
GAD1+SLC6A13	GABRA2+GABRG2+GABRB3	GABA-A	1.0	Non-protein Signaling	CellChatDB	GABA-A-GAD1_SLC6A13_GABR_A2B3G2	PMID: 34417930;PMID: 23038269					CellChatDB v2
GAD1+SLC6A13	GABRA3+GABRG2+GABRB3	GABA-A	1.0	Non-protein Signaling	CellChatDB	GABA-A-GAD1_SLC6A13_GABR_A3B3G2	PMID: 34417930;PMID: 23038269					CellChatDB v2
GAD1+SLC6A13	GABRQ+GABRA3+GABRB3	GABA-A	1.0	Non-protein Signaling	CellChatDB	GABA-A-GAD1_SLC6A13_GABR_A3B3Q	PMID: 34417930;PMID: 23038269					CellChatDB v2
GAD1+SLC6A13	GABRA3+GABRE+GABRB3	GABA-A	1.0	Non-protein Signaling	CellChatDB	GABA-A-GAD1_SLC6A13_GABR_A3B3E	PMID: 34417930;PMID: 23038269					CellChatDB v2
GAD1+SLC6A13	GABRA4+GABRG2+GABRB3	GABA-A	1.0	Non-protein Signaling	CellChatDB	GABA-A-GAD1_SLC6A13_GABR_A4B3G2	PMID: 34417930;PMID: 23038269					CellChatDB v2
GAD1+SLC6A13	GABRA4+GABRD+GABRB3	GABA-A	1.0	Non-protein Signaling	CellChatDB	GABA-A-GAD1_SLC6A13_GABR_A4B3D	PMID: 34417930;PMID: 23038269					CellChatDB v2
GAD1+SLC6A13	GABRA4+GABRD+GABRB2	GABA-A	1.0	Non-protein Signaling	CellChatDB	GABA-A-GAD1_SLC6A13_GABR_A4B2D	PMID: 34417930;PMID: 23038269					CellChatDB v2
GAD1+SLC6A13	GABRA5+GABRG2+GABRB3	GABA-A	1.0	Non-protein Signaling	CellChatDB	GABA-A-GAD1_SLC6A13_GABR_A5B3G2	PMID: 34417930;PMID: 23038269					CellChatDB v2
GAD1+SLC6A13	GABRA6+GABRG2+GABRB3	GABA-A	1.0	Non-protein Signaling	CellChatDB	GABA-A-GAD1_SLC6A13_GABR_A6B3G2	PMID: 34417930;PMID: 23038269					CellChatDB v2
GAD1+SLC6A13	GABRA6+GABRD+GABRB3	GABA-A	1.0	Non-protein Signaling	CellChatDB	GABA-A-GAD1_SLC6A13_GABR_A6B3D	PMID: 34417930;PMID: 23038269					CellChatDB v2
GAD1+SLC6A6	GABRA1+GABRG2+GABRB3	GABA-A	1.0	Non-protein Signaling	CellChatDB	GABA-A-GAD1_SLC6A6_GABR_A1B3G2	PMID: 34417930;PMID: 23038269					CellChatDB v2
GAD1+SLC6A6	GABRA1+GABRG2+GABRB2	GABA-A	1.0	Non-protein Signaling	CellChatDB	GABA-A-GAD1_SLC6A6_GABR_A1B2G2	PMID: 34417930;PMID: 23038269					CellChatDB v2
GAD1+SLC6A6	GABRA1+GABRB2	GABA-A	1.0	Non-protein Signaling	CellChatDB	GABA-A-GAD1_SLC6A6_GABR_A1B2	PMID: 34417930;PMID: 23038269					CellChatDB v2
GAD1+SLC6A6	GABRA1+GABRB3	GABA-A	1.0	Non-protein Signaling	CellChatDB	GABA-A-GAD1_SLC6A6_GABR_A1B3	PMID: 34417930;PMID: 23038269					CellChatDB v2
GAD1+SLC6A6	GABRA1+GABRD+GABRB2	GABA-A	1.0	Non-protein Signaling	CellChatDB	GABA-A-GAD1_SLC6A6_GABR_A1B2D	PMID: 34417930;PMID: 23038269					CellChatDB v2
GAD1+SLC6A6	GABRA2+GABRG2+GABRB3	GABA-A	1.0	Non-protein Signaling	CellChatDB	GABA-A-GAD1_SLC6A6_GABR_A2B3G2	PMID: 34417930;PMID: 23038269					CellChatDB v2
GAD1+SLC6A6	GABRA3+GABRG2+GABRB3	GABA-A	1.0	Non-protein Signaling	CellChatDB	GABA-A-GAD1_SLC6A6_GABR_A3B3G2	PMID: 34417930;PMID: 23038269					CellChatDB v2
GAD1+SLC6A6	GABRQ+GABRA3+GABRB3	GABA-A	1.0	Non-protein Signaling	CellChatDB	GABA-A-GAD1_SLC6A6_GABR_A3B3Q	PMID: 34417930;PMID: 23038269					CellChatDB v2
GAD1+SLC6A6	GABRA3+GABRE+GABRB3	GABA-A	1.0	Non-protein Signaling	CellChatDB	GABA-A-GAD1_SLC6A6_GABR_A3B3E	PMID: 34417930;PMID: 23038269					CellChatDB v2
GAD1+SLC6A6	GABRA4+GABRG2+GABRB3	GABA-A	1.0	Non-protein Signaling	CellChatDB	GABA-A-GAD1_SLC6A6_GABR_A4B3G2	PMID: 34417930;PMID: 23038269					CellChatDB v2
GAD1+SLC6A6	GABRA4+GABRD+GABRB3	GABA-A	1.0	Non-protein Signaling	CellChatDB	GABA-A-GAD1_SLC6A6_GABR_A4B3D	PMID: 34417930;PMID: 23038269					CellChatDB v2
GAD1+SLC6A6	GABRA4+GABRD+GABRB2	GABA-A	1.0	Non-protein Signaling	CellChatDB	GABA-A-GAD1_SLC6A6_GABR_A4B2D	PMID: 34417930;PMID: 23038269					CellChatDB v2
GAD1+SLC6A6	GABRA5+GABRG2+GABRB3	GABA-A	1.0	Non-protein Signaling	CellChatDB	GABA-A-GAD1_SLC6A6_GABR_A5B3G2	PMID: 34417930;PMID: 23038269					CellChatDB v2
GAD1+SLC6A6	GABRA6+GABRG2+GABRB3	GABA-A	1.0	Non-protein Signaling	CellChatDB	GABA-A-GAD1_SLC6A6_GABR_A6B3G2	PMID: 34417930;PMID: 23038269					CellChatDB v2
GAD1+SLC6A6	GABRA6+GABRD+GABRB3	GABA-A	1.0	Non-protein Signaling	CellChatDB	GABA-A-GAD1_SLC6A6_GABR_A6B3D	PMID: 34417930;PMID: 23038269					CellChatDB v2
GAD1+SLC6A8	GABRA1+GABRG2+GABRB3	GABA-A	1.0	Non-protein Signaling	CellChatDB	GABA-A-GAD1_SLC6A8_GABR_A1B3G2	PMID: 34417930;PMID: 23038269					CellChatDB v2
GAD1+SLC6A8	GABRA1+GABRG2+GABRB2	GABA-A	1.0	Non-protein Signaling	CellChatDB	GABA-A-GAD1_SLC6A8_GABR_A1B2G2	PMID: 34417930;PMID: 23038269					CellChatDB v2
GAD1+SLC6A8	GABRA1+GABRB2	GABA-A	1.0	Non-protein Signaling	CellChatDB	GABA-A-GAD1_SLC6A8_GABR_A1B2	PMID: 34417930;PMID: 23038269					CellChatDB v2
GAD1+SLC6A8	GABRA1+GABRB3	GABA-A	1.0	Non-protein Signaling	CellChatDB	GABA-A-GAD1_SLC6A8_GABR_A1B3	PMID: 34417930;PMID: 23038269					CellChatDB v2
GAD1+SLC6A8	GABRA1+GABRD+GABRB2	GABA-A	1.0	Non-protein Signaling	CellChatDB	GABA-A-GAD1_SLC6A8_GABR_A1B2D	PMID: 34417930;PMID: 23038269					CellChatDB v2
GAD1+SLC6A8	GABRA2+GABRG2+GABRB3	GABA-A	1.0	Non-protein Signaling	CellChatDB	GABA-A-GAD1_SLC6A8_GABR_A2B3G2	PMID: 34417930;PMID: 23038269					CellChatDB v2
GAD1+SLC6A8	GABRA3+GABRG2+GABRB3	GABA-A	1.0	Non-protein Signaling	CellChatDB	GABA-A-GAD1_SLC6A8_GABR_A3B3G2	PMID: 34417930;PMID: 23038269					CellChatDB v2
GAD1+SLC6A8	GABRQ+GABRA3+GABRB3	GABA-A	1.0	Non-protein Signaling	CellChatDB	GABA-A-GAD1_SLC6A8_GABR_A3B3Q	PMID: 34417930;PMID: 23038269					CellChatDB v2
GAD1+SLC6A8	GABRA3+GABRE+GABRB3	GABA-A	1.0	Non-protein Signaling	CellChatDB	GABA-A-GAD1_SLC6A8_GABR_A3B3E	PMID: 34417930;PMID: 23038269					CellChatDB v2
GAD1+SLC6A8	GABRA4+GABRG2+GABRB3	GABA-A	1.0	Non-protein Signaling	CellChatDB	GABA-A-GAD1_SLC6A8_GABR_A4B3G2	PMID: 34417930;PMID: 23038269					CellChatDB v2
GAD1+SLC6A8	GABRA4+GABRD+GABRB3	GABA-A	1.0	Non-protein Signaling	CellChatDB	GABA-A-GAD1_SLC6A8_GABR_A4B3D	PMID: 34417930;PMID: 23038269					CellChatDB v2
GAD1+SLC6A8	GABRA4+GABRD+GABRB2	GABA-A	1.0	Non-protein Signaling	CellChatDB	GABA-A-GAD1_SLC6A8_GABR_A4B2D	PMID: 34417930;PMID: 23038269					CellChatDB v2
GAD1+SLC6A8	GABRA5+GABRG2+GABRB3	GABA-A	1.0	Non-protein Signaling	CellChatDB	GABA-A-GAD1_SLC6A8_GABR_A5B3G2	PMID: 34417930;PMID: 23038269					CellChatDB v2
GAD1+SLC6A8	GABRA6+GABRG2+GABRB3	GABA-A	1.0	Non-protein Signaling	CellChatDB	GABA-A-GAD1_SLC6A8_GABR_A6B3G2	PMID: 34417930;PMID: 23038269					CellChatDB v2
GAD1+SLC6A8	GABRA6+GABRD+GABRB3	GABA-A	1.0	Non-protein Signaling	CellChatDB	GABA-A-GAD1_SLC6A8_GABR_A6B3D	PMID: 34417930;PMID: 23038269					CellChatDB v2
SLC32A1+GAD2	GABRA1+GABRG2+GABRB3	GABA-A	1.0	Non-protein Signaling	CellChatDB	GABA-A-GAD2_SLC32A1_GABR_A1B3G2	PMID: 34417930;PMID: 23038269					CellChatDB v2
SLC32A1+GAD2	GABRA1+GABRG2+GABRB2	GABA-A	1.0	Non-protein Signaling	CellChatDB	GABA-A-GAD2_SLC32A1_GABR_A1B2G2	PMID: 34417930;PMID: 23038269					CellChatDB v2
SLC32A1+GAD2	GABRA1+GABRB2	GABA-A	1.0	Non-protein Signaling	CellChatDB	GABA-A-GAD2_SLC32A1_GABR_A1B2	PMID: 34417930;PMID: 23038269					CellChatDB v2
SLC32A1+GAD2	GABRA1+GABRB3	GABA-A	1.0	Non-protein Signaling	CellChatDB	GABA-A-GAD2_SLC32A1_GABR_A1B3	PMID: 34417930;PMID: 23038269					CellChatDB v2
SLC32A1+GAD2	GABRA1+GABRD+GABRB2	GABA-A	1.0	Non-protein Signaling	CellChatDB	GABA-A-GAD2_SLC32A1_GABR_A1B2D	PMID: 34417930;PMID: 23038269					CellChatDB v2
SLC32A1+GAD2	GABRA2+GABRG2+GABRB3	GABA-A	1.0	Non-protein Signaling	CellChatDB	GABA-A-GAD2_SLC32A1_GABR_A2B3G2	PMID: 34417930;PMID: 23038269					CellChatDB v2
SLC32A1+GAD2	GABRA3+GABRG2+GABRB3	GABA-A	1.0	Non-protein Signaling	CellChatDB	GABA-A-GAD2_SLC32A1_GABR_A3B3G2	PMID: 34417930;PMID: 23038269					CellChatDB v2
SLC32A1+GAD2	GABRQ+GABRA3+GABRB3	GABA-A	1.0	Non-protein Signaling	CellChatDB	GABA-A-GAD2_SLC32A1_GABR_A3B3Q	PMID: 34417930;PMID: 23038269					CellChatDB v2
SLC32A1+GAD2	GABRA3+GABRE+GABRB3	GABA-A	1.0	Non-protein Signaling	CellChatDB	GABA-A-GAD2_SLC32A1_GABR_A3B3E	PMID: 34417930;PMID: 23038269					CellChatDB v2
SLC32A1+GAD2	GABRA4+GABRG2+GABRB3	GABA-A	1.0	Non-protein Signaling	CellChatDB	GABA-A-GAD2_SLC32A1_GABR_A4B3G2	PMID: 34417930;PMID: 23038269					CellChatDB v2
SLC32A1+GAD2	GABRA4+GABRD+GABRB3	GABA-A	1.0	Non-protein Signaling	CellChatDB	GABA-A-GAD2_SLC32A1_GABR_A4B3D	PMID: 34417930;PMID: 23038269					CellChatDB v2
SLC32A1+GAD2	GABRA4+GABRD+GABRB2	GABA-A	1.0	Non-protein Signaling	CellChatDB	GABA-A-GAD2_SLC32A1_GABR_A4B2D	PMID: 34417930;PMID: 23038269					CellChatDB v2
SLC32A1+GAD2	GABRA5+GABRG2+GABRB3	GABA-A	1.0	Non-protein Signaling	CellChatDB	GABA-A-GAD2_SLC32A1_GABR_A5B3G2	PMID: 34417930;PMID: 23038269					CellChatDB v2
SLC32A1+GAD2	GABRA6+GABRG2+GABRB3	GABA-A	1.0	Non-protein Signaling	CellChatDB	GABA-A-GAD2_SLC32A1_GABR_A6B3G2	PMID: 34417930;PMID: 23038269					CellChatDB v2
SLC32A1+GAD2	GABRA6+GABRD+GABRB3	GABA-A	1.0	Non-protein Signaling	CellChatDB	GABA-A-GAD2_SLC32A1_GABR_A6B3D	PMID: 34417930;PMID: 23038269					CellChatDB v2
GAD2+SLC6A1	GABRA1+GABRG2+GABRB3	GABA-A	1.0	Non-protein Signaling	CellChatDB	GABA-A-GAD2_SLC6A1_GABR_A1B3G2	PMID: 34417930;PMID: 23038269					CellChatDB v2
GAD2+SLC6A1	GABRA1+GABRG2+GABRB2	GABA-A	1.0	Non-protein Signaling	CellChatDB	GABA-A-GAD2_SLC6A1_GABR_A1B2G2	PMID: 34417930;PMID: 23038269					CellChatDB v2
GAD2+SLC6A1	GABRA1+GABRB2	GABA-A	1.0	Non-protein Signaling	CellChatDB	GABA-A-GAD2_SLC6A1_GABR_A1B2	PMID: 34417930;PMID: 23038269					CellChatDB v2
GAD2+SLC6A1	GABRA1+GABRB3	GABA-A	1.0	Non-protein Signaling	CellChatDB	GABA-A-GAD2_SLC6A1_GABR_A1B3	PMID: 34417930;PMID: 23038269					CellChatDB v2
GAD2+SLC6A1	GABRA1+GABRD+GABRB2	GABA-A	1.0	Non-protein Signaling	CellChatDB	GABA-A-GAD2_SLC6A1_GABR_A1B2D	PMID: 34417930;PMID: 23038269					CellChatDB v2
GAD2+SLC6A1	GABRA2+GABRG2+GABRB3	GABA-A	1.0	Non-protein Signaling	CellChatDB	GABA-A-GAD2_SLC6A1_GABR_A2B3G2	PMID: 34417930;PMID: 23038269					CellChatDB v2
GAD2+SLC6A1	GABRA3+GABRG2+GABRB3	GABA-A	1.0	Non-protein Signaling	CellChatDB	GABA-A-GAD2_SLC6A1_GABR_A3B3G2	PMID: 34417930;PMID: 23038269					CellChatDB v2
GAD2+SLC6A1	GABRQ+GABRA3+GABRB3	GABA-A	1.0	Non-protein Signaling	CellChatDB	GABA-A-GAD2_SLC6A1_GABR_A3B3Q	PMID: 34417930;PMID: 23038269					CellChatDB v2
GAD2+SLC6A1	GABRA3+GABRE+GABRB3	GABA-A	1.0	Non-protein Signaling	CellChatDB	GABA-A-GAD2_SLC6A1_GABR_A3B3E	PMID: 34417930;PMID: 23038269					CellChatDB v2
GAD2+SLC6A1	GABRA4+GABRG2+GABRB3	GABA-A	1.0	Non-protein Signaling	CellChatDB	GABA-A-GAD2_SLC6A1_GABR_A4B3G2	PMID: 34417930;PMID: 23038269					CellChatDB v2
GAD2+SLC6A1	GABRA4+GABRD+GABRB3	GABA-A	1.0	Non-protein Signaling	CellChatDB	GABA-A-GAD2_SLC6A1_GABR_A4B3D	PMID: 34417930;PMID: 23038269					CellChatDB v2
GAD2+SLC6A1	GABRA4+GABRD+GABRB2	GABA-A	1.0	Non-protein Signaling	CellChatDB	GABA-A-GAD2_SLC6A1_GABR_A4B2D	PMID: 34417930;PMID: 23038269					CellChatDB v2
GAD2+SLC6A1	GABRA5+GABRG2+GABRB3	GABA-A	1.0	Non-protein Signaling	CellChatDB	GABA-A-GAD2_SLC6A1_GABR_A5B3G2	PMID: 34417930;PMID: 23038269					CellChatDB v2
GAD2+SLC6A1	GABRA6+GABRG2+GABRB3	GABA-A	1.0	Non-protein Signaling	CellChatDB	GABA-A-GAD2_SLC6A1_GABR_A6B3G2	PMID: 34417930;PMID: 23038269					CellChatDB v2
GAD2+SLC6A1	GABRA6+GABRD+GABRB3	GABA-A	1.0	Non-protein Signaling	CellChatDB	GABA-A-GAD2_SLC6A1_GABR_A6B3D	PMID: 34417930;PMID: 23038269					CellChatDB v2
GAD2+SLC6A11	GABRA1+GABRG2+GABRB3	GABA-A	1.0	Non-protein Signaling	CellChatDB	GABA-A-GAD2_SLC6A11_GABR_A1B3G2	PMID: 34417930;PMID: 23038269					CellChatDB v2
GAD2+SLC6A11	GABRA1+GABRG2+GABRB2	GABA-A	1.0	Non-protein Signaling	CellChatDB	GABA-A-GAD2_SLC6A11_GABR_A1B2G2	PMID: 34417930;PMID: 23038269					CellChatDB v2
GAD2+SLC6A11	GABRA1+GABRB2	GABA-A	1.0	Non-protein Signaling	CellChatDB	GABA-A-GAD2_SLC6A11_GABR_A1B2	PMID: 34417930;PMID: 23038269					CellChatDB v2
GAD2+SLC6A11	GABRA1+GABRB3	GABA-A	1.0	Non-protein Signaling	CellChatDB	GABA-A-GAD2_SLC6A11_GABR_A1B3	PMID: 34417930;PMID: 23038269					CellChatDB v2
GAD2+SLC6A11	GABRA1+GABRD+GABRB2	GABA-A	1.0	Non-protein Signaling	CellChatDB	GABA-A-GAD2_SLC6A11_GABR_A1B2D	PMID: 34417930;PMID: 23038269					CellChatDB v2
GAD2+SLC6A11	GABRA2+GABRG2+GABRB3	GABA-A	1.0	Non-protein Signaling	CellChatDB	GABA-A-GAD2_SLC6A11_GABR_A2B3G2	PMID: 34417930;PMID: 23038269					CellChatDB v2
GAD2+SLC6A11	GABRA3+GABRG2+GABRB3	GABA-A	1.0	Non-protein Signaling	CellChatDB	GABA-A-GAD2_SLC6A11_GABR_A3B3G2	PMID: 34417930;PMID: 23038269					CellChatDB v2
GAD2+SLC6A11	GABRQ+GABRA3+GABRB3	GABA-A	1.0	Non-protein Signaling	CellChatDB	GABA-A-GAD2_SLC6A11_GABR_A3B3Q	PMID: 34417930;PMID: 23038269					CellChatDB v2
GAD2+SLC6A11	GABRA3+GABRE+GABRB3	GABA-A	1.0	Non-protein Signaling	CellChatDB	GABA-A-GAD2_SLC6A11_GABR_A3B3E	PMID: 34417930;PMID: 23038269					CellChatDB v2
GAD2+SLC6A11	GABRA4+GABRG2+GABRB3	GABA-A	1.0	Non-protein Signaling	CellChatDB	GABA-A-GAD2_SLC6A11_GABR_A4B3G2	PMID: 34417930;PMID: 23038269					CellChatDB v2
GAD2+SLC6A11	GABRA4+GABRD+GABRB3	GABA-A	1.0	Non-protein Signaling	CellChatDB	GABA-A-GAD2_SLC6A11_GABR_A4B3D	PMID: 34417930;PMID: 23038269					CellChatDB v2
GAD2+SLC6A11	GABRA4+GABRD+GABRB2	GABA-A	1.0	Non-protein Signaling	CellChatDB	GABA-A-GAD2_SLC6A11_GABR_A4B2D	PMID: 34417930;PMID: 23038269					CellChatDB v2
GAD2+SLC6A11	GABRA5+GABRG2+GABRB3	GABA-A	1.0	Non-protein Signaling	CellChatDB	GABA-A-GAD2_SLC6A11_GABR_A5B3G2	PMID: 34417930;PMID: 23038269					CellChatDB v2
GAD2+SLC6A11	GABRA6+GABRG2+GABRB3	GABA-A	1.0	Non-protein Signaling	CellChatDB	GABA-A-GAD2_SLC6A11_GABR_A6B3G2	PMID: 34417930;PMID: 23038269					CellChatDB v2
GAD2+SLC6A11	GABRA6+GABRD+GABRB3	GABA-A	1.0	Non-protein Signaling	CellChatDB	GABA-A-GAD2_SLC6A11_GABR_A6B3D	PMID: 34417930;PMID: 23038269					CellChatDB v2
SLC6A12+GAD2	GABRA1+GABRG2+GABRB3	GABA-A	1.0	Non-protein Signaling	CellChatDB	GABA-A-GAD2_SLC6A12_GABR_A1B3G2	PMID: 34417930;PMID: 23038269					CellChatDB v2
SLC6A12+GAD2	GABRA1+GABRG2+GABRB2	GABA-A	1.0	Non-protein Signaling	CellChatDB	GABA-A-GAD2_SLC6A12_GABR_A1B2G2	PMID: 34417930;PMID: 23038269					CellChatDB v2
SLC6A12+GAD2	GABRA1+GABRB2	GABA-A	1.0	Non-protein Signaling	CellChatDB	GABA-A-GAD2_SLC6A12_GABR_A1B2	PMID: 34417930;PMID: 23038269					CellChatDB v2
SLC6A12+GAD2	GABRA1+GABRB3	GABA-A	1.0	Non-protein Signaling	CellChatDB	GABA-A-GAD2_SLC6A12_GABR_A1B3	PMID: 34417930;PMID: 23038269					CellChatDB v2
SLC6A12+GAD2	GABRA1+GABRD+GABRB2	GABA-A	1.0	Non-protein Signaling	CellChatDB	GABA-A-GAD2_SLC6A12_GABR_A1B2D	PMID: 34417930;PMID: 23038269					CellChatDB v2
SLC6A12+GAD2	GABRA2+GABRG2+GABRB3	GABA-A	1.0	Non-protein Signaling	CellChatDB	GABA-A-GAD2_SLC6A12_GABR_A2B3G2	PMID: 34417930;PMID: 23038269					CellChatDB v2
SLC6A12+GAD2	GABRA3+GABRG2+GABRB3	GABA-A	1.0	Non-protein Signaling	CellChatDB	GABA-A-GAD2_SLC6A12_GABR_A3B3G2	PMID: 34417930;PMID: 23038269					CellChatDB v2
SLC6A12+GAD2	GABRQ+GABRA3+GABRB3	GABA-A	1.0	Non-protein Signaling	CellChatDB	GABA-A-GAD2_SLC6A12_GABR_A3B3Q	PMID: 34417930;PMID: 23038269					CellChatDB v2
SLC6A12+GAD2	GABRA3+GABRE+GABRB3	GABA-A	1.0	Non-protein Signaling	CellChatDB	GABA-A-GAD2_SLC6A12_GABR_A3B3E	PMID: 34417930;PMID: 23038269					CellChatDB v2
SLC6A12+GAD2	GABRA4+GABRG2+GABRB3	GABA-A	1.0	Non-protein Signaling	CellChatDB	GABA-A-GAD2_SLC6A12_GABR_A4B3G2	PMID: 34417930;PMID: 23038269					CellChatDB v2
SLC6A12+GAD2	GABRA4+GABRD+GABRB3	GABA-A	1.0	Non-protein Signaling	CellChatDB	GABA-A-GAD2_SLC6A12_GABR_A4B3D	PMID: 34417930;PMID: 23038269					CellChatDB v2
SLC6A12+GAD2	GABRA4+GABRD+GABRB2	GABA-A	1.0	Non-protein Signaling	CellChatDB	GABA-A-GAD2_SLC6A12_GABR_A4B2D	PMID: 34417930;PMID: 23038269					CellChatDB v2
SLC6A12+GAD2	GABRA5+GABRG2+GABRB3	GABA-A	1.0	Non-protein Signaling	CellChatDB	GABA-A-GAD2_SLC6A12_GABR_A5B3G2	PMID: 34417930;PMID: 23038269					CellChatDB v2
SLC6A12+GAD2	GABRA6+GABRG2+GABRB3	GABA-A	1.0	Non-protein Signaling	CellChatDB	GABA-A-GAD2_SLC6A12_GABR_A6B3G2	PMID: 34417930;PMID: 23038269					CellChatDB v2
SLC6A12+GAD2	GABRA6+GABRD+GABRB3	GABA-A	1.0	Non-protein Signaling	CellChatDB	GABA-A-GAD2_SLC6A12_GABR_A6B3D	PMID: 34417930;PMID: 23038269					CellChatDB v2
GAD2+SLC6A13	GABRA1+GABRG2+GABRB3	GABA-A	1.0	Non-protein Signaling	CellChatDB	GABA-A-GAD2_SLC6A13_GABR_A1B3G2	PMID: 34417930;PMID: 23038269					CellChatDB v2
GAD2+SLC6A13	GABRA1+GABRG2+GABRB2	GABA-A	1.0	Non-protein Signaling	CellChatDB	GABA-A-GAD2_SLC6A13_GABR_A1B2G2	PMID: 34417930;PMID: 23038269					CellChatDB v2
GAD2+SLC6A13	GABRA1+GABRB2	GABA-A	1.0	Non-protein Signaling	CellChatDB	GABA-A-GAD2_SLC6A13_GABR_A1B2	PMID: 34417930;PMID: 23038269					CellChatDB v2
GAD2+SLC6A13	GABRA1+GABRB3	GABA-A	1.0	Non-protein Signaling	CellChatDB	GABA-A-GAD2_SLC6A13_GABR_A1B3	PMID: 34417930;PMID: 23038269					CellChatDB v2
GAD2+SLC6A13	GABRA1+GABRD+GABRB2	GABA-A	1.0	Non-protein Signaling	CellChatDB	GABA-A-GAD2_SLC6A13_GABR_A1B2D	PMID: 34417930;PMID: 23038269					CellChatDB v2
GAD2+SLC6A13	GABRA2+GABRG2+GABRB3	GABA-A	1.0	Non-protein Signaling	CellChatDB	GABA-A-GAD2_SLC6A13_GABR_A2B3G2	PMID: 34417930;PMID: 23038269					CellChatDB v2
GAD2+SLC6A13	GABRA3+GABRG2+GABRB3	GABA-A	1.0	Non-protein Signaling	CellChatDB	GABA-A-GAD2_SLC6A13_GABR_A3B3G2	PMID: 34417930;PMID: 23038269					CellChatDB v2
GAD2+SLC6A13	GABRQ+GABRA3+GABRB3	GABA-A	1.0	Non-protein Signaling	CellChatDB	GABA-A-GAD2_SLC6A13_GABR_A3B3Q	PMID: 34417930;PMID: 23038269					CellChatDB v2
GAD2+SLC6A13	GABRA3+GABRE+GABRB3	GABA-A	1.0	Non-protein Signaling	CellChatDB	GABA-A-GAD2_SLC6A13_GABR_A3B3E	PMID: 34417930;PMID: 23038269					CellChatDB v2
GAD2+SLC6A13	GABRA4+GABRG2+GABRB3	GABA-A	1.0	Non-protein Signaling	CellChatDB	GABA-A-GAD2_SLC6A13_GABR_A4B3G2	PMID: 34417930;PMID: 23038269					CellChatDB v2
GAD2+SLC6A13	GABRA4+GABRD+GABRB3	GABA-A	1.0	Non-protein Signaling	CellChatDB	GABA-A-GAD2_SLC6A13_GABR_A4B3D	PMID: 34417930;PMID: 23038269					CellChatDB v2
GAD2+SLC6A13	GABRA4+GABRD+GABRB2	GABA-A	1.0	Non-protein Signaling	CellChatDB	GABA-A-GAD2_SLC6A13_GABR_A4B2D	PMID: 34417930;PMID: 23038269					CellChatDB v2
GAD2+SLC6A13	GABRA5+GABRG2+GABRB3	GABA-A	1.0	Non-protein Signaling	CellChatDB	GABA-A-GAD2_SLC6A13_GABR_A5B3G2	PMID: 34417930;PMID: 23038269					CellChatDB v2
GAD2+SLC6A13	GABRA6+GABRG2+GABRB3	GABA-A	1.0	Non-protein Signaling	CellChatDB	GABA-A-GAD2_SLC6A13_GABR_A6B3G2	PMID: 34417930;PMID: 23038269					CellChatDB v2
GAD2+SLC6A13	GABRA6+GABRD+GABRB3	GABA-A	1.0	Non-protein Signaling	CellChatDB	GABA-A-GAD2_SLC6A13_GABR_A6B3D	PMID: 34417930;PMID: 23038269					CellChatDB v2
GAD2+SLC6A6	GABRA1+GABRG2+GABRB3	GABA-A	1.0	Non-protein Signaling	CellChatDB	GABA-A-GAD2_SLC6A6_GABR_A1B3G2	PMID: 34417930;PMID: 23038269					CellChatDB v2
GAD2+SLC6A6	GABRA1+GABRG2+GABRB2	GABA-A	1.0	Non-protein Signaling	CellChatDB	GABA-A-GAD2_SLC6A6_GABR_A1B2G2	PMID: 34417930;PMID: 23038269					CellChatDB v2
GAD2+SLC6A6	GABRA1+GABRB2	GABA-A	1.0	Non-protein Signaling	CellChatDB	GABA-A-GAD2_SLC6A6_GABR_A1B2	PMID: 34417930;PMID: 23038269					CellChatDB v2
GAD2+SLC6A6	GABRA1+GABRB3	GABA-A	1.0	Non-protein Signaling	CellChatDB	GABA-A-GAD2_SLC6A6_GABR_A1B3	PMID: 34417930;PMID: 23038269					CellChatDB v2
GAD2+SLC6A6	GABRA1+GABRD+GABRB2	GABA-A	1.0	Non-protein Signaling	CellChatDB	GABA-A-GAD2_SLC6A6_GABR_A1B2D	PMID: 34417930;PMID: 23038269					CellChatDB v2
GAD2+SLC6A6	GABRA2+GABRG2+GABRB3	GABA-A	1.0	Non-protein Signaling	CellChatDB	GABA-A-GAD2_SLC6A6_GABR_A2B3G2	PMID: 34417930;PMID: 23038269					CellChatDB v2
GAD2+SLC6A6	GABRA3+GABRG2+GABRB3	GABA-A	1.0	Non-protein Signaling	CellChatDB	GABA-A-GAD2_SLC6A6_GABR_A3B3G2	PMID: 34417930;PMID: 23038269					CellChatDB v2
GAD2+SLC6A6	GABRQ+GABRA3+GABRB3	GABA-A	1.0	Non-protein Signaling	CellChatDB	GABA-A-GAD2_SLC6A6_GABR_A3B3Q	PMID: 34417930;PMID: 23038269					CellChatDB v2
GAD2+SLC6A6	GABRA3+GABRE+GABRB3	GABA-A	1.0	Non-protein Signaling	CellChatDB	GABA-A-GAD2_SLC6A6_GABR_A3B3E	PMID: 34417930;PMID: 23038269					CellChatDB v2
GAD2+SLC6A6	GABRA4+GABRG2+GABRB3	GABA-A	1.0	Non-protein Signaling	CellChatDB	GABA-A-GAD2_SLC6A6_GABR_A4B3G2	PMID: 34417930;PMID: 23038269					CellChatDB v2
GAD2+SLC6A6	GABRA4+GABRD+GABRB3	GABA-A	1.0	Non-protein Signaling	CellChatDB	GABA-A-GAD2_SLC6A6_GABR_A4B3D	PMID: 34417930;PMID: 23038269					CellChatDB v2
GAD2+SLC6A6	GABRA4+GABRD+GABRB2	GABA-A	1.0	Non-protein Signaling	CellChatDB	GABA-A-GAD2_SLC6A6_GABR_A4B2D	PMID: 34417930;PMID: 23038269					CellChatDB v2
GAD2+SLC6A6	GABRA5+GABRG2+GABRB3	GABA-A	1.0	Non-protein Signaling	CellChatDB	GABA-A-GAD2_SLC6A6_GABR_A5B3G2	PMID: 34417930;PMID: 23038269					CellChatDB v2
GAD2+SLC6A6	GABRA6+GABRG2+GABRB3	GABA-A	1.0	Non-protein Signaling	CellChatDB	GABA-A-GAD2_SLC6A6_GABR_A6B3G2	PMID: 34417930;PMID: 23038269					CellChatDB v2
GAD2+SLC6A6	GABRA6+GABRD+GABRB3	GABA-A	1.0	Non-protein Signaling	CellChatDB	GABA-A-GAD2_SLC6A6_GABR_A6B3D	PMID: 34417930;PMID: 23038269					CellChatDB v2
GAD2+SLC6A8	GABRA1+GABRG2+GABRB3	GABA-A	1.0	Non-protein Signaling	CellChatDB	GABA-A-GAD2_SLC6A8_GABR_A1B3G2	PMID: 34417930;PMID: 23038269					CellChatDB v2
GAD2+SLC6A8	GABRA1+GABRG2+GABRB2	GABA-A	1.0	Non-protein Signaling	CellChatDB	GABA-A-GAD2_SLC6A8_GABR_A1B2G2	PMID: 34417930;PMID: 23038269					CellChatDB v2
GAD2+SLC6A8	GABRA1+GABRB2	GABA-A	1.0	Non-protein Signaling	CellChatDB	GABA-A-GAD2_SLC6A8_GABR_A1B2	PMID: 34417930;PMID: 23038269					CellChatDB v2
GAD2+SLC6A8	GABRA1+GABRB3	GABA-A	1.0	Non-protein Signaling	CellChatDB	GABA-A-GAD2_SLC6A8_GABR_A1B3	PMID: 34417930;PMID: 23038269					CellChatDB v2
GAD2+SLC6A8	GABRA1+GABRD+GABRB2	GABA-A	1.0	Non-protein Signaling	CellChatDB	GABA-A-GAD2_SLC6A8_GABR_A1B2D	PMID: 34417930;PMID: 23038269					CellChatDB v2
GAD2+SLC6A8	GABRA2+GABRG2+GABRB3	GABA-A	1.0	Non-protein Signaling	CellChatDB	GABA-A-GAD2_SLC6A8_GABR_A2B3G2	PMID: 34417930;PMID: 23038269					CellChatDB v2
GAD2+SLC6A8	GABRA3+GABRG2+GABRB3	GABA-A	1.0	Non-protein Signaling	CellChatDB	GABA-A-GAD2_SLC6A8_GABR_A3B3G2	PMID: 34417930;PMID: 23038269					CellChatDB v2
GAD2+SLC6A8	GABRQ+GABRA3+GABRB3	GABA-A	1.0	Non-protein Signaling	CellChatDB	GABA-A-GAD2_SLC6A8_GABR_A3B3Q	PMID: 34417930;PMID: 23038269					CellChatDB v2
GAD2+SLC6A8	GABRA3+GABRE+GABRB3	GABA-A	1.0	Non-protein Signaling	CellChatDB	GABA-A-GAD2_SLC6A8_GABR_A3B3E	PMID: 34417930;PMID: 23038269					CellChatDB v2
GAD2+SLC6A8	GABRA4+GABRG2+GABRB3	GABA-A	1.0	Non-protein Signaling	CellChatDB	GABA-A-GAD2_SLC6A8_GABR_A4B3G2	PMID: 34417930;PMID: 23038269					CellChatDB v2
GAD2+SLC6A8	GABRA4+GABRD+GABRB3	GABA-A	1.0	Non-protein Signaling	CellChatDB	GABA-A-GAD2_SLC6A8_GABR_A4B3D	PMID: 34417930;PMID: 23038269					CellChatDB v2
GAD2+SLC6A8	GABRA4+GABRD+GABRB2	GABA-A	1.0	Non-protein Signaling	CellChatDB	GABA-A-GAD2_SLC6A8_GABR_A4B2D	PMID: 34417930;PMID: 23038269					CellChatDB v2
GAD2+SLC6A8	GABRA5+GABRG2+GABRB3	GABA-A	1.0	Non-protein Signaling	CellChatDB	GABA-A-GAD2_SLC6A8_GABR_A5B3G2	PMID: 34417930;PMID: 23038269					CellChatDB v2
GAD2+SLC6A8	GABRA6+GABRG2+GABRB3	GABA-A	1.0	Non-protein Signaling	CellChatDB	GABA-A-GAD2_SLC6A8_GABR_A6B3G2	PMID: 34417930;PMID: 23038269					CellChatDB v2
GAD2+SLC6A8	GABRA6+GABRD+GABRB3	GABA-A	1.0	Non-protein Signaling	CellChatDB	GABA-A-GAD2_SLC6A8_GABR_A6B3D	PMID: 34417930;PMID: 23038269					CellChatDB v2
SLC6A5+SHMT1	GLRA1+GLRB	Glycine	1.0	Non-protein Signaling	CellChatDB	Glycine-Gly-SHMT1_SLC6A5_GLRA1_GLRB	PMID: 9131721					CellChatDB v2
SLC6A5+SHMT1	GLRA2	Glycine	1.0	Non-protein Signaling	CellChatDB	Glycine-Gly-SHMT1_SLC6A5_GLRA2	PMID: 9131721					CellChatDB v2
SHMT1+SLC6A9	GLRA1+GLRB	Glycine	1.0	Non-protein Signaling	CellChatDB	Glycine-Gly-SHMT1_SLC6A9_GLRA1_GLRB	PMID: 9131721					CellChatDB v2
SHMT1+SLC6A9	GLRA2	Glycine	1.0	Non-protein Signaling	CellChatDB	Glycine-Gly-SHMT1_SLC6A9_GLRA2	PMID: 9131721					CellChatDB v2
SLC6A5+SHMT2	GLRA1+GLRB	Glycine	1.0	Non-protein Signaling	CellChatDB	Glycine-Gly-SHMT2_SLC6A5_GLRA1_GLRB	PMID: 9131721					CellChatDB v2
SLC6A5+SHMT2	GLRA2	Glycine	1.0	Non-protein Signaling	CellChatDB	Glycine-Gly-SHMT2_SLC6A5_GLRA2	PMID: 9131721					CellChatDB v2
SHMT2+SLC6A9	GLRA1+GLRB	Glycine	1.0	Non-protein Signaling	CellChatDB	Glycine-Gly-SHMT2_SLC6A9_GLRA1_GLRB	PMID: 9131721					CellChatDB v2
SHMT2+SLC6A9	GLRA2	Glycine	1.0	Non-protein Signaling	CellChatDB	Glycine-Gly-SHMT2_SLC6A9_GLRA2	PMID: 9131721					CellChatDB v2
SDC1	ADGRA2	ADGRA	1.0	Cell-Cell Contact	CellChatDB	SDC1_ADGRA2	PMID: 31462748					CellChatDB v2
SDC2	ADGRA2	ADGRA	1.0	Cell-Cell Contact	CellChatDB	SDC2_ADGRA2	PMID: 31462748					CellChatDB v2
ITGAV+ITGB3	ADGRA2	ADGRA	1.0	Cell-Cell Contact	CellChatDB	ITGAV_ITGB3_ADGRA2	PMID: 31462748					CellChatDB v2
TAX1BP3	ADGRB1	ADGRB	1.0	Cell-Cell Contact	CellChatDB	TAX1BP3_ADGRB1	PMID: 31462748					CellChatDB v2
RTN4R	ADGRB1	ADGRB	1.0	Cell-Cell Contact	CellChatDB	RTN4R_ADGRB1	PMID: 31462748					CellChatDB v2
ITGAV+ITGB5	ADGRB1	ADGRB	1.0	Cell-Cell Contact	CellChatDB	ITGAV_ITGB5_ADGRB1	PMID: 31462748					CellChatDB v2
TAX1BP3	ADGRB2	ADGRB	1.0	Cell-Cell Contact	CellChatDB	TAX1BP3_ADGRB2	PMID: 31462748					CellChatDB v2
C1QL1	ADGRB3	ADGRB	1.0	Cell-Cell Contact	CellChatDB	C1QL1_ADGRB3	PMID: 31462748					CellChatDB v2
C1QL2	ADGRB3	ADGRB	1.0	Cell-Cell Contact	CellChatDB	C1QL2_ADGRB3	PMID: 31462748					CellChatDB v2
C1QL3	ADGRB3	ADGRB	1.0	Cell-Cell Contact	CellChatDB	C1QL3_ADGRB3	PMID: 31462748					CellChatDB v2
C1QL4	ADGRB3	ADGRB	1.0	Cell-Cell Contact	CellChatDB	C1QL4_ADGRB3	PMID: 31462748					CellChatDB v2
THY1	ADGRE2	ADGRE	1.0	Cell-Cell Contact	CellChatDB	THY1_ADGRE2	PMID: 31462748					CellChatDB v2
ITGAV+ITGB1	ADGRE2	ADGRE	1.0	Cell-Cell Contact	CellChatDB	ITGAV_ITGB1_ADGRE2	PMID: 31462748					CellChatDB v2
ITGAV+ITGB3	ADGRE2	ADGRE	1.0	Cell-Cell Contact	CellChatDB	ITGAV_ITGB3_ADGRE2	PMID: 31462748					CellChatDB v2
CD55	ADGRE5	ADGRE	1.0	Cell-Cell Contact	CellChatDB	CD55_ADGRE5	PMID: 31462748					CellChatDB v2
LPAR1	ADGRE5	ADGRE	1.0	Cell-Cell Contact	CellChatDB	LPAR1_ADGRE5	PMID: 31462748					CellChatDB v2
LPAR2	ADGRE5	ADGRE	1.0	Cell-Cell Contact	CellChatDB	LPAR2_ADGRE5	PMID: 31462748					CellChatDB v2
LPAR3	ADGRE5	ADGRE	1.0	Cell-Cell Contact	CellChatDB	LPAR3_ADGRE5	PMID: 31462748					CellChatDB v2
THY1	ADGRE5	ADGRE	1.0	Cell-Cell Contact	CellChatDB	THY1_ADGRE5	PMID: 31462748					CellChatDB v2
ITGAV+ITGB1	ADGRE5	ADGRE	1.0	Cell-Cell Contact	CellChatDB	ITGAV_ITGB1_ADGRE5	PMID: 31462748					CellChatDB v2
ITGAV+ITGB3	ADGRE5	ADGRE	1.0	Cell-Cell Contact	CellChatDB	ITGAV_ITGB3_ADGRE5	PMID: 31462748					CellChatDB v2
SFTPD	ADGRE5	ADGRE	1.0	Cell-Cell Contact	CellChatDB	SFTPD_ADGRE5	PMID: 31462748					CellChatDB v2
COL3A1	ADGRG1	ADGRG	1.0	Cell-Cell Contact	CellChatDB	COL3A1_ADGRG1	PMID: 31462748;UniProtKB					CellChatDB v2
GAST	ADGRG1	ADGRG	1.0	Cell-Cell Contact	CellChatDB	GAST_ADGRG1	PMID: 31462748					CellChatDB v2
TGM2	ADGRG1	ADGRG	1.0	Cell-Cell Contact	CellChatDB	TGM2_ADGRG1	PMID: 31462748					CellChatDB v2
COL4A1	ADGRG6	ADGRG	1.0	Cell-Cell Contact	CellChatDB	COL4A1_ADGRG6	PMID: 31462748					CellChatDB v2
COL4A2	ADGRG6	ADGRG	1.0	Cell-Cell Contact	CellChatDB	COL4A2_ADGRG6	PMID: 31462748					CellChatDB v2
COL4A3	ADGRG6	ADGRG	1.0	Cell-Cell Contact	CellChatDB	COL4A3_ADGRG6	PMID: 31462748					CellChatDB v2
COL4A4	ADGRG6	ADGRG	1.0	Cell-Cell Contact	CellChatDB	COL4A4_ADGRG6	PMID: 31462748					CellChatDB v2
COL4A5	ADGRG6	ADGRG	1.0	Cell-Cell Contact	CellChatDB	COL4A5_ADGRG6	PMID: 31462748					CellChatDB v2
COL4A6	ADGRG6	ADGRG	1.0	Cell-Cell Contact	CellChatDB	COL4A6_ADGRG6	PMID: 31462748					CellChatDB v2
LAMA2	ADGRG6	ADGRG	1.0	Cell-Cell Contact	CellChatDB	LAMA2_ADGRG6	PMID: 31462748					CellChatDB v2
PRNP	ADGRG6	ADGRG	1.0	Cell-Cell Contact	CellChatDB	PRNP_ADGRG6	PMID: 31462748					CellChatDB v2
FLRT1	ADGRL1	ADGRL	1.0	Cell-Cell Contact	CellChatDB	FLRT1_ADGRL1	PMID: 25728924;PMID: 34022279;PMID: 27091502;PMID: 35907405					CellChatDB v2
FLRT2	ADGRL1	ADGRL	1.0	Cell-Cell Contact	CellChatDB	FLRT2_ADGRL1	PMID: 25728924;PMID: 34022279;PMID: 27091502;PMID: 35907405					CellChatDB v2
FLRT3	ADGRL1	ADGRL	1.0	Cell-Cell Contact	CellChatDB	FLRT3_ADGRL1	PMID: 25728924;PMID: 34022279;PMID: 27091502;PMID: 35907405					CellChatDB v2
NRXN1	ADGRL1	ADGRL	1.0	Cell-Cell Contact	CellChatDB	NRXN1_ADGRL1	PMID: 25728924;PMID: 34022279;PMID: 27091502;PMID: 35907405					CellChatDB v2
NRXN2	ADGRL1	ADGRL	1.0	Cell-Cell Contact	CellChatDB	NRXN2_ADGRL1	PMID: 25728924;PMID: 34022279;PMID: 27091502;PMID: 35907405					CellChatDB v2
NRXN3	ADGRL1	ADGRL	1.0	Cell-Cell Contact	CellChatDB	NRXN3_ADGRL1	PMID: 25728924;PMID: 34022279;PMID: 27091502;PMID: 35907405					CellChatDB v2
TENM1	ADGRL1	ADGRL	1.0	Cell-Cell Contact	CellChatDB	TENM1_ADGRL1	PMID: 25728924;PMID: 34022279;PMID: 27091502;PMID: 35907405					CellChatDB v2
TENM2	ADGRL1	ADGRL	1.0	Cell-Cell Contact	CellChatDB	TENM2_ADGRL1	PMID: 25728924;PMID: 34022279;PMID: 27091502;PMID: 35907405					CellChatDB v2
TENM3	ADGRL1	ADGRL	1.0	Cell-Cell Contact	CellChatDB	TENM3_ADGRL1	PMID: 25728924;PMID: 34022279;PMID: 27091502;PMID: 35907405					CellChatDB v2
TENM4	ADGRL1	ADGRL	1.0	Cell-Cell Contact	CellChatDB	TENM4_ADGRL1	PMID: 25728924;PMID: 34022279;PMID: 27091502;PMID: 35907405					CellChatDB v2
FLRT1+TENM2	ADGRL1	ADGRL	1.0	Cell-Cell Contact	CellChatDB	TENM2_FLRT1_ADGRL1	PMID: 25728924;PMID: 34022279;PMID: 27091502;PMID: 35907405					CellChatDB v2
FLRT3+TENM2	ADGRL1	ADGRL	1.0	Cell-Cell Contact	CellChatDB	TENM2_FLRT3_ADGRL1	PMID: 25728924;PMID: 34022279;PMID: 27091502;PMID: 35907405					CellChatDB v2
FLRT1+TENM4	ADGRL1	ADGRL	1.0	Cell-Cell Contact	CellChatDB	TENM4_FLRT1_ADGRL1	PMID: 25728924;PMID: 34022279;PMID: 27091502;PMID: 35907405					CellChatDB v2
FLRT3+TENM4	ADGRL1	ADGRL	1.0	Cell-Cell Contact	CellChatDB	TENM4_FLRT3_ADGRL1	PMID: 25728924;PMID: 34022279;PMID: 27091502;PMID: 35907405					CellChatDB v2
FLRT1	ADGRL2	ADGRL	1.0	Cell-Cell Contact	CellChatDB	FLRT1_ADGRL2	PMID: 25728924;PMID: 34022279;PMID: 27091502;PMID: 35907405					CellChatDB v2
FLRT2	ADGRL2	ADGRL	1.0	Cell-Cell Contact	CellChatDB	FLRT2_ADGRL2	PMID: 25728924;PMID: 34022279;PMID: 27091502;PMID: 35907405					CellChatDB v2
FLRT3	ADGRL2	ADGRL	1.0	Cell-Cell Contact	CellChatDB	FLRT3_ADGRL2	PMID: 25728924;PMID: 34022279;PMID: 27091502;PMID: 35907405					CellChatDB v2
TENM1	ADGRL2	ADGRL	1.0	Cell-Cell Contact	CellChatDB	TENM1_ADGRL2	PMID: 25728924;PMID: 34022279;PMID: 27091502;PMID: 35907405					CellChatDB v2
TENM2	ADGRL2	ADGRL	1.0	Cell-Cell Contact	CellChatDB	TENM2_ADGRL2	PMID: 25728924;PMID: 34022279;PMID: 27091502;PMID: 35907405					CellChatDB v2
TENM3	ADGRL2	ADGRL	1.0	Cell-Cell Contact	CellChatDB	TENM3_ADGRL2	PMID: 25728924;PMID: 34022279;PMID: 27091502;PMID: 35907405					CellChatDB v2
TENM4	ADGRL2	ADGRL	1.0	Cell-Cell Contact	CellChatDB	TENM4_ADGRL2	PMID: 25728924;PMID: 34022279;PMID: 27091502;PMID: 35907405					CellChatDB v2
FLRT3+TENM2	ADGRL2	ADGRL	1.0	Cell-Cell Contact	CellChatDB	TENM2_FLRT3_ADGRL2	PMID: 25728924;PMID: 34022279;PMID: 27091502;PMID: 35907405					CellChatDB v2
FLRT1	ADGRL3	ADGRL	1.0	Cell-Cell Contact	CellChatDB	FLRT1_ADGRL3	PMID: 25728924;PMID: 34022279;PMID: 27091502;PMID: 35907405					CellChatDB v2
FLRT2	ADGRL3	ADGRL	1.0	Cell-Cell Contact	CellChatDB	FLRT2_ADGRL3	PMID: 25728924;PMID: 34022279;PMID: 27091502;PMID: 35907405					CellChatDB v2
FLRT3	ADGRL3	ADGRL	1.0	Cell-Cell Contact	CellChatDB	FLRT3_ADGRL3	PMID: 25728924;PMID: 34022279;PMID: 27091502;PMID: 35907405					CellChatDB v2
TENM1	ADGRL3	ADGRL	1.0	Cell-Cell Contact	CellChatDB	TENM1_ADGRL3	PMID: 25728924;PMID: 34022279;PMID: 27091502;PMID: 35907405					CellChatDB v2
TENM2	ADGRL3	ADGRL	1.0	Cell-Cell Contact	CellChatDB	TENM2_ADGRL3	PMID: 25728924;PMID: 34022279;PMID: 27091502;PMID: 35907405					CellChatDB v2
TENM3	ADGRL3	ADGRL	1.0	Cell-Cell Contact	CellChatDB	TENM3_ADGRL3	PMID: 25728924;PMID: 34022279;PMID: 27091502;PMID: 35907405					CellChatDB v2
TENM4	ADGRL3	ADGRL	1.0	Cell-Cell Contact	CellChatDB	TENM4_ADGRL3	PMID: 25728924;PMID: 34022279;PMID: 27091502;PMID: 35907405					CellChatDB v2
UNC5A	ADGRL3	ADGRL	1.0	Cell-Cell Contact	CellChatDB	UNC5A_ADGRL3	PMID: 25728924;PMID: 34022279;PMID: 27091502;PMID: 35907405					CellChatDB v2
FLRT1+TENM3	ADGRL3	ADGRL	1.0	Cell-Cell Contact	CellChatDB	TENM3_FLRT1_ADGRL3	PMID: 25728924;PMID: 34022279;PMID: 27091502;PMID: 35907405					CellChatDB v2
FLRT3+TENM3	ADGRL3	ADGRL	1.0	Cell-Cell Contact	CellChatDB	TENM3_FLRT3_ADGRL3	PMID: 25728924;PMID: 34022279;PMID: 27091502;PMID: 35907405					CellChatDB v2
FLRT1	FLRT1	FLRT	1.0	Cell-Cell Contact	CellChatDB	FLRT1_FLRT1	PMID: 27091502					CellChatDB v2
FLRT2	FLRT2	FLRT	1.0	Cell-Cell Contact	CellChatDB	FLRT2_FLRT2	PMID: 27091502					CellChatDB v2
FLRT3	FLRT3	FLRT	1.0	Cell-Cell Contact	CellChatDB	FLRT3_FLRT3	PMID: 27091502					CellChatDB v2
FLRT1	UNC5A	UNC5	1.0	Cell-Cell Contact	CellChatDB	FLRT1_UNC5A	PMID: 27091502					CellChatDB v2
FLRT2	UNC5A	UNC5	1.0	Cell-Cell Contact	CellChatDB	FLRT2_UNC5A	PMID: 27091502					CellChatDB v2
FLRT3	UNC5A	UNC5	1.0	Cell-Cell Contact	CellChatDB	FLRT3_UNC5A	PMID: 27091502					CellChatDB v2
FLRT1	UNC5B	UNC5	1.0	Cell-Cell Contact	CellChatDB	FLRT1_UNC5B	PMID: 27091502					CellChatDB v2
FLRT2	UNC5B	UNC5	1.0	Cell-Cell Contact	CellChatDB	FLRT2_UNC5B	PMID: 27091502					CellChatDB v2
FLRT3	UNC5B	UNC5	1.0	Cell-Cell Contact	CellChatDB	FLRT3_UNC5B	PMID: 27091502					CellChatDB v2
FLRT1	UNC5C	UNC5	1.0	Cell-Cell Contact	CellChatDB	FLRT1_UNC5C	PMID: 27091502					CellChatDB v2
FLRT2	UNC5C	UNC5	1.0	Cell-Cell Contact	CellChatDB	FLRT2_UNC5C	PMID: 27091502					CellChatDB v2
FLRT3	UNC5C	UNC5	1.0	Cell-Cell Contact	CellChatDB	FLRT3_UNC5C	PMID: 27091502					CellChatDB v2
FLRT1	UNC5D	UNC5	1.0	Cell-Cell Contact	CellChatDB	FLRT1_UNC5D	PMID: 27091502					CellChatDB v2
FLRT2	UNC5D	UNC5	1.0	Cell-Cell Contact	CellChatDB	FLRT2_UNC5D	PMID: 27091502					CellChatDB v2
FLRT3	UNC5D	UNC5	1.0	Cell-Cell Contact	CellChatDB	FLRT3_UNC5D	PMID: 27091502					CellChatDB v2
NT5E+SLC29A1	ADORA1	Adenosine	1.0	Non-protein Signaling	CellChatDB	Adenosine-ADO-NT5E_SLC29A1_ADORA1	PMID:32514148					CellChatDB v2
NT5E+SLC29A2	ADORA1	Adenosine	1.0	Non-protein Signaling	CellChatDB	Adenosine-ADO-NT5E_SLC29A2_ADORA1	PMID:32514148					CellChatDB v2
NT5E+SLC29A3	ADORA1	Adenosine	1.0	Non-protein Signaling	CellChatDB	Adenosine-ADO-NT5E_SLC29A3_ADORA1	PMID:32514148					CellChatDB v2
SLC29A4+NT5E	ADORA1	Adenosine	1.0	Non-protein Signaling	CellChatDB	Adenosine-ADO-NT5E_SLC29A4_ADORA1	PMID:32514148					CellChatDB v2
NT5E+SLC29A1	ADORA2A	Adenosine	1.0	Non-protein Signaling	CellChatDB	Adenosine-ADO-NT5E_SLC29A1_ADORA2A	PMID:32514148					CellChatDB v2
NT5E+SLC29A2	ADORA2A	Adenosine	1.0	Non-protein Signaling	CellChatDB	Adenosine-ADO-NT5E_SLC29A2_ADORA2A	PMID:32514148					CellChatDB v2
NT5E+SLC29A3	ADORA2A	Adenosine	1.0	Non-protein Signaling	CellChatDB	Adenosine-ADO-NT5E_SLC29A3_ADORA2A	PMID:32514148					CellChatDB v2
SLC29A4+NT5E	ADORA2A	Adenosine	1.0	Non-protein Signaling	CellChatDB	Adenosine-ADO-NT5E_SLC29A4_ADORA2A	PMID:32514148					CellChatDB v2
NT5E+SLC29A1	ADORA2B	Adenosine	1.0	Non-protein Signaling	CellChatDB	Adenosine-ADO-NT5E_SLC29A1_ADORA2B	PMID:32514148					CellChatDB v2
NT5E+SLC29A2	ADORA2B	Adenosine	1.0	Non-protein Signaling	CellChatDB	Adenosine-ADO-NT5E_SLC29A2_ADORA2B	PMID:32514148					CellChatDB v2
NT5E+SLC29A3	ADORA2B	Adenosine	1.0	Non-protein Signaling	CellChatDB	Adenosine-ADO-NT5E_SLC29A3_ADORA2B	PMID:32514148					CellChatDB v2
SLC29A4+NT5E	ADORA2B	Adenosine	1.0	Non-protein Signaling	CellChatDB	Adenosine-ADO-NT5E_SLC29A4_ADORA2B	PMID:32514148					CellChatDB v2
NT5E+SLC29A1	ADORA3	Adenosine	1.0	Non-protein Signaling	CellChatDB	Adenosine-ADO-NT5E_SLC29A1_ADORA3	PMID:32514148					CellChatDB v2
NT5E+SLC29A2	ADORA3	Adenosine	1.0	Non-protein Signaling	CellChatDB	Adenosine-ADO-NT5E_SLC29A2_ADORA3	PMID:32514148					CellChatDB v2
NT5E+SLC29A3	ADORA3	Adenosine	1.0	Non-protein Signaling	CellChatDB	Adenosine-ADO-NT5E_SLC29A3_ADORA3	PMID:32514148					CellChatDB v2
SLC29A4+NT5E	ADORA3	Adenosine	1.0	Non-protein Signaling	CellChatDB	Adenosine-ADO-NT5E_SLC29A4_ADORA3	PMID:32514148					CellChatDB v2
SLC18A1+PNMT	ADRA1A	Adrenaline	1.0	Non-protein Signaling	CellChatDB	Adrenaline-ADR-PNMT_SLC18A1_ADRA1A	PMID:32514148					CellChatDB v2
SLC18A2+PNMT	ADRA1A	Adrenaline	1.0	Non-protein Signaling	CellChatDB	Adrenaline-ADR-PNMT_SLC18A2_ADRA1A	PMID:32514148					CellChatDB v2
SLC18A1+DBH	ADRA1A	Noradrenaline	1.0	Non-protein Signaling	CellChatDB	Noradrenaline-NE-DBH_SLC18A1_ADRA1A	PMID: 29733063_HMRbase;reactome					CellChatDB v2
SLC18A2+DBH	ADRA1A	Noradrenaline	1.0	Non-protein Signaling	CellChatDB	Noradrenaline-NE-DBH_SLC18A2_ADRA1A	PMID: 29733063_HMRbase;reactome					CellChatDB v2
DBH+SLC6A2	ADRA1A	Noradrenaline	1.0	Non-protein Signaling	CellChatDB	Noradrenaline-NE-DBH_SLC6A2_ADRA1A	PMID: 29733063_HMRbase;reactome					CellChatDB v2
SLC18A1+PNMT	ADRA1B	Adrenaline	1.0	Non-protein Signaling	CellChatDB	Adrenaline-ADR-PNMT_SLC18A1_ADRA1B	PMID: 29733063_HMRbase;reactome					CellChatDB v2
SLC18A2+PNMT	ADRA1B	Adrenaline	1.0	Non-protein Signaling	CellChatDB	Adrenaline-ADR-PNMT_SLC18A2_ADRA1B	PMID: 29733063_HMRbase;reactome					CellChatDB v2
SLC18A1+DBH	ADRA1B	Noradrenaline	1.0	Non-protein Signaling	CellChatDB	Noradrenaline-NE-DBH_SLC18A1_ADRA1B	PMID: 29733063_HMRbase;reactome					CellChatDB v2
SLC18A2+DBH	ADRA1B	Noradrenaline	1.0	Non-protein Signaling	CellChatDB	Noradrenaline-NE-DBH_SLC18A2_ADRA1B	PMID: 29733063_HMRbase;reactome					CellChatDB v2
DBH+SLC6A2	ADRA1B	Noradrenaline	1.0	Non-protein Signaling	CellChatDB	Noradrenaline-NE-DBH_SLC6A2_ADRA1B	PMID: 29733063_HMRbase;reactome					CellChatDB v2
SLC18A1+PNMT	ADRA1D	Adrenaline	1.0	Non-protein Signaling	CellChatDB	Adrenaline-ADR-PNMT_SLC18A1_ADRA1D	PMID: 29733063_HMRbase;reactome					CellChatDB v2
SLC18A2+PNMT	ADRA1D	Adrenaline	1.0	Non-protein Signaling	CellChatDB	Adrenaline-ADR-PNMT_SLC18A2_ADRA1D	PMID: 29733063_HMRbase;reactome					CellChatDB v2
SLC18A1+DBH	ADRA1D	Noradrenaline	1.0	Non-protein Signaling	CellChatDB	Noradrenaline-NE-DBH_SLC18A1_ADRA1D	PMID: 29733063_HMRbase;reactome					CellChatDB v2
SLC18A2+DBH	ADRA1D	Noradrenaline	1.0	Non-protein Signaling	CellChatDB	Noradrenaline-NE-DBH_SLC18A2_ADRA1D	PMID: 29733063_HMRbase;reactome					CellChatDB v2
DBH+SLC6A2	ADRA1D	Noradrenaline	1.0	Non-protein Signaling	CellChatDB	Noradrenaline-NE-DBH_SLC6A2_ADRA1D	PMID: 29733063_HMRbase;reactome					CellChatDB v2
SLC18A1+PNMT	ADRA2A	Adrenaline	1.0	Non-protein Signaling	CellChatDB	Adrenaline-ADR-PNMT_SLC18A1_ADRA2A	PMID: 29733063_HMRbase;reactome					CellChatDB v2
SLC18A2+PNMT	ADRA2A	Adrenaline	1.0	Non-protein Signaling	CellChatDB	Adrenaline-ADR-PNMT_SLC18A2_ADRA2A	PMID: 29733063_HMRbase;reactome					CellChatDB v2
SLC18A1+DBH	ADRA2A	Noradrenaline	1.0	Non-protein Signaling	CellChatDB	Noradrenaline-NE-DBH_SLC18A1_ADRA2A	PMID: 29733063_HMRbase;reactome					CellChatDB v2
SLC18A2+DBH	ADRA2A	Noradrenaline	1.0	Non-protein Signaling	CellChatDB	Noradrenaline-NE-DBH_SLC18A2_ADRA2A	PMID: 29733063_HMRbase;reactome					CellChatDB v2
DBH+SLC6A2	ADRA2A	Noradrenaline	1.0	Non-protein Signaling	CellChatDB	Noradrenaline-NE-DBH_SLC6A2_ADRA2A	PMID: 29733063_HMRbase;reactome					CellChatDB v2
SLC18A1+PNMT	ADRA2B	Adrenaline	1.0	Non-protein Signaling	CellChatDB	Adrenaline-ADR-PNMT_SLC18A1_ADRA2B	PMID: 29733063_HMRbase;reactome					CellChatDB v2
SLC18A2+PNMT	ADRA2B	Adrenaline	1.0	Non-protein Signaling	CellChatDB	Adrenaline-ADR-PNMT_SLC18A2_ADRA2B	PMID: 29733063_HMRbase;reactome					CellChatDB v2
SLC18A1+DBH	ADRA2B	Noradrenaline	1.0	Non-protein Signaling	CellChatDB	Noradrenaline-NE-DBH_SLC18A1_ADRA2B	PMID: 29733063_HMRbase;reactome					CellChatDB v2
SLC18A2+DBH	ADRA2B	Noradrenaline	1.0	Non-protein Signaling	CellChatDB	Noradrenaline-NE-DBH_SLC18A2_ADRA2B	PMID: 29733063_HMRbase;reactome					CellChatDB v2
DBH+SLC6A2	ADRA2B	Noradrenaline	1.0	Non-protein Signaling	CellChatDB	Noradrenaline-NE-DBH_SLC6A2_ADRA2B	PMID: 29733063_HMRbase;reactome					CellChatDB v2
SLC18A1+PNMT	ADRA2C	Adrenaline	1.0	Non-protein Signaling	CellChatDB	Adrenaline-ADR-PNMT_SLC18A1_ADRA2C	PMID: 29733063_HMRbase;reactome					CellChatDB v2
SLC18A2+PNMT	ADRA2C	Adrenaline	1.0	Non-protein Signaling	CellChatDB	Adrenaline-ADR-PNMT_SLC18A2_ADRA2C	PMID: 29733063_HMRbase;reactome					CellChatDB v2
SLC18A1+DBH	ADRA2C	Noradrenaline	1.0	Non-protein Signaling	CellChatDB	Noradrenaline-NE-DBH_SLC18A1_ADRA2C	PMID: 29733063_HMRbase;reactome					CellChatDB v2
SLC18A2+DBH	ADRA2C	Noradrenaline	1.0	Non-protein Signaling	CellChatDB	Noradrenaline-NE-DBH_SLC18A2_ADRA2C	PMID: 29733063_HMRbase;reactome					CellChatDB v2
DBH+SLC6A2	ADRA2C	Noradrenaline	1.0	Non-protein Signaling	CellChatDB	Noradrenaline-NE-DBH_SLC6A2_ADRA2C	PMID: 29733063_HMRbase;reactome					CellChatDB v2
SLC18A1+PNMT	ADRB1	Adrenaline	1.0	Non-protein Signaling	CellChatDB	Adrenaline-ADR-PNMT_SLC18A1_ADRB1	PMID: 29733063_HMRbase;reactome					CellChatDB v2
SLC18A2+PNMT	ADRB1	Adrenaline	1.0	Non-protein Signaling	CellChatDB	Adrenaline-ADR-PNMT_SLC18A2_ADRB1	PMID: 29733063_HMRbase;reactome					CellChatDB v2
SLC18A1+DBH	ADRB1	Noradrenaline	1.0	Non-protein Signaling	CellChatDB	Noradrenaline-NE-DBH_SLC18A1_ADRB1	PMID: 29733063_HMRbase;reactome					CellChatDB v2
SLC18A2+DBH	ADRB1	Noradrenaline	1.0	Non-protein Signaling	CellChatDB	Noradrenaline-NE-DBH_SLC18A2_ADRB1	PMID: 29733063_HMRbase;reactome					CellChatDB v2
DBH+SLC6A2	ADRB1	Noradrenaline	1.0	Non-protein Signaling	CellChatDB	Noradrenaline-NE-DBH_SLC6A2_ADRB1	PMID: 29733063_HMRbase;reactome					CellChatDB v2
SLC18A1+PNMT	ADRB2	Adrenaline	1.0	Non-protein Signaling	CellChatDB	Adrenaline-ADR-PNMT_SLC18A1_ADRB2	PMID: 29733063_HMRbase;reactome					CellChatDB v2
SLC18A2+PNMT	ADRB2	Adrenaline	1.0	Non-protein Signaling	CellChatDB	Adrenaline-ADR-PNMT_SLC18A2_ADRB2	PMID: 29733063_HMRbase;reactome					CellChatDB v2
SLC18A1+DBH	ADRB2	Noradrenaline	1.0	Non-protein Signaling	CellChatDB	Noradrenaline-NE-DBH_SLC18A1_ADRB2	PMID: 29733063_HMRbase;reactome					CellChatDB v2
SLC18A2+DBH	ADRB2	Noradrenaline	1.0	Non-protein Signaling	CellChatDB	Noradrenaline-NE-DBH_SLC18A2_ADRB2	PMID: 29733063_HMRbase;reactome					CellChatDB v2
DBH+SLC6A2	ADRB2	Noradrenaline	1.0	Non-protein Signaling	CellChatDB	Noradrenaline-NE-DBH_SLC6A2_ADRB2	PMID: 29733063_HMRbase;reactome					CellChatDB v2
SLC18A1+PNMT	ADRB3	Adrenaline	1.0	Non-protein Signaling	CellChatDB	Adrenaline-ADR-PNMT_SLC18A1_ADRB3	PMID: 29733063_HMRbase;reactome					CellChatDB v2
SLC18A2+PNMT	ADRB3	Adrenaline	1.0	Non-protein Signaling	CellChatDB	Adrenaline-ADR-PNMT_SLC18A2_ADRB3	PMID: 29733063_HMRbase;reactome					CellChatDB v2
SLC18A1+DBH	ADRB3	Noradrenaline	1.0	Non-protein Signaling	CellChatDB	Noradrenaline-NE-DBH_SLC18A1_ADRB3	PMID: 29733063_HMRbase;reactome					CellChatDB v2
SLC18A2+DBH	ADRB3	Noradrenaline	1.0	Non-protein Signaling	CellChatDB	Noradrenaline-NE-DBH_SLC18A2_ADRB3	PMID: 29733063_HMRbase;reactome					CellChatDB v2
DBH+SLC6A2	ADRB3	Noradrenaline	1.0	Non-protein Signaling	CellChatDB	Noradrenaline-NE-DBH_SLC6A2_ADRB3	PMID: 29733063_HMRbase;reactome					CellChatDB v2
AGT	AGTR2	AGT	1.0	Secreted Signaling	CellChatDB	AGT_AGTR2	PMID:20606419					CellChatDB v2
SLC10A4+CHAT	CHRM1	Ach	1.0	Non-protein Signaling	CellChatDB	Acetylcholine-Ach-CHAT_SLC10A4_CHRM1	PMID: 33674322;PMID: 25176177					CellChatDB v2
SLC18A3+CHAT	CHRM1	Ach	1.0	Non-protein Signaling	CellChatDB	Acetylcholine-Ach-CHAT_SLC18A3_CHRM1	PMID: 33674322;PMID: 25176177					CellChatDB v2
SLC5A7+CHAT	CHRM1	Ach	1.0	Non-protein Signaling	CellChatDB	Acetylcholine-Ach-CHAT_SLC5A7_CHRM1	PMID: 33674322;PMID: 25176177					CellChatDB v2
SLC10A4+CHAT	CHRM2	Ach	1.0	Non-protein Signaling	CellChatDB	Acetylcholine-Ach-CHAT_SLC10A4_CHRM2	PMID: 33674322;PMID: 25176177					CellChatDB v2
SLC18A3+CHAT	CHRM2	Ach	1.0	Non-protein Signaling	CellChatDB	Acetylcholine-Ach-CHAT_SLC18A3_CHRM2	PMID: 33674322;PMID: 25176177					CellChatDB v2
SLC5A7+CHAT	CHRM2	Ach	1.0	Non-protein Signaling	CellChatDB	Acetylcholine-Ach-CHAT_SLC5A7_CHRM2	PMID: 33674322;PMID: 25176177					CellChatDB v2
SLC10A4+CHAT	CHRM3	Ach	1.0	Non-protein Signaling	CellChatDB	Acetylcholine-Ach-CHAT_SLC10A4_CHRM3	PMID: 33674322;PMID: 25176177					CellChatDB v2
SLC18A3+CHAT	CHRM3	Ach	1.0	Non-protein Signaling	CellChatDB	Acetylcholine-Ach-CHAT_SLC18A3_CHRM3	PMID: 33674322;PMID: 25176177					CellChatDB v2
SLC5A7+CHAT	CHRM3	Ach	1.0	Non-protein Signaling	CellChatDB	Acetylcholine-Ach-CHAT_SLC5A7_CHRM3	PMID: 33674322;PMID: 25176177					CellChatDB v2
SLC10A4+CHAT	CHRM4	Ach	1.0	Non-protein Signaling	CellChatDB	Acetylcholine-Ach-CHAT_SLC10A4_CHRM4	PMID: 33674322;PMID: 25176177					CellChatDB v2
SLC18A3+CHAT	CHRM4	Ach	1.0	Non-protein Signaling	CellChatDB	Acetylcholine-Ach-CHAT_SLC18A3_CHRM4	PMID: 33674322;PMID: 25176177					CellChatDB v2
SLC5A7+CHAT	CHRM4	Ach	1.0	Non-protein Signaling	CellChatDB	Acetylcholine-Ach-CHAT_SLC5A7_CHRM4	PMID: 33674322;PMID: 25176177					CellChatDB v2
SLC10A4+CHAT	CHRM5	Ach	1.0	Non-protein Signaling	CellChatDB	Acetylcholine-Ach-CHAT_SLC10A4_CHRM5	PMID: 33674322;PMID: 25176177					CellChatDB v2
SLC18A3+CHAT	CHRM5	Ach	1.0	Non-protein Signaling	CellChatDB	Acetylcholine-Ach-CHAT_SLC18A3_CHRM5	PMID: 33674322;PMID: 25176177					CellChatDB v2
SLC5A7+CHAT	CHRM5	Ach	1.0	Non-protein Signaling	CellChatDB	Acetylcholine-Ach-CHAT_SLC5A7_CHRM5	PMID: 33674322;PMID: 25176177					CellChatDB v2
NRXN1	CLSTN1	NRXN	1.0	Cell-Cell Contact	CellChatDB	NRXN1_CLSTN1	PMID: 32434929					CellChatDB v2
NRXN2	CLSTN1	NRXN	1.0	Cell-Cell Contact	CellChatDB	NRXN2_CLSTN1	PMID: 32434929					CellChatDB v2
NRXN3	CLSTN1	NRXN	1.0	Cell-Cell Contact	CellChatDB	Q9HDB5_CLSTN1	PMID: 32434929					CellChatDB v2
NRXN1	CLSTN2	NRXN	1.0	Cell-Cell Contact	CellChatDB	NRXN1_CLSTN2	PMID: 32434929					CellChatDB v2
NRXN2	CLSTN2	NRXN	1.0	Cell-Cell Contact	CellChatDB	NRXN2_CLSTN2	PMID: 32434929					CellChatDB v2
NRXN3	CLSTN2	NRXN	1.0	Cell-Cell Contact	CellChatDB	Q9HDB5_CLSTN2	PMID: 32434929					CellChatDB v2
NRXN1	CLSTN3	NRXN	1.0	Cell-Cell Contact	CellChatDB	NRXN1_CLSTN3	PMID: 32434929					CellChatDB v2
NRXN2	CLSTN3	NRXN	1.0	Cell-Cell Contact	CellChatDB	NRXN2_CLSTN3	PMID: 32434929					CellChatDB v2
NRXN3	CLSTN3	NRXN	1.0	Cell-Cell Contact	CellChatDB	Q9HDB5_CLSTN3	PMID: 32434929					CellChatDB v2
ALOX5AP+LTC4S+ALOX5	CYSLTR1	CysLTs	1.0	Non-protein Signaling	CellChatDB	LTC4-LTC4S_CYSLTR1	PMID:33753496					CellChatDB v2
GGT5+GGT1	CYSLTR1	CysLTs	1.0	Non-protein Signaling	CellChatDB	LTD4-GGT1_CYSLTR1	PMID:33753496					CellChatDB v2
DPEP1	CYSLTR1	CysLTs	1.0	Non-protein Signaling	CellChatDB	LTE4-DPEP1_CYSLTR1	PMID:33753496					CellChatDB v2
DPEP2	CYSLTR1	CysLTs	1.0	Non-protein Signaling	CellChatDB	LTE4-DPEP2_CYSLTR1	PMID:33753496					CellChatDB v2
DPEP3	CYSLTR1	CysLTs	1.0	Non-protein Signaling	CellChatDB	LTE4-DPEP3_CYSLTR1	PMID:33753496					CellChatDB v2
ALOX5AP+LTC4S+ALOX5	CYSLTR2	CysLTs	1.0	Non-protein Signaling	CellChatDB	LTC4-LTC4S_CYSLTR2	PMID:33753496					CellChatDB v2
GGT5+GGT1	CYSLTR2	CysLTs	1.0	Non-protein Signaling	CellChatDB	LTD4-GGT1_CYSLTR2	PMID:33753496					CellChatDB v2
DPEP1	CYSLTR2	CysLTs	1.0	Non-protein Signaling	CellChatDB	LTE4-DPEP1_CYSLTR2	PMID:33753496					CellChatDB v2
DPEP2	CYSLTR2	CysLTs	1.0	Non-protein Signaling	CellChatDB	LTE4-DPEP2_CYSLTR2	PMID:33753496					CellChatDB v2
DPEP3	CYSLTR2	CysLTs	1.0	Non-protein Signaling	CellChatDB	LTE4-DPEP3_CYSLTR2	PMID:33753496					CellChatDB v2
NRXN1	DAG1	NRXN	1.0	Cell-Cell Contact	CellChatDB	NRXN1_DAG1	PMID: 21628410					CellChatDB v2
NRXN2	DAG1	NRXN	1.0	Cell-Cell Contact	CellChatDB	NRXN2_DAG1	PMID: 21628410					CellChatDB v2
SLC18A1+DDC	DRD1	Dopamine	1.0	Non-protein Signaling	CellChatDB	Dopamine-DOPA-DDC_SLC18A1_DRD1	PMID: 33750903;PMID: 35679960;PMID: 15521361					CellChatDB v2
SLC18A2+DDC	DRD1	Dopamine	1.0	Non-protein Signaling	CellChatDB	Dopamine-DOPA-DDC_SLC18A2_DRD1	PMID: 33750903;PMID: 35679960;PMID: 15521361					CellChatDB v2
SLC6A3+DDC	DRD1	Dopamine	1.0	Non-protein Signaling	CellChatDB	Dopamine-DOPA-DDC_SLC6A3_DRD1	PMID: 33750903;PMID: 35679960;PMID: 15521361					CellChatDB v2
SLC18A1+DDC	DRD2	Dopamine	1.0	Non-protein Signaling	CellChatDB	Dopamine-DOPA-DDC_SLC18A1_DRD2	PMID: 33750903;PMID: 35679960;PMID: 15521361					CellChatDB v2
SLC18A2+DDC	DRD2	Dopamine	1.0	Non-protein Signaling	CellChatDB	Dopamine-DOPA-DDC_SLC18A2_DRD2	PMID: 33750903;PMID: 35679960;PMID: 15521361					CellChatDB v2
SLC6A3+DDC	DRD2	Dopamine	1.0	Non-protein Signaling	CellChatDB	Dopamine-DOPA-DDC_SLC6A3_DRD2	PMID: 33750903;PMID: 35679960;PMID: 15521361					CellChatDB v2
SLC18A1+DDC	DRD3	Dopamine	1.0	Non-protein Signaling	CellChatDB	Dopamine-DOPA-DDC_SLC18A1_DRD3	PMID: 33750903;PMID: 35679960;PMID: 15521361					CellChatDB v2
SLC18A2+DDC	DRD3	Dopamine	1.0	Non-protein Signaling	CellChatDB	Dopamine-DOPA-DDC_SLC18A2_DRD3	PMID: 33750903;PMID: 35679960;PMID: 15521361					CellChatDB v2
SLC6A3+DDC	DRD3	Dopamine	1.0	Non-protein Signaling	CellChatDB	Dopamine-DOPA-DDC_SLC6A3_DRD3	PMID: 33750903;PMID: 35679960;PMID: 15521361					CellChatDB v2
SLC18A1+DDC	DRD4	Dopamine	1.0	Non-protein Signaling	CellChatDB	Dopamine-DOPA-DDC_SLC18A1_DRD4	PMID: 33750903;PMID: 35679960;PMID: 15521361					CellChatDB v2
SLC18A2+DDC	DRD4	Dopamine	1.0	Non-protein Signaling	CellChatDB	Dopamine-DOPA-DDC_SLC18A2_DRD4	PMID: 33750903;PMID: 35679960;PMID: 15521361					CellChatDB v2
SLC6A3+DDC	DRD4	Dopamine	1.0	Non-protein Signaling	CellChatDB	Dopamine-DOPA-DDC_SLC6A3_DRD4	PMID: 33750903;PMID: 35679960;PMID: 15521361					CellChatDB v2
SLC18A1+DDC	DRD5	Dopamine	1.0	Non-protein Signaling	CellChatDB	Dopamine-DOPA-DDC_SLC18A1_DRD5	PMID: 33750903;PMID: 35679960;PMID: 15521361					CellChatDB v2
SLC18A2+DDC	DRD5	Dopamine	1.0	Non-protein Signaling	CellChatDB	Dopamine-DOPA-DDC_SLC18A2_DRD5	PMID: 33750903;PMID: 35679960;PMID: 15521361					CellChatDB v2
SLC6A3+DDC	DRD5	Dopamine	1.0	Non-protein Signaling	CellChatDB	Dopamine-DOPA-DDC_SLC6A3_DRD5	PMID: 33750903;PMID: 35679960;PMID: 15521361					CellChatDB v2
TAFA4	FPR1	TAFA	1.0	Secreted Signaling	CellChatDB	TAFA4_FPR1	PMID: 35712659;PMID: 35712659					CellChatDB v2
CTSG	FPR1	CTSG	1.0	Secreted Signaling	CellChatDB	CTSG_FPR1	PMID: 26516201					CellChatDB v2
ALOX12	FPR2	LXA4	1.0	Non-protein Signaling	CellChatDB	LipoxinA4-ALOX12_FPR-RS7	PMID: 33082511					CellChatDB v2
ALOX5AP+LTC4S+ALOX5	FPR2	LXA4	1.0	Non-protein Signaling	CellChatDB	LipoxinA4-ALOX5_FPR-RS7	PMID: 33082511					CellChatDB v2
MT-RNR2	FPR2	ANNEXIN	1.0	Secreted Signaling	CellChatDB	MT-RNR2_FPRL1	PMID: 15465011					CellChatDB v2
ANXA1	FPR3	ANNEXIN	1.0	Secreted Signaling	CellChatDB	ANXA1_FPR3	PMID: 33082511					CellChatDB v2
MT-RNR2	FPR3	ANNEXIN	1.0	Secreted Signaling	CellChatDB	MT-RNR2_FPRL2	PMID: 15465011					CellChatDB v2
SLC32A1+GAD1	GABBR1	GABA-B	1.0	Non-protein Signaling	CellChatDB	GABA-B-GAD1_SLC32A1_GABBR1	PMID: 32871173;PMID: 30541966					CellChatDB v2
GAD1+SLC6A1	GABBR1	GABA-B	1.0	Non-protein Signaling	CellChatDB	GABA-B-GAD1_SLC6A1_GABBR1	PMID: 32871173;PMID: 30541966					CellChatDB v2
GAD1+SLC6A11	GABBR1	GABA-B	1.0	Non-protein Signaling	CellChatDB	GABA-B-GAD1_SLC6A11_GABBR1	PMID: 32871173;PMID: 30541966					CellChatDB v2
SLC6A12+GAD1	GABBR1	GABA-B	1.0	Non-protein Signaling	CellChatDB	GABA-B-GAD1_SLC6A12_GABBR1	PMID: 32871173;PMID: 30541966					CellChatDB v2
GAD1+SLC6A13	GABBR1	GABA-B	1.0	Non-protein Signaling	CellChatDB	GABA-B-GAD1_SLC6A13_GABBR1	PMID: 32871173;PMID: 30541966					CellChatDB v2
GAD1+SLC6A6	GABBR1	GABA-B	1.0	Non-protein Signaling	CellChatDB	GABA-B-GAD1_SLC6A6_GABBR1	PMID: 32871173;PMID: 30541966					CellChatDB v2
GAD1+SLC6A8	GABBR1	GABA-B	1.0	Non-protein Signaling	CellChatDB	GABA-B-GAD1_SLC6A8_GABBR1	PMID: 32871173;PMID: 30541966					CellChatDB v2
SLC32A1+GAD2	GABBR1	GABA-B	1.0	Non-protein Signaling	CellChatDB	GABA-B-GAD2_SLC32A1_GABBR1	PMID: 32871173;PMID: 30541966					CellChatDB v2
GAD2+SLC6A1	GABBR1	GABA-B	1.0	Non-protein Signaling	CellChatDB	GABA-B-GAD2_SLC6A1_GABBR1	PMID: 32871173;PMID: 30541966					CellChatDB v2
GAD2+SLC6A11	GABBR1	GABA-B	1.0	Non-protein Signaling	CellChatDB	GABA-B-GAD2_SLC6A11_GABBR1	PMID: 32871173;PMID: 30541966					CellChatDB v2
SLC6A12+GAD2	GABBR1	GABA-B	1.0	Non-protein Signaling	CellChatDB	GABA-B-GAD2_SLC6A12_GABBR1	PMID: 32871173;PMID: 30541966					CellChatDB v2
GAD2+SLC6A13	GABBR1	GABA-B	1.0	Non-protein Signaling	CellChatDB	GABA-B-GAD2_SLC6A13_GABBR1	PMID: 32871173;PMID: 30541966					CellChatDB v2
GAD2+SLC6A6	GABBR1	GABA-B	1.0	Non-protein Signaling	CellChatDB	GABA-B-GAD2_SLC6A6_GABBR1	PMID: 32871173;PMID: 30541966					CellChatDB v2
GAD2+SLC6A8	GABBR1	GABA-B	1.0	Non-protein Signaling	CellChatDB	GABA-B-GAD2_SLC6A8_GABBR1	PMID: 32871173;PMID: 30541966					CellChatDB v2
SLC32A1+GAD1	GABBR2	GABA-B	1.0	Non-protein Signaling	CellChatDB	GABA-B-GAD1_SLC32A1_GABBR2	PMID: 32871173;PMID: 30541966					CellChatDB v2
GAD1+SLC6A1	GABBR2	GABA-B	1.0	Non-protein Signaling	CellChatDB	GABA-B-GAD1_SLC6A1_GABBR2	PMID: 32871173;PMID: 30541966					CellChatDB v2
GAD1+SLC6A11	GABBR2	GABA-B	1.0	Non-protein Signaling	CellChatDB	GABA-B-GAD1_SLC6A11_GABBR2	PMID: 32871173;PMID: 30541966					CellChatDB v2
SLC6A12+GAD1	GABBR2	GABA-B	1.0	Non-protein Signaling	CellChatDB	GABA-B-GAD1_SLC6A12_GABBR2	PMID: 32871173;PMID: 30541966					CellChatDB v2
GAD1+SLC6A13	GABBR2	GABA-B	1.0	Non-protein Signaling	CellChatDB	GABA-B-GAD1_SLC6A13_GABBR2	PMID: 32871173;PMID: 30541966					CellChatDB v2
GAD1+SLC6A6	GABBR2	GABA-B	1.0	Non-protein Signaling	CellChatDB	GABA-B-GAD1_SLC6A6_GABBR2	PMID: 32871173;PMID: 30541966					CellChatDB v2
GAD1+SLC6A8	GABBR2	GABA-B	1.0	Non-protein Signaling	CellChatDB	GABA-B-GAD1_SLC6A8_GABBR2	PMID: 32871173;PMID: 30541966					CellChatDB v2
SLC32A1+GAD2	GABBR2	GABA-B	1.0	Non-protein Signaling	CellChatDB	GABA-B-GAD2_SLC32A1_GABBR2	PMID: 32871173;PMID: 30541966					CellChatDB v2
GAD2+SLC6A1	GABBR2	GABA-B	1.0	Non-protein Signaling	CellChatDB	GABA-B-GAD2_SLC6A1_GABBR2	PMID: 32871173;PMID: 30541966					CellChatDB v2
GAD2+SLC6A11	GABBR2	GABA-B	1.0	Non-protein Signaling	CellChatDB	GABA-B-GAD2_SLC6A11_GABBR2	PMID: 32871173;PMID: 30541966					CellChatDB v2
SLC6A12+GAD2	GABBR2	GABA-B	1.0	Non-protein Signaling	CellChatDB	GABA-B-GAD2_SLC6A12_GABBR2	PMID: 32871173;PMID: 30541966					CellChatDB v2
GAD2+SLC6A13	GABBR2	GABA-B	1.0	Non-protein Signaling	CellChatDB	GABA-B-GAD2_SLC6A13_GABBR2	PMID: 32871173;PMID: 30541966					CellChatDB v2
GAD2+SLC6A6	GABBR2	GABA-B	1.0	Non-protein Signaling	CellChatDB	GABA-B-GAD2_SLC6A6_GABBR2	PMID: 32871173;PMID: 30541966					CellChatDB v2
GAD2+SLC6A8	GABBR2	GABA-B	1.0	Non-protein Signaling	CellChatDB	GABA-B-GAD2_SLC6A8_GABBR2	PMID: 32871173;PMID: 30541966					CellChatDB v2
GALP	GALR3	GALANIN	1.0	Secreted Signaling	CellChatDB	GALP_GALR3	PMID: 23233848					CellChatDB v2
SLC17A6+GLS	GRIA1	Glutamate	1.0	Non-protein Signaling	CellChatDB	Glutamate-Glu-SLC17A6_GLS_GRIA1	PMID: 24155668;PMID: 14612154					CellChatDB v2
SLC17A7+GLS	GRIA1	Glutamate	1.0	Non-protein Signaling	CellChatDB	Glutamate-Glu-SLC17A7_GLS_GRIA1	PMID: 24155668;PMID: 14612154					CellChatDB v2
SLC17A8+GLS	GRIA1	Glutamate	1.0	Non-protein Signaling	CellChatDB	Glutamate-Glu-SLC17A8_GLS_GRIA1	PMID: 24155668;PMID: 14612154					CellChatDB v2
GLS+SLC1A1	GRIA1	Glutamate	1.0	Non-protein Signaling	CellChatDB	Glutamate-Glu-SLC1A1_GLS_GRIA1	PMID: 24155668;PMID: 14612154					CellChatDB v2
GLS+SLC1A2	GRIA1	Glutamate	1.0	Non-protein Signaling	CellChatDB	Glutamate-Glu-SLC1A2_GLS_GRIA1	PMID: 24155668;PMID: 14612154					CellChatDB v2
GLS+SLC1A3	GRIA1	Glutamate	1.0	Non-protein Signaling	CellChatDB	Glutamate-Glu-SLC1A3_GLS_GRIA1	PMID: 24155668;PMID: 14612154					CellChatDB v2
SLC1A6+GLS	GRIA1	Glutamate	1.0	Non-protein Signaling	CellChatDB	Glutamate-Glu-SLC1A6_GLS_GRIA1	PMID: 24155668;PMID: 14612154					CellChatDB v2
GLS+SLC1A7	GRIA1	Glutamate	1.0	Non-protein Signaling	CellChatDB	Glutamate-Glu-SLC1A7_GLS_GRIA1	PMID: 24155668;PMID: 14612154					CellChatDB v2
SLC17A6+GLS2	GRIA1	Glutamate	1.0	Non-protein Signaling	CellChatDB	Glutamate-Glu-SLC17A6_GLS2_GRIA1	PMID: 24155668;PMID: 14612154					CellChatDB v2
SLC17A7+GLS2	GRIA1	Glutamate	1.0	Non-protein Signaling	CellChatDB	Glutamate-Glu-SLC17A7_GLS2_GRIA1	PMID: 24155668;PMID: 14612154					CellChatDB v2
SLC17A8+GLS2	GRIA1	Glutamate	1.0	Non-protein Signaling	CellChatDB	Glutamate-Glu-SLC17A8_GLS2_GRIA1	PMID: 24155668;PMID: 14612154					CellChatDB v2
GLS2+SLC1A1	GRIA1	Glutamate	1.0	Non-protein Signaling	CellChatDB	Glutamate-Glu-SLC1A1_GLS2_GRIA1	PMID: 24155668;PMID: 14612154					CellChatDB v2
GLS2+SLC1A2	GRIA1	Glutamate	1.0	Non-protein Signaling	CellChatDB	Glutamate-Glu-SLC1A2_GLS2_GRIA1	PMID: 24155668;PMID: 14612154					CellChatDB v2
GLS2+SLC1A3	GRIA1	Glutamate	1.0	Non-protein Signaling	CellChatDB	Glutamate-Glu-SLC1A3_GLS2_GRIA1	PMID: 24155668;PMID: 14612154					CellChatDB v2
SLC1A6+GLS2	GRIA1	Glutamate	1.0	Non-protein Signaling	CellChatDB	Glutamate-Glu-SLC1A6_GLS2_GRIA1	PMID: 24155668;PMID: 14612154					CellChatDB v2
GLS2+SLC1A7	GRIA1	Glutamate	1.0	Non-protein Signaling	CellChatDB	Glutamate-Glu-SLC1A7_GLS2_GRIA1	PMID: 24155668;PMID: 14612154					CellChatDB v2
SLC17A6+GLS	GRIA2	Glutamate	1.0	Non-protein Signaling	CellChatDB	Glutamate-Glu-SLC17A6_GLS_GRIA2	PMID: 24155668;PMID: 14612154					CellChatDB v2
SLC17A7+GLS	GRIA2	Glutamate	1.0	Non-protein Signaling	CellChatDB	Glutamate-Glu-SLC17A7_GLS_GRIA2	PMID: 24155668;PMID: 14612154					CellChatDB v2
SLC17A8+GLS	GRIA2	Glutamate	1.0	Non-protein Signaling	CellChatDB	Glutamate-Glu-SLC17A8_GLS_GRIA2	PMID: 24155668;PMID: 14612154					CellChatDB v2
GLS+SLC1A1	GRIA2	Glutamate	1.0	Non-protein Signaling	CellChatDB	Glutamate-Glu-SLC1A1_GLS_GRIA2	PMID: 24155668;PMID: 14612154					CellChatDB v2
GLS+SLC1A2	GRIA2	Glutamate	1.0	Non-protein Signaling	CellChatDB	Glutamate-Glu-SLC1A2_GLS_GRIA2	PMID: 24155668;PMID: 14612154					CellChatDB v2
GLS+SLC1A3	GRIA2	Glutamate	1.0	Non-protein Signaling	CellChatDB	Glutamate-Glu-SLC1A3_GLS_GRIA2	PMID: 24155668;PMID: 14612154					CellChatDB v2
SLC1A6+GLS	GRIA2	Glutamate	1.0	Non-protein Signaling	CellChatDB	Glutamate-Glu-SLC1A6_GLS_GRIA2	PMID: 24155668;PMID: 14612154					CellChatDB v2
GLS+SLC1A7	GRIA2	Glutamate	1.0	Non-protein Signaling	CellChatDB	Glutamate-Glu-SLC1A7_GLS_GRIA2	PMID: 24155668;PMID: 14612154					CellChatDB v2
SLC17A6+GLS2	GRIA2	Glutamate	1.0	Non-protein Signaling	CellChatDB	Glutamate-Glu-SLC17A6_GLS2_GRIA2	PMID: 24155668;PMID: 14612154					CellChatDB v2
SLC17A7+GLS2	GRIA2	Glutamate	1.0	Non-protein Signaling	CellChatDB	Glutamate-Glu-SLC17A7_GLS2_GRIA2	PMID: 24155668;PMID: 14612154					CellChatDB v2
SLC17A8+GLS2	GRIA2	Glutamate	1.0	Non-protein Signaling	CellChatDB	Glutamate-Glu-SLC17A8_GLS2_GRIA2	PMID: 24155668;PMID: 14612154					CellChatDB v2
GLS2+SLC1A1	GRIA2	Glutamate	1.0	Non-protein Signaling	CellChatDB	Glutamate-Glu-SLC1A1_GLS2_GRIA2	PMID: 24155668;PMID: 14612154					CellChatDB v2
GLS2+SLC1A2	GRIA2	Glutamate	1.0	Non-protein Signaling	CellChatDB	Glutamate-Glu-SLC1A2_GLS2_GRIA2	PMID: 24155668;PMID: 14612154					CellChatDB v2
GLS2+SLC1A3	GRIA2	Glutamate	1.0	Non-protein Signaling	CellChatDB	Glutamate-Glu-SLC1A3_GLS2_GRIA2	PMID: 24155668;PMID: 14612154					CellChatDB v2
SLC1A6+GLS2	GRIA2	Glutamate	1.0	Non-protein Signaling	CellChatDB	Glutamate-Glu-SLC1A6_GLS2_GRIA2	PMID: 24155668;PMID: 14612154					CellChatDB v2
GLS2+SLC1A7	GRIA2	Glutamate	1.0	Non-protein Signaling	CellChatDB	Glutamate-Glu-SLC1A7_GLS2_GRIA2	PMID: 24155668;PMID: 14612154					CellChatDB v2
SLC17A6+GLS	GRIA3	Glutamate	1.0	Non-protein Signaling	CellChatDB	Glutamate-Glu-SLC17A6_GLS_GRIA3	PMID: 24155668;PMID: 14612154					CellChatDB v2
SLC17A7+GLS	GRIA3	Glutamate	1.0	Non-protein Signaling	CellChatDB	Glutamate-Glu-SLC17A7_GLS_GRIA3	PMID: 24155668;PMID: 14612154					CellChatDB v2
SLC17A8+GLS	GRIA3	Glutamate	1.0	Non-protein Signaling	CellChatDB	Glutamate-Glu-SLC17A8_GLS_GRIA3	PMID: 24155668;PMID: 14612154					CellChatDB v2
GLS+SLC1A1	GRIA3	Glutamate	1.0	Non-protein Signaling	CellChatDB	Glutamate-Glu-SLC1A1_GLS_GRIA3	PMID: 24155668;PMID: 14612154					CellChatDB v2
GLS+SLC1A2	GRIA3	Glutamate	1.0	Non-protein Signaling	CellChatDB	Glutamate-Glu-SLC1A2_GLS_GRIA3	PMID: 24155668;PMID: 14612154					CellChatDB v2
GLS+SLC1A3	GRIA3	Glutamate	1.0	Non-protein Signaling	CellChatDB	Glutamate-Glu-SLC1A3_GLS_GRIA3	PMID: 24155668;PMID: 14612154					CellChatDB v2
SLC1A6+GLS	GRIA3	Glutamate	1.0	Non-protein Signaling	CellChatDB	Glutamate-Glu-SLC1A6_GLS_GRIA3	PMID: 24155668;PMID: 14612154					CellChatDB v2
GLS+SLC1A7	GRIA3	Glutamate	1.0	Non-protein Signaling	CellChatDB	Glutamate-Glu-SLC1A7_GLS_GRIA3	PMID: 24155668;PMID: 14612154					CellChatDB v2
SLC17A6+GLS2	GRIA3	Glutamate	1.0	Non-protein Signaling	CellChatDB	Glutamate-Glu-SLC17A6_GLS2_GRIA3	PMID: 24155668;PMID: 14612154					CellChatDB v2
SLC17A7+GLS2	GRIA3	Glutamate	1.0	Non-protein Signaling	CellChatDB	Glutamate-Glu-SLC17A7_GLS2_GRIA3	PMID: 24155668;PMID: 14612154					CellChatDB v2
SLC17A8+GLS2	GRIA3	Glutamate	1.0	Non-protein Signaling	CellChatDB	Glutamate-Glu-SLC17A8_GLS2_GRIA3	PMID: 24155668;PMID: 14612154					CellChatDB v2
GLS2+SLC1A1	GRIA3	Glutamate	1.0	Non-protein Signaling	CellChatDB	Glutamate-Glu-SLC1A1_GLS2_GRIA3	PMID: 24155668;PMID: 14612154					CellChatDB v2
GLS2+SLC1A2	GRIA3	Glutamate	1.0	Non-protein Signaling	CellChatDB	Glutamate-Glu-SLC1A2_GLS2_GRIA3	PMID: 24155668;PMID: 14612154					CellChatDB v2
GLS2+SLC1A3	GRIA3	Glutamate	1.0	Non-protein Signaling	CellChatDB	Glutamate-Glu-SLC1A3_GLS2_GRIA3	PMID: 24155668;PMID: 14612154					CellChatDB v2
SLC1A6+GLS2	GRIA3	Glutamate	1.0	Non-protein Signaling	CellChatDB	Glutamate-Glu-SLC1A6_GLS2_GRIA3	PMID: 24155668;PMID: 14612154					CellChatDB v2
GLS2+SLC1A7	GRIA3	Glutamate	1.0	Non-protein Signaling	CellChatDB	Glutamate-Glu-SLC1A7_GLS2_GRIA3	PMID: 24155668;PMID: 14612154					CellChatDB v2
SLC17A6+GLS	GRIA4	Glutamate	1.0	Non-protein Signaling	CellChatDB	Glutamate-Glu-SLC17A6_GLS_GRIA4	PMID: 24155668;PMID: 14612154					CellChatDB v2
SLC17A7+GLS	GRIA4	Glutamate	1.0	Non-protein Signaling	CellChatDB	Glutamate-Glu-SLC17A7_GLS_GRIA4	PMID: 24155668;PMID: 14612154					CellChatDB v2
SLC17A8+GLS	GRIA4	Glutamate	1.0	Non-protein Signaling	CellChatDB	Glutamate-Glu-SLC17A8_GLS_GRIA4	PMID: 24155668;PMID: 14612154					CellChatDB v2
GLS+SLC1A1	GRIA4	Glutamate	1.0	Non-protein Signaling	CellChatDB	Glutamate-Glu-SLC1A1_GLS_GRIA4	PMID: 24155668;PMID: 14612154					CellChatDB v2
GLS+SLC1A2	GRIA4	Glutamate	1.0	Non-protein Signaling	CellChatDB	Glutamate-Glu-SLC1A2_GLS_GRIA4	PMID: 24155668;PMID: 14612154					CellChatDB v2
GLS+SLC1A3	GRIA4	Glutamate	1.0	Non-protein Signaling	CellChatDB	Glutamate-Glu-SLC1A3_GLS_GRIA4	PMID: 24155668;PMID: 14612154					CellChatDB v2
SLC1A6+GLS	GRIA4	Glutamate	1.0	Non-protein Signaling	CellChatDB	Glutamate-Glu-SLC1A6_GLS_GRIA4	PMID: 24155668;PMID: 14612154					CellChatDB v2
GLS+SLC1A7	GRIA4	Glutamate	1.0	Non-protein Signaling	CellChatDB	Glutamate-Glu-SLC1A7_GLS_GRIA4	PMID: 24155668;PMID: 14612154					CellChatDB v2
SLC17A6+GLS2	GRIA4	Glutamate	1.0	Non-protein Signaling	CellChatDB	Glutamate-Glu-SLC17A6_GLS2_GRIA4	PMID: 24155668;PMID: 14612154					CellChatDB v2
SLC17A7+GLS2	GRIA4	Glutamate	1.0	Non-protein Signaling	CellChatDB	Glutamate-Glu-SLC17A7_GLS2_GRIA4	PMID: 24155668;PMID: 14612154					CellChatDB v2
SLC17A8+GLS2	GRIA4	Glutamate	1.0	Non-protein Signaling	CellChatDB	Glutamate-Glu-SLC17A8_GLS2_GRIA4	PMID: 24155668;PMID: 14612154					CellChatDB v2
GLS2+SLC1A1	GRIA4	Glutamate	1.0	Non-protein Signaling	CellChatDB	Glutamate-Glu-SLC1A1_GLS2_GRIA4	PMID: 24155668;PMID: 14612154					CellChatDB v2
GLS2+SLC1A2	GRIA4	Glutamate	1.0	Non-protein Signaling	CellChatDB	Glutamate-Glu-SLC1A2_GLS2_GRIA4	PMID: 24155668;PMID: 14612154					CellChatDB v2
GLS2+SLC1A3	GRIA4	Glutamate	1.0	Non-protein Signaling	CellChatDB	Glutamate-Glu-SLC1A3_GLS2_GRIA4	PMID: 24155668;PMID: 14612154					CellChatDB v2
SLC1A6+GLS2	GRIA4	Glutamate	1.0	Non-protein Signaling	CellChatDB	Glutamate-Glu-SLC1A6_GLS2_GRIA4	PMID: 24155668;PMID: 14612154					CellChatDB v2
GLS2+SLC1A7	GRIA4	Glutamate	1.0	Non-protein Signaling	CellChatDB	Glutamate-Glu-SLC1A7_GLS2_GRIA4	PMID: 24155668;PMID: 14612154					CellChatDB v2
NRXN1+CBLN1	GRID2	Glutamate	1.0	Non-protein Signaling	CellChatDB	Glutamate-Glu-NRXN1_CBLN1_GRID2	PMID: 24155668;PMID: 14612154					CellChatDB v2
SLC17A6+GLS	GRIK1	Glutamate	1.0	Non-protein Signaling	CellChatDB	Glutamate-Glu-SLC17A6_GLS_GRIK1	PMID: 24155668;PMID: 14612154					CellChatDB v2
SLC17A7+GLS	GRIK1	Glutamate	1.0	Non-protein Signaling	CellChatDB	Glutamate-Glu-SLC17A7_GLS_GRIK1	PMID: 24155668;PMID: 14612154					CellChatDB v2
SLC17A8+GLS	GRIK1	Glutamate	1.0	Non-protein Signaling	CellChatDB	Glutamate-Glu-SLC17A8_GLS_GRIK1	PMID: 24155668;PMID: 14612154					CellChatDB v2
GLS+SLC1A1	GRIK1	Glutamate	1.0	Non-protein Signaling	CellChatDB	Glutamate-Glu-SLC1A1_GLS_GRIK1	PMID: 24155668;PMID: 14612154					CellChatDB v2
GLS+SLC1A2	GRIK1	Glutamate	1.0	Non-protein Signaling	CellChatDB	Glutamate-Glu-SLC1A2_GLS_GRIK1	PMID: 24155668;PMID: 14612154					CellChatDB v2
GLS+SLC1A3	GRIK1	Glutamate	1.0	Non-protein Signaling	CellChatDB	Glutamate-Glu-SLC1A3_GLS_GRIK1	PMID: 24155668;PMID: 14612154					CellChatDB v2
SLC1A6+GLS	GRIK1	Glutamate	1.0	Non-protein Signaling	CellChatDB	Glutamate-Glu-SLC1A6_GLS_GRIK1	PMID: 24155668;PMID: 14612154					CellChatDB v2
GLS+SLC1A7	GRIK1	Glutamate	1.0	Non-protein Signaling	CellChatDB	Glutamate-Glu-SLC1A7_GLS_GRIK1	PMID: 24155668;PMID: 14612154					CellChatDB v2
SLC17A6+GLS2	GRIK1	Glutamate	1.0	Non-protein Signaling	CellChatDB	Glutamate-Glu-SLC17A6_GLS2_GRIK1	PMID: 24155668;PMID: 14612154					CellChatDB v2
SLC17A7+GLS2	GRIK1	Glutamate	1.0	Non-protein Signaling	CellChatDB	Glutamate-Glu-SLC17A7_GLS2_GRIK1	PMID: 24155668;PMID: 14612154					CellChatDB v2
SLC17A8+GLS2	GRIK1	Glutamate	1.0	Non-protein Signaling	CellChatDB	Glutamate-Glu-SLC17A8_GLS2_GRIK1	PMID: 24155668;PMID: 14612154					CellChatDB v2
GLS2+SLC1A1	GRIK1	Glutamate	1.0	Non-protein Signaling	CellChatDB	Glutamate-Glu-SLC1A1_GLS2_GRIK1	PMID: 24155668;PMID: 14612154					CellChatDB v2
GLS2+SLC1A2	GRIK1	Glutamate	1.0	Non-protein Signaling	CellChatDB	Glutamate-Glu-SLC1A2_GLS2_GRIK1	PMID: 24155668;PMID: 14612154					CellChatDB v2
GLS2+SLC1A3	GRIK1	Glutamate	1.0	Non-protein Signaling	CellChatDB	Glutamate-Glu-SLC1A3_GLS2_GRIK1	PMID: 24155668;PMID: 14612154					CellChatDB v2
SLC1A6+GLS2	GRIK1	Glutamate	1.0	Non-protein Signaling	CellChatDB	Glutamate-Glu-SLC1A6_GLS2_GRIK1	PMID: 24155668;PMID: 14612154					CellChatDB v2
GLS2+SLC1A7	GRIK1	Glutamate	1.0	Non-protein Signaling	CellChatDB	Glutamate-Glu-SLC1A7_GLS2_GRIK1	PMID: 24155668;PMID: 14612154					CellChatDB v2
SLC17A6+GLS	GRIK2	Glutamate	1.0	Non-protein Signaling	CellChatDB	Glutamate-Glu-SLC17A6_GLS_GRIK2	PMID: 24155668;PMID: 14612154					CellChatDB v2
SLC17A7+GLS	GRIK2	Glutamate	1.0	Non-protein Signaling	CellChatDB	Glutamate-Glu-SLC17A7_GLS_GRIK2	PMID: 24155668;PMID: 14612154					CellChatDB v2
SLC17A8+GLS	GRIK2	Glutamate	1.0	Non-protein Signaling	CellChatDB	Glutamate-Glu-SLC17A8_GLS_GRIK2	PMID: 24155668;PMID: 14612154					CellChatDB v2
GLS+SLC1A1	GRIK2	Glutamate	1.0	Non-protein Signaling	CellChatDB	Glutamate-Glu-SLC1A1_GLS_GRIK2	PMID: 24155668;PMID: 14612154					CellChatDB v2
GLS+SLC1A2	GRIK2	Glutamate	1.0	Non-protein Signaling	CellChatDB	Glutamate-Glu-SLC1A2_GLS_GRIK2	PMID: 24155668;PMID: 14612154					CellChatDB v2
GLS+SLC1A3	GRIK2	Glutamate	1.0	Non-protein Signaling	CellChatDB	Glutamate-Glu-SLC1A3_GLS_GRIK2	PMID: 24155668;PMID: 14612154					CellChatDB v2
SLC1A6+GLS	GRIK2	Glutamate	1.0	Non-protein Signaling	CellChatDB	Glutamate-Glu-SLC1A6_GLS_GRIK2	PMID: 24155668;PMID: 14612154					CellChatDB v2
GLS+SLC1A7	GRIK2	Glutamate	1.0	Non-protein Signaling	CellChatDB	Glutamate-Glu-SLC1A7_GLS_GRIK2	PMID: 24155668;PMID: 14612154					CellChatDB v2
SLC17A6+GLS2	GRIK2	Glutamate	1.0	Non-protein Signaling	CellChatDB	Glutamate-Glu-SLC17A6_GLS2_GRIK2	PMID: 24155668;PMID: 14612154					CellChatDB v2
SLC17A7+GLS2	GRIK2	Glutamate	1.0	Non-protein Signaling	CellChatDB	Glutamate-Glu-SLC17A7_GLS2_GRIK2	PMID: 24155668;PMID: 14612154					CellChatDB v2
SLC17A8+GLS2	GRIK2	Glutamate	1.0	Non-protein Signaling	CellChatDB	Glutamate-Glu-SLC17A8_GLS2_GRIK2	PMID: 24155668;PMID: 14612154					CellChatDB v2
GLS2+SLC1A1	GRIK2	Glutamate	1.0	Non-protein Signaling	CellChatDB	Glutamate-Glu-SLC1A1_GLS2_GRIK2	PMID: 24155668;PMID: 14612154					CellChatDB v2
GLS2+SLC1A2	GRIK2	Glutamate	1.0	Non-protein Signaling	CellChatDB	Glutamate-Glu-SLC1A2_GLS2_GRIK2	PMID: 24155668;PMID: 14612154					CellChatDB v2
GLS2+SLC1A3	GRIK2	Glutamate	1.0	Non-protein Signaling	CellChatDB	Glutamate-Glu-SLC1A3_GLS2_GRIK2	PMID: 24155668;PMID: 14612154					CellChatDB v2
SLC1A6+GLS2	GRIK2	Glutamate	1.0	Non-protein Signaling	CellChatDB	Glutamate-Glu-SLC1A6_GLS2_GRIK2	PMID: 24155668;PMID: 14612154					CellChatDB v2
GLS2+SLC1A7	GRIK2	Glutamate	1.0	Non-protein Signaling	CellChatDB	Glutamate-Glu-SLC1A7_GLS2_GRIK2	PMID: 24155668;PMID: 14612154					CellChatDB v2
SLC17A6+GLS	GRIK3	Glutamate	1.0	Non-protein Signaling	CellChatDB	Glutamate-Glu-SLC17A6_GLS_GRIK3	PMID: 24155668;PMID: 14612154					CellChatDB v2
SLC17A7+GLS	GRIK3	Glutamate	1.0	Non-protein Signaling	CellChatDB	Glutamate-Glu-SLC17A7_GLS_GRIK3	PMID: 24155668;PMID: 14612154					CellChatDB v2
SLC17A8+GLS	GRIK3	Glutamate	1.0	Non-protein Signaling	CellChatDB	Glutamate-Glu-SLC17A8_GLS_GRIK3	PMID: 24155668;PMID: 14612154					CellChatDB v2
GLS+SLC1A1	GRIK3	Glutamate	1.0	Non-protein Signaling	CellChatDB	Glutamate-Glu-SLC1A1_GLS_GRIK3	PMID: 24155668;PMID: 14612154					CellChatDB v2
GLS+SLC1A2	GRIK3	Glutamate	1.0	Non-protein Signaling	CellChatDB	Glutamate-Glu-SLC1A2_GLS_GRIK3	PMID: 24155668;PMID: 14612154					CellChatDB v2
GLS+SLC1A3	GRIK3	Glutamate	1.0	Non-protein Signaling	CellChatDB	Glutamate-Glu-SLC1A3_GLS_GRIK3	PMID: 24155668;PMID: 14612154					CellChatDB v2
SLC1A6+GLS	GRIK3	Glutamate	1.0	Non-protein Signaling	CellChatDB	Glutamate-Glu-SLC1A6_GLS_GRIK3	PMID: 24155668;PMID: 14612154					CellChatDB v2
GLS+SLC1A7	GRIK3	Glutamate	1.0	Non-protein Signaling	CellChatDB	Glutamate-Glu-SLC1A7_GLS_GRIK3	PMID: 24155668;PMID: 14612154					CellChatDB v2
SLC17A6+GLS2	GRIK3	Glutamate	1.0	Non-protein Signaling	CellChatDB	Glutamate-Glu-SLC17A6_GLS2_GRIK3	PMID: 24155668;PMID: 14612154					CellChatDB v2
SLC17A7+GLS2	GRIK3	Glutamate	1.0	Non-protein Signaling	CellChatDB	Glutamate-Glu-SLC17A7_GLS2_GRIK3	PMID: 24155668;PMID: 14612154					CellChatDB v2
SLC17A8+GLS2	GRIK3	Glutamate	1.0	Non-protein Signaling	CellChatDB	Glutamate-Glu-SLC17A8_GLS2_GRIK3	PMID: 24155668;PMID: 14612154					CellChatDB v2
GLS2+SLC1A1	GRIK3	Glutamate	1.0	Non-protein Signaling	CellChatDB	Glutamate-Glu-SLC1A1_GLS2_GRIK3	PMID: 24155668;PMID: 14612154					CellChatDB v2
GLS2+SLC1A2	GRIK3	Glutamate	1.0	Non-protein Signaling	CellChatDB	Glutamate-Glu-SLC1A2_GLS2_GRIK3	PMID: 24155668;PMID: 14612154					CellChatDB v2
GLS2+SLC1A3	GRIK3	Glutamate	1.0	Non-protein Signaling	CellChatDB	Glutamate-Glu-SLC1A3_GLS2_GRIK3	PMID: 24155668;PMID: 14612154					CellChatDB v2
SLC1A6+GLS2	GRIK3	Glutamate	1.0	Non-protein Signaling	CellChatDB	Glutamate-Glu-SLC1A6_GLS2_GRIK3	PMID: 24155668;PMID: 14612154					CellChatDB v2
GLS2+SLC1A7	GRIK3	Glutamate	1.0	Non-protein Signaling	CellChatDB	Glutamate-Glu-SLC1A7_GLS2_GRIK3	PMID: 24155668;PMID: 14612154					CellChatDB v2
SLC17A6+GLS	GRM1	Glutamate	1.0	Non-protein Signaling	CellChatDB	Glutamate-Glu-SLC17A6_GLS_GRM1	PMID: 24155668;PMID: 14612154					CellChatDB v2
SLC17A7+GLS	GRM1	Glutamate	1.0	Non-protein Signaling	CellChatDB	Glutamate-Glu-SLC17A7_GLS_GRM1	PMID: 24155668;PMID: 14612154					CellChatDB v2
SLC17A8+GLS	GRM1	Glutamate	1.0	Non-protein Signaling	CellChatDB	Glutamate-Glu-SLC17A8_GLS_GRM1	PMID: 24155668;PMID: 14612154					CellChatDB v2
GLS+SLC1A1	GRM1	Glutamate	1.0	Non-protein Signaling	CellChatDB	Glutamate-Glu-SLC1A1_GLS_GRM1	PMID: 24155668;PMID: 14612154					CellChatDB v2
GLS+SLC1A2	GRM1	Glutamate	1.0	Non-protein Signaling	CellChatDB	Glutamate-Glu-SLC1A2_GLS_GRM1	PMID: 24155668;PMID: 14612154					CellChatDB v2
GLS+SLC1A3	GRM1	Glutamate	1.0	Non-protein Signaling	CellChatDB	Glutamate-Glu-SLC1A3_GLS_GRM1	PMID: 24155668;PMID: 14612154					CellChatDB v2
SLC1A6+GLS	GRM1	Glutamate	1.0	Non-protein Signaling	CellChatDB	Glutamate-Glu-SLC1A6_GLS_GRM1	PMID: 24155668;PMID: 14612154					CellChatDB v2
GLS+SLC1A7	GRM1	Glutamate	1.0	Non-protein Signaling	CellChatDB	Glutamate-Glu-SLC1A7_GLS_GRM1	PMID: 24155668;PMID: 14612154					CellChatDB v2
SLC17A6+GLS2	GRM1	Glutamate	1.0	Non-protein Signaling	CellChatDB	Glutamate-Glu-SLC17A6_GLS2_GRM1	PMID: 24155668;PMID: 14612154					CellChatDB v2
SLC17A7+GLS2	GRM1	Glutamate	1.0	Non-protein Signaling	CellChatDB	Glutamate-Glu-SLC17A7_GLS2_GRM1	PMID: 24155668;PMID: 14612154					CellChatDB v2
SLC17A8+GLS2	GRM1	Glutamate	1.0	Non-protein Signaling	CellChatDB	Glutamate-Glu-SLC17A8_GLS2_GRM1	PMID: 24155668;PMID: 14612154					CellChatDB v2
GLS2+SLC1A1	GRM1	Glutamate	1.0	Non-protein Signaling	CellChatDB	Glutamate-Glu-SLC1A1_GLS2_GRM1	PMID: 24155668;PMID: 14612154					CellChatDB v2
GLS2+SLC1A2	GRM1	Glutamate	1.0	Non-protein Signaling	CellChatDB	Glutamate-Glu-SLC1A2_GLS2_GRM1	PMID: 24155668;PMID: 14612154					CellChatDB v2
GLS2+SLC1A3	GRM1	Glutamate	1.0	Non-protein Signaling	CellChatDB	Glutamate-Glu-SLC1A3_GLS2_GRM1	PMID: 24155668;PMID: 14612154					CellChatDB v2
SLC1A6+GLS2	GRM1	Glutamate	1.0	Non-protein Signaling	CellChatDB	Glutamate-Glu-SLC1A6_GLS2_GRM1	PMID: 24155668;PMID: 14612154					CellChatDB v2
GLS2+SLC1A7	GRM1	Glutamate	1.0	Non-protein Signaling	CellChatDB	Glutamate-Glu-SLC1A7_GLS2_GRM1	PMID: 24155668;PMID: 14612154					CellChatDB v2
SLC17A6+GLS	GRM2	Glutamate	1.0	Non-protein Signaling	CellChatDB	Glutamate-Glu-SLC17A6_GLS_GRM2	PMID: 24155668;PMID: 14612154					CellChatDB v2
SLC17A7+GLS	GRM2	Glutamate	1.0	Non-protein Signaling	CellChatDB	Glutamate-Glu-SLC17A7_GLS_GRM2	PMID: 24155668;PMID: 14612154					CellChatDB v2
SLC17A8+GLS	GRM2	Glutamate	1.0	Non-protein Signaling	CellChatDB	Glutamate-Glu-SLC17A8_GLS_GRM2	PMID: 24155668;PMID: 14612154					CellChatDB v2
GLS+SLC1A1	GRM2	Glutamate	1.0	Non-protein Signaling	CellChatDB	Glutamate-Glu-SLC1A1_GLS_GRM2	PMID: 24155668;PMID: 14612154					CellChatDB v2
GLS+SLC1A2	GRM2	Glutamate	1.0	Non-protein Signaling	CellChatDB	Glutamate-Glu-SLC1A2_GLS_GRM2	PMID: 24155668;PMID: 14612154					CellChatDB v2
GLS+SLC1A3	GRM2	Glutamate	1.0	Non-protein Signaling	CellChatDB	Glutamate-Glu-SLC1A3_GLS_GRM2	PMID: 24155668;PMID: 14612154					CellChatDB v2
SLC1A6+GLS	GRM2	Glutamate	1.0	Non-protein Signaling	CellChatDB	Glutamate-Glu-SLC1A6_GLS_GRM2	PMID: 24155668;PMID: 14612154					CellChatDB v2
GLS+SLC1A7	GRM2	Glutamate	1.0	Non-protein Signaling	CellChatDB	Glutamate-Glu-SLC1A7_GLS_GRM2	PMID: 24155668;PMID: 14612154					CellChatDB v2
SLC17A6+GLS2	GRM2	Glutamate	1.0	Non-protein Signaling	CellChatDB	Glutamate-Glu-SLC17A6_GLS2_GRM2	PMID: 24155668;PMID: 14612154					CellChatDB v2
SLC17A7+GLS2	GRM2	Glutamate	1.0	Non-protein Signaling	CellChatDB	Glutamate-Glu-SLC17A7_GLS2_GRM2	PMID: 24155668;PMID: 14612154					CellChatDB v2
SLC17A8+GLS2	GRM2	Glutamate	1.0	Non-protein Signaling	CellChatDB	Glutamate-Glu-SLC17A8_GLS2_GRM2	PMID: 24155668;PMID: 14612154					CellChatDB v2
GLS2+SLC1A1	GRM2	Glutamate	1.0	Non-protein Signaling	CellChatDB	Glutamate-Glu-SLC1A1_GLS2_GRM2	PMID: 24155668;PMID: 14612154					CellChatDB v2
GLS2+SLC1A2	GRM2	Glutamate	1.0	Non-protein Signaling	CellChatDB	Glutamate-Glu-SLC1A2_GLS2_GRM2	PMID: 24155668;PMID: 14612154					CellChatDB v2
GLS2+SLC1A3	GRM2	Glutamate	1.0	Non-protein Signaling	CellChatDB	Glutamate-Glu-SLC1A3_GLS2_GRM2	PMID: 24155668;PMID: 14612154					CellChatDB v2
SLC1A6+GLS2	GRM2	Glutamate	1.0	Non-protein Signaling	CellChatDB	Glutamate-Glu-SLC1A6_GLS2_GRM2	PMID: 24155668;PMID: 14612154					CellChatDB v2
GLS2+SLC1A7	GRM2	Glutamate	1.0	Non-protein Signaling	CellChatDB	Glutamate-Glu-SLC1A7_GLS2_GRM2	PMID: 24155668;PMID: 14612154					CellChatDB v2
SLC17A6+GLS	GRM3	Glutamate	1.0	Non-protein Signaling	CellChatDB	Glutamate-Glu-SLC17A6_GLS_GRM3	PMID: 24155668;PMID: 14612154					CellChatDB v2
SLC17A7+GLS	GRM3	Glutamate	1.0	Non-protein Signaling	CellChatDB	Glutamate-Glu-SLC17A7_GLS_GRM3	PMID: 24155668;PMID: 14612154					CellChatDB v2
SLC17A8+GLS	GRM3	Glutamate	1.0	Non-protein Signaling	CellChatDB	Glutamate-Glu-SLC17A8_GLS_GRM3	PMID: 24155668;PMID: 14612154					CellChatDB v2
GLS+SLC1A1	GRM3	Glutamate	1.0	Non-protein Signaling	CellChatDB	Glutamate-Glu-SLC1A1_GLS_GRM3	PMID: 24155668;PMID: 14612154					CellChatDB v2
GLS+SLC1A2	GRM3	Glutamate	1.0	Non-protein Signaling	CellChatDB	Glutamate-Glu-SLC1A2_GLS_GRM3	PMID: 24155668;PMID: 14612154					CellChatDB v2
GLS+SLC1A3	GRM3	Glutamate	1.0	Non-protein Signaling	CellChatDB	Glutamate-Glu-SLC1A3_GLS_GRM3	PMID: 24155668;PMID: 14612154					CellChatDB v2
SLC1A6+GLS	GRM3	Glutamate	1.0	Non-protein Signaling	CellChatDB	Glutamate-Glu-SLC1A6_GLS_GRM3	PMID: 24155668;PMID: 14612154					CellChatDB v2
GLS+SLC1A7	GRM3	Glutamate	1.0	Non-protein Signaling	CellChatDB	Glutamate-Glu-SLC1A7_GLS_GRM3	PMID: 24155668;PMID: 14612154					CellChatDB v2
SLC17A6+GLS2	GRM3	Glutamate	1.0	Non-protein Signaling	CellChatDB	Glutamate-Glu-SLC17A6_GLS2_GRM3	PMID: 24155668;PMID: 14612154					CellChatDB v2
SLC17A7+GLS2	GRM3	Glutamate	1.0	Non-protein Signaling	CellChatDB	Glutamate-Glu-SLC17A7_GLS2_GRM3	PMID: 24155668;PMID: 14612154					CellChatDB v2
SLC17A8+GLS2	GRM3	Glutamate	1.0	Non-protein Signaling	CellChatDB	Glutamate-Glu-SLC17A8_GLS2_GRM3	PMID: 24155668;PMID: 14612154					CellChatDB v2
GLS2+SLC1A1	GRM3	Glutamate	1.0	Non-protein Signaling	CellChatDB	Glutamate-Glu-SLC1A1_GLS2_GRM3	PMID: 24155668;PMID: 14612154					CellChatDB v2
GLS2+SLC1A2	GRM3	Glutamate	1.0	Non-protein Signaling	CellChatDB	Glutamate-Glu-SLC1A2_GLS2_GRM3	PMID: 24155668;PMID: 14612154					CellChatDB v2
GLS2+SLC1A3	GRM3	Glutamate	1.0	Non-protein Signaling	CellChatDB	Glutamate-Glu-SLC1A3_GLS2_GRM3	PMID: 24155668;PMID: 14612154					CellChatDB v2
SLC1A6+GLS2	GRM3	Glutamate	1.0	Non-protein Signaling	CellChatDB	Glutamate-Glu-SLC1A6_GLS2_GRM3	PMID: 24155668;PMID: 14612154					CellChatDB v2
GLS2+SLC1A7	GRM3	Glutamate	1.0	Non-protein Signaling	CellChatDB	Glutamate-Glu-SLC1A7_GLS2_GRM3	PMID: 24155668;PMID: 14612154					CellChatDB v2
SLC17A6+GLS	GRM4	Glutamate	1.0	Non-protein Signaling	CellChatDB	Glutamate-Glu-SLC17A6_GLS_GRM4	PMID: 24155668;PMID: 14612154					CellChatDB v2
SLC17A7+GLS	GRM4	Glutamate	1.0	Non-protein Signaling	CellChatDB	Glutamate-Glu-SLC17A7_GLS_GRM4	PMID: 24155668;PMID: 14612154					CellChatDB v2
SLC17A8+GLS	GRM4	Glutamate	1.0	Non-protein Signaling	CellChatDB	Glutamate-Glu-SLC17A8_GLS_GRM4	PMID: 24155668;PMID: 14612154					CellChatDB v2
GLS+SLC1A1	GRM4	Glutamate	1.0	Non-protein Signaling	CellChatDB	Glutamate-Glu-SLC1A1_GLS_GRM4	PMID: 24155668;PMID: 14612154					CellChatDB v2
GLS+SLC1A2	GRM4	Glutamate	1.0	Non-protein Signaling	CellChatDB	Glutamate-Glu-SLC1A2_GLS_GRM4	PMID: 24155668;PMID: 14612154					CellChatDB v2
GLS+SLC1A3	GRM4	Glutamate	1.0	Non-protein Signaling	CellChatDB	Glutamate-Glu-SLC1A3_GLS_GRM4	PMID: 24155668;PMID: 14612154					CellChatDB v2
SLC1A6+GLS	GRM4	Glutamate	1.0	Non-protein Signaling	CellChatDB	Glutamate-Glu-SLC1A6_GLS_GRM4	PMID: 24155668;PMID: 14612154					CellChatDB v2
GLS+SLC1A7	GRM4	Glutamate	1.0	Non-protein Signaling	CellChatDB	Glutamate-Glu-SLC1A7_GLS_GRM4	PMID: 24155668;PMID: 14612154					CellChatDB v2
SLC17A6+GLS2	GRM4	Glutamate	1.0	Non-protein Signaling	CellChatDB	Glutamate-Glu-SLC17A6_GLS2_GRM4	PMID: 24155668;PMID: 14612154					CellChatDB v2
SLC17A7+GLS2	GRM4	Glutamate	1.0	Non-protein Signaling	CellChatDB	Glutamate-Glu-SLC17A7_GLS2_GRM4	PMID: 24155668;PMID: 14612154					CellChatDB v2
SLC17A8+GLS2	GRM4	Glutamate	1.0	Non-protein Signaling	CellChatDB	Glutamate-Glu-SLC17A8_GLS2_GRM4	PMID: 24155668;PMID: 14612154					CellChatDB v2
GLS2+SLC1A1	GRM4	Glutamate	1.0	Non-protein Signaling	CellChatDB	Glutamate-Glu-SLC1A1_GLS2_GRM4	PMID: 24155668;PMID: 14612154					CellChatDB v2
GLS2+SLC1A2	GRM4	Glutamate	1.0	Non-protein Signaling	CellChatDB	Glutamate-Glu-SLC1A2_GLS2_GRM4	PMID: 24155668;PMID: 14612154					CellChatDB v2
GLS2+SLC1A3	GRM4	Glutamate	1.0	Non-protein Signaling	CellChatDB	Glutamate-Glu-SLC1A3_GLS2_GRM4	PMID: 24155668;PMID: 14612154					CellChatDB v2
SLC1A6+GLS2	GRM4	Glutamate	1.0	Non-protein Signaling	CellChatDB	Glutamate-Glu-SLC1A6_GLS2_GRM4	PMID: 24155668;PMID: 14612154					CellChatDB v2
GLS2+SLC1A7	GRM4	Glutamate	1.0	Non-protein Signaling	CellChatDB	Glutamate-Glu-SLC1A7_GLS2_GRM4	PMID: 24155668;PMID: 14612154					CellChatDB v2
SLC17A6+GLS	GRM5	Glutamate	1.0	Non-protein Signaling	CellChatDB	Glutamate-Glu-SLC17A6_GLS_GRM5	PMID: 24155668;PMID: 14612154					CellChatDB v2
SLC17A7+GLS	GRM5	Glutamate	1.0	Non-protein Signaling	CellChatDB	Glutamate-Glu-SLC17A7_GLS_GRM5	PMID: 24155668;PMID: 14612154					CellChatDB v2
SLC17A8+GLS	GRM5	Glutamate	1.0	Non-protein Signaling	CellChatDB	Glutamate-Glu-SLC17A8_GLS_GRM5	PMID: 24155668;PMID: 14612154					CellChatDB v2
GLS+SLC1A1	GRM5	Glutamate	1.0	Non-protein Signaling	CellChatDB	Glutamate-Glu-SLC1A1_GLS_GRM5	PMID: 24155668;PMID: 14612154					CellChatDB v2
GLS+SLC1A2	GRM5	Glutamate	1.0	Non-protein Signaling	CellChatDB	Glutamate-Glu-SLC1A2_GLS_GRM5	PMID: 24155668;PMID: 14612154					CellChatDB v2
GLS+SLC1A3	GRM5	Glutamate	1.0	Non-protein Signaling	CellChatDB	Glutamate-Glu-SLC1A3_GLS_GRM5	PMID: 24155668;PMID: 14612154					CellChatDB v2
SLC1A6+GLS	GRM5	Glutamate	1.0	Non-protein Signaling	CellChatDB	Glutamate-Glu-SLC1A6_GLS_GRM5	PMID: 24155668;PMID: 14612154					CellChatDB v2
GLS+SLC1A7	GRM5	Glutamate	1.0	Non-protein Signaling	CellChatDB	Glutamate-Glu-SLC1A7_GLS_GRM5	PMID: 24155668;PMID: 14612154					CellChatDB v2
SLC17A6+GLS2	GRM5	Glutamate	1.0	Non-protein Signaling	CellChatDB	Glutamate-Glu-SLC17A6_GLS2_GRM5	PMID: 24155668;PMID: 14612154					CellChatDB v2
SLC17A7+GLS2	GRM5	Glutamate	1.0	Non-protein Signaling	CellChatDB	Glutamate-Glu-SLC17A7_GLS2_GRM5	PMID: 24155668;PMID: 14612154					CellChatDB v2
SLC17A8+GLS2	GRM5	Glutamate	1.0	Non-protein Signaling	CellChatDB	Glutamate-Glu-SLC17A8_GLS2_GRM5	PMID: 24155668;PMID: 14612154					CellChatDB v2
GLS2+SLC1A1	GRM5	Glutamate	1.0	Non-protein Signaling	CellChatDB	Glutamate-Glu-SLC1A1_GLS2_GRM5	PMID: 24155668;PMID: 14612154					CellChatDB v2
GLS2+SLC1A2	GRM5	Glutamate	1.0	Non-protein Signaling	CellChatDB	Glutamate-Glu-SLC1A2_GLS2_GRM5	PMID: 24155668;PMID: 14612154					CellChatDB v2
GLS2+SLC1A3	GRM5	Glutamate	1.0	Non-protein Signaling	CellChatDB	Glutamate-Glu-SLC1A3_GLS2_GRM5	PMID: 24155668;PMID: 14612154					CellChatDB v2
SLC1A6+GLS2	GRM5	Glutamate	1.0	Non-protein Signaling	CellChatDB	Glutamate-Glu-SLC1A6_GLS2_GRM5	PMID: 24155668;PMID: 14612154					CellChatDB v2
GLS2+SLC1A7	GRM5	Glutamate	1.0	Non-protein Signaling	CellChatDB	Glutamate-Glu-SLC1A7_GLS2_GRM5	PMID: 24155668;PMID: 14612154					CellChatDB v2
SLC17A6+GLS	GRM6	Glutamate	1.0	Non-protein Signaling	CellChatDB	Glutamate-Glu-SLC17A6_GLS_GRM6	PMID: 24155668;PMID: 14612154					CellChatDB v2
SLC17A7+GLS	GRM6	Glutamate	1.0	Non-protein Signaling	CellChatDB	Glutamate-Glu-SLC17A7_GLS_GRM6	PMID: 24155668;PMID: 14612154					CellChatDB v2
SLC17A8+GLS	GRM6	Glutamate	1.0	Non-protein Signaling	CellChatDB	Glutamate-Glu-SLC17A8_GLS_GRM6	PMID: 24155668;PMID: 14612154					CellChatDB v2
GLS+SLC1A1	GRM6	Glutamate	1.0	Non-protein Signaling	CellChatDB	Glutamate-Glu-SLC1A1_GLS_GRM6	PMID: 24155668;PMID: 14612154					CellChatDB v2
GLS+SLC1A2	GRM6	Glutamate	1.0	Non-protein Signaling	CellChatDB	Glutamate-Glu-SLC1A2_GLS_GRM6	PMID: 24155668;PMID: 14612154					CellChatDB v2
GLS+SLC1A3	GRM6	Glutamate	1.0	Non-protein Signaling	CellChatDB	Glutamate-Glu-SLC1A3_GLS_GRM6	PMID: 24155668;PMID: 14612154					CellChatDB v2
SLC1A6+GLS	GRM6	Glutamate	1.0	Non-protein Signaling	CellChatDB	Glutamate-Glu-SLC1A6_GLS_GRM6	PMID: 24155668;PMID: 14612154					CellChatDB v2
GLS+SLC1A7	GRM6	Glutamate	1.0	Non-protein Signaling	CellChatDB	Glutamate-Glu-SLC1A7_GLS_GRM6	PMID: 24155668;PMID: 14612154					CellChatDB v2
SLC17A6+GLS2	GRM6	Glutamate	1.0	Non-protein Signaling	CellChatDB	Glutamate-Glu-SLC17A6_GLS2_GRM6	PMID: 24155668;PMID: 14612154					CellChatDB v2
SLC17A7+GLS2	GRM6	Glutamate	1.0	Non-protein Signaling	CellChatDB	Glutamate-Glu-SLC17A7_GLS2_GRM6	PMID: 24155668;PMID: 14612154					CellChatDB v2
SLC17A8+GLS2	GRM6	Glutamate	1.0	Non-protein Signaling	CellChatDB	Glutamate-Glu-SLC17A8_GLS2_GRM6	PMID: 24155668;PMID: 14612154					CellChatDB v2
GLS2+SLC1A1	GRM6	Glutamate	1.0	Non-protein Signaling	CellChatDB	Glutamate-Glu-SLC1A1_GLS2_GRM6	PMID: 24155668;PMID: 14612154					CellChatDB v2
GLS2+SLC1A2	GRM6	Glutamate	1.0	Non-protein Signaling	CellChatDB	Glutamate-Glu-SLC1A2_GLS2_GRM6	PMID: 24155668;PMID: 14612154					CellChatDB v2
GLS2+SLC1A3	GRM6	Glutamate	1.0	Non-protein Signaling	CellChatDB	Glutamate-Glu-SLC1A3_GLS2_GRM6	PMID: 24155668;PMID: 14612154					CellChatDB v2
SLC1A6+GLS2	GRM6	Glutamate	1.0	Non-protein Signaling	CellChatDB	Glutamate-Glu-SLC1A6_GLS2_GRM6	PMID: 24155668;PMID: 14612154					CellChatDB v2
GLS2+SLC1A7	GRM6	Glutamate	1.0	Non-protein Signaling	CellChatDB	Glutamate-Glu-SLC1A7_GLS2_GRM6	PMID: 24155668;PMID: 14612154					CellChatDB v2
SLC17A6+GLS	GRM7	Glutamate	1.0	Non-protein Signaling	CellChatDB	Glutamate-Glu-SLC17A6_GLS_GRM7	PMID: 24155668;PMID: 14612154					CellChatDB v2
SLC17A7+GLS	GRM7	Glutamate	1.0	Non-protein Signaling	CellChatDB	Glutamate-Glu-SLC17A7_GLS_GRM7	PMID: 24155668;PMID: 14612154					CellChatDB v2
SLC17A8+GLS	GRM7	Glutamate	1.0	Non-protein Signaling	CellChatDB	Glutamate-Glu-SLC17A8_GLS_GRM7	PMID: 24155668;PMID: 14612154					CellChatDB v2
GLS+SLC1A1	GRM7	Glutamate	1.0	Non-protein Signaling	CellChatDB	Glutamate-Glu-SLC1A1_GLS_GRM7	PMID: 24155668;PMID: 14612154					CellChatDB v2
GLS+SLC1A2	GRM7	Glutamate	1.0	Non-protein Signaling	CellChatDB	Glutamate-Glu-SLC1A2_GLS_GRM7	PMID: 24155668;PMID: 14612154					CellChatDB v2
GLS+SLC1A3	GRM7	Glutamate	1.0	Non-protein Signaling	CellChatDB	Glutamate-Glu-SLC1A3_GLS_GRM7	PMID: 24155668;PMID: 14612154					CellChatDB v2
SLC1A6+GLS	GRM7	Glutamate	1.0	Non-protein Signaling	CellChatDB	Glutamate-Glu-SLC1A6_GLS_GRM7	PMID: 24155668;PMID: 14612154					CellChatDB v2
GLS+SLC1A7	GRM7	Glutamate	1.0	Non-protein Signaling	CellChatDB	Glutamate-Glu-SLC1A7_GLS_GRM7	PMID: 24155668;PMID: 14612154					CellChatDB v2
SLC17A6+GLS2	GRM7	Glutamate	1.0	Non-protein Signaling	CellChatDB	Glutamate-Glu-SLC17A6_GLS2_GRM7	PMID: 24155668;PMID: 14612154					CellChatDB v2
SLC17A7+GLS2	GRM7	Glutamate	1.0	Non-protein Signaling	CellChatDB	Glutamate-Glu-SLC17A7_GLS2_GRM7	PMID: 24155668;PMID: 14612154					CellChatDB v2
SLC17A8+GLS2	GRM7	Glutamate	1.0	Non-protein Signaling	CellChatDB	Glutamate-Glu-SLC17A8_GLS2_GRM7	PMID: 24155668;PMID: 14612154					CellChatDB v2
GLS2+SLC1A1	GRM7	Glutamate	1.0	Non-protein Signaling	CellChatDB	Glutamate-Glu-SLC1A1_GLS2_GRM7	PMID: 24155668;PMID: 14612154					CellChatDB v2
GLS2+SLC1A2	GRM7	Glutamate	1.0	Non-protein Signaling	CellChatDB	Glutamate-Glu-SLC1A2_GLS2_GRM7	PMID: 24155668;PMID: 14612154					CellChatDB v2
GLS2+SLC1A3	GRM7	Glutamate	1.0	Non-protein Signaling	CellChatDB	Glutamate-Glu-SLC1A3_GLS2_GRM7	PMID: 24155668;PMID: 14612154					CellChatDB v2
SLC1A6+GLS2	GRM7	Glutamate	1.0	Non-protein Signaling	CellChatDB	Glutamate-Glu-SLC1A6_GLS2_GRM7	PMID: 24155668;PMID: 14612154					CellChatDB v2
GLS2+SLC1A7	GRM7	Glutamate	1.0	Non-protein Signaling	CellChatDB	Glutamate-Glu-SLC1A7_GLS2_GRM7	PMID: 24155668;PMID: 14612154					CellChatDB v2
SLC17A6+GLS	GRM8	Glutamate	1.0	Non-protein Signaling	CellChatDB	Glutamate-Glu-SLC17A6_GLS_GRM8	PMID: 24155668;PMID: 14612154					CellChatDB v2
SLC17A7+GLS	GRM8	Glutamate	1.0	Non-protein Signaling	CellChatDB	Glutamate-Glu-SLC17A7_GLS_GRM8	PMID: 24155668;PMID: 14612154					CellChatDB v2
SLC17A8+GLS	GRM8	Glutamate	1.0	Non-protein Signaling	CellChatDB	Glutamate-Glu-SLC17A8_GLS_GRM8	PMID: 24155668;PMID: 14612154					CellChatDB v2
GLS+SLC1A1	GRM8	Glutamate	1.0	Non-protein Signaling	CellChatDB	Glutamate-Glu-SLC1A1_GLS_GRM8	PMID: 24155668;PMID: 14612154					CellChatDB v2
GLS+SLC1A2	GRM8	Glutamate	1.0	Non-protein Signaling	CellChatDB	Glutamate-Glu-SLC1A2_GLS_GRM8	PMID: 24155668;PMID: 14612154					CellChatDB v2
GLS+SLC1A3	GRM8	Glutamate	1.0	Non-protein Signaling	CellChatDB	Glutamate-Glu-SLC1A3_GLS_GRM8	PMID: 24155668;PMID: 14612154					CellChatDB v2
SLC1A6+GLS	GRM8	Glutamate	1.0	Non-protein Signaling	CellChatDB	Glutamate-Glu-SLC1A6_GLS_GRM8	PMID: 24155668;PMID: 14612154					CellChatDB v2
GLS+SLC1A7	GRM8	Glutamate	1.0	Non-protein Signaling	CellChatDB	Glutamate-Glu-SLC1A7_GLS_GRM8	PMID: 24155668;PMID: 14612154					CellChatDB v2
SLC17A6+GLS2	GRM8	Glutamate	1.0	Non-protein Signaling	CellChatDB	Glutamate-Glu-SLC17A6_GLS2_GRM8	PMID: 24155668;PMID: 14612154					CellChatDB v2
SLC17A7+GLS2	GRM8	Glutamate	1.0	Non-protein Signaling	CellChatDB	Glutamate-Glu-SLC17A7_GLS2_GRM8	PMID: 24155668;PMID: 14612154					CellChatDB v2
SLC17A8+GLS2	GRM8	Glutamate	1.0	Non-protein Signaling	CellChatDB	Glutamate-Glu-SLC17A8_GLS2_GRM8	PMID: 24155668;PMID: 14612154					CellChatDB v2
GLS2+SLC1A1	GRM8	Glutamate	1.0	Non-protein Signaling	CellChatDB	Glutamate-Glu-SLC1A1_GLS2_GRM8	PMID: 24155668;PMID: 14612154					CellChatDB v2
GLS2+SLC1A2	GRM8	Glutamate	1.0	Non-protein Signaling	CellChatDB	Glutamate-Glu-SLC1A2_GLS2_GRM8	PMID: 24155668;PMID: 14612154					CellChatDB v2
GLS2+SLC1A3	GRM8	Glutamate	1.0	Non-protein Signaling	CellChatDB	Glutamate-Glu-SLC1A3_GLS2_GRM8	PMID: 24155668;PMID: 14612154					CellChatDB v2
SLC1A6+GLS2	GRM8	Glutamate	1.0	Non-protein Signaling	CellChatDB	Glutamate-Glu-SLC1A6_GLS2_GRM8	PMID: 24155668;PMID: 14612154					CellChatDB v2
GLS2+SLC1A7	GRM8	Glutamate	1.0	Non-protein Signaling	CellChatDB	Glutamate-Glu-SLC1A7_GLS2_GRM8	PMID: 24155668;PMID: 14612154					CellChatDB v2
HDC	HRH1	Histamine	1.0	Non-protein Signaling	CellChatDB	Histamine-Hist-HDC_HRH1	PMID: 35378699;PMID: 10444208					CellChatDB v2
HDC	HRH2	Histamine	1.0	Non-protein Signaling	CellChatDB	Histamine-Hist-HDC_HRH2	PMID: 35378699;PMID: 10444208					CellChatDB v2
HDC	HRH3	Histamine	1.0	Non-protein Signaling	CellChatDB	Histamine-Hist-HDC_HRH3	PMID: 35378699;PMID: 10444208					CellChatDB v2
HDC	HRH4	Histamine	1.0	Non-protein Signaling	CellChatDB	Histamine-Hist-HDC_HRH4	PMID: 35378699;PMID: 10444208					CellChatDB v2
SLC18A1+TPH1	HTR1A	5-HT	1.0	Non-protein Signaling	CellChatDB	5-HT-TPH1_SLC18A1_HTR1A	PMID: 23328530					CellChatDB v2
SLC18A2+TPH1	HTR1A	5-HT	1.0	Non-protein Signaling	CellChatDB	5-HT-TPH1_SLC18A2_HTR1A	PMID: 23328530					CellChatDB v2
SLC6A4+TPH1	HTR1A	5-HT	1.0	Non-protein Signaling	CellChatDB	5-HT-TPH1_SLC6A4_HTR1A	PMID: 23328530					CellChatDB v2
SLC18A1+TPH2	HTR1A	5-HT	1.0	Non-protein Signaling	CellChatDB	5-HT-TPH2_SLC18A1_HTR1A	PMID: 23328530					CellChatDB v2
SLC18A2+TPH2	HTR1A	5-HT	1.0	Non-protein Signaling	CellChatDB	5-HT-TPH2_SLC18A2_HTR1A	PMID: 23328530					CellChatDB v2
SLC6A4+TPH2	HTR1A	5-HT	1.0	Non-protein Signaling	CellChatDB	5-HT-TPH2_SLC6A4_HTR1A	PMID: 23328530					CellChatDB v2
SLC18A1+TPH1	HTR1B	5-HT	1.0	Non-protein Signaling	CellChatDB	5-HT-TPH1_SLC18A1_HTR1B	PMID: 23328530					CellChatDB v2
SLC18A2+TPH1	HTR1B	5-HT	1.0	Non-protein Signaling	CellChatDB	5-HT-TPH1_SLC18A2_HTR1B	PMID: 23328530					CellChatDB v2
SLC6A4+TPH1	HTR1B	5-HT	1.0	Non-protein Signaling	CellChatDB	5-HT-TPH1_SLC6A4_HTR1B	PMID: 23328530					CellChatDB v2
SLC18A1+TPH2	HTR1B	5-HT	1.0	Non-protein Signaling	CellChatDB	5-HT-TPH2_SLC18A1_HTR1B	PMID: 23328530					CellChatDB v2
SLC18A2+TPH2	HTR1B	5-HT	1.0	Non-protein Signaling	CellChatDB	5-HT-TPH2_SLC18A2_HTR1B	PMID: 23328530					CellChatDB v2
SLC6A4+TPH2	HTR1B	5-HT	1.0	Non-protein Signaling	CellChatDB	5-HT-TPH2_SLC6A4_HTR1B	PMID: 23328530					CellChatDB v2
SLC18A1+TPH1	HTR1D	5-HT	1.0	Non-protein Signaling	CellChatDB	5-HT-TPH1_SLC18A1_HTR1D	PMID: 23328530					CellChatDB v2
SLC18A2+TPH1	HTR1D	5-HT	1.0	Non-protein Signaling	CellChatDB	5-HT-TPH1_SLC18A2_HTR1D	PMID: 23328530					CellChatDB v2
SLC6A4+TPH1	HTR1D	5-HT	1.0	Non-protein Signaling	CellChatDB	5-HT-TPH1_SLC6A4_HTR1D	PMID: 23328530					CellChatDB v2
SLC18A1+TPH2	HTR1D	5-HT	1.0	Non-protein Signaling	CellChatDB	5-HT-TPH2_SLC18A1_HTR1D	PMID: 23328530					CellChatDB v2
SLC18A2+TPH2	HTR1D	5-HT	1.0	Non-protein Signaling	CellChatDB	5-HT-TPH2_SLC18A2_HTR1D	PMID: 23328530					CellChatDB v2
SLC6A4+TPH2	HTR1D	5-HT	1.0	Non-protein Signaling	CellChatDB	5-HT-TPH2_SLC6A4_HTR1D	PMID: 23328530					CellChatDB v2
SLC18A1+TPH1	HTR1E	5-HT	1.0	Non-protein Signaling	CellChatDB	5-HT-TPH1_SLC18A1_HTR1E	PMID: 23328530					CellChatDB v2
SLC18A2+TPH1	HTR1E	5-HT	1.0	Non-protein Signaling	CellChatDB	5-HT-TPH1_SLC18A2_HTR1E	PMID: 23328530					CellChatDB v2
SLC6A4+TPH1	HTR1E	5-HT	1.0	Non-protein Signaling	CellChatDB	5-HT-TPH1_SLC6A4_HTR1E	PMID: 23328530					CellChatDB v2
SLC18A1+TPH2	HTR1E	5-HT	1.0	Non-protein Signaling	CellChatDB	5-HT-TPH2_SLC18A1_HTR1E	PMID: 23328530					CellChatDB v2
SLC18A2+TPH2	HTR1E	5-HT	1.0	Non-protein Signaling	CellChatDB	5-HT-TPH2_SLC18A2_HTR1E	PMID: 23328530					CellChatDB v2
SLC6A4+TPH2	HTR1E	5-HT	1.0	Non-protein Signaling	CellChatDB	5-HT-TPH2_SLC6A4_HTR1E	PMID: 23328530					CellChatDB v2
SLC18A1+TPH1	HTR1F	5-HT	1.0	Non-protein Signaling	CellChatDB	5-HT-TPH1_SLC18A1_HTR1F	PMID: 23328530					CellChatDB v2
SLC18A2+TPH1	HTR1F	5-HT	1.0	Non-protein Signaling	CellChatDB	5-HT-TPH1_SLC18A2_HTR1F	PMID: 23328530					CellChatDB v2
SLC6A4+TPH1	HTR1F	5-HT	1.0	Non-protein Signaling	CellChatDB	5-HT-TPH1_SLC6A4_HTR1F	PMID: 23328530					CellChatDB v2
SLC18A1+TPH2	HTR1F	5-HT	1.0	Non-protein Signaling	CellChatDB	5-HT-TPH2_SLC18A1_HTR1F	PMID: 23328530					CellChatDB v2
SLC18A2+TPH2	HTR1F	5-HT	1.0	Non-protein Signaling	CellChatDB	5-HT-TPH2_SLC18A2_HTR1F	PMID: 23328530					CellChatDB v2
SLC6A4+TPH2	HTR1F	5-HT	1.0	Non-protein Signaling	CellChatDB	5-HT-TPH2_SLC6A4_HTR1F	PMID: 23328530					CellChatDB v2
SLC18A1+TPH1	HTR2A	5-HT	1.0	Non-protein Signaling	CellChatDB	5-HT-TPH1_SLC18A1_HTR2A	PMID: 23328530					CellChatDB v2
SLC18A2+TPH1	HTR2A	5-HT	1.0	Non-protein Signaling	CellChatDB	5-HT-TPH1_SLC18A2_HTR2A	PMID: 23328530					CellChatDB v2
SLC6A4+TPH1	HTR2A	5-HT	1.0	Non-protein Signaling	CellChatDB	5-HT-TPH1_SLC6A4_HTR2A	PMID: 23328530					CellChatDB v2
SLC18A1+TPH2	HTR2A	5-HT	1.0	Non-protein Signaling	CellChatDB	5-HT-TPH2_SLC18A1_HTR2A	PMID: 23328530					CellChatDB v2
SLC18A2+TPH2	HTR2A	5-HT	1.0	Non-protein Signaling	CellChatDB	5-HT-TPH2_SLC18A2_HTR2A	PMID: 23328530					CellChatDB v2
SLC6A4+TPH2	HTR2A	5-HT	1.0	Non-protein Signaling	CellChatDB	5-HT-TPH2_SLC6A4_HTR2A	PMID: 23328530					CellChatDB v2
SLC18A1+TPH1	HTR2B	5-HT	1.0	Non-protein Signaling	CellChatDB	5-HT-TPH1_SLC18A1_HTR2B	PMID: 23328530					CellChatDB v2
SLC18A2+TPH1	HTR2B	5-HT	1.0	Non-protein Signaling	CellChatDB	5-HT-TPH1_SLC18A2_HTR2B	PMID: 23328530					CellChatDB v2
SLC6A4+TPH1	HTR2B	5-HT	1.0	Non-protein Signaling	CellChatDB	5-HT-TPH1_SLC6A4_HTR2B	PMID: 23328530					CellChatDB v2
SLC18A1+TPH2	HTR2B	5-HT	1.0	Non-protein Signaling	CellChatDB	5-HT-TPH2_SLC18A1_HTR2B	PMID: 23328530					CellChatDB v2
SLC18A2+TPH2	HTR2B	5-HT	1.0	Non-protein Signaling	CellChatDB	5-HT-TPH2_SLC18A2_HTR2B	PMID: 23328530					CellChatDB v2
SLC6A4+TPH2	HTR2B	5-HT	1.0	Non-protein Signaling	CellChatDB	5-HT-TPH2_SLC6A4_HTR2B	PMID: 23328530					CellChatDB v2
SLC18A1+TPH1	HTR2C	5-HT	1.0	Non-protein Signaling	CellChatDB	5-HT-TPH1_SLC18A1_HTR2C	PMID: 23328530					CellChatDB v2
SLC18A2+TPH1	HTR2C	5-HT	1.0	Non-protein Signaling	CellChatDB	5-HT-TPH1_SLC18A2_HTR2C	PMID: 23328530					CellChatDB v2
SLC6A4+TPH1	HTR2C	5-HT	1.0	Non-protein Signaling	CellChatDB	5-HT-TPH1_SLC6A4_HTR2C	PMID: 23328530					CellChatDB v2
SLC18A1+TPH2	HTR2C	5-HT	1.0	Non-protein Signaling	CellChatDB	5-HT-TPH2_SLC18A1_HTR2C	PMID: 23328530					CellChatDB v2
SLC18A2+TPH2	HTR2C	5-HT	1.0	Non-protein Signaling	CellChatDB	5-HT-TPH2_SLC18A2_HTR2C	PMID: 23328530					CellChatDB v2
SLC6A4+TPH2	HTR2C	5-HT	1.0	Non-protein Signaling	CellChatDB	5-HT-TPH2_SLC6A4_HTR2C	PMID: 23328530					CellChatDB v2
SLC18A1+TPH1	HTR4	5-HT	1.0	Non-protein Signaling	CellChatDB	5-HT-TPH1_SLC18A1_HTR4	PMID: 23328530					CellChatDB v2
SLC18A2+TPH1	HTR4	5-HT	1.0	Non-protein Signaling	CellChatDB	5-HT-TPH1_SLC18A2_HTR4	PMID: 23328530					CellChatDB v2
SLC6A4+TPH1	HTR4	5-HT	1.0	Non-protein Signaling	CellChatDB	5-HT-TPH1_SLC6A4_HTR4	PMID: 23328530					CellChatDB v2
SLC18A1+TPH2	HTR4	5-HT	1.0	Non-protein Signaling	CellChatDB	5-HT-TPH2_SLC18A1_HTR4	PMID: 23328530					CellChatDB v2
SLC18A2+TPH2	HTR4	5-HT	1.0	Non-protein Signaling	CellChatDB	5-HT-TPH2_SLC18A2_HTR4	PMID: 23328530					CellChatDB v2
SLC6A4+TPH2	HTR4	5-HT	1.0	Non-protein Signaling	CellChatDB	5-HT-TPH2_SLC6A4_HTR4	PMID: 23328530					CellChatDB v2
SLC18A1+TPH1	HTR5A	5-HT	1.0	Non-protein Signaling	CellChatDB	5-HT-TPH1_SLC18A1_HTR5A	PMID: 23328530					CellChatDB v2
SLC18A2+TPH1	HTR5A	5-HT	1.0	Non-protein Signaling	CellChatDB	5-HT-TPH1_SLC18A2_HTR5A	PMID: 23328530					CellChatDB v2
SLC6A4+TPH1	HTR5A	5-HT	1.0	Non-protein Signaling	CellChatDB	5-HT-TPH1_SLC6A4_HTR5A	PMID: 23328530					CellChatDB v2
SLC18A1+TPH2	HTR5A	5-HT	1.0	Non-protein Signaling	CellChatDB	5-HT-TPH2_SLC18A1_HTR5A	PMID: 23328530					CellChatDB v2
SLC18A2+TPH2	HTR5A	5-HT	1.0	Non-protein Signaling	CellChatDB	5-HT-TPH2_SLC18A2_HTR5A	PMID: 23328530					CellChatDB v2
SLC6A4+TPH2	HTR5A	5-HT	1.0	Non-protein Signaling	CellChatDB	5-HT-TPH2_SLC6A4_HTR5A	PMID: 23328530					CellChatDB v2
SLC18A1+TPH1	HTR6	5-HT	1.0	Non-protein Signaling	CellChatDB	5-HT-TPH1_SLC18A1_HTR6	PMID: 23328530					CellChatDB v2
SLC18A2+TPH1	HTR6	5-HT	1.0	Non-protein Signaling	CellChatDB	5-HT-TPH1_SLC18A2_HTR6	PMID: 23328530					CellChatDB v2
SLC6A4+TPH1	HTR6	5-HT	1.0	Non-protein Signaling	CellChatDB	5-HT-TPH1_SLC6A4_HTR6	PMID: 23328530					CellChatDB v2
SLC18A1+TPH2	HTR6	5-HT	1.0	Non-protein Signaling	CellChatDB	5-HT-TPH2_SLC18A1_HTR6	PMID: 23328530					CellChatDB v2
SLC18A2+TPH2	HTR6	5-HT	1.0	Non-protein Signaling	CellChatDB	5-HT-TPH2_SLC18A2_HTR6	PMID: 23328530					CellChatDB v2
SLC6A4+TPH2	HTR6	5-HT	1.0	Non-protein Signaling	CellChatDB	5-HT-TPH2_SLC6A4_HTR6	PMID: 23328530					CellChatDB v2
SLC18A1+TPH1	HTR7	5-HT	1.0	Non-protein Signaling	CellChatDB	5-HT-TPH1_SLC18A1_HTR7	PMID: 23328530					CellChatDB v2
SLC18A2+TPH1	HTR7	5-HT	1.0	Non-protein Signaling	CellChatDB	5-HT-TPH1_SLC18A2_HTR7	PMID: 23328530					CellChatDB v2
SLC6A4+TPH1	HTR7	5-HT	1.0	Non-protein Signaling	CellChatDB	5-HT-TPH1_SLC6A4_HTR7	PMID: 23328530					CellChatDB v2
SLC18A1+TPH2	HTR7	5-HT	1.0	Non-protein Signaling	CellChatDB	5-HT-TPH2_SLC18A1_HTR7	PMID: 23328530					CellChatDB v2
SLC18A2+TPH2	HTR7	5-HT	1.0	Non-protein Signaling	CellChatDB	5-HT-TPH2_SLC18A2_HTR7	PMID: 23328530					CellChatDB v2
SLC6A4+TPH2	HTR7	5-HT	1.0	Non-protein Signaling	CellChatDB	5-HT-TPH2_SLC6A4_HTR7	PMID: 23328530					CellChatDB v2
LRFN4	PTPRD	PTPR	1.0	Cell-Cell Contact	CellChatDB	LRFN4_PTPRD	PMID: 29674953;PMID: 23916315					CellChatDB v2
LRFN4	PTPRF	PTPR	1.0	Cell-Cell Contact	CellChatDB	LRFN4_PTPRF	PMID: 29674953;PMID: 23916315					CellChatDB v2
LRFN4	PTPRS	PTPR	1.0	Cell-Cell Contact	CellChatDB	LRFN4_PTPRS	PMID: 29674953;PMID: 23916315					CellChatDB v2
LRFN5	PTPRD	PTPR	1.0	Cell-Cell Contact	CellChatDB	LRFN5_PTPRD	PMID: 29674953;PMID: 23916315					CellChatDB v2
LRFN5	PTPRF	PTPR	1.0	Cell-Cell Contact	CellChatDB	LRFN5_PTPRF	PMID: 29674953;PMID: 23916315					CellChatDB v2
LRFN5	PTPRS	PTPR	1.0	Cell-Cell Contact	CellChatDB	LRFN5_PTPRS	PMID: 29674953;PMID: 23916315					CellChatDB v2
LRRC4B	PTPRD	PTPR	1.0	Cell-Cell Contact	CellChatDB	LRRC4B_PTPRD	PMID: 29674953;PMID: 23916315					CellChatDB v2
LRRC4B	PTPRS	PTPR	1.0	Cell-Cell Contact	CellChatDB	LRRC4B_PTPRS	PMID: 29674953;PMID: 23916315					CellChatDB v2
LRRC4C	PTPRF	PTPR	1.0	Cell-Cell Contact	CellChatDB	LRRC4C_PTPRF	PMID: 29674953;PMID: 23916315					CellChatDB v2
NRXN1	LRRTM1	NRXN	1.0	Cell-Cell Contact	CellChatDB	NRXN1_LRRTM1	PMID:20519524;PMID:20064387;PMID:20064388;					CellChatDB v2
NRXN2	LRRTM1	NRXN	1.0	Cell-Cell Contact	CellChatDB	NRXN2_LRRTM1	PMID:20519524;PMID:20064387;PMID:20064388;					CellChatDB v2
NRXN3	LRRTM1	NRXN	1.0	Cell-Cell Contact	CellChatDB	NRXN3_LRRTM1	PMID:20519524;PMID:20064387;PMID:20064388;					CellChatDB v2
NRXN1	LRRTM2	NRXN	1.0	Cell-Cell Contact	CellChatDB	NRXN1_LRRTM2	PMID:20519524;PMID:20064387;PMID:20064388;					CellChatDB v2
NRXN2	LRRTM2	NRXN	1.0	Cell-Cell Contact	CellChatDB	NRXN2_LRRTM2	PMID:20519524;PMID:20064387;PMID:20064388;					CellChatDB v2
NRXN3	LRRTM2	NRXN	1.0	Cell-Cell Contact	CellChatDB	NRXN3_LRRTM2	PMID:20519524;PMID:20064387;PMID:20064388;					CellChatDB v2
NRXN1	LRRTM3	NRXN	1.0	Cell-Cell Contact	CellChatDB	NRXN1_LRRTM3	PMID:20519524;PMID:20064387;PMID:20064388;					CellChatDB v2
NRXN2	LRRTM3	NRXN	1.0	Cell-Cell Contact	CellChatDB	NRXN2_LRRTM3	PMID:20519524;PMID:20064387;PMID:20064388;					CellChatDB v2
NRXN3	LRRTM3	NRXN	1.0	Cell-Cell Contact	CellChatDB	NRXN3_LRRTM3	PMID:20519524;PMID:20064387;PMID:20064388;					CellChatDB v2
NRXN1	LRRTM4	NRXN	1.0	Cell-Cell Contact	CellChatDB	NRXN1_LRRTM4	PMID:20519524;PMID:20064387;PMID:20064388;					CellChatDB v2
NRXN2	LRRTM4	NRXN	1.0	Cell-Cell Contact	CellChatDB	NRXN2_LRRTM4	PMID:20519524;PMID:20064387;PMID:20064388;					CellChatDB v2
NRXN3	LRRTM4	NRXN	1.0	Cell-Cell Contact	CellChatDB	NRXN3_LRRTM4	PMID:20519524;PMID:20064387;PMID:20064388;					CellChatDB v2
PTPRS	LRRTM4	PTPR	1.0	Cell-Cell Contact	CellChatDB	LRRTM4_PTPRS	PMID:31995730					CellChatDB v2
LTA4H	LTB4R	CysLTs	1.0	Non-protein Signaling	CellChatDB	LTB4-LTA4H_LTB4R1	PMID:33753496					CellChatDB v2
LTA4H	LTB4R2	CysLTs	1.0	Non-protein Signaling	CellChatDB	LTB4-LTA4H_LTB4R2	PMID:33753496					CellChatDB v2
GRP	NMBR	GRP	1.0	Secreted Signaling	CellChatDB	GRP_NMBR	PMID:25209280;PMID:29133874					CellChatDB v2
PTPRS	NTRK3	PTPR	1.0	Secreted Signaling	CellChatDB	PTPRS_NTRK3	PMID:21262467;PMID:25385546;					CellChatDB v2
PNOC	OPRL1	OPIOID	1.0	Non-protein Signaling	CellChatDB	PNOC_OPRL1	PMID: 29934561;PMID: 34724150					CellChatDB v2
PTGDS	PTGDR	Prostaglandin	1.0	Non-protein Signaling	CellChatDB	PGD2-PTGDS_PTGDR	PMID: 34949672;PMID: 21508345					CellChatDB v2
PTGDS	PTGDR2	Prostaglandin	1.0	Non-protein Signaling	CellChatDB	PGD2-PTGDS_PTGDR2	PMID: 34949672;PMID: 21508345					CellChatDB v2
PTGES	PTGER1	Prostaglandin	1.0	Non-protein Signaling	CellChatDB	PGE2-PTGES_PTGER1	PMID: 34949672;PMID: 21508345					CellChatDB v2
PTGES2	PTGER1	Prostaglandin	1.0	Non-protein Signaling	CellChatDB	PGE2-PTGES2_PTGER1	PMID: 34949672;PMID: 21508345					CellChatDB v2
PTGES3	PTGER1	Prostaglandin	1.0	Non-protein Signaling	CellChatDB	PGE2-PTGES3_PTGER1	PMID: 34949672;PMID: 21508345					CellChatDB v2
PTGES	PTGER2	Prostaglandin	1.0	Non-protein Signaling	CellChatDB	PGE2-PTGES_PTGER2	PMID: 34949672;PMID: 21508345					CellChatDB v2
PTGES2	PTGER2	Prostaglandin	1.0	Non-protein Signaling	CellChatDB	PGE2-PTGES2_PTGER2	PMID: 34949672;PMID: 21508345					CellChatDB v2
PTGES3	PTGER2	Prostaglandin	1.0	Non-protein Signaling	CellChatDB	PGE2-PTGES3_PTGER2	PMID: 34949672;PMID: 21508345					CellChatDB v2
PTGES	PTGER3	Prostaglandin	1.0	Non-protein Signaling	CellChatDB	PGE2-PTGES_PTGER3	PMID: 34949672;PMID: 21508345					CellChatDB v2
PTGES2	PTGER3	Prostaglandin	1.0	Non-protein Signaling	CellChatDB	PGE2-PTGES2_PTGER3	PMID: 34949672;PMID: 21508345					CellChatDB v2
PTGES3	PTGER3	Prostaglandin	1.0	Non-protein Signaling	CellChatDB	PGE2-PTGES3_PTGER3	PMID: 34949672;PMID: 21508345					CellChatDB v2
PTGES	PTGER4	Prostaglandin	1.0	Non-protein Signaling	CellChatDB	PGE2-PTGES_PTGER4	PMID: 34949672;PMID: 21508345					CellChatDB v2
PTGES2	PTGER4	Prostaglandin	1.0	Non-protein Signaling	CellChatDB	PGE2-PTGES2_PTGER4	PMID: 34949672;PMID: 21508345					CellChatDB v2
PTGES3	PTGER4	Prostaglandin	1.0	Non-protein Signaling	CellChatDB	PGE2-PTGES3_PTGER4	PMID: 34949672;PMID: 21508345					CellChatDB v2
AKR1C3	PTGFR	Prostaglandin	1.0	Non-protein Signaling	CellChatDB	PGF2a-AKR1C3_PTGFR	PMID: 34949672;PMID: 21508345					CellChatDB v2
CBR1	PTGFR	Prostaglandin	1.0	Non-protein Signaling	CellChatDB	PGF2a-CBR1_PTGFR	PMID: 34949672;PMID: 21508345					CellChatDB v2
PRXL2B	PTGFR	Prostaglandin	1.0	Non-protein Signaling	CellChatDB	PGF2a-PRXL2B_PTGFR	PMID: 34949672;PMID: 21508345					CellChatDB v2
PTGIS	PTGIR	Prostaglandin	1.0	Non-protein Signaling	CellChatDB	PGI2-PTGIS_PTGIR	PMID: 34949672;PMID: 21508345					CellChatDB v2
VIP	SCTR	VIP	1.0	Secreted Signaling	CellChatDB	VIP_SCTR	PMID:21597914					CellChatDB v2
SLITRK1	PTPRD	SLITRK	1.0	Secreted Signaling	CellChatDB	SLITRK1_PTPRD	PMID: 30648269;PMID: 30822649					CellChatDB v2
SLITRK1	PTPRS	SLITRK	1.0	Secreted Signaling	CellChatDB	SLITRK1_PTPRS	PMID: 30648269;PMID: 30822649					CellChatDB v2
SLITRK2	PTPRD	SLITRK	1.0	Secreted Signaling	CellChatDB	SLITRK2_PTPRD	PMID: 30648269;PMID: 30822649					CellChatDB v2
SLITRK2	PTPRS	SLITRK	1.0	Secreted Signaling	CellChatDB	SLITRK2_PTPRS	PMID: 30648269;PMID: 30822649					CellChatDB v2
SLITRK3	PTPRD	SLITRK	1.0	Secreted Signaling	CellChatDB	SLITRK3_PTPRD	PMID: 30648269;PMID: 30822649					CellChatDB v2
SLITRK4	PTPRS	SLITRK	1.0	Secreted Signaling	CellChatDB	SLITRK4_PTPRS	PMID: 30648269;PMID: 30822649					CellChatDB v2
SLITRK5	PTPRS	SLITRK	1.0	Secreted Signaling	CellChatDB	SLITRK5_PTPRS	PMID: 30648269;PMID: 30822649					CellChatDB v2
SLITRK6	PTPRS	SLITRK	1.0	Secreted Signaling	CellChatDB	SLITRK6_PTPRS	PMID: 30648269;PMID: 30822649					CellChatDB v2
TBXAS1	TBXA2R	Prostaglandin	1.0	Non-protein Signaling	CellChatDB	Prostaglandin-TXA2-TBXAS1-TBXA2R	PMID: 34949672;DOI:10.1155/2021/9087816					CellChatDB v2
SLC17A6+GLS	GRIK1+GRIK4	Glutamate	1.0	Non-protein Signaling	CellChatDB	Glutamate-Glu-SLC17A6_GLS_GRIK1_GRIK4	PMID: 24155668;PMID: 31776169;PMID: 32594024					CellChatDB v2
SLC17A6+GLS	GRIK2+GRIK4	Glutamate	1.0	Non-protein Signaling	CellChatDB	Glutamate-Glu-SLC17A6_GLS_GRIK2_GRIK4	PMID: 24155668;PMID: 31776169;PMID: 32594024					CellChatDB v2
SLC17A6+GLS	GRIK3+GRIK4	Glutamate	1.0	Non-protein Signaling	CellChatDB	Glutamate-Glu-SLC17A6_GLS_GRIK3_GRIK4	PMID: 24155668;PMID: 31776169;PMID: 32594024					CellChatDB v2
SLC17A6+GLS	GRIK5+GRIK1	Glutamate	1.0	Non-protein Signaling	CellChatDB	Glutamate-Glu-SLC17A6_GLS_GRIK1_GRIK5	PMID: 24155668;PMID: 31776169;PMID: 32594024					CellChatDB v2
SLC17A6+GLS	GRIK5+GRIK2	Glutamate	1.0	Non-protein Signaling	CellChatDB	Glutamate-Glu-SLC17A6_GLS_GRIK2_GRIK5	PMID: 24155668;PMID: 31776169;PMID: 32594024					CellChatDB v2
SLC17A6+GLS	GRIK3+GRIK5	Glutamate	1.0	Non-protein Signaling	CellChatDB	Glutamate-Glu-SLC17A6_GLS_GRIK3_GRIK5	PMID: 24155668;PMID: 31776169;PMID: 32594024					CellChatDB v2
SLC17A6+GLS	GRIN1+GRIN2A	Glutamate	1.0	Non-protein Signaling	CellChatDB	Glutamate-Glu-SLC17A6_GLS_GRIN1_GRIN2A	PMID: 24155668;PMID: 31776169;PMID: 32594024					CellChatDB v2
SLC17A6+GLS	GRIN1+GRIN2B	Glutamate	1.0	Non-protein Signaling	CellChatDB	Glutamate-Glu-SLC17A6_GLS_GRIN1_GRIN2B	PMID: 24155668;PMID: 31776169;PMID: 32594024					CellChatDB v2
SLC17A6+GLS	GRIN2C+GRIN1	Glutamate	1.0	Non-protein Signaling	CellChatDB	Glutamate-Glu-SLC17A6_GLS_GRIN1_GRIN2C	PMID: 24155668;PMID: 31776169;PMID: 32594024					CellChatDB v2
SLC17A6+GLS	GRIN1+GRIN2D	Glutamate	1.0	Non-protein Signaling	CellChatDB	Glutamate-Glu-SLC17A6_GLS_GRIN1_GRIN2D	PMID: 24155668;PMID: 31776169;PMID: 32594024					CellChatDB v2
SLC17A7+GLS	GRIK1+GRIK4	Glutamate	1.0	Non-protein Signaling	CellChatDB	Glutamate-Glu-SLC17A7_GLS_GRIK1_GRIK4	PMID: 24155668;PMID: 31776169;PMID: 32594024					CellChatDB v2
SLC17A7+GLS	GRIK2+GRIK4	Glutamate	1.0	Non-protein Signaling	CellChatDB	Glutamate-Glu-SLC17A7_GLS_GRIK2_GRIK4	PMID: 24155668;PMID: 31776169;PMID: 32594024					CellChatDB v2
SLC17A7+GLS	GRIK3+GRIK4	Glutamate	1.0	Non-protein Signaling	CellChatDB	Glutamate-Glu-SLC17A7_GLS_GRIK3_GRIK4	PMID: 24155668;PMID: 31776169;PMID: 32594024					CellChatDB v2
SLC17A7+GLS	GRIK5+GRIK1	Glutamate	1.0	Non-protein Signaling	CellChatDB	Glutamate-Glu-SLC17A7_GLS_GRIK1_GRIK5	PMID: 24155668;PMID: 31776169;PMID: 32594024					CellChatDB v2
SLC17A7+GLS	GRIK5+GRIK2	Glutamate	1.0	Non-protein Signaling	CellChatDB	Glutamate-Glu-SLC17A7_GLS_GRIK2_GRIK5	PMID: 24155668;PMID: 31776169;PMID: 32594024					CellChatDB v2
SLC17A7+GLS	GRIK3+GRIK5	Glutamate	1.0	Non-protein Signaling	CellChatDB	Glutamate-Glu-SLC17A7_GLS_GRIK3_GRIK5	PMID: 24155668;PMID: 31776169;PMID: 32594024					CellChatDB v2
SLC17A7+GLS	GRIN1+GRIN2A	Glutamate	1.0	Non-protein Signaling	CellChatDB	Glutamate-Glu-SLC17A7_GLS_GRIN1_GRIN2A	PMID: 24155668;PMID: 31776169;PMID: 32594024					CellChatDB v2
SLC17A7+GLS	GRIN1+GRIN2B	Glutamate	1.0	Non-protein Signaling	CellChatDB	Glutamate-Glu-SLC17A7_GLS_GRIN1_GRIN2B	PMID: 24155668;PMID: 31776169;PMID: 32594024					CellChatDB v2
SLC17A7+GLS	GRIN2C+GRIN1	Glutamate	1.0	Non-protein Signaling	CellChatDB	Glutamate-Glu-SLC17A7_GLS_GRIN1_GRIN2C	PMID: 24155668;PMID: 31776169;PMID: 32594024					CellChatDB v2
SLC17A7+GLS	GRIN1+GRIN2D	Glutamate	1.0	Non-protein Signaling	CellChatDB	Glutamate-Glu-SLC17A7_GLS_GRIN1_GRIN2D	PMID: 24155668;PMID: 31776169;PMID: 32594024					CellChatDB v2
SLC17A8+GLS	GRIK1+GRIK4	Glutamate	1.0	Non-protein Signaling	CellChatDB	Glutamate-Glu-SLC17A8_GLS_GRIK1_GRIK4	PMID: 24155668;PMID: 31776169;PMID: 32594024					CellChatDB v2
SLC17A8+GLS	GRIK2+GRIK4	Glutamate	1.0	Non-protein Signaling	CellChatDB	Glutamate-Glu-SLC17A8_GLS_GRIK2_GRIK4	PMID: 24155668;PMID: 31776169;PMID: 32594024					CellChatDB v2
SLC17A8+GLS	GRIK3+GRIK4	Glutamate	1.0	Non-protein Signaling	CellChatDB	Glutamate-Glu-SLC17A8_GLS_GRIK3_GRIK4	PMID: 24155668;PMID: 31776169;PMID: 32594024					CellChatDB v2
SLC17A8+GLS	GRIK5+GRIK1	Glutamate	1.0	Non-protein Signaling	CellChatDB	Glutamate-Glu-SLC17A8_GLS_GRIK1_GRIK5	PMID: 24155668;PMID: 31776169;PMID: 32594024					CellChatDB v2
SLC17A8+GLS	GRIK5+GRIK2	Glutamate	1.0	Non-protein Signaling	CellChatDB	Glutamate-Glu-SLC17A8_GLS_GRIK2_GRIK5	PMID: 24155668;PMID: 31776169;PMID: 32594024					CellChatDB v2
SLC17A8+GLS	GRIK3+GRIK5	Glutamate	1.0	Non-protein Signaling	CellChatDB	Glutamate-Glu-SLC17A8_GLS_GRIK3_GRIK5	PMID: 24155668;PMID: 31776169;PMID: 32594024					CellChatDB v2
SLC17A8+GLS	GRIN1+GRIN2A	Glutamate	1.0	Non-protein Signaling	CellChatDB	Glutamate-Glu-SLC17A8_GLS_GRIN1_GRIN2A	PMID: 24155668;PMID: 31776169;PMID: 32594024					CellChatDB v2
SLC17A8+GLS	GRIN1+GRIN2B	Glutamate	1.0	Non-protein Signaling	CellChatDB	Glutamate-Glu-SLC17A8_GLS_GRIN1_GRIN2B	PMID: 24155668;PMID: 31776169;PMID: 32594024					CellChatDB v2
SLC17A8+GLS	GRIN2C+GRIN1	Glutamate	1.0	Non-protein Signaling	CellChatDB	Glutamate-Glu-SLC17A8_GLS_GRIN1_GRIN2C	PMID: 24155668;PMID: 31776169;PMID: 32594024					CellChatDB v2
SLC17A8+GLS	GRIN1+GRIN2D	Glutamate	1.0	Non-protein Signaling	CellChatDB	Glutamate-Glu-SLC17A8_GLS_GRIN1_GRIN2D	PMID: 24155668;PMID: 31776169;PMID: 32594024					CellChatDB v2
GLS+SLC1A1	GRIK1+GRIK4	Glutamate	1.0	Non-protein Signaling	CellChatDB	Glutamate-Glu-SLC1A1_GLS_GRIK1_GRIK4	PMID: 24155668;PMID: 31776169;PMID: 32594024					CellChatDB v2
GLS+SLC1A1	GRIK2+GRIK4	Glutamate	1.0	Non-protein Signaling	CellChatDB	Glutamate-Glu-SLC1A1_GLS_GRIK2_GRIK4	PMID: 24155668;PMID: 31776169;PMID: 32594024					CellChatDB v2
GLS+SLC1A1	GRIK3+GRIK4	Glutamate	1.0	Non-protein Signaling	CellChatDB	Glutamate-Glu-SLC1A1_GLS_GRIK3_GRIK4	PMID: 24155668;PMID: 31776169;PMID: 32594024					CellChatDB v2
GLS+SLC1A1	GRIK5+GRIK1	Glutamate	1.0	Non-protein Signaling	CellChatDB	Glutamate-Glu-SLC1A1_GLS_GRIK1_GRIK5	PMID: 24155668;PMID: 31776169;PMID: 32594024					CellChatDB v2
GLS+SLC1A1	GRIK5+GRIK2	Glutamate	1.0	Non-protein Signaling	CellChatDB	Glutamate-Glu-SLC1A1_GLS_GRIK2_GRIK5	PMID: 24155668;PMID: 31776169;PMID: 32594024					CellChatDB v2
GLS+SLC1A1	GRIK3+GRIK5	Glutamate	1.0	Non-protein Signaling	CellChatDB	Glutamate-Glu-SLC1A1_GLS_GRIK3_GRIK5	PMID: 24155668;PMID: 31776169;PMID: 32594024					CellChatDB v2
GLS+SLC1A1	GRIN1+GRIN2A	Glutamate	1.0	Non-protein Signaling	CellChatDB	Glutamate-Glu-SLC1A1_GLS_GRIN1_GRIN2A	PMID: 24155668;PMID: 31776169;PMID: 32594024					CellChatDB v2
GLS+SLC1A1	GRIN1+GRIN2B	Glutamate	1.0	Non-protein Signaling	CellChatDB	Glutamate-Glu-SLC1A1_GLS_GRIN1_GRIN2B	PMID: 24155668;PMID: 31776169;PMID: 32594024					CellChatDB v2
GLS+SLC1A1	GRIN2C+GRIN1	Glutamate	1.0	Non-protein Signaling	CellChatDB	Glutamate-Glu-SLC1A1_GLS_GRIN1_GRIN2C	PMID: 24155668;PMID: 31776169;PMID: 32594024					CellChatDB v2
GLS+SLC1A1	GRIN1+GRIN2D	Glutamate	1.0	Non-protein Signaling	CellChatDB	Glutamate-Glu-SLC1A1_GLS_GRIN1_GRIN2D	PMID: 24155668;PMID: 31776169;PMID: 32594024					CellChatDB v2
GLS+SLC1A2	GRIK1+GRIK4	Glutamate	1.0	Non-protein Signaling	CellChatDB	Glutamate-Glu-SLC1A2_GLS_GRIK1_GRIK4	PMID: 24155668;PMID: 31776169;PMID: 32594024					CellChatDB v2
GLS+SLC1A2	GRIK2+GRIK4	Glutamate	1.0	Non-protein Signaling	CellChatDB	Glutamate-Glu-SLC1A2_GLS_GRIK2_GRIK4	PMID: 24155668;PMID: 31776169;PMID: 32594024					CellChatDB v2
GLS+SLC1A2	GRIK3+GRIK4	Glutamate	1.0	Non-protein Signaling	CellChatDB	Glutamate-Glu-SLC1A2_GLS_GRIK3_GRIK4	PMID: 24155668;PMID: 31776169;PMID: 32594024					CellChatDB v2
GLS+SLC1A2	GRIK5+GRIK1	Glutamate	1.0	Non-protein Signaling	CellChatDB	Glutamate-Glu-SLC1A2_GLS_GRIK1_GRIK5	PMID: 24155668;PMID: 31776169;PMID: 32594024					CellChatDB v2
GLS+SLC1A2	GRIK5+GRIK2	Glutamate	1.0	Non-protein Signaling	CellChatDB	Glutamate-Glu-SLC1A2_GLS_GRIK2_GRIK5	PMID: 24155668;PMID: 31776169;PMID: 32594024					CellChatDB v2
GLS+SLC1A2	GRIK3+GRIK5	Glutamate	1.0	Non-protein Signaling	CellChatDB	Glutamate-Glu-SLC1A2_GLS_GRIK3_GRIK5	PMID: 24155668;PMID: 31776169;PMID: 32594024					CellChatDB v2
GLS+SLC1A2	GRIN1+GRIN2A	Glutamate	1.0	Non-protein Signaling	CellChatDB	Glutamate-Glu-SLC1A2_GLS_GRIN1_GRIN2A	PMID: 24155668;PMID: 31776169;PMID: 32594024					CellChatDB v2
GLS+SLC1A2	GRIN1+GRIN2B	Glutamate	1.0	Non-protein Signaling	CellChatDB	Glutamate-Glu-SLC1A2_GLS_GRIN1_GRIN2B	PMID: 24155668;PMID: 31776169;PMID: 32594024					CellChatDB v2
GLS+SLC1A2	GRIN2C+GRIN1	Glutamate	1.0	Non-protein Signaling	CellChatDB	Glutamate-Glu-SLC1A2_GLS_GRIN1_GRIN2C	PMID: 24155668;PMID: 31776169;PMID: 32594024					CellChatDB v2
GLS+SLC1A2	GRIN1+GRIN2D	Glutamate	1.0	Non-protein Signaling	CellChatDB	Glutamate-Glu-SLC1A2_GLS_GRIN1_GRIN2D	PMID: 24155668;PMID: 31776169;PMID: 32594024					CellChatDB v2
GLS+SLC1A3	GRIK1+GRIK4	Glutamate	1.0	Non-protein Signaling	CellChatDB	Glutamate-Glu-SLC1A3_GLS_GRIK1_GRIK4	PMID: 24155668;PMID: 31776169;PMID: 32594024					CellChatDB v2
GLS+SLC1A3	GRIK2+GRIK4	Glutamate	1.0	Non-protein Signaling	CellChatDB	Glutamate-Glu-SLC1A3_GLS_GRIK2_GRIK4	PMID: 24155668;PMID: 31776169;PMID: 32594024					CellChatDB v2
GLS+SLC1A3	GRIK3+GRIK4	Glutamate	1.0	Non-protein Signaling	CellChatDB	Glutamate-Glu-SLC1A3_GLS_GRIK3_GRIK4	PMID: 24155668;PMID: 31776169;PMID: 32594024					CellChatDB v2
GLS+SLC1A3	GRIK5+GRIK1	Glutamate	1.0	Non-protein Signaling	CellChatDB	Glutamate-Glu-SLC1A3_GLS_GRIK1_GRIK5	PMID: 24155668;PMID: 31776169;PMID: 32594024					CellChatDB v2
GLS+SLC1A3	GRIK5+GRIK2	Glutamate	1.0	Non-protein Signaling	CellChatDB	Glutamate-Glu-SLC1A3_GLS_GRIK2_GRIK5	PMID: 24155668;PMID: 31776169;PMID: 32594024					CellChatDB v2
GLS+SLC1A3	GRIK3+GRIK5	Glutamate	1.0	Non-protein Signaling	CellChatDB	Glutamate-Glu-SLC1A3_GLS_GRIK3_GRIK5	PMID: 24155668;PMID: 31776169;PMID: 32594024					CellChatDB v2
GLS+SLC1A3	GRIN1+GRIN2A	Glutamate	1.0	Non-protein Signaling	CellChatDB	Glutamate-Glu-SLC1A3_GLS_GRIN1_GRIN2A	PMID: 24155668;PMID: 31776169;PMID: 32594024					CellChatDB v2
GLS+SLC1A3	GRIN1+GRIN2B	Glutamate	1.0	Non-protein Signaling	CellChatDB	Glutamate-Glu-SLC1A3_GLS_GRIN1_GRIN2B	PMID: 24155668;PMID: 31776169;PMID: 32594024					CellChatDB v2
GLS+SLC1A3	GRIN2C+GRIN1	Glutamate	1.0	Non-protein Signaling	CellChatDB	Glutamate-Glu-SLC1A3_GLS_GRIN1_GRIN2C	PMID: 24155668;PMID: 31776169;PMID: 32594024					CellChatDB v2
GLS+SLC1A3	GRIN1+GRIN2D	Glutamate	1.0	Non-protein Signaling	CellChatDB	Glutamate-Glu-SLC1A3_GLS_GRIN1_GRIN2D	PMID: 24155668;PMID: 31776169;PMID: 32594024					CellChatDB v2
SLC1A6+GLS	GRIK1+GRIK4	Glutamate	1.0	Non-protein Signaling	CellChatDB	Glutamate-Glu-SLC1A6_GLS_GRIK1_GRIK4	PMID: 24155668;PMID: 31776169;PMID: 32594024					CellChatDB v2
SLC1A6+GLS	GRIK2+GRIK4	Glutamate	1.0	Non-protein Signaling	CellChatDB	Glutamate-Glu-SLC1A6_GLS_GRIK2_GRIK4	PMID: 24155668;PMID: 31776169;PMID: 32594024					CellChatDB v2
SLC1A6+GLS	GRIK3+GRIK4	Glutamate	1.0	Non-protein Signaling	CellChatDB	Glutamate-Glu-SLC1A6_GLS_GRIK3_GRIK4	PMID: 24155668;PMID: 31776169;PMID: 32594024					CellChatDB v2
SLC1A6+GLS	GRIK5+GRIK1	Glutamate	1.0	Non-protein Signaling	CellChatDB	Glutamate-Glu-SLC1A6_GLS_GRIK1_GRIK5	PMID: 24155668;PMID: 31776169;PMID: 32594024					CellChatDB v2
SLC1A6+GLS	GRIK5+GRIK2	Glutamate	1.0	Non-protein Signaling	CellChatDB	Glutamate-Glu-SLC1A6_GLS_GRIK2_GRIK5	PMID: 24155668;PMID: 31776169;PMID: 32594024					CellChatDB v2
SLC1A6+GLS	GRIK3+GRIK5	Glutamate	1.0	Non-protein Signaling	CellChatDB	Glutamate-Glu-SLC1A6_GLS_GRIK3_GRIK5	PMID: 24155668;PMID: 31776169;PMID: 32594024					CellChatDB v2
SLC1A6+GLS	GRIN1+GRIN2A	Glutamate	1.0	Non-protein Signaling	CellChatDB	Glutamate-Glu-SLC1A6_GLS_GRIN1_GRIN2A	PMID: 24155668;PMID: 31776169;PMID: 32594024					CellChatDB v2
SLC1A6+GLS	GRIN1+GRIN2B	Glutamate	1.0	Non-protein Signaling	CellChatDB	Glutamate-Glu-SLC1A6_GLS_GRIN1_GRIN2B	PMID: 24155668;PMID: 31776169;PMID: 32594024					CellChatDB v2
SLC1A6+GLS	GRIN2C+GRIN1	Glutamate	1.0	Non-protein Signaling	CellChatDB	Glutamate-Glu-SLC1A6_GLS_GRIN1_GRIN2C	PMID: 24155668;PMID: 31776169;PMID: 32594024					CellChatDB v2
SLC1A6+GLS	GRIN1+GRIN2D	Glutamate	1.0	Non-protein Signaling	CellChatDB	Glutamate-Glu-SLC1A6_GLS_GRIN1_GRIN2D	PMID: 24155668;PMID: 31776169;PMID: 32594024					CellChatDB v2
GLS+SLC1A7	GRIK1+GRIK4	Glutamate	1.0	Non-protein Signaling	CellChatDB	Glutamate-Glu-SLC1A7_GLS_GRIK1_GRIK4	PMID: 24155668;PMID: 31776169;PMID: 32594024					CellChatDB v2
GLS+SLC1A7	GRIK2+GRIK4	Glutamate	1.0	Non-protein Signaling	CellChatDB	Glutamate-Glu-SLC1A7_GLS_GRIK2_GRIK4	PMID: 24155668;PMID: 31776169;PMID: 32594024					CellChatDB v2
GLS+SLC1A7	GRIK3+GRIK4	Glutamate	1.0	Non-protein Signaling	CellChatDB	Glutamate-Glu-SLC1A7_GLS_GRIK3_GRIK4	PMID: 24155668;PMID: 31776169;PMID: 32594024					CellChatDB v2
GLS+SLC1A7	GRIK5+GRIK1	Glutamate	1.0	Non-protein Signaling	CellChatDB	Glutamate-Glu-SLC1A7_GLS_GRIK1_GRIK5	PMID: 24155668;PMID: 31776169;PMID: 32594024					CellChatDB v2
GLS+SLC1A7	GRIK5+GRIK2	Glutamate	1.0	Non-protein Signaling	CellChatDB	Glutamate-Glu-SLC1A7_GLS_GRIK2_GRIK5	PMID: 24155668;PMID: 31776169;PMID: 32594024					CellChatDB v2
GLS+SLC1A7	GRIK3+GRIK5	Glutamate	1.0	Non-protein Signaling	CellChatDB	Glutamate-Glu-SLC1A7_GLS_GRIK3_GRIK5	PMID: 24155668;PMID: 31776169;PMID: 32594024					CellChatDB v2
GLS+SLC1A7	GRIN1+GRIN2A	Glutamate	1.0	Non-protein Signaling	CellChatDB	Glutamate-Glu-SLC1A7_GLS_GRIN1_GRIN2A	PMID: 24155668;PMID: 31776169;PMID: 32594024					CellChatDB v2
GLS+SLC1A7	GRIN1+GRIN2B	Glutamate	1.0	Non-protein Signaling	CellChatDB	Glutamate-Glu-SLC1A7_GLS_GRIN1_GRIN2B	PMID: 24155668;PMID: 31776169;PMID: 32594024					CellChatDB v2
GLS+SLC1A7	GRIN2C+GRIN1	Glutamate	1.0	Non-protein Signaling	CellChatDB	Glutamate-Glu-SLC1A7_GLS_GRIN1_GRIN2C	PMID: 24155668;PMID: 31776169;PMID: 32594024					CellChatDB v2
GLS+SLC1A7	GRIN1+GRIN2D	Glutamate	1.0	Non-protein Signaling	CellChatDB	Glutamate-Glu-SLC1A7_GLS_GRIN1_GRIN2D	PMID: 24155668;PMID: 31776169;PMID: 32594024					CellChatDB v2
SLC17A6+GLS2	GRIK1+GRIK4	Glutamate	1.0	Non-protein Signaling	CellChatDB	Glutamate-Glu-SLC17A6_GLS2_GRIK1_GRIK4	PMID: 24155668;PMID: 31776169;PMID: 32594024					CellChatDB v2
SLC17A6+GLS2	GRIK2+GRIK4	Glutamate	1.0	Non-protein Signaling	CellChatDB	Glutamate-Glu-SLC17A6_GLS2_GRIK2_GRIK4	PMID: 24155668;PMID: 31776169;PMID: 32594024					CellChatDB v2
SLC17A6+GLS2	GRIK3+GRIK4	Glutamate	1.0	Non-protein Signaling	CellChatDB	Glutamate-Glu-SLC17A6_GLS2_GRIK3_GRIK4	PMID: 24155668;PMID: 31776169;PMID: 32594024					CellChatDB v2
SLC17A6+GLS2	GRIK5+GRIK1	Glutamate	1.0	Non-protein Signaling	CellChatDB	Glutamate-Glu-SLC17A6_GLS2_GRIK1_GRIK5	PMID: 24155668;PMID: 31776169;PMID: 32594024					CellChatDB v2
SLC17A6+GLS2	GRIK5+GRIK2	Glutamate	1.0	Non-protein Signaling	CellChatDB	Glutamate-Glu-SLC17A6_GLS2_GRIK2_GRIK5	PMID: 24155668;PMID: 31776169;PMID: 32594024					CellChatDB v2
SLC17A6+GLS2	GRIK3+GRIK5	Glutamate	1.0	Non-protein Signaling	CellChatDB	Glutamate-Glu-SLC17A6_GLS2_GRIK3_GRIK5	PMID: 24155668;PMID: 31776169;PMID: 32594024					CellChatDB v2
SLC17A6+GLS2	GRIN1+GRIN2A	Glutamate	1.0	Non-protein Signaling	CellChatDB	Glutamate-Glu-SLC17A6_GLS2_GRIN1_GRIN2A	PMID: 24155668;PMID: 31776169;PMID: 32594024					CellChatDB v2
SLC17A6+GLS2	GRIN1+GRIN2B	Glutamate	1.0	Non-protein Signaling	CellChatDB	Glutamate-Glu-SLC17A6_GLS2_GRIN1_GRIN2B	PMID: 24155668;PMID: 31776169;PMID: 32594024					CellChatDB v2
SLC17A6+GLS2	GRIN2C+GRIN1	Glutamate	1.0	Non-protein Signaling	CellChatDB	Glutamate-Glu-SLC17A6_GLS2_GRIN1_GRIN2C	PMID: 24155668;PMID: 31776169;PMID: 32594024					CellChatDB v2
SLC17A6+GLS2	GRIN1+GRIN2D	Glutamate	1.0	Non-protein Signaling	CellChatDB	Glutamate-Glu-SLC17A6_GLS2_GRIN1_GRIN2D	PMID: 24155668;PMID: 31776169;PMID: 32594024					CellChatDB v2
SLC17A7+GLS2	GRIK1+GRIK4	Glutamate	1.0	Non-protein Signaling	CellChatDB	Glutamate-Glu-SLC17A7_GLS2_GRIK1_GRIK4	PMID: 24155668;PMID: 31776169;PMID: 32594024					CellChatDB v2
SLC17A7+GLS2	GRIK2+GRIK4	Glutamate	1.0	Non-protein Signaling	CellChatDB	Glutamate-Glu-SLC17A7_GLS2_GRIK2_GRIK4	PMID: 24155668;PMID: 31776169;PMID: 32594024					CellChatDB v2
SLC17A7+GLS2	GRIK3+GRIK4	Glutamate	1.0	Non-protein Signaling	CellChatDB	Glutamate-Glu-SLC17A7_GLS2_GRIK3_GRIK4	PMID: 24155668;PMID: 31776169;PMID: 32594024					CellChatDB v2
SLC17A7+GLS2	GRIK5+GRIK1	Glutamate	1.0	Non-protein Signaling	CellChatDB	Glutamate-Glu-SLC17A7_GLS2_GRIK1_GRIK5	PMID: 24155668;PMID: 31776169;PMID: 32594024					CellChatDB v2
SLC17A7+GLS2	GRIK5+GRIK2	Glutamate	1.0	Non-protein Signaling	CellChatDB	Glutamate-Glu-SLC17A7_GLS2_GRIK2_GRIK5	PMID: 24155668;PMID: 31776169;PMID: 32594024					CellChatDB v2
SLC17A7+GLS2	GRIK3+GRIK5	Glutamate	1.0	Non-protein Signaling	CellChatDB	Glutamate-Glu-SLC17A7_GLS2_GRIK3_GRIK5	PMID: 24155668;PMID: 31776169;PMID: 32594024					CellChatDB v2
SLC17A7+GLS2	GRIN1+GRIN2A	Glutamate	1.0	Non-protein Signaling	CellChatDB	Glutamate-Glu-SLC17A7_GLS2_GRIN1_GRIN2A	PMID: 24155668;PMID: 31776169;PMID: 32594024					CellChatDB v2
SLC17A7+GLS2	GRIN1+GRIN2B	Glutamate	1.0	Non-protein Signaling	CellChatDB	Glutamate-Glu-SLC17A7_GLS2_GRIN1_GRIN2B	PMID: 24155668;PMID: 31776169;PMID: 32594024					CellChatDB v2
SLC17A7+GLS2	GRIN2C+GRIN1	Glutamate	1.0	Non-protein Signaling	CellChatDB	Glutamate-Glu-SLC17A7_GLS2_GRIN1_GRIN2C	PMID: 24155668;PMID: 31776169;PMID: 32594024					CellChatDB v2
SLC17A7+GLS2	GRIN1+GRIN2D	Glutamate	1.0	Non-protein Signaling	CellChatDB	Glutamate-Glu-SLC17A7_GLS2_GRIN1_GRIN2D	PMID: 24155668;PMID: 31776169;PMID: 32594024					CellChatDB v2
SLC17A8+GLS2	GRIK1+GRIK4	Glutamate	1.0	Non-protein Signaling	CellChatDB	Glutamate-Glu-SLC17A8_GLS2_GRIK1_GRIK4	PMID: 24155668;PMID: 31776169;PMID: 32594024					CellChatDB v2
SLC17A8+GLS2	GRIK2+GRIK4	Glutamate	1.0	Non-protein Signaling	CellChatDB	Glutamate-Glu-SLC17A8_GLS2_GRIK2_GRIK4	PMID: 24155668;PMID: 31776169;PMID: 32594024					CellChatDB v2
SLC17A8+GLS2	GRIK3+GRIK4	Glutamate	1.0	Non-protein Signaling	CellChatDB	Glutamate-Glu-SLC17A8_GLS2_GRIK3_GRIK4	PMID: 24155668;PMID: 31776169;PMID: 32594024					CellChatDB v2
SLC17A8+GLS2	GRIK5+GRIK1	Glutamate	1.0	Non-protein Signaling	CellChatDB	Glutamate-Glu-SLC17A8_GLS2_GRIK1_GRIK5	PMID: 24155668;PMID: 31776169;PMID: 32594024					CellChatDB v2
SLC17A8+GLS2	GRIK5+GRIK2	Glutamate	1.0	Non-protein Signaling	CellChatDB	Glutamate-Glu-SLC17A8_GLS2_GRIK2_GRIK5	PMID: 24155668;PMID: 31776169;PMID: 32594024					CellChatDB v2
SLC17A8+GLS2	GRIK3+GRIK5	Glutamate	1.0	Non-protein Signaling	CellChatDB	Glutamate-Glu-SLC17A8_GLS2_GRIK3_GRIK5	PMID: 24155668;PMID: 31776169;PMID: 32594024					CellChatDB v2
SLC17A8+GLS2	GRIN1+GRIN2A	Glutamate	1.0	Non-protein Signaling	CellChatDB	Glutamate-Glu-SLC17A8_GLS2_GRIN1_GRIN2A	PMID: 24155668;PMID: 31776169;PMID: 32594024					CellChatDB v2
SLC17A8+GLS2	GRIN1+GRIN2B	Glutamate	1.0	Non-protein Signaling	CellChatDB	Glutamate-Glu-SLC17A8_GLS2_GRIN1_GRIN2B	PMID: 24155668;PMID: 31776169;PMID: 32594024					CellChatDB v2
SLC17A8+GLS2	GRIN2C+GRIN1	Glutamate	1.0	Non-protein Signaling	CellChatDB	Glutamate-Glu-SLC17A8_GLS2_GRIN1_GRIN2C	PMID: 24155668;PMID: 31776169;PMID: 32594024					CellChatDB v2
SLC17A8+GLS2	GRIN1+GRIN2D	Glutamate	1.0	Non-protein Signaling	CellChatDB	Glutamate-Glu-SLC17A8_GLS2_GRIN1_GRIN2D	PMID: 24155668;PMID: 31776169;PMID: 32594024					CellChatDB v2
GLS2+SLC1A1	GRIK1+GRIK4	Glutamate	1.0	Non-protein Signaling	CellChatDB	Glutamate-Glu-SLC1A1_GLS2_GRIK1_GRIK4	PMID: 24155668;PMID: 31776169;PMID: 32594024					CellChatDB v2
GLS2+SLC1A1	GRIK2+GRIK4	Glutamate	1.0	Non-protein Signaling	CellChatDB	Glutamate-Glu-SLC1A1_GLS2_GRIK2_GRIK4	PMID: 24155668;PMID: 31776169;PMID: 32594024					CellChatDB v2
GLS2+SLC1A1	GRIK3+GRIK4	Glutamate	1.0	Non-protein Signaling	CellChatDB	Glutamate-Glu-SLC1A1_GLS2_GRIK3_GRIK4	PMID: 24155668;PMID: 31776169;PMID: 32594024					CellChatDB v2
GLS2+SLC1A1	GRIK5+GRIK1	Glutamate	1.0	Non-protein Signaling	CellChatDB	Glutamate-Glu-SLC1A1_GLS2_GRIK1_GRIK5	PMID: 24155668;PMID: 31776169;PMID: 32594024					CellChatDB v2
GLS2+SLC1A1	GRIK5+GRIK2	Glutamate	1.0	Non-protein Signaling	CellChatDB	Glutamate-Glu-SLC1A1_GLS2_GRIK2_GRIK5	PMID: 24155668;PMID: 31776169;PMID: 32594024					CellChatDB v2
GLS2+SLC1A1	GRIK3+GRIK5	Glutamate	1.0	Non-protein Signaling	CellChatDB	Glutamate-Glu-SLC1A1_GLS2_GRIK3_GRIK5	PMID: 24155668;PMID: 31776169;PMID: 32594024					CellChatDB v2
GLS2+SLC1A1	GRIN1+GRIN2A	Glutamate	1.0	Non-protein Signaling	CellChatDB	Glutamate-Glu-SLC1A1_GLS2_GRIN1_GRIN2A	PMID: 24155668;PMID: 31776169;PMID: 32594024					CellChatDB v2
GLS2+SLC1A1	GRIN1+GRIN2B	Glutamate	1.0	Non-protein Signaling	CellChatDB	Glutamate-Glu-SLC1A1_GLS2_GRIN1_GRIN2B	PMID: 24155668;PMID: 31776169;PMID: 32594024					CellChatDB v2
GLS2+SLC1A1	GRIN2C+GRIN1	Glutamate	1.0	Non-protein Signaling	CellChatDB	Glutamate-Glu-SLC1A1_GLS2_GRIN1_GRIN2C	PMID: 24155668;PMID: 31776169;PMID: 32594024					CellChatDB v2
GLS2+SLC1A1	GRIN1+GRIN2D	Glutamate	1.0	Non-protein Signaling	CellChatDB	Glutamate-Glu-SLC1A1_GLS2_GRIN1_GRIN2D	PMID: 24155668;PMID: 31776169;PMID: 32594024					CellChatDB v2
GLS2+SLC1A2	GRIK1+GRIK4	Glutamate	1.0	Non-protein Signaling	CellChatDB	Glutamate-Glu-SLC1A2_GLS2_GRIK1_GRIK4	PMID: 24155668;PMID: 31776169;PMID: 32594024					CellChatDB v2
GLS2+SLC1A2	GRIK2+GRIK4	Glutamate	1.0	Non-protein Signaling	CellChatDB	Glutamate-Glu-SLC1A2_GLS2_GRIK2_GRIK4	PMID: 24155668;PMID: 31776169;PMID: 32594024					CellChatDB v2
GLS2+SLC1A2	GRIK3+GRIK4	Glutamate	1.0	Non-protein Signaling	CellChatDB	Glutamate-Glu-SLC1A2_GLS2_GRIK3_GRIK4	PMID: 24155668;PMID: 31776169;PMID: 32594024					CellChatDB v2
GLS2+SLC1A2	GRIK5+GRIK1	Glutamate	1.0	Non-protein Signaling	CellChatDB	Glutamate-Glu-SLC1A2_GLS2_GRIK1_GRIK5	PMID: 24155668;PMID: 31776169;PMID: 32594024					CellChatDB v2
GLS2+SLC1A2	GRIK5+GRIK2	Glutamate	1.0	Non-protein Signaling	CellChatDB	Glutamate-Glu-SLC1A2_GLS2_GRIK2_GRIK5	PMID: 24155668;PMID: 31776169;PMID: 32594024					CellChatDB v2
GLS2+SLC1A2	GRIK3+GRIK5	Glutamate	1.0	Non-protein Signaling	CellChatDB	Glutamate-Glu-SLC1A2_GLS2_GRIK3_GRIK5	PMID: 24155668;PMID: 31776169;PMID: 32594024					CellChatDB v2
GLS2+SLC1A2	GRIN1+GRIN2A	Glutamate	1.0	Non-protein Signaling	CellChatDB	Glutamate-Glu-SLC1A2_GLS2_GRIN1_GRIN2A	PMID: 24155668;PMID: 31776169;PMID: 32594024					CellChatDB v2
GLS2+SLC1A2	GRIN1+GRIN2B	Glutamate	1.0	Non-protein Signaling	CellChatDB	Glutamate-Glu-SLC1A2_GLS2_GRIN1_GRIN2B	PMID: 24155668;PMID: 31776169;PMID: 32594024					CellChatDB v2
GLS2+SLC1A2	GRIN2C+GRIN1	Glutamate	1.0	Non-protein Signaling	CellChatDB	Glutamate-Glu-SLC1A2_GLS2_GRIN1_GRIN2C	PMID: 24155668;PMID: 31776169;PMID: 32594024					CellChatDB v2
GLS2+SLC1A2	GRIN1+GRIN2D	Glutamate	1.0	Non-protein Signaling	CellChatDB	Glutamate-Glu-SLC1A2_GLS2_GRIN1_GRIN2D	PMID: 24155668;PMID: 31776169;PMID: 32594024					CellChatDB v2
GLS2+SLC1A3	GRIK1+GRIK4	Glutamate	1.0	Non-protein Signaling	CellChatDB	Glutamate-Glu-SLC1A3_GLS2_GRIK1_GRIK4	PMID: 24155668;PMID: 31776169;PMID: 32594024					CellChatDB v2
GLS2+SLC1A3	GRIK2+GRIK4	Glutamate	1.0	Non-protein Signaling	CellChatDB	Glutamate-Glu-SLC1A3_GLS2_GRIK2_GRIK4	PMID: 24155668;PMID: 31776169;PMID: 32594024					CellChatDB v2
GLS2+SLC1A3	GRIK3+GRIK4	Glutamate	1.0	Non-protein Signaling	CellChatDB	Glutamate-Glu-SLC1A3_GLS2_GRIK3_GRIK4	PMID: 24155668;PMID: 31776169;PMID: 32594024					CellChatDB v2
GLS2+SLC1A3	GRIK5+GRIK1	Glutamate	1.0	Non-protein Signaling	CellChatDB	Glutamate-Glu-SLC1A3_GLS2_GRIK1_GRIK5	PMID: 24155668;PMID: 31776169;PMID: 32594024					CellChatDB v2
GLS2+SLC1A3	GRIK5+GRIK2	Glutamate	1.0	Non-protein Signaling	CellChatDB	Glutamate-Glu-SLC1A3_GLS2_GRIK2_GRIK5	PMID: 24155668;PMID: 31776169;PMID: 32594024					CellChatDB v2
GLS2+SLC1A3	GRIK3+GRIK5	Glutamate	1.0	Non-protein Signaling	CellChatDB	Glutamate-Glu-SLC1A3_GLS2_GRIK3_GRIK5	PMID: 24155668;PMID: 31776169;PMID: 32594024					CellChatDB v2
GLS2+SLC1A3	GRIN1+GRIN2A	Glutamate	1.0	Non-protein Signaling	CellChatDB	Glutamate-Glu-SLC1A3_GLS2_GRIN1_GRIN2A	PMID: 24155668;PMID: 31776169;PMID: 32594024					CellChatDB v2
GLS2+SLC1A3	GRIN1+GRIN2B	Glutamate	1.0	Non-protein Signaling	CellChatDB	Glutamate-Glu-SLC1A3_GLS2_GRIN1_GRIN2B	PMID: 24155668;PMID: 31776169;PMID: 32594024					CellChatDB v2
GLS2+SLC1A3	GRIN2C+GRIN1	Glutamate	1.0	Non-protein Signaling	CellChatDB	Glutamate-Glu-SLC1A3_GLS2_GRIN1_GRIN2C	PMID: 24155668;PMID: 31776169;PMID: 32594024					CellChatDB v2
GLS2+SLC1A3	GRIN1+GRIN2D	Glutamate	1.0	Non-protein Signaling	CellChatDB	Glutamate-Glu-SLC1A3_GLS2_GRIN1_GRIN2D	PMID: 24155668;PMID: 31776169;PMID: 32594024					CellChatDB v2
SLC1A6+GLS2	GRIK1+GRIK4	Glutamate	1.0	Non-protein Signaling	CellChatDB	Glutamate-Glu-SLC1A6_GLS2_GRIK1_GRIK4	PMID: 24155668;PMID: 31776169;PMID: 32594024					CellChatDB v2
SLC1A6+GLS2	GRIK2+GRIK4	Glutamate	1.0	Non-protein Signaling	CellChatDB	Glutamate-Glu-SLC1A6_GLS2_GRIK2_GRIK4	PMID: 24155668;PMID: 31776169;PMID: 32594024					CellChatDB v2
SLC1A6+GLS2	GRIK3+GRIK4	Glutamate	1.0	Non-protein Signaling	CellChatDB	Glutamate-Glu-SLC1A6_GLS2_GRIK3_GRIK4	PMID: 24155668;PMID: 31776169;PMID: 32594024					CellChatDB v2
SLC1A6+GLS2	GRIK5+GRIK1	Glutamate	1.0	Non-protein Signaling	CellChatDB	Glutamate-Glu-SLC1A6_GLS2_GRIK1_GRIK5	PMID: 24155668;PMID: 31776169;PMID: 32594024					CellChatDB v2
SLC1A6+GLS2	GRIK5+GRIK2	Glutamate	1.0	Non-protein Signaling	CellChatDB	Glutamate-Glu-SLC1A6_GLS2_GRIK2_GRIK5	PMID: 24155668;PMID: 31776169;PMID: 32594024					CellChatDB v2
SLC1A6+GLS2	GRIK3+GRIK5	Glutamate	1.0	Non-protein Signaling	CellChatDB	Glutamate-Glu-SLC1A6_GLS2_GRIK3_GRIK5	PMID: 24155668;PMID: 31776169;PMID: 32594024					CellChatDB v2
SLC1A6+GLS2	GRIN1+GRIN2A	Glutamate	1.0	Non-protein Signaling	CellChatDB	Glutamate-Glu-SLC1A6_GLS2_GRIN1_GRIN2A	PMID: 24155668;PMID: 31776169;PMID: 32594024					CellChatDB v2
SLC1A6+GLS2	GRIN1+GRIN2B	Glutamate	1.0	Non-protein Signaling	CellChatDB	Glutamate-Glu-SLC1A6_GLS2_GRIN1_GRIN2B	PMID: 24155668;PMID: 31776169;PMID: 32594024					CellChatDB v2
SLC1A6+GLS2	GRIN2C+GRIN1	Glutamate	1.0	Non-protein Signaling	CellChatDB	Glutamate-Glu-SLC1A6_GLS2_GRIN1_GRIN2C	PMID: 24155668;PMID: 31776169;PMID: 32594024					CellChatDB v2
SLC1A6+GLS2	GRIN1+GRIN2D	Glutamate	1.0	Non-protein Signaling	CellChatDB	Glutamate-Glu-SLC1A6_GLS2_GRIN1_GRIN2D	PMID: 24155668;PMID: 31776169;PMID: 32594024					CellChatDB v2
GLS2+SLC1A7	GRIK1+GRIK4	Glutamate	1.0	Non-protein Signaling	CellChatDB	Glutamate-Glu-SLC1A7_GLS2_GRIK1_GRIK4	PMID: 24155668;PMID: 31776169;PMID: 32594024					CellChatDB v2
GLS2+SLC1A7	GRIK2+GRIK4	Glutamate	1.0	Non-protein Signaling	CellChatDB	Glutamate-Glu-SLC1A7_GLS2_GRIK2_GRIK4	PMID: 24155668;PMID: 31776169;PMID: 32594024					CellChatDB v2
GLS2+SLC1A7	GRIK3+GRIK4	Glutamate	1.0	Non-protein Signaling	CellChatDB	Glutamate-Glu-SLC1A7_GLS2_GRIK3_GRIK4	PMID: 24155668;PMID: 31776169;PMID: 32594024					CellChatDB v2
GLS2+SLC1A7	GRIK5+GRIK1	Glutamate	1.0	Non-protein Signaling	CellChatDB	Glutamate-Glu-SLC1A7_GLS2_GRIK1_GRIK5	PMID: 24155668;PMID: 31776169;PMID: 32594024					CellChatDB v2
GLS2+SLC1A7	GRIK5+GRIK2	Glutamate	1.0	Non-protein Signaling	CellChatDB	Glutamate-Glu-SLC1A7_GLS2_GRIK2_GRIK5	PMID: 24155668;PMID: 31776169;PMID: 32594024					CellChatDB v2
GLS2+SLC1A7	GRIK3+GRIK5	Glutamate	1.0	Non-protein Signaling	CellChatDB	Glutamate-Glu-SLC1A7_GLS2_GRIK3_GRIK5	PMID: 24155668;PMID: 31776169;PMID: 32594024					CellChatDB v2
GLS2+SLC1A7	GRIN1+GRIN2A	Glutamate	1.0	Non-protein Signaling	CellChatDB	Glutamate-Glu-SLC1A7_GLS2_GRIN1_GRIN2A	PMID: 24155668;PMID: 31776169;PMID: 32594024					CellChatDB v2
GLS2+SLC1A7	GRIN1+GRIN2B	Glutamate	1.0	Non-protein Signaling	CellChatDB	Glutamate-Glu-SLC1A7_GLS2_GRIN1_GRIN2B	PMID: 24155668;PMID: 31776169;PMID: 32594024					CellChatDB v2
GLS2+SLC1A7	GRIN2C+GRIN1	Glutamate	1.0	Non-protein Signaling	CellChatDB	Glutamate-Glu-SLC1A7_GLS2_GRIN1_GRIN2C	PMID: 24155668;PMID: 31776169;PMID: 32594024					CellChatDB v2
GLS2+SLC1A7	GRIN1+GRIN2D	Glutamate	1.0	Non-protein Signaling	CellChatDB	Glutamate-Glu-SLC1A7_GLS2_GRIN1_GRIN2D	PMID: 24155668;PMID: 31776169;PMID: 32594024					CellChatDB v2
PTGR1	LTB4R	12oxoLTB4	1.0	Non-protein Signaling	CellChatDB	12oxoLeukotrieneB4-12oxoLTB4-PTGR1_LTB4R1	PMID: 33037399					CellChatDB v2
PTGR1	LTB4R2	12oxoLTB5	1.0	Non-protein Signaling	CellChatDB	12oxoLeukotrieneB4-12oxoLTB4-PTGR1_LTB4R2	PMID: 33037400					CellChatDB v2
CYP11A1	NR1H4	27HC	1.0	Non-protein Signaling	CellChatDB	27Hydroxycholesterol-27HC-CYP11A1_NR1H4	HMRbase;uniprot					CellChatDB v2
CYP3A4	NR1H4	27HC	1.0	Non-protein Signaling	CellChatDB	27Hydroxycholesterol-27HC-CYP3A4_NR1H4	HMRbase;uniprot					CellChatDB v2
DAGLA	CNR1	2-AG	1.0	Non-protein Signaling	CellChatDB	2arachidonoylglycerol-2AG-DAGLA_CNR1	PMID: 15115777					CellChatDB v2
DAGLA	CNR2	2-AG	1.0	Non-protein Signaling	CellChatDB	2arachidonoylglycerol-2AG-DAGLA_CNR2	PMID: 15115778					CellChatDB v2
DAGLA	GPR55	2-AG	1.0	Non-protein Signaling	CellChatDB	2arachidonoylglycerol-2AG-DAGLA_GPR55	PMID: 20298715					CellChatDB v2
DAGLB	CNR1	2-AG	1.0	Non-protein Signaling	CellChatDB	2arachidonoylglycerol-2AG-DAGLB_CNR1	PMID: 15115777					CellChatDB v2
DAGLB	CNR2	2-AG	1.0	Non-protein Signaling	CellChatDB	2arachidonoylglycerol-2AG-DAGLB_CNR2	PMID: 15115778					CellChatDB v2
DAGLB	GPR55	2-AG	1.0	Non-protein Signaling	CellChatDB	2arachidonoylglycerol-2AG-DAGLB_GPR55	PMID: 20298715					CellChatDB v2
DHRS9	PGR	5alphaP	1.0	Non-protein Signaling	CellChatDB	5alphaDihydroprogesterone-DHRS9_PGR	HMRbase					CellChatDB v2
APP	SORL1	APP	1.0	Cell-Cell Contact	CellChatDB	APP_SORL1	PMID: 24523320					CellChatDB v2
APP	TNFRSF21	APP	1.0	Cell-Cell Contact	CellChatDB	APP_TNFRSF21	PMID: 33075465					CellChatDB v2
APP	TREM2+TYROBP	APP	1.0	Cell-Cell Contact	CellChatDB	APP_TREM2_TYROBP	PMID:27477013					CellChatDB v2
ADORA3	ENTPD1	CD39	1.0	Cell-Cell Contact	CellChatDB	ENTPD1_ADORA3	uniprot					CellChatDB v2
CYP11B2	NR3C1	Aldo	1.0	Non-protein Signaling	CellChatDB	Aldosterone-Aldo-CYP11B2_NR3C1	PMID: 28116713					CellChatDB v2
CYP11B2	NR3C2	Aldo	1.0	Non-protein Signaling	CellChatDB	Aldosterone-Aldo-CYP11B2_NR3C2	PMID: 28116713					CellChatDB v2
CYP17A1	AR	Androstenedione	1.0	Non-protein Signaling	CellChatDB	ANDROSTENEDIONE-CYP17A1_AR	HMRbase;reactome					CellChatDB v2
HSD17B6	NR1H4	Androsterone	1.0	Non-protein Signaling	CellChatDB	ANDROSTERONE-HSD17B6_NR1H4	HMRbase					CellChatDB v2
APOA1	ABCA1	ApoA	1.0	Cell-Cell Contact	CellChatDB	APOA1_ABCA1	PMID: 20064972					CellChatDB v2
APOA1	AMN+CUBN	ApoA	1.0	Cell-Cell Contact	CellChatDB	APOA1_CUBN_AMN	reactome					CellChatDB v2
APOA1	TREM2+TYROBP	ApoA	1.0	Cell-Cell Contact	CellChatDB	APOA1_TREM2_TYROBP	uniprot;PMID:27477018					CellChatDB v2
APOA2	TREM2+TYROBP	ApoA	1.0	Cell-Cell Contact	CellChatDB	APOA2_TREM2_TYROBP	uniprot;PMID:27477017					CellChatDB v2
APOB	APOBR	ApoB	1.0	Cell-Cell Contact	CellChatDB	APOB_APOBR	uniprot					CellChatDB v2
APOB	TREM2+TYROBP	ApoB	1.0	Cell-Cell Contact	CellChatDB	APOB_TREM2_TYROBP	uniprot;PMID:27477016					CellChatDB v2
APOE	TREM2+TYROBP	ApoE	1.0	Cell-Cell Contact	CellChatDB	APOE_TREM2_TYROBP	uniprot;PMID:27477015					CellChatDB v2
ALDH1A1	CRABP2+RARA	RA	1.0	Non-protein Signaling	CellChatDB	RetinoicAcid-RA-ALDH1A1_RARA_CRABP2	uniprot;reactome					CellChatDB v2
ALDH1A1	CRABP2+RXRA+RARA	RA	1.0	Non-protein Signaling	CellChatDB	RetinoicAcid-RA-ALDH1A1_RARA_RXRA_CRABP2	uniprot;reactome					CellChatDB v2
ALDH1A1	RARB+CRABP2	RA	1.0	Non-protein Signaling	CellChatDB	RetinoicAcid-RA-ALDH1A1_RARB_CRABP2	uniprot;reactome					CellChatDB v2
ALDH1A1	RARB+CRABP2+RXRB	RA	1.0	Non-protein Signaling	CellChatDB	RetinoicAcid-RA-ALDH1A1_RARB_RXRB_CRABP2	uniprot;reactome					CellChatDB v2
ALDH1A1	RARG+CRABP2	RA	1.0	Non-protein Signaling	CellChatDB	RetinoicAcid-RA-ALDH1A1_RARG_CRABP2	uniprot;reactome					CellChatDB v2
ALDH1A1	RARG+CRABP2+RXRG	RA	1.0	Non-protein Signaling	CellChatDB	RetinoicAcid-RA-ALDH1A1_RARG_RXRG_CRABP2	uniprot;reactome					CellChatDB v2
ALDH1A1	CRABP2+RXRA	RA	1.0	Non-protein Signaling	CellChatDB	RetinoicAcid-RA-ALDH1A1_RXRA_CRABP2	uniprot;reactome					CellChatDB v2
ALDH1A1	CRABP2+RXRB	RA	1.0	Non-protein Signaling	CellChatDB	RetinoicAcid-RA-ALDH1A1_RXRB_CRABP2	uniprot;reactome					CellChatDB v2
ALDH1A1	CRABP2+RXRG	RA	1.0	Non-protein Signaling	CellChatDB	RetinoicAcid-RA-ALDH1A1_RXRG_CRABP2	uniprot;reactome					CellChatDB v2
ALDH1A1	RORB	RA	1.0	Non-protein Signaling	CellChatDB	RetinoicAcid-RA-ALDH1A1_RORB	uniprot					CellChatDB v2
ALDH1A2	CRABP2+RARA	RA	1.0	Non-protein Signaling	CellChatDB	RetinoicAcid-RA-ALDH1A2_RARA_CRABP2	uniprot;reactome					CellChatDB v2
ALDH1A2	CRABP2+RXRA+RARA	RA	1.0	Non-protein Signaling	CellChatDB	RetinoicAcid-RA-ALDH1A2_RARA_RXRA_CRABP2	uniprot;reactome					CellChatDB v2
ALDH1A2	RARB+CRABP2	RA	1.0	Non-protein Signaling	CellChatDB	RetinoicAcid-RA-ALDH1A2_RARB_CRABP2	uniprot;reactome					CellChatDB v2
ALDH1A2	RARB+CRABP2+RXRB	RA	1.0	Non-protein Signaling	CellChatDB	RetinoicAcid-RA-ALDH1A2_RARB_RXRB_CRABP2	uniprot;reactome					CellChatDB v2
ALDH1A2	RARG+CRABP2	RA	1.0	Non-protein Signaling	CellChatDB	RetinoicAcid-RA-ALDH1A2_RARG_CRABP2	uniprot;reactome					CellChatDB v2
ALDH1A2	RARG+CRABP2+RXRG	RA	1.0	Non-protein Signaling	CellChatDB	RetinoicAcid-RA-ALDH1A2_RARG_RXRG_CRABP2	uniprot;reactome					CellChatDB v2
ALDH1A2	CRABP2+RXRA	RA	1.0	Non-protein Signaling	CellChatDB	RetinoicAcid-RA-ALDH1A2_RXRA_CRABP2	uniprot;reactome					CellChatDB v2
ALDH1A2	CRABP2+RXRB	RA	1.0	Non-protein Signaling	CellChatDB	RetinoicAcid-RA-ALDH1A2_RXRB_CRABP2	uniprot;reactome					CellChatDB v2
ALDH1A2	CRABP2+RXRG	RA	1.0	Non-protein Signaling	CellChatDB	RetinoicAcid-RA-ALDH1A2_RXRG_CRABP2	uniprot;reactome					CellChatDB v2
ALDH1A2	RORB	RA	1.0	Non-protein Signaling	CellChatDB	RetinoicAcid-RA-ALDH1A2_RORB	uniprot					CellChatDB v2
ALDH1A3	CRABP2+RARA	RA	1.0	Non-protein Signaling	CellChatDB	RetinoicAcid-RA-ALDH1A3_RARA_CRABP2	uniprot;reactome					CellChatDB v2
ALDH1A3	CRABP2+RXRA+RARA	RA	1.0	Non-protein Signaling	CellChatDB	RetinoicAcid-RA-ALDH1A3_RARA_RXRA_CRABP2	uniprot;reactome					CellChatDB v2
ALDH1A3	RARB+CRABP2	RA	1.0	Non-protein Signaling	CellChatDB	RetinoicAcid-RA-ALDH1A3_RARB_CRABP2	uniprot;reactome					CellChatDB v2
ALDH1A3	RARB+CRABP2+RXRB	RA	1.0	Non-protein Signaling	CellChatDB	RetinoicAcid-RA-ALDH1A3_RARB_RXRB_CRABP2	uniprot;reactome					CellChatDB v2
ALDH1A3	RARG+CRABP2	RA	1.0	Non-protein Signaling	CellChatDB	RetinoicAcid-RA-ALDH1A3_RARG_CRABP2	uniprot;reactome					CellChatDB v2
ALDH1A3	RARG+CRABP2+RXRG	RA	1.0	Non-protein Signaling	CellChatDB	RetinoicAcid-RA-ALDH1A3_RARG_RXRG_CRABP2	uniprot;reactome					CellChatDB v2
ALDH1A3	CRABP2+RXRA	RA	1.0	Non-protein Signaling	CellChatDB	RetinoicAcid-RA-ALDH1A3_RXRA_CRABP2	uniprot;reactome					CellChatDB v2
ALDH1A3	CRABP2+RXRB	RA	1.0	Non-protein Signaling	CellChatDB	RetinoicAcid-RA-ALDH1A3_RXRB_CRABP2	uniprot;reactome					CellChatDB v2
ALDH1A3	CRABP2+RXRG	RA	1.0	Non-protein Signaling	CellChatDB	RetinoicAcid-RA-ALDH1A3_RXRG_CRABP2	uniprot;reactome					CellChatDB v2
ALDH1A3	RORB	RA	1.0	Non-protein Signaling	CellChatDB	RetinoicAcid-RA-ALDH1A3_RORB	uniprot					CellChatDB v2
BDNF	SORT1	NT	1.0	Secreted Signaling	CellChatDB	BDNF_SORT1	uniprot					CellChatDB v2
BDNF	NGFR	NT	1.0	Secreted Signaling	CellChatDB	BDNF_NGFR	uniprot					CellChatDB v2
CD160	TNFRSF14	CD160	1.0	Cell-Cell Contact	CellChatDB	CD160_TNFRSF14	PMID:21959263;PMID:18193050					CellChatDB v2
CADM1	NECTIN3	CADM	1.0	Cell-Cell Contact	CellChatDB	CADM1_NECTIN3	uniprot					CellChatDB v2
CADM3	CADM1	CADM	1.0	Cell-Cell Contact	CellChatDB	CADM3_CADM1	PMID: 33397712;					CellChatDB v2
CADM3	CADM4	CADM	1.0	Cell-Cell Contact	CellChatDB	CADM3_CADM4	PMID: 33397712;					CellChatDB v2
CADM3	EPB41L1	CADM	1.0	Cell-Cell Contact	CellChatDB	CADM3_EPB41L1	uniprot					CellChatDB v2
CADM3	NECTIN3	CADM	1.0	Cell-Cell Contact	CellChatDB	CADM3_NECTIN3	uniprot					CellChatDB v2
CYP27B1	VDR	Calcitriol	1.0	Non-protein Signaling	CellChatDB	CALCITRIOL-CYP27B1_VDR	HMRbase;uniprot					CellChatDB v2
CD276	TREML2	CD276	1.0	Cell-Cell Contact	CellChatDB	CD276_TREML2	PMID: 31044564					CellChatDB v2
Cd99	Pilrb	CD99	1.0	Cell-Cell Contact	CellChatDB	CD99_PILRB	uniprot;PMID:18234675					CellChatDB v2
CEACAM1	CEACAM6	CEACAM	1.0	Cell-Cell Contact	CellChatDB	CEACAM1_CEACAM6	PMID:21982860					CellChatDB v2
CEACAM1	CEACAM8	CEACAM	1.0	Cell-Cell Contact	CellChatDB	CEACAM1_CEACAM8	PMID:24743304					CellChatDB v2
CEACAM5	CEACAM6	CEACAM	1.0	Cell-Cell Contact	CellChatDB	CEACAM5_CEACAM6	uniprot					CellChatDB v2
CEACAM6	CEACAM6	CEACAM	1.0	Cell-Cell Contact	CellChatDB	CEACAM6_CEACAM6	PMID:11590190					CellChatDB v2
CEACAM8	CEACAM6	CEACAM	1.0	Cell-Cell Contact	CellChatDB	CEACAM8_CEACAM6	PMID:11590190					CellChatDB v2
CEL	RORA	Cholesterol	1.0	Non-protein Signaling	CellChatDB	Cholesterol-Cholesterol-CEL_RORA	HMRbase;PMID:12467577;PDB:1N83					CellChatDB v2
CEL	RORC	Cholesterol	1.0	Non-protein Signaling	CellChatDB	Cholesterol-Cholesterol-CEL_RORC	uniprot					CellChatDB v2
DHCR24	RORA	Cholesterol	1.0	Non-protein Signaling	CellChatDB	Cholesterol-Cholesterol-DHCR24_RORA	HMRbase;PMID:12467577;PDB:1N83					CellChatDB v2
DHCR24	RORC	Cholesterol	1.0	Non-protein Signaling	CellChatDB	Cholesterol-Cholesterol-DHCR24_RORC	uniprot					CellChatDB v2
DHCR7	RORA	Cholesterol	1.0	Non-protein Signaling	CellChatDB	Cholesterol-Cholesterol-DHCR7_RORA	HMRbase;PMID:12467577;PDB:1N83					CellChatDB v2
DHCR7	RORC	Cholesterol	1.0	Non-protein Signaling	CellChatDB	Cholesterol-Cholesterol-DHCR7_RORC	uniprot					CellChatDB v2
LIPA	RORA	Cholesterol	1.0	Non-protein Signaling	CellChatDB	Cholesterol-Cholesterol-LIPA_RORA	HMRbase;PMID:12467577;PDB:1N83					CellChatDB v2
LIPA	RORC	Cholesterol	1.0	Non-protein Signaling	CellChatDB	Cholesterol-Cholesterol-LIPA_RORC	uniprot					CellChatDB v2
CNTN1	NOTCH1	CNTN	1.0	Cell-Cell Contact	CellChatDB	CNTN1_NOTCH1	uniprot;PMID:14567914					CellChatDB v2
CNTN1	NOTCH2	CNTN	1.0	Cell-Cell Contact	CellChatDB	CNTN1_NOTCH2	reactome;PMID:14567914;PMID: 33957164					CellChatDB v2
CYP11B1	NR3C1	Cort	1.0	Non-protein Signaling	CellChatDB	Cort-CYP11B1_NR3C1	PMID: 28116713					CellChatDB v2
CYP11B1	NR3C2	Cort	1.0	Non-protein Signaling	CellChatDB	Cort-CYP11B1_NR3C2	PMID: 28116713					CellChatDB v2
CRTAM	CADM1	CADM	1.0	Cell-Cell Contact	CellChatDB	CRTAM_CADM1	PMID: 26694968					CellChatDB v2
UBASH3B	ESR1	DHEA	1.0	Non-protein Signaling	CellChatDB	Dehydroepiandrosterone-DHEA-STS_ESR1	HMRbase					CellChatDB v2
UBASH3B	NR1I2	DHEA	1.0	Non-protein Signaling	CellChatDB	Dehydroepiandrosterone-DHEA-STS_NR1I2	HMRbase					CellChatDB v2
UBASH3B	PPARA	DHEA	1.0	Non-protein Signaling	CellChatDB	Dehydroepiandrosterone-DHEA-STS_PPARA	HMRbase;PMID:18079279					CellChatDB v2
DHCR7	NR1H2	Desmosterol	1.0	Non-protein Signaling	CellChatDB	Desmosterol-Desmosterol-DHCR7_NR1H2	HMRbase;uniprot					CellChatDB v2
DHCR7	NR1H3	Desmosterol	1.0	Non-protein Signaling	CellChatDB	Desmosterol-Desmosterol-DHCR7_NR1H3	HMRbase					CellChatDB v2
CYP21A2	NR3C2	Desoxycorticosterone	1.0	Non-protein Signaling	CellChatDB	Desoxycorticosterone-DOC-CYP21A2_NR3C2	HMRbase;uniprot					CellChatDB v2
SULT1E1	PPARA	DHEAS	1.0	Non-protein Signaling	CellChatDB	DHEAsulfate-DHEAS-SULT1E1_PPARA	HMRbase					CellChatDB v2
SULT1E1	PPARD	DHEAS	1.0	Non-protein Signaling	CellChatDB	DHEAsulfate-DHEAS-SULT1E1_PPARD	HMRbase					CellChatDB v2
SULT1E1	PPARG	DHEAS	1.0	Non-protein Signaling	CellChatDB	DHEAsulfate-DHEAS-SULT1E1_PPARG	HMRbase					CellChatDB v2
SULT2A1	PPARA	DHEAS	1.0	Non-protein Signaling	CellChatDB	DHEAsulfate-DHEAS-SULT2A1_PPARA	HMRbase					CellChatDB v2
SULT2A1	PPARD	DHEAS	1.0	Non-protein Signaling	CellChatDB	DHEAsulfate-DHEAS-SULT2A1_PPARD	HMRbase					CellChatDB v2
SULT2A1	PPARG	DHEAS	1.0	Non-protein Signaling	CellChatDB	DHEAsulfate-DHEAS-SULT2A1_PPARG	HMRbase					CellChatDB v2
SULT1A1	PPARA	DHEAS	1.0	Non-protein Signaling	CellChatDB	DHEAsulfate-DHEAS-SULT2B_PPARA	HMRbase					CellChatDB v2
SULT1A1	PPARD	DHEAS	1.0	Non-protein Signaling	CellChatDB	DHEAsulfate-DHEAS-SULT2B_PPARD	HMRbase					CellChatDB v2
SULT1A1	PPARG	DHEAS	1.0	Non-protein Signaling	CellChatDB	DHEAsulfate-DHEAS-SULT2B_PPARG	HMRbase					CellChatDB v2
SRD5A1	AR	DHT	1.0	Non-protein Signaling	CellChatDB	Dihydrotestosterone-DHT-SRD5A1_AR	HMRbase;uniprot					CellChatDB v2
SRD5A2	AR	DHT	1.0	Non-protein Signaling	CellChatDB	Dihydrotestosterone-DHT-SRD5A2_AR	HMRbase;uniprot					CellChatDB v2
SRD5A3	AR	DHT	1.0	Non-protein Signaling	CellChatDB	Dihydrotestosterone-DHT-SRD5A3_AR	HMRbase;uniprot					CellChatDB v2
CYP19A1	ESR1	Estradiol	1.0	Non-protein Signaling	CellChatDB	Estradiol-E2-CYP19A1_ESR1	HMRbase;reactome					CellChatDB v2
CYP19A1	ESR2	Estradiol	1.0	Non-protein Signaling	CellChatDB	Estradiol-E2-CYP19A1_ESR2	HMRbase					CellChatDB v2
CYP19A1	GPER1	Estradiol	1.0	Non-protein Signaling	CellChatDB	Estradiol-E2-CYP19A1_GPER1	reactome;uniprot					CellChatDB v2
CYP19A1	NR1I2	Estradiol	1.0	Non-protein Signaling	CellChatDB	Estradiol-E2-CYP19A1_NR1I2	HMRbase					CellChatDB v2
HSD17B1	ESR1	Estradiol	1.0	Non-protein Signaling	CellChatDB	Estradiol-E2-HSD17B1_ESR1	HMRbase;reactome					CellChatDB v2
HSD17B1	ESR2	Estradiol	1.0	Non-protein Signaling	CellChatDB	Estradiol-E2-HSD17B1_ESR2	HMRbase					CellChatDB v2
HSD17B1	GPER1	Estradiol	1.0	Non-protein Signaling	CellChatDB	Estradiol-E2-HSD17B1_GPER1	reactome;uniprot					CellChatDB v2
HSD17B1	NR1I2	Estradiol	1.0	Non-protein Signaling	CellChatDB	Estradiol-E2-HSD17B1_NR1I2	HMRbase					CellChatDB v2
IGFBP3	TMEM219	IGFBP	1.0	Secreted Signaling	CellChatDB	IGFBP3_TMEM219	PMID:20353938					CellChatDB v2
LAIR1	LILRB4	LAIR1	1.0	Cell-Cell Contact	CellChatDB	LAIR1_LILRB4	PMID:19283782					CellChatDB v2
LGALS9	CD22+BCR+PTPRC	GALECTIN	1.0	Secreted Signaling	CellChatDB	LGALS9_BCR_CD45_CD22	PMID:30120235					CellChatDB v2
LGALS9	P4HB	GALECTIN	1.0	Secreted Signaling	CellChatDB	LGALS9_P4HB	PMID:21670307;uniprot					CellChatDB v2
ASMT	MTNR1A	Melatonin	1.0	Non-protein Signaling	CellChatDB	Melatonin-ASMT_MTNR1A	PMID: 26484897					CellChatDB v2
ASMT	MTNR1B	Melatonin	1.0	Non-protein Signaling	CellChatDB	Melatonin-ASMT_MTNR1B	PMID: 26484897					CellChatDB v2
MICA	KLRK1+HCST	MHC-I	1.0	Cell-Cell Contact	CellChatDB	MICA_NKG2D_HCST	PMID: 10894171					CellChatDB v2
MICB	KLRK1+HCST	MHC-I	1.0	Cell-Cell Contact	CellChatDB	MICB_NKG2D_HCST	PMID: 10894171					CellChatDB v2
AMH	BMPR1B+AMHR2	AMH	1.0	Secreted Signaling	CellChatDB	AMH_AMHR2_BMPR1B	PMID:22710174					CellChatDB v2
MMP2	ITGAV+ITGB3+MMP14	MMP	1.0	Cell-Cell Contact	CellChatDB	MMP2_INTEGRIN_AVB3_COMPLEX	PMID: 29986882					CellChatDB v2
NTN1	DCC	Netrin	1.0	Cell-Cell Contact	CellChatDB	NTN1_DCC	PMID: 22685302					CellChatDB v2
NTN1	DSCAM	Netrin	1.0	Cell-Cell Contact	CellChatDB	NTN1_DSCAM	PMID:18585357;PMID: 22685302					CellChatDB v2
NTN1	UNC5A	Netrin	1.0	Cell-Cell Contact	CellChatDB	NTN1_UNC5A	PMID: 22685302					CellChatDB v2
NTN1	UNC5B	Netrin	1.0	Cell-Cell Contact	CellChatDB	NTN1_UNC5B	PMID: 22685302					CellChatDB v2
NTN1	UNC5C	Netrin	1.0	Cell-Cell Contact	CellChatDB	NTN1_UNC5C	PMID: 22685302					CellChatDB v2
NTN4	NTRK2	Netrin	1.0	Cell-Cell Contact	CellChatDB	NTN4_NTRK2	PMID: 34531526					CellChatDB v2
NTN4	UNC5B	Netrin	1.0	Cell-Cell Contact	CellChatDB	NTN4_UNC5B	PMID: 31914695					CellChatDB v2
NTN4	UNC5D	Netrin	1.0	Cell-Cell Contact	CellChatDB	NTN4_UNC5D	uniprot					CellChatDB v2
NTS	SORT1	NTS	1.0	Secreted Signaling	CellChatDB	NTS_SORT1	PMID: 34038712					CellChatDB v2
NRG1	ITGA6+ITGB4	NRG	1.0	Secreted Signaling	CellChatDB	NRG1_INTEGRIN_A6B4_COMPLEX	PMID: 20682778					CellChatDB v2
NTF3	NGFR	NT	1.0	Secreted Signaling	CellChatDB	NTF3_NGFR	uniprot					CellChatDB v2
NTF4	NGFR	NT	1.0	Secreted Signaling	CellChatDB	NTF5_NGFR	uniprot					CellChatDB v2
CD200	CD200R1	CD200	1.0	Cell-Cell Contact	CellChatDB	CD200_CD200R1L	PMID:22020332;also_called_CD200_CD200R					CellChatDB v2
PECAM1	CD177	PECAM1	1.0	Cell-Cell Contact	CellChatDB	PECAM1_CD177	PMID:17580308					CellChatDB v2
PECAM1	CD38	PECAM2	1.0	Cell-Cell Contact	CellChatDB	PECAM1_CD38	PMID:26407101					CellChatDB v2
PPIA	BSG	CypA	1.0	Secreted Signaling	CellChatDB	PPIA_BSG	PMID: 36012604					CellChatDB v2
FDX1+FDX2+CYP11A1+FDXR	NR1I2	Pregnenolone	1.0	Non-protein Signaling	CellChatDB	Pregnenolone-CYP11A1_NR1I2	HMRbase;uniprot					CellChatDB v2
PROC	PROCR	PROC	1.0	Secreted Signaling	CellChatDB	PROC_PROCR	uniprot;STRING					CellChatDB v2
HSD3B1	CATSPER1+CATSPERB	Progesterone	1.0	Non-protein Signaling	CellChatDB	Progesterone-Progesterone-HSD3B1_CATSPER1_CATSPERB	uniprot;reactome					CellChatDB v2
HSD3B1	CATSPER1+CATSPERD	Progesterone	1.0	Non-protein Signaling	CellChatDB	Progesterone-Progesterone-HSD3B1_CATSPER1_CATSPERD	uniprot;reactome					CellChatDB v2
HSD3B1	CATSPER2+CATSPERB	Progesterone	1.0	Non-protein Signaling	CellChatDB	Progesterone-Progesterone-HSD3B1_CATSPER2_CATSPERB	uniprot;reactome					CellChatDB v2
HSD3B1	CATSPERD+CATSPER2	Progesterone	1.0	Non-protein Signaling	CellChatDB	Progesterone-Progesterone-HSD3B1_CATSPER2_CATSPERD	uniprot;reactome					CellChatDB v2
HSD3B1	CATSPER3+CATSPERB	Progesterone	1.0	Non-protein Signaling	CellChatDB	Progesterone-Progesterone-HSD3B1_CATSPER3_CATSPERB	uniprot;reactome					CellChatDB v2
HSD3B1	CATSPER3+CATSPERD	Progesterone	1.0	Non-protein Signaling	CellChatDB	Progesterone-Progesterone-HSD3B1_CATSPER3_CATSPERD	uniprot;reactome					CellChatDB v2
HSD3B1	CATSPER4+CATSPERB	Progesterone	1.0	Non-protein Signaling	CellChatDB	Progesterone-Progesterone-HSD3B1_CATSPER4_CATSPERB	uniprot;reactome					CellChatDB v2
HSD3B1	CATSPER4+CATSPERD	Progesterone	1.0	Non-protein Signaling	CellChatDB	Progesterone-Progesterone-HSD3B1_CATSPER4_CATSPERD	uniprot;reactome					CellChatDB v2
AKR1C3	PTGDR2	Prostaglandin	1.0	Non-protein Signaling	CellChatDB	Prostaglandin-PGD2-AKR1C3_PTGDR2	uniprot;reactome					CellChatDB v2
RELN	LRP8	RELN	1.0	ECM-Receptor	CellChatDB	RELN_LRP8	PMID: 14578885					CellChatDB v2
RELN	VLDLR	RELN	1.0	ECM-Receptor	CellChatDB	RELN_VLDLR	PMID: 14578885					CellChatDB v2
RAET1E	KLRK1+HCST	MHC-I	1.0	Secreted Signaling	CellChatDB	RAET1E_NKG2D_HCST	PMID: 10894171;PMID:24223577					CellChatDB v2
ULBP1	KLRK1+HCST	MHC-I	1.0	Secreted Signaling	CellChatDB	ULBP1_NKG2D_HCST	PMID: 10894171;PMID:24223577					CellChatDB v2
ULBP2	KLRK1+HCST	MHC-I	1.0	Secreted Signaling	CellChatDB	ULBP2_NKG2D_HCST	PMID: 10894171;PMID:24223577					CellChatDB v2
ULBP3	KLRK1+HCST	MHC-I	1.0	Secreted Signaling	CellChatDB	ULBP3_NKG2D_HCST	PMID: 10894171;PMID:24223577					CellChatDB v2
RBP4	STRA6	RBP4	1.0	Secreted Signaling	CellChatDB	RBP4_STRA6	uniprot					CellChatDB v2
DDC	HTR1A	SerotoninDopamin	1.0	Non-protein Signaling	CellChatDB	SerotoninDopamin-5-HT-DOPA-DDC_HTR1A	HMRbase;uniprot;reactome					CellChatDB v2
DDC	HTR1B	SerotoninDopamin	1.0	Non-protein Signaling	CellChatDB	SerotoninDopamin-5-HT-DOPA-DDC_HTR1B	uniprot;reactome					CellChatDB v2
DDC	HTR1D	SerotoninDopamin	1.0	Non-protein Signaling	CellChatDB	SerotoninDopamin-5-HT-DOPA-DDC_HTR1D	uniprot;reactome					CellChatDB v2
DDC	HTR1E	SerotoninDopamin	1.0	Non-protein Signaling	CellChatDB	SerotoninDopamin-5-HT-DOPA-DDC_P28566	uniprot;reactome					CellChatDB v2
DDC	HTR1F	SerotoninDopamin	1.0	Non-protein Signaling	CellChatDB	SerotoninDopamin-5-HT-DOPA-DDC_HTR1F	uniprot;reactome					CellChatDB v2
DDC	HTR2A	SerotoninDopamin	1.0	Non-protein Signaling	CellChatDB	SerotoninDopamin-5-HT-DOPA-DDC_HTR2A	HMRbase;uniprot;reactome					CellChatDB v2
DDC	HTR2B	SerotoninDopamin	1.0	Non-protein Signaling	CellChatDB	SerotoninDopamin-5-HT-DOPA-DDC_HTR2B	uniprot;reactome					CellChatDB v2
DDC	HTR2C	SerotoninDopamin	1.0	Non-protein Signaling	CellChatDB	SerotoninDopamin-5-HT-DOPA-DDC_HTR2C	HMRbase;uniprot;reactome					CellChatDB v2
DDC	HTR3A	SerotoninDopamin	1.0	Non-protein Signaling	CellChatDB	SerotoninDopamin-5-HT-DOPA-DDC_HTR3A	HMRbase;uniprot					CellChatDB v2
DDC	HTR3B	SerotoninDopamin	1.0	Non-protein Signaling	CellChatDB	SerotoninDopamin-5-HT-DOPA-DDC_HTR3B	uniprot					CellChatDB v2
DDC	HTR3C	SerotoninDopamin	1.0	Non-protein Signaling	CellChatDB	SerotoninDopamin-5-HT-DOPA-DDC_Q8WXA8	uniprot					CellChatDB v2
DDC	HTR3D	SerotoninDopamin	1.0	Non-protein Signaling	CellChatDB	SerotoninDopamin-5-HT-DOPA-DDC_Q70Z44	uniprot					CellChatDB v2
DDC	HTR3E	SerotoninDopamin	1.0	Non-protein Signaling	CellChatDB	SerotoninDopamin-5-HT-DOPA-DDC_A5X5Y0	uniprot					CellChatDB v2
DDC	HTR4	SerotoninDopamin	1.0	Non-protein Signaling	CellChatDB	SerotoninDopamin-5-HT-DOPA-DDC_HTR4	HMRbase;uniprot;reactome					CellChatDB v2
DDC	HTR5A	SerotoninDopamin	1.0	Non-protein Signaling	CellChatDB	SerotoninDopamin-5-HT-DOPA-DDC_HTR5A	HMRbase;uniprot;reactome					CellChatDB v2
DDC	HTR6	SerotoninDopamin	1.0	Non-protein Signaling	CellChatDB	SerotoninDopamin-5-HT-DOPA-DDC_HTR6	uniprot;reactome					CellChatDB v2
DDC	HTR7	SerotoninDopamin	1.0	Non-protein Signaling	CellChatDB	SerotoninDopamin-5-HT-DOPA-DDC_HTR7	uniprot;reactome					CellChatDB v2
DDC	DRD1	SerotoninDopamin	1.0	Non-protein Signaling	CellChatDB	SerotoninDopamin-5-HT-DOPA-DDC_DRD1	uniprot;reactome					CellChatDB v2
DDC	DRD2	SerotoninDopamin	1.0	Non-protein Signaling	CellChatDB	SerotoninDopamin-5-HT-DOPA-DDC_DRD2	uniprot;reactome					CellChatDB v2
DDC	DRD3	SerotoninDopamin	1.0	Non-protein Signaling	CellChatDB	SerotoninDopamin-5-HT-DOPA-DDC_DRD3	uniprot;reactome					CellChatDB v2
DDC	DRD4	SerotoninDopamin	1.0	Non-protein Signaling	CellChatDB	SerotoninDopamin-5-HT-DOPA-DDC_DRD4	uniprot;reactome					CellChatDB v2
DDC	DRD5	SerotoninDopamin	1.0	Non-protein Signaling	CellChatDB	SerotoninDopamin-5-HT-DOPA-DDC_DRD5	uniprot;reactome					CellChatDB v2
SIRPG	CD47	SIRP	1.0	Cell-Cell Contact	CellChatDB	SIRPG_CD47	PMID:15294972					CellChatDB v2
SLIT1	ROBO1	SLIT	1.0	Secreted Signaling	CellChatDB	SLIT1_ROBO1	PMID:10102268					CellChatDB v2
SLIT2	ROBO1	SLIT	1.0	Secreted Signaling	CellChatDB	SLIT2_ROBO1	PMID:10102268					CellChatDB v2
SLIT2	ROBO2	SLIT	1.0	Secreted Signaling	CellChatDB	SLIT2_ROBO2	PMID:10102268					CellChatDB v2
AKR1D1	AR	Testosterone	1.0	Non-protein Signaling	CellChatDB	Testosterone-Testosterone-AKR1D1_AR	HMRbase;uniprot					CellChatDB v2
HSD17B12	AR	Testosterone	1.0	Non-protein Signaling	CellChatDB	Testosterone-Testosterone-HSD17B12_AR	HMRbase;uniprot					CellChatDB v2
HSD17B3	AR	Testosterone	1.0	Non-protein Signaling	CellChatDB	Testosterone-Testosterone-HSD17B3_AR	HMRbase;uniprot					CellChatDB v2
GPHB5+GPHA2	TSHR	TSH	1.0	Non-protein Signaling	CellChatDB	Thyrostimulin-GPHB5_GPHA2_TSHR	PMID: 12045258					CellChatDB v2
TSHB+CGA	TSHR	TSH	1.0	Non-protein Signaling	CellChatDB	Thyrotropin-CGA_TSHB_TSHR	PMID: 12045259					CellChatDB v2
DIO3+TG	THRA	Triiodothyronine	1.0	Non-protein Signaling	CellChatDB	Triiodothyronine-T3-DIO3_THRA	HMRbase;uniprot					CellChatDB v2
DIO3+TG	THRB	Triiodothyronine	1.0	Non-protein Signaling	CellChatDB	Triiodothyronine-T3-DIO3_THRB	HMRbase;uniprot					CellChatDB v2
TULP1	TYRO3	TULP	1.0	Secreted Signaling	CellChatDB	TULP1_TYRO3	PMID: 20978472					CellChatDB v2
TULP2	TYRO3	TULP	1.0	Secreted Signaling	CellChatDB	TULP2_TYRO3	PMID: 30501104					CellChatDB v2
TULP1	AXL	TULP	1.0	Secreted Signaling	CellChatDB	TULP1_AXL	PMID: 20978473					CellChatDB v2
TULP1	MERTK	TULP	1.0	Secreted Signaling	CellChatDB	TULP1_MERTK	PMID: 20978474					CellChatDB v2
TUB	MERTK	TULP	1.0	Secreted Signaling	CellChatDB	TUB_MERTK	PMID: 20978475					CellChatDB v2
PROS1	MERTK	PROS	1.0	Secreted Signaling	CellChatDB	PROS1_MERTK	PMID: 34631419					CellChatDB v2
PLAU	PLAUR	PLAU	1.0	Secreted Signaling	CellChatDB	PLAU_PLAUR	uniprot					CellChatDB v2
VCAM1	ITGAD+ITGB2	VCAM	1.0	Cell-Cell Contact	CellChatDB	VCAM1_INTEGRIN_ADB2	PMID: 9525279					CellChatDB v2
A2M	MMP2		0.9	nichenet_prior	NicheNet	omnipath	omnipath					
A2M	MMP9		0.9	nichenet_prior	NicheNet	omnipath	omnipath					
A2M	LRP1		0.9	nichenet_prior	NicheNet	omnipath	omnipath					
A2M	KLK3		0.9	nichenet_prior	NicheNet	omnipath	omnipath					
AANAT	MTNR1A		0.9	nichenet_prior	NicheNet	nichenet_verschueren	nichenet_verschueren					
AANAT	MTNR1B		0.9	nichenet_prior	NicheNet	nichenet_verschueren	nichenet_verschueren					
ABCA1	APOA1		0.9	nichenet_prior	NicheNet	omnipath	omnipath					
ABCA1	MEGF10		0.9	nichenet_prior	NicheNet	omnipath	omnipath					
ACE	BDKRB2		0.9	nichenet_prior	NicheNet	omnipath	omnipath					
ACE	AGTR2		0.9	nichenet_prior	NicheNet	omnipath	omnipath					
ACE2	TNFRSF11B		0.9	nichenet_prior	NicheNet	nichenet_verschueren	nichenet_verschueren					
ACE2	TNFRSF11A		0.9	nichenet_prior	NicheNet	nichenet_verschueren	nichenet_verschueren					
ACE2	SLC6A19		0.9	nichenet_prior	NicheNet	omnipath	omnipath					
ACE2	TIGIT		0.9	nichenet_prior	NicheNet	omnipath	omnipath					
ACP4	VSTM2B		0.9	nichenet_prior	NicheNet	omnipath	omnipath					
ACP4	ERBB4		0.9	nichenet_prior	NicheNet	omnipath	omnipath					
ADAM10	APP		0.9	nichenet_prior	NicheNet	omnipath	omnipath					
ADAM10	NOTCH2		0.9	nichenet_prior	NicheNet	omnipath	omnipath					
ADAM10	NOTCH3		0.9	nichenet_prior	NicheNet	omnipath	omnipath					
ADAM10	TSPAN33		0.9	nichenet_prior	NicheNet	omnipath	omnipath					
ADAM10	CD44		0.9	nichenet_prior	NicheNet	omnipath	omnipath					
ADAM10	NOTCH1		0.9	nichenet_prior	NicheNet	omnipath	omnipath					
ADAM10	TSPAN5		0.9	nichenet_prior	NicheNet	omnipath	omnipath					
ADAM10	TSPAN15		0.9	nichenet_prior	NicheNet	omnipath	omnipath					
ADAM10	TSPAN10		0.9	nichenet_prior	NicheNet	omnipath	omnipath					
ADAM10	TSPAN14		0.9	nichenet_prior	NicheNet	omnipath	omnipath					
ADAM10	TSPAN17		0.9	nichenet_prior	NicheNet	omnipath	omnipath					
ADAM10	EPHA3		0.9	nichenet_prior	NicheNet	omnipath	omnipath					
ADAM10	AXL		0.9	nichenet_prior	NicheNet	omnipath	omnipath					
ADAM10	NOTCH4		0.9	nichenet_prior	NicheNet	omnipath	omnipath					
ADAM11	ITGA4		0.9	nichenet_prior	NicheNet	omnipath	omnipath					
ADAM11	CCR4		0.9	nichenet_prior	NicheNet	omnipath	omnipath					
ADAM12	SDC4		0.9	nichenet_prior	NicheNet	omnipath	omnipath					
ADAM12	ITGB1		0.9	nichenet_prior	NicheNet	omnipath	omnipath					
ADAM12	ITGA9		0.9	nichenet_prior	NicheNet	omnipath	omnipath					
ADAM15	ITGA5		0.9	nichenet_prior	NicheNet	nichenet_verschueren	nichenet_verschueren					
ADAM15	ITGA9		0.9	nichenet_prior	NicheNet	nichenet_verschueren	nichenet_verschueren					
ADAM15	ITGB1		0.9	nichenet_prior	NicheNet	nichenet_verschueren	nichenet_verschueren					
ADAM15	ITGB3		0.9	nichenet_prior	NicheNet	nichenet_verschueren	nichenet_verschueren					
ADAM17	MUC1		0.9	nichenet_prior	NicheNet	omnipath	omnipath					
ADAM17	NOTCH1		0.9	nichenet_prior	NicheNet	omnipath	omnipath					
ADAM17	ITGB1		0.9	nichenet_prior	NicheNet	omnipath	omnipath					
ADAM17	IL6R		0.9	nichenet_prior	NicheNet	omnipath	omnipath					
ADAM17	ERBB4		0.9	nichenet_prior	NicheNet	omnipath	omnipath					
ADAM17	ITGA5		0.9	nichenet_prior	NicheNet	omnipath	omnipath					
ADAM17	NOTCH4		0.9	nichenet_prior	NicheNet	omnipath	omnipath					
ADAM17	NOTCH3		0.9	nichenet_prior	NicheNet	omnipath	omnipath					
ADAM17	NOTCH2		0.9	nichenet_prior	NicheNet	omnipath	omnipath					
ADAM2	ITGB1		0.9	nichenet_prior	NicheNet	omnipath	omnipath					
ADAM2	CD9		0.9	nichenet_prior	NicheNet	omnipath	omnipath					
ADAM2	ITGA6		0.9	nichenet_prior	NicheNet	omnipath	omnipath					
ADAM2	ITGB7		0.9	nichenet_prior	NicheNet	omnipath	omnipath					
ADAM2	ITGA9		0.9	nichenet_prior	NicheNet	omnipath	omnipath					
ADAM20	IL1RAPL2		0.9	nichenet_prior	NicheNet	omnipath	omnipath					
ADAM20	IL1RAPL1		0.9	nichenet_prior	NicheNet	omnipath	omnipath					
ADAM21	FLT4		0.9	nichenet_prior	NicheNet	nichenet_verschueren	nichenet_verschueren					
ADAM21	CLEC12B		0.9	nichenet_prior	NicheNet	omnipath	omnipath					
ADAM21	IGSF21		0.9	nichenet_prior	NicheNet	omnipath	omnipath					
ADAM23	ITGA5		0.9	nichenet_prior	NicheNet	nichenet_verschueren	nichenet_verschueren					
ADAM23	ITGB3		0.9	nichenet_prior	NicheNet	nichenet_verschueren	nichenet_verschueren					
ADAM28	ITGA4		0.9	nichenet_prior	NicheNet	omnipath	omnipath					
ADAM29	ITGA4		0.9	nichenet_prior	NicheNet	omnipath	omnipath					
ADAM7	ITGA4		0.9	nichenet_prior	NicheNet	omnipath	omnipath					
ADAM7	ITGB7		0.9	nichenet_prior	NicheNet	omnipath	omnipath					
ADAM9	ITGA6		0.9	nichenet_prior	NicheNet	nichenet_verschueren	nichenet_verschueren					
ADAM9	ITGAV		0.9	nichenet_prior	NicheNet	nichenet_verschueren	nichenet_verschueren					
ADAM9	ITGB1		0.9	nichenet_prior	NicheNet	nichenet_verschueren	nichenet_verschueren					
ADAM9	ITGB5		0.9	nichenet_prior	NicheNet	nichenet_verschueren	nichenet_verschueren					
ADAMTS3	CCBE1		0.9	nichenet_prior	NicheNet	omnipath	omnipath					
ADCYAP1	VIPR1		0.9	nichenet_prior	NicheNet	omnipath	omnipath					
ADCYAP1	VIPR2		0.9	nichenet_prior	NicheNet	omnipath	omnipath					
ADCYAP1	SCTR		0.9	nichenet_prior	NicheNet	omnipath	omnipath					
ADGRB1	RTN4R		0.9	nichenet_prior	NicheNet	omnipath	omnipath					
ADGRE5	CD55		0.9	nichenet_prior	NicheNet	omnipath	omnipath					
ADGRF5	TREML2		0.9	nichenet_prior	NicheNet	nichenet_verschueren	nichenet_verschueren					
ADIPOQ	GPR42		0.9	nichenet_prior	NicheNet	omnipath	omnipath					
ADIPOQ	CNR2		0.9	nichenet_prior	NicheNet	omnipath	omnipath					
ADM	MRGPRX3		0.9	nichenet_prior	NicheNet	nichenet_verschueren	nichenet_verschueren					
ADM	MRGPRX4		0.9	nichenet_prior	NicheNet	nichenet_verschueren	nichenet_verschueren					
ADM	RAMP2		0.9	nichenet_prior	NicheNet	omnipath	omnipath					
ADM	RAMP3		0.9	nichenet_prior	NicheNet	omnipath	omnipath					
ADM	RAMP1		0.9	nichenet_prior	NicheNet	omnipath	omnipath					
ADM	MRGPRX2		0.9	nichenet_prior	NicheNet	omnipath	omnipath					
ADM	GPR182		0.9	nichenet_prior	NicheNet	omnipath	omnipath					
ADM2	CALCRL		0.9	nichenet_prior	NicheNet	omnipath	omnipath					
ADM2	RAMP2		0.9	nichenet_prior	NicheNet	omnipath	omnipath					
ADM2	RAMP3		0.9	nichenet_prior	NicheNet	omnipath	omnipath					
ADM2	CALCR		0.9	nichenet_prior	NicheNet	omnipath	omnipath					
ADM2	RAMP1		0.9	nichenet_prior	NicheNet	omnipath	omnipath					
ADM2	ADCYAP1R1		0.9	nichenet_prior	NicheNet	omnipath	omnipath					
ADM2	TSHR		0.9	nichenet_prior	NicheNet	omnipath	omnipath					
ADM2	GPR84		0.9	nichenet_prior	NicheNet	omnipath	omnipath					
ADM2	ADRB2		0.9	nichenet_prior	NicheNet	omnipath	omnipath					
ADM2	PTH1R		0.9	nichenet_prior	NicheNet	omnipath	omnipath					
ADM2	VIPR1		0.9	nichenet_prior	NicheNet	omnipath	omnipath					
ADM2	ADRB3		0.9	nichenet_prior	NicheNet	omnipath	omnipath					
ADM2	GPR20		0.9	nichenet_prior	NicheNet	omnipath	omnipath					
AGRN	MUSK		0.9	nichenet_prior	NicheNet	omnipath	omnipath					
AGRN	CHRNB3		0.9	nichenet_prior	NicheNet	omnipath	omnipath					
AGRN	ITGB1		0.9	nichenet_prior	NicheNet	omnipath	omnipath					
AGRN	ATP1A3		0.9	nichenet_prior	NicheNet	omnipath	omnipath					
AGRN	LRP1		0.9	nichenet_prior	NicheNet	omnipath	omnipath					
AGRN	LRP2		0.9	nichenet_prior	NicheNet	omnipath	omnipath					
AGRN	LRP4		0.9	nichenet_prior	NicheNet	omnipath	omnipath					
AGRP	MC3R		0.9	nichenet_prior	NicheNet	omnipath	omnipath					
AGRP	MC4R		0.9	nichenet_prior	NicheNet	omnipath	omnipath					
AGRP	MC5R		0.9	nichenet_prior	NicheNet	omnipath	omnipath					
AGRP	SDC3		0.9	nichenet_prior	NicheNet	omnipath	omnipath					
AGT	REN		0.9	nichenet_prior	NicheNet	omnipath	omnipath					
AGT	LRP2		0.9	nichenet_prior	NicheNet	omnipath	omnipath					
AHSG	INSR		0.9	nichenet_prior	NicheNet	omnipath	omnipath					
AIMP1	NTRK1		0.9	nichenet_prior	NicheNet	omnipath	omnipath					
ALB	LRP2		0.9	nichenet_prior	NicheNet	omnipath	omnipath					
ALCAM	ALCAM		0.9	nichenet_prior	NicheNet	nichenet_verschueren	nichenet_verschueren					
ALCAM	CD6		0.9	nichenet_prior	NicheNet	omnipath	omnipath					
ALCAM	CHL1		0.9	nichenet_prior	NicheNet	omnipath	omnipath					
ALCAM	NRP1		0.9	nichenet_prior	NicheNet	omnipath	omnipath					
ALKAL1	ALK		0.9	nichenet_prior	NicheNet	omnipath	omnipath					
ALKAL1	LTK		0.9	nichenet_prior	NicheNet	omnipath	omnipath					
ALKAL2	ALK		0.9	nichenet_prior	NicheNet	omnipath	omnipath					
ALKAL2	LTK		0.9	nichenet_prior	NicheNet	omnipath	omnipath					
ALOX5AP	ALOX5		0.9	nichenet_prior	NicheNet	nichenet_verschueren	nichenet_verschueren					
AMBN	CD63		0.9	nichenet_prior	NicheNet	omnipath	omnipath					
AMELX	LAMP1		0.9	nichenet_prior	NicheNet	omnipath	omnipath					
AMELX	CD63		0.9	nichenet_prior	NicheNet	omnipath	omnipath					
AMELX	LAMP2		0.9	nichenet_prior	NicheNet	omnipath	omnipath					
AMELY	CD63		0.9	nichenet_prior	NicheNet	omnipath	omnipath					
AMELY	LAMP1		0.9	nichenet_prior	NicheNet	omnipath	omnipath					
AMELY	LAMP2		0.9	nichenet_prior	NicheNet	omnipath	omnipath					
AMH	AMHR2		0.9	nichenet_prior	NicheNet	omnipath	omnipath					
AMH	ACVR1		0.9	nichenet_prior	NicheNet	omnipath	omnipath					
AMH	EGFR		0.9	nichenet_prior	NicheNet	omnipath	omnipath					
AMH	GREM2		0.9	nichenet_prior	NicheNet	omnipath	omnipath					
AMH	BMPR1A		0.9	nichenet_prior	NicheNet	omnipath	omnipath					
AMH	BMPR1B		0.9	nichenet_prior	NicheNet	omnipath	omnipath					
ANG	EGFR		0.9	nichenet_prior	NicheNet	omnipath	omnipath					
ANG	PLXNB2		0.9	nichenet_prior	NicheNet	omnipath	omnipath					
ANGPT1	TIE1		0.9	nichenet_prior	NicheNet	omnipath	omnipath					
ANGPT1	ITGA5		0.9	nichenet_prior	NicheNet	omnipath	omnipath					
ANGPT1	ITGB1		0.9	nichenet_prior	NicheNet	omnipath	omnipath					
ANGPT2	TIE1		0.9	nichenet_prior	NicheNet	omnipath	omnipath					
ANGPT2	ITGA5		0.9	nichenet_prior	NicheNet	omnipath	omnipath					
ANGPT2	ITGB1		0.9	nichenet_prior	NicheNet	omnipath	omnipath					
ANGPT4	TEK		0.9	nichenet_prior	NicheNet	omnipath	omnipath					
ANGPT4	TIE1		0.9	nichenet_prior	NicheNet	omnipath	omnipath					
ANGPTL1	TEK		0.9	nichenet_prior	NicheNet	omnipath	omnipath					
ANGPTL1	LILRB2		0.9	nichenet_prior	NicheNet	omnipath	omnipath					
ANGPTL1	ITGA1		0.9	nichenet_prior	NicheNet	omnipath	omnipath					
ANGPTL1	ITGB1		0.9	nichenet_prior	NicheNet	omnipath	omnipath					
ANGPTL2	LILRB2		0.9	nichenet_prior	NicheNet	omnipath	omnipath					
ANGPTL2	TIE1		0.9	nichenet_prior	NicheNet	omnipath	omnipath					
ANGPTL2	ITGA5		0.9	nichenet_prior	NicheNet	omnipath	omnipath					
ANGPTL2	ITGB1		0.9	nichenet_prior	NicheNet	omnipath	omnipath					
ANGPTL3	ITGB3		0.9	nichenet_prior	NicheNet	omnipath	omnipath					
ANGPTL3	ITGAV		0.9	nichenet_prior	NicheNet	omnipath	omnipath					
ANGPTL3	ITGA5		0.9	nichenet_prior	NicheNet	omnipath	omnipath					
ANGPTL3	LPL		0.9	nichenet_prior	NicheNet	omnipath	omnipath					
ANGPTL4	GPIHBP1		0.9	nichenet_prior	NicheNet	omnipath	omnipath					
ANGPTL4	TIE1		0.9	nichenet_prior	NicheNet	omnipath	omnipath					
ANGPTL4	LPL		0.9	nichenet_prior	NicheNet	omnipath	omnipath					
ANGPTL4	ITGA5		0.9	nichenet_prior	NicheNet	omnipath	omnipath					
ANGPTL4	ITGB1		0.9	nichenet_prior	NicheNet	omnipath	omnipath					
ANGPTL4	ITGAV		0.9	nichenet_prior	NicheNet	omnipath	omnipath					
ANGPTL4	ITGB3		0.9	nichenet_prior	NicheNet	omnipath	omnipath					
ANGPTL5	TEK		0.9	nichenet_prior	NicheNet	omnipath	omnipath					
ANGPTL6	TEK		0.9	nichenet_prior	NicheNet	omnipath	omnipath					
ANGPTL7	LILRB2		0.9	nichenet_prior	NicheNet	omnipath	omnipath					
ANOS1	SDC2		0.9	nichenet_prior	NicheNet	omnipath	omnipath					
ANOS1	FGFR1		0.9	nichenet_prior	NicheNet	omnipath	omnipath					
ANPEP	SELE		0.9	nichenet_prior	NicheNet	omnipath	omnipath					
ANTXR1	TREML2		0.9	nichenet_prior	NicheNet	nichenet_verschueren	nichenet_verschueren					
ANXA1	EGFR		0.9	nichenet_prior	NicheNet	omnipath	omnipath					
ANXA1	DYSF		0.9	nichenet_prior	NicheNet	omnipath	omnipath					
ANXA2	ROBO4		0.9	nichenet_prior	NicheNet	omnipath	omnipath					
ANXA2	TLR2		0.9	nichenet_prior	NicheNet	omnipath	omnipath					
ANXA2	DYSF		0.9	nichenet_prior	NicheNet	omnipath	omnipath					
ANXA2	EGFR		0.9	nichenet_prior	NicheNet	omnipath	omnipath					
ANXA2	PLAT		0.9	nichenet_prior	NicheNet	omnipath	omnipath					
APLN	GRM7		0.9	nichenet_prior	NicheNet	omnipath	omnipath					
APOA1	LRP2		0.9	nichenet_prior	NicheNet	omnipath	omnipath					
APOA1	LDLR		0.9	nichenet_prior	NicheNet	omnipath	omnipath					
APOA1	LRP1		0.9	nichenet_prior	NicheNet	omnipath	omnipath					
APOA2	LDLR		0.9	nichenet_prior	NicheNet	omnipath	omnipath					
APOA2	LRP1		0.9	nichenet_prior	NicheNet	omnipath	omnipath					
APOA2	LRP2		0.9	nichenet_prior	NicheNet	omnipath	omnipath					
APOA4	LDLR		0.9	nichenet_prior	NicheNet	omnipath	omnipath					
APOA4	LRP1		0.9	nichenet_prior	NicheNet	omnipath	omnipath					
APOA4	LRP2		0.9	nichenet_prior	NicheNet	omnipath	omnipath					
APOA5	LPL		0.9	nichenet_prior	NicheNet	omnipath	omnipath					
APOB	LDLR		0.9	nichenet_prior	NicheNet	omnipath	omnipath					
APOB	ITGAM		0.9	nichenet_prior	NicheNet	omnipath	omnipath					
APOB	OLR1		0.9	nichenet_prior	NicheNet	omnipath	omnipath					
APOB	LRP2		0.9	nichenet_prior	NicheNet	omnipath	omnipath					
APOB	VLDLR		0.9	nichenet_prior	NicheNet	omnipath	omnipath					
APOB	CALCR		0.9	nichenet_prior	NicheNet	omnipath	omnipath					
APOB	LSR		0.9	nichenet_prior	NicheNet	omnipath	omnipath					
APOB	ADRB2		0.9	nichenet_prior	NicheNet	omnipath	omnipath					
APOB	TLR6		0.9	nichenet_prior	NicheNet	omnipath	omnipath					
APOB	LRP1		0.9	nichenet_prior	NicheNet	omnipath	omnipath					
APOB	ITGB2		0.9	nichenet_prior	NicheNet	omnipath	omnipath					
APOB	TLR4		0.9	nichenet_prior	NicheNet	omnipath	omnipath					
APOB	LRP8		0.9	nichenet_prior	NicheNet	omnipath	omnipath					
APOB	TREM2		0.9	nichenet_prior	NicheNet	omnipath	omnipath					
APOC1	VLDLR		0.9	nichenet_prior	NicheNet	omnipath	omnipath					
APOC2	LDLR		0.9	nichenet_prior	NicheNet	omnipath	omnipath					
APOC2	LRP1		0.9	nichenet_prior	NicheNet	omnipath	omnipath					
APOC2	LRP2		0.9	nichenet_prior	NicheNet	omnipath	omnipath					
APOC2	LPL		0.9	nichenet_prior	NicheNet	omnipath	omnipath					
APOC3	LRP2		0.9	nichenet_prior	NicheNet	omnipath	omnipath					
APOC3	LDLR		0.9	nichenet_prior	NicheNet	omnipath	omnipath					
APOC3	LRP1		0.9	nichenet_prior	NicheNet	omnipath	omnipath					
APOC3	SDC2		0.9	nichenet_prior	NicheNet	omnipath	omnipath					
APOC3	TLR2		0.9	nichenet_prior	NicheNet	omnipath	omnipath					
APOC4	VLDLR		0.9	nichenet_prior	NicheNet	omnipath	omnipath					
APOD	LEPR		0.9	nichenet_prior	NicheNet	omnipath	omnipath					
APOE	VLDLR		0.9	nichenet_prior	NicheNet	omnipath	omnipath					
APOE	SORL1		0.9	nichenet_prior	NicheNet	omnipath	omnipath					
APOE	LRP2		0.9	nichenet_prior	NicheNet	omnipath	omnipath					
APOE	LDLR		0.9	nichenet_prior	NicheNet	omnipath	omnipath					
APOE	LRP5		0.9	nichenet_prior	NicheNet	omnipath	omnipath					
APOE	TREM2		0.9	nichenet_prior	NicheNet	omnipath	omnipath					
APOE	SCARB1		0.9	nichenet_prior	NicheNet	omnipath	omnipath					
APOE	LRP8		0.9	nichenet_prior	NicheNet	omnipath	omnipath					
APOE	LRP1		0.9	nichenet_prior	NicheNet	omnipath	omnipath					
APOE	APP		0.9	nichenet_prior	NicheNet	omnipath	omnipath					
APOO	IL1RAPL2		0.9	nichenet_prior	NicheNet	omnipath	omnipath					
APOO	IL1RAPL1		0.9	nichenet_prior	NicheNet	omnipath	omnipath					
APP	FLT1		0.9	nichenet_prior	NicheNet	nichenet_verschueren	nichenet_verschueren					
APP	BACE1		0.9	nichenet_prior	NicheNet	omnipath	omnipath					
APP	FPR2		0.9	nichenet_prior	NicheNet	omnipath	omnipath					
APP	NCSTN		0.9	nichenet_prior	NicheNet	omnipath	omnipath					
APP	NGFR		0.9	nichenet_prior	NicheNet	omnipath	omnipath					
APP	LRP1		0.9	nichenet_prior	NicheNet	omnipath	omnipath					
APP	GPC1		0.9	nichenet_prior	NicheNet	omnipath	omnipath					
AREG	ERBB2		0.9	nichenet_prior	NicheNet	omnipath	omnipath					
AREG	ERBB3		0.9	nichenet_prior	NicheNet	omnipath	omnipath					
AREG	MMP9		0.9	nichenet_prior	NicheNet	omnipath	omnipath					
ARF1	PLD2		0.9	nichenet_prior	NicheNet	nichenet_verschueren	nichenet_verschueren					
ARMH4	TNFRSF11B		0.9	nichenet_prior	NicheNet	nichenet_verschueren	nichenet_verschueren					
ARTN	GFRA3		0.9	nichenet_prior	NicheNet	omnipath	omnipath					
ARTN	GFRA2		0.9	nichenet_prior	NicheNet	omnipath	omnipath					
ARTN	GFRA1		0.9	nichenet_prior	NicheNet	omnipath	omnipath					
ARTN	RET		0.9	nichenet_prior	NicheNet	omnipath	omnipath					
ARTN	NCAM1		0.9	nichenet_prior	NicheNet	omnipath	omnipath					
ASIP	MGRN1		0.9	nichenet_prior	NicheNet	nichenet_verschueren	nichenet_verschueren					
ASIP	ATRN		0.9	nichenet_prior	NicheNet	omnipath	omnipath					
ASIP	MC1R		0.9	nichenet_prior	NicheNet	omnipath	omnipath					
ASIP	MC3R		0.9	nichenet_prior	NicheNet	omnipath	omnipath					
ASIP	MC4R		0.9	nichenet_prior	NicheNet	omnipath	omnipath					
ASIP	MC5R		0.9	nichenet_prior	NicheNet	omnipath	omnipath					
ASIP	MC2R		0.9	nichenet_prior	NicheNet	omnipath	omnipath					
ASIP	F11R		0.9	nichenet_prior	NicheNet	omnipath	omnipath					
ATP1B1	NEGR1		0.9	nichenet_prior	NicheNet	omnipath	omnipath					
AVP	OXTR		0.9	nichenet_prior	NicheNet	omnipath	omnipath					
AVP	AQP2		0.9	nichenet_prior	NicheNet	omnipath	omnipath					
AZGP1	ITGAV		0.9	nichenet_prior	NicheNet	omnipath	omnipath					
B2M	TAP1		0.9	nichenet_prior	NicheNet	omnipath	omnipath					
B2M	TAP2		0.9	nichenet_prior	NicheNet	omnipath	omnipath					
B2M	CD1A		0.9	nichenet_prior	NicheNet	omnipath	omnipath					
B2M	LILRB1		0.9	nichenet_prior	NicheNet	omnipath	omnipath					
B2M	CD1B		0.9	nichenet_prior	NicheNet	omnipath	omnipath					
B2M	KLRD1		0.9	nichenet_prior	NicheNet	omnipath	omnipath					
B2M	KLRC1		0.9	nichenet_prior	NicheNet	omnipath	omnipath					
BACE1	APP		0.9	nichenet_prior	NicheNet	omnipath	omnipath					
BACE1	SELPLG		0.9	nichenet_prior	NicheNet	omnipath	omnipath					
BACE2	APP		0.9	nichenet_prior	NicheNet	omnipath	omnipath					
BCAN	NRCAM		0.9	nichenet_prior	NicheNet	omnipath	omnipath					
BCAN	EGFR		0.9	nichenet_prior	NicheNet	omnipath	omnipath					
BDNF	DRD4		0.9	nichenet_prior	NicheNet	omnipath	omnipath					
BDNF	ERBB2		0.9	nichenet_prior	NicheNet	omnipath	omnipath					
BGN	TLR4		0.9	nichenet_prior	NicheNet	omnipath	omnipath					
BGN	TLR1		0.9	nichenet_prior	NicheNet	omnipath	omnipath					
BGN	TLR2		0.9	nichenet_prior	NicheNet	omnipath	omnipath					
BGN	FGFR3		0.9	nichenet_prior	NicheNet	omnipath	omnipath					
BMP1	BMPR2		0.9	nichenet_prior	NicheNet	omnipath	omnipath					
BMP1	BMPR1A		0.9	nichenet_prior	NicheNet	omnipath	omnipath					
BMP1	BMPR1B		0.9	nichenet_prior	NicheNet	omnipath	omnipath					
BMP10	ACVR2B		0.9	nichenet_prior	NicheNet	nichenet_verschueren	nichenet_verschueren					
BMP10	BMPR1B		0.9	nichenet_prior	NicheNet	omnipath	omnipath					
BMP10	BMPR1A		0.9	nichenet_prior	NicheNet	omnipath	omnipath					
BMP10	ACVR1		0.9	nichenet_prior	NicheNet	omnipath	omnipath					
BMP10	ENG		0.9	nichenet_prior	NicheNet	omnipath	omnipath					
BMP10	ACVR2A		0.9	nichenet_prior	NicheNet	omnipath	omnipath					
BMP10	ACVRL1		0.9	nichenet_prior	NicheNet	omnipath	omnipath					
BMP10	BMPR2		0.9	nichenet_prior	NicheNet	omnipath	omnipath					
BMP15	ACVR1		0.9	nichenet_prior	NicheNet	nichenet_verschueren	nichenet_verschueren					
BMP15	BMPR2		0.9	nichenet_prior	NicheNet	omnipath	omnipath					
BMP15	BMPR1A		0.9	nichenet_prior	NicheNet	omnipath	omnipath					
BMP15	BMPR1B		0.9	nichenet_prior	NicheNet	omnipath	omnipath					
BMP15	ACVR2A		0.9	nichenet_prior	NicheNet	omnipath	omnipath					
BMP15	ACVR2B		0.9	nichenet_prior	NicheNet	omnipath	omnipath					
BMP15	TGFBR1		0.9	nichenet_prior	NicheNet	omnipath	omnipath					
BMP2	BMPR2		0.9	nichenet_prior	NicheNet	omnipath	omnipath					
BMP2	ACVR2B		0.9	nichenet_prior	NicheNet	omnipath	omnipath					
BMP2	BMPR1B		0.9	nichenet_prior	NicheNet	omnipath	omnipath					
BMP2	ACVR2A		0.9	nichenet_prior	NicheNet	omnipath	omnipath					
BMP2	BMPR1A		0.9	nichenet_prior	NicheNet	omnipath	omnipath					
BMP2	ACVR1		0.9	nichenet_prior	NicheNet	omnipath	omnipath					
BMP2	HJV		0.9	nichenet_prior	NicheNet	omnipath	omnipath					
BMP2	ENG		0.9	nichenet_prior	NicheNet	omnipath	omnipath					
BMP3	ACVR1		0.9	nichenet_prior	NicheNet	nichenet_verschueren	nichenet_verschueren					
BMP3	ACVR2B		0.9	nichenet_prior	NicheNet	omnipath	omnipath					
BMP3	BMPR2		0.9	nichenet_prior	NicheNet	omnipath	omnipath					
BMP3	BMPR1A		0.9	nichenet_prior	NicheNet	omnipath	omnipath					
BMP3	BMPR1B		0.9	nichenet_prior	NicheNet	omnipath	omnipath					
BMP3	ACVR2A		0.9	nichenet_prior	NicheNet	omnipath	omnipath					
BMP3	ACVR1B		0.9	nichenet_prior	NicheNet	omnipath	omnipath					
BMP4	ACVR1		0.9	nichenet_prior	NicheNet	nichenet_verschueren	nichenet_verschueren					
BMP4	BMPR2		0.9	nichenet_prior	NicheNet	omnipath	omnipath					
BMP4	BMPR1B		0.9	nichenet_prior	NicheNet	omnipath	omnipath					
BMP4	BMPR1A		0.9	nichenet_prior	NicheNet	omnipath	omnipath					
BMP4	GREM2		0.9	nichenet_prior	NicheNet	omnipath	omnipath					
BMP4	ACVR2A		0.9	nichenet_prior	NicheNet	omnipath	omnipath					
BMP4	ACVR2B		0.9	nichenet_prior	NicheNet	omnipath	omnipath					
BMP5	HJV		0.9	nichenet_prior	NicheNet	omnipath	omnipath					
BMP5	PTPRD		0.9	nichenet_prior	NicheNet	omnipath	omnipath					
BMP5	ACVR1		0.9	nichenet_prior	NicheNet	omnipath	omnipath					
BMP5	BMPR1A		0.9	nichenet_prior	NicheNet	omnipath	omnipath					
BMP5	BMPR2		0.9	nichenet_prior	NicheNet	omnipath	omnipath					
BMP5	ACVR2A		0.9	nichenet_prior	NicheNet	omnipath	omnipath					
BMP5	BMPR1B		0.9	nichenet_prior	NicheNet	omnipath	omnipath					
BMP5	ACVR2B		0.9	nichenet_prior	NicheNet	omnipath	omnipath					
BMP6	BMPR2		0.9	nichenet_prior	NicheNet	omnipath	omnipath					
BMP6	AMHR2		0.9	nichenet_prior	NicheNet	omnipath	omnipath					
BMP6	BMPR1B		0.9	nichenet_prior	NicheNet	omnipath	omnipath					
BMP6	BMPR1A		0.9	nichenet_prior	NicheNet	omnipath	omnipath					
BMP6	HJV		0.9	nichenet_prior	NicheNet	omnipath	omnipath					
BMP6	ACVR1		0.9	nichenet_prior	NicheNet	omnipath	omnipath					
BMP6	ACVR2A		0.9	nichenet_prior	NicheNet	omnipath	omnipath					
BMP6	ACVR2B		0.9	nichenet_prior	NicheNet	omnipath	omnipath					
BMP7	ACVR2B		0.9	nichenet_prior	NicheNet	omnipath	omnipath					
BMP7	BMPR2		0.9	nichenet_prior	NicheNet	omnipath	omnipath					
BMP7	ACVR2A		0.9	nichenet_prior	NicheNet	omnipath	omnipath					
BMP7	BMPR1A		0.9	nichenet_prior	NicheNet	omnipath	omnipath					
BMP7	ACVR1		0.9	nichenet_prior	NicheNet	omnipath	omnipath					
BMP7	ENG		0.9	nichenet_prior	NicheNet	omnipath	omnipath					
BMP7	BMPR1B		0.9	nichenet_prior	NicheNet	omnipath	omnipath					
BMP8A	TGFBR1		0.9	nichenet_prior	NicheNet	omnipath	omnipath					
BMP8A	TGFBR2		0.9	nichenet_prior	NicheNet	omnipath	omnipath					
BMP8A	ACVR1		0.9	nichenet_prior	NicheNet	omnipath	omnipath					
BMP8A	BMPR1A		0.9	nichenet_prior	NicheNet	omnipath	omnipath					
BMP8A	BMPR2		0.9	nichenet_prior	NicheNet	omnipath	omnipath					
BMP8A	ACVR2A		0.9	nichenet_prior	NicheNet	omnipath	omnipath					
BMP8A	BMPR1B		0.9	nichenet_prior	NicheNet	omnipath	omnipath					
BMP8A	ACVR2B		0.9	nichenet_prior	NicheNet	omnipath	omnipath					
BMP8B	PLAUR		0.9	nichenet_prior	NicheNet	omnipath	omnipath					
BMP8B	ACVR1		0.9	nichenet_prior	NicheNet	omnipath	omnipath					
BMP8B	BMPR1A		0.9	nichenet_prior	NicheNet	omnipath	omnipath					
BMP8B	BMPR2		0.9	nichenet_prior	NicheNet	omnipath	omnipath					
BMP8B	ACVR2A		0.9	nichenet_prior	NicheNet	omnipath	omnipath					
BMP8B	ACVR2B		0.9	nichenet_prior	NicheNet	omnipath	omnipath					
BMP8B	BMPR1B		0.9	nichenet_prior	NicheNet	omnipath	omnipath					
BOC	LILRA6		0.9	nichenet_prior	NicheNet	omnipath	omnipath					
BOC	PTCH1		0.9	nichenet_prior	NicheNet	omnipath	omnipath					
BOC	SMO		0.9	nichenet_prior	NicheNet	omnipath	omnipath					
BOC	PTCH2		0.9	nichenet_prior	NicheNet	omnipath	omnipath					
BPI	SLAMF9		0.9	nichenet_prior	NicheNet	omnipath	omnipath					
BST2	LILRA4		0.9	nichenet_prior	NicheNet	omnipath	omnipath					
BTC	ERBB3		0.9	nichenet_prior	NicheNet	omnipath	omnipath					
BTC	ERBB2		0.9	nichenet_prior	NicheNet	omnipath	omnipath					
BTLA	VTCN1		0.9	nichenet_prior	NicheNet	omnipath	omnipath					
BTLA	CD247		0.9	nichenet_prior	NicheNet	omnipath	omnipath					
BTLA	CD79A		0.9	nichenet_prior	NicheNet	omnipath	omnipath					
BTLA	CD276		0.9	nichenet_prior	NicheNet	omnipath	omnipath					
BTN1A1	NEGR1		0.9	nichenet_prior	NicheNet	omnipath	omnipath					
BTN1A1	JAML		0.9	nichenet_prior	NicheNet	omnipath	omnipath					
BTN1A1	TARM1		0.9	nichenet_prior	NicheNet	omnipath	omnipath					
BTN2A1	FAM187B		0.9	nichenet_prior	NicheNet	omnipath	omnipath					
BTNL8	SIGLEC6		0.9	nichenet_prior	NicheNet	omnipath	omnipath					
BTNL8	LILRB3		0.9	nichenet_prior	NicheNet	omnipath	omnipath					
BTNL8	LILRA3		0.9	nichenet_prior	NicheNet	omnipath	omnipath					
BTNL8	LILRB1		0.9	nichenet_prior	NicheNet	omnipath	omnipath					
BTNL8	LILRB2		0.9	nichenet_prior	NicheNet	omnipath	omnipath					
BTNL8	GP6		0.9	nichenet_prior	NicheNet	omnipath	omnipath					
BTNL8	LILRA1		0.9	nichenet_prior	NicheNet	omnipath	omnipath					
BTNL9	IL6R		0.9	nichenet_prior	NicheNet	nichenet_verschueren	nichenet_verschueren					
BTNL9	LRFN5		0.9	nichenet_prior	NicheNet	omnipath	omnipath					
C10orf99	GPR15		0.9	nichenet_prior	NicheNet	omnipath	omnipath					
C1QA	CD93		0.9	nichenet_prior	NicheNet	omnipath	omnipath					
C1QA	CSPG4		0.9	nichenet_prior	NicheNet	omnipath	omnipath					
C1QA	CR1		0.9	nichenet_prior	NicheNet	omnipath	omnipath					
C1QA	CD33		0.9	nichenet_prior	NicheNet	omnipath	omnipath					
C1QB	LRP1		0.9	nichenet_prior	NicheNet	omnipath	omnipath					
C1QB	CD33		0.9	nichenet_prior	NicheNet	omnipath	omnipath					
C1QTNF1	AVPR2		0.9	nichenet_prior	NicheNet	omnipath	omnipath					
C1QTNF5	MFRP		0.9	nichenet_prior	NicheNet	omnipath	omnipath					
C3	ITGAM		0.9	nichenet_prior	NicheNet	omnipath	omnipath					
C3	CD19		0.9	nichenet_prior	NicheNet	omnipath	omnipath					
C3	CD46		0.9	nichenet_prior	NicheNet	omnipath	omnipath					
C3	C5AR2		0.9	nichenet_prior	NicheNet	omnipath	omnipath					
C3	ITGAX		0.9	nichenet_prior	NicheNet	omnipath	omnipath					
C3	CR1		0.9	nichenet_prior	NicheNet	omnipath	omnipath					
C3	ITGB2		0.9	nichenet_prior	NicheNet	omnipath	omnipath					
C3	LRP1		0.9	nichenet_prior	NicheNet	omnipath	omnipath					
C3	VSIG4		0.9	nichenet_prior	NicheNet	omnipath	omnipath					
C4A	C5AR2		0.9	nichenet_prior	NicheNet	omnipath	omnipath					
C4A	CR1		0.9	nichenet_prior	NicheNet	omnipath	omnipath					
C4A	NRP1		0.9	nichenet_prior	NicheNet	omnipath	omnipath					
C4A	CD46		0.9	nichenet_prior	NicheNet	omnipath	omnipath					
C4B_2	CD46		0.9	nichenet_prior	NicheNet	omnipath	omnipath					
C4B_2	CR1		0.9	nichenet_prior	NicheNet	omnipath	omnipath					
C4BPA	BMPR2		0.9	nichenet_prior	NicheNet	omnipath	omnipath					
C4BPA	CD40		0.9	nichenet_prior	NicheNet	omnipath	omnipath					
C4BPA	LRP1		0.9	nichenet_prior	NicheNet	omnipath	omnipath					
C5	C5AR2		0.9	nichenet_prior	NicheNet	omnipath	omnipath					
C6orf15	DDR1		0.9	nichenet_prior	NicheNet	omnipath	omnipath					
CA12	SIGLEC6		0.9	nichenet_prior	NicheNet	omnipath	omnipath					
CADM1	CADM3		0.9	nichenet_prior	NicheNet	omnipath	omnipath					
CADM1	ERBB3		0.9	nichenet_prior	NicheNet	omnipath	omnipath					
CADM2	CADM3		0.9	nichenet_prior	NicheNet	nichenet_verschueren	nichenet_verschueren					
CADM2	CADM4		0.9	nichenet_prior	NicheNet	nichenet_verschueren	nichenet_verschueren					
CADM2	CADM1		0.9	nichenet_prior	NicheNet	omnipath	omnipath					
CADM3	IL2RG		0.9	nichenet_prior	NicheNet	nichenet_verschueren	nichenet_verschueren					
CADM3	PRLR		0.9	nichenet_prior	NicheNet	nichenet_verschueren	nichenet_verschueren					
CADM3	LRCH4		0.9	nichenet_prior	NicheNet	nichenet_verschueren	nichenet_verschueren					
CADM3	CFAP54		0.9	nichenet_prior	NicheNet	nichenet_verschueren	nichenet_verschueren					
CADM3	NECTIN1		0.9	nichenet_prior	NicheNet	omnipath	omnipath					
CADM3	CADM2		0.9	nichenet_prior	NicheNet	omnipath	omnipath					
CADM3	PEAR1		0.9	nichenet_prior	NicheNet	omnipath	omnipath					
CADM4	MAG		0.9	nichenet_prior	NicheNet	omnipath	omnipath					
CADM4	ERBB3		0.9	nichenet_prior	NicheNet	omnipath	omnipath					
CADM4	CADM3		0.9	nichenet_prior	NicheNet	omnipath	omnipath					
CADM4	SDK2		0.9	nichenet_prior	NicheNet	omnipath	omnipath					
CADM4	CADM2		0.9	nichenet_prior	NicheNet	omnipath	omnipath					
CALCA	RAMP2		0.9	nichenet_prior	NicheNet	omnipath	omnipath					
CALCA	RAMP3		0.9	nichenet_prior	NicheNet	omnipath	omnipath					
CALCA	RAMP1		0.9	nichenet_prior	NicheNet	omnipath	omnipath					
CALCB	RAMP2		0.9	nichenet_prior	NicheNet	omnipath	omnipath					
CALCB	RAMP3		0.9	nichenet_prior	NicheNet	omnipath	omnipath					
CALCB	RAMP1		0.9	nichenet_prior	NicheNet	omnipath	omnipath					
CALM1	CNGA2		0.9	nichenet_prior	NicheNet	nichenet_verschueren	nichenet_verschueren					
CALM1	KCNH1		0.9	nichenet_prior	NicheNet	nichenet_verschueren	nichenet_verschueren					
CALM1	MYLK		0.9	nichenet_prior	NicheNet	nichenet_verschueren	nichenet_verschueren					
CALM1	MYLK2		0.9	nichenet_prior	NicheNet	nichenet_verschueren	nichenet_verschueren					
CALM1	PDE1A		0.9	nichenet_prior	NicheNet	nichenet_verschueren	nichenet_verschueren					
CALM1	PDE1B		0.9	nichenet_prior	NicheNet	nichenet_verschueren	nichenet_verschueren					
CALM1	PDE1C		0.9	nichenet_prior	NicheNet	nichenet_verschueren	nichenet_verschueren					
CALM2	CNGA2		0.9	nichenet_prior	NicheNet	nichenet_verschueren	nichenet_verschueren					
CALM2	KCNH1		0.9	nichenet_prior	NicheNet	nichenet_verschueren	nichenet_verschueren					
CALM2	MYLK		0.9	nichenet_prior	NicheNet	nichenet_verschueren	nichenet_verschueren					
CALM2	MYLK2		0.9	nichenet_prior	NicheNet	nichenet_verschueren	nichenet_verschueren					
CALM2	PDE1A		0.9	nichenet_prior	NicheNet	nichenet_verschueren	nichenet_verschueren					
CALM2	PDE1B		0.9	nichenet_prior	NicheNet	nichenet_verschueren	nichenet_verschueren					
CALM2	PDE1C		0.9	nichenet_prior	NicheNet	nichenet_verschueren	nichenet_verschueren					
CALM3	CNGA2		0.9	nichenet_prior	NicheNet	nichenet_verschueren	nichenet_verschueren					
CALM3	PDE1C		0.9	nichenet_prior	NicheNet	nichenet_verschueren	nichenet_verschueren					
CALM3	PDE1B		0.9	nichenet_prior	NicheNet	nichenet_verschueren	nichenet_verschueren					
CALM3	KCNH1		0.9	nichenet_prior	NicheNet	nichenet_verschueren	nichenet_verschueren					
CALM3	MYLK		0.9	nichenet_prior	NicheNet	nichenet_verschueren	nichenet_verschueren					
CALM3	MYLK2		0.9	nichenet_prior	NicheNet	nichenet_verschueren	nichenet_verschueren					
CALM3	PDE1A		0.9	nichenet_prior	NicheNet	nichenet_verschueren	nichenet_verschueren					
CALR	TAP1		0.9	nichenet_prior	NicheNet	omnipath	omnipath					
CALR	TAP2		0.9	nichenet_prior	NicheNet	omnipath	omnipath					
CALR	LRP1		0.9	nichenet_prior	NicheNet	omnipath	omnipath					
CALR	ITGAV		0.9	nichenet_prior	NicheNet	omnipath	omnipath					
CALR	ITGA3		0.9	nichenet_prior	NicheNet	omnipath	omnipath					
CALR	MPL		0.9	nichenet_prior	NicheNet	omnipath	omnipath					
CALR	TSHR		0.9	nichenet_prior	NicheNet	omnipath	omnipath					
CALR	ITGA2B		0.9	nichenet_prior	NicheNet	omnipath	omnipath					
CALR	SCARF1		0.9	nichenet_prior	NicheNet	omnipath	omnipath					
CALR	MTNR1A		0.9	nichenet_prior	NicheNet	omnipath	omnipath					
CAMP	FPR2		0.9	nichenet_prior	NicheNet	omnipath	omnipath					
CAMP	P2RX7		0.9	nichenet_prior	NicheNet	omnipath	omnipath					
CAMP	IGF1R		0.9	nichenet_prior	NicheNet	omnipath	omnipath					
CAMP	EGFR		0.9	nichenet_prior	NicheNet	omnipath	omnipath					
CCL1	ACKR2		0.9	nichenet_prior	NicheNet	nichenet_verschueren	nichenet_verschueren					
CCL1	CCR2		0.9	nichenet_prior	NicheNet	nichenet_verschueren	nichenet_verschueren					
CCL1	CCR3		0.9	nichenet_prior	NicheNet	nichenet_verschueren	nichenet_verschueren					
CCL1	CCR5		0.9	nichenet_prior	NicheNet	nichenet_verschueren	nichenet_verschueren					
CCL1	CCR1		0.9	nichenet_prior	NicheNet	omnipath	omnipath					
CCL11	CCR2		0.9	nichenet_prior	NicheNet	omnipath	omnipath					
CCL11	CCR5		0.9	nichenet_prior	NicheNet	omnipath	omnipath					
CCL11	CXCR3		0.9	nichenet_prior	NicheNet	omnipath	omnipath					
CCL11	DPP4		0.9	nichenet_prior	NicheNet	omnipath	omnipath					
CCL11	ACKR4		0.9	nichenet_prior	NicheNet	omnipath	omnipath					
CCL13	CCR2		0.9	nichenet_prior	NicheNet	omnipath	omnipath					
CCL13	CCR3		0.9	nichenet_prior	NicheNet	omnipath	omnipath					
CCL13	CCR5		0.9	nichenet_prior	NicheNet	omnipath	omnipath					
CCL13	CXCR3		0.9	nichenet_prior	NicheNet	omnipath	omnipath					
CCL14	CCR5		0.9	nichenet_prior	NicheNet	omnipath	omnipath					
CCL14	CCR3		0.9	nichenet_prior	NicheNet	omnipath	omnipath					
CCL15	CCR3		0.9	nichenet_prior	NicheNet	omnipath	omnipath					
CCL16	CCR2		0.9	nichenet_prior	NicheNet	omnipath	omnipath					
CCL16	CCR5		0.9	nichenet_prior	NicheNet	omnipath	omnipath					
CCL16	HRH4		0.9	nichenet_prior	NicheNet	omnipath	omnipath					
CCL16	CCR8		0.9	nichenet_prior	NicheNet	omnipath	omnipath					
CCL17	CCR8		0.9	nichenet_prior	NicheNet	omnipath	omnipath					
CCL18	CCR5		0.9	nichenet_prior	NicheNet	nichenet_verschueren	nichenet_verschueren					
CCL18	CCR8		0.9	nichenet_prior	NicheNet	omnipath	omnipath					
CCL18	CCR3		0.9	nichenet_prior	NicheNet	omnipath	omnipath					
CCL18	CCR1		0.9	nichenet_prior	NicheNet	omnipath	omnipath					
CCL19	CCRL2		0.9	nichenet_prior	NicheNet	omnipath	omnipath					
CCL19	CXCR3		0.9	nichenet_prior	NicheNet	omnipath	omnipath					
CCL19	CCR10		0.9	nichenet_prior	NicheNet	omnipath	omnipath					
CCL19	ACKR2		0.9	nichenet_prior	NicheNet	omnipath	omnipath					
CCL2	CCR3		0.9	nichenet_prior	NicheNet	omnipath	omnipath					
CCL2	CCR5		0.9	nichenet_prior	NicheNet	omnipath	omnipath					
CCL2	CCR4		0.9	nichenet_prior	NicheNet	omnipath	omnipath					
CCL2	CCR1		0.9	nichenet_prior	NicheNet	omnipath	omnipath					
CCL2	CCR10		0.9	nichenet_prior	NicheNet	omnipath	omnipath					
CCL2	ACKR4		0.9	nichenet_prior	NicheNet	omnipath	omnipath					
CCL20	CXCR3		0.9	nichenet_prior	NicheNet	omnipath	omnipath					
CCL20	ACKR4		0.9	nichenet_prior	NicheNet	omnipath	omnipath					
CCL21	CXCR3		0.9	nichenet_prior	NicheNet	omnipath	omnipath					
CCL21	ACKR2		0.9	nichenet_prior	NicheNet	omnipath	omnipath					
CCL22	DPP4		0.9	nichenet_prior	NicheNet	omnipath	omnipath					
CCL22	ACKR1		0.9	nichenet_prior	NicheNet	omnipath	omnipath					
CCL22	CCR7		0.9	nichenet_prior	NicheNet	omnipath	omnipath					
CCL23	ACKR2		0.9	nichenet_prior	NicheNet	omnipath	omnipath					
CCL23	FPR2		0.9	nichenet_prior	NicheNet	omnipath	omnipath					
CCL24	CCR2		0.9	nichenet_prior	NicheNet	omnipath	omnipath					
CCL25	ACKR2		0.9	nichenet_prior	NicheNet	omnipath	omnipath					
CCL25	CCR10		0.9	nichenet_prior	NicheNet	omnipath	omnipath					
CCL26	CCR2		0.9	nichenet_prior	NicheNet	omnipath	omnipath					
CCL26	CCR1		0.9	nichenet_prior	NicheNet	omnipath	omnipath					
CCL26	CCR5		0.9	nichenet_prior	NicheNet	omnipath	omnipath					
CCL26	CX3CR1		0.9	nichenet_prior	NicheNet	omnipath	omnipath					
CCL27	ADRA2A		0.9	nichenet_prior	NicheNet	omnipath	omnipath					
CCL27	GRM7		0.9	nichenet_prior	NicheNet	omnipath	omnipath					
CCL27	ACKR2		0.9	nichenet_prior	NicheNet	omnipath	omnipath					
CCL27	MTNR1A		0.9	nichenet_prior	NicheNet	omnipath	omnipath					
CCL28	ACKR2		0.9	nichenet_prior	NicheNet	omnipath	omnipath					
CCL28	ADRA2A		0.9	nichenet_prior	NicheNet	omnipath	omnipath					
CCL28	MTNR1A		0.9	nichenet_prior	NicheNet	omnipath	omnipath					
CCL28	GRM7		0.9	nichenet_prior	NicheNet	omnipath	omnipath					
CCL28	ACKR4		0.9	nichenet_prior	NicheNet	omnipath	omnipath					
CCL3	CCR4		0.9	nichenet_prior	NicheNet	omnipath	omnipath					
CCL3	CCR3		0.9	nichenet_prior	NicheNet	omnipath	omnipath					
CCL3L1	CCR5		0.9	nichenet_prior	NicheNet	nichenet_verschueren	nichenet_verschueren					
CCL3L3	CCR5		0.9	nichenet_prior	NicheNet	omnipath	omnipath					
CCL3L3	ACKR2		0.9	nichenet_prior	NicheNet	omnipath	omnipath					
CCL3L3	CCR3		0.9	nichenet_prior	NicheNet	omnipath	omnipath					
CCL4	CCR1		0.9	nichenet_prior	NicheNet	omnipath	omnipath					
CCL4	CCR8		0.9	nichenet_prior	NicheNet	omnipath	omnipath					
CCL4	CCR3		0.9	nichenet_prior	NicheNet	omnipath	omnipath					
CCL4L1	ACKR2		0.9	nichenet_prior	NicheNet	omnipath	omnipath					
CCL4L1	CCR1		0.9	nichenet_prior	NicheNet	omnipath	omnipath					
CCL4L1	CCR3		0.9	nichenet_prior	NicheNet	omnipath	omnipath					
CCL4L1	CCR5		0.9	nichenet_prior	NicheNet	omnipath	omnipath					
CCL4L2	ACKR2		0.9	nichenet_prior	NicheNet	nichenet_verschueren	nichenet_verschueren					
CCL4L2	CCR1		0.9	nichenet_prior	NicheNet	nichenet_verschueren	nichenet_verschueren					
CCL4L2	CCR5		0.9	nichenet_prior	NicheNet	nichenet_verschueren	nichenet_verschueren					
CCL4L2	CCR8		0.9	nichenet_prior	NicheNet	nichenet_verschueren	nichenet_verschueren					
CCL5	CXCR3		0.9	nichenet_prior	NicheNet	omnipath	omnipath					
CCL5	GPR75		0.9	nichenet_prior	NicheNet	omnipath	omnipath					
CCL5	SDC4		0.9	nichenet_prior	NicheNet	omnipath	omnipath					
CCL5	SDC1		0.9	nichenet_prior	NicheNet	omnipath	omnipath					
CCL7	CCR5		0.9	nichenet_prior	NicheNet	omnipath	omnipath					
CCL7	CXCR3		0.9	nichenet_prior	NicheNet	omnipath	omnipath					
CCL7	ACKR4		0.9	nichenet_prior	NicheNet	omnipath	omnipath					
CCL7	CCR10		0.9	nichenet_prior	NicheNet	omnipath	omnipath					
CCL8	CCR4		0.9	nichenet_prior	NicheNet	nichenet_verschueren	nichenet_verschueren					
CCL8	CCR8		0.9	nichenet_prior	NicheNet	nichenet_verschueren	nichenet_verschueren					
CCL8	CCR5		0.9	nichenet_prior	NicheNet	omnipath	omnipath					
CCL8	CCR3		0.9	nichenet_prior	NicheNet	omnipath	omnipath					
CCN1	ITGAM		0.9	nichenet_prior	NicheNet	omnipath	omnipath					
CCN1	ITGB3		0.9	nichenet_prior	NicheNet	omnipath	omnipath					
CCN1	TLR2		0.9	nichenet_prior	NicheNet	omnipath	omnipath					
CCN1	ITGAV		0.9	nichenet_prior	NicheNet	omnipath	omnipath					
CCN1	ITGA5		0.9	nichenet_prior	NicheNet	omnipath	omnipath					
CCN1	ITGB5		0.9	nichenet_prior	NicheNet	omnipath	omnipath					
CCN1	TLR4		0.9	nichenet_prior	NicheNet	omnipath	omnipath					
CCN1	ITGB2		0.9	nichenet_prior	NicheNet	omnipath	omnipath					
CCN1	SDC4		0.9	nichenet_prior	NicheNet	omnipath	omnipath					
CCN1	ITGA2B		0.9	nichenet_prior	NicheNet	omnipath	omnipath					
CCN1	ITGA6		0.9	nichenet_prior	NicheNet	omnipath	omnipath					
CCN1	ITGB1		0.9	nichenet_prior	NicheNet	omnipath	omnipath					
CCN1	ITGAD		0.9	nichenet_prior	NicheNet	omnipath	omnipath					
CCN2	LRP6		0.9	nichenet_prior	NicheNet	omnipath	omnipath					
CCN2	ITGAM		0.9	nichenet_prior	NicheNet	omnipath	omnipath					
CCN2	NTRK1		0.9	nichenet_prior	NicheNet	omnipath	omnipath					
CCN2	ITGB2		0.9	nichenet_prior	NicheNet	omnipath	omnipath					
CCN2	LRP1		0.9	nichenet_prior	NicheNet	omnipath	omnipath					
CCN2	ITGA5		0.9	nichenet_prior	NicheNet	omnipath	omnipath					
CCN2	ERBB4		0.9	nichenet_prior	NicheNet	omnipath	omnipath					
CCN2	FGFR2		0.9	nichenet_prior	NicheNet	omnipath	omnipath					
CCN2	IGF2R		0.9	nichenet_prior	NicheNet	omnipath	omnipath					
CCN3	NOTCH1		0.9	nichenet_prior	NicheNet	omnipath	omnipath					
CCN3	PLXNA1		0.9	nichenet_prior	NicheNet	omnipath	omnipath					
CCN4	ITGA5		0.9	nichenet_prior	NicheNet	omnipath	omnipath					
CCN4	ITGB1		0.9	nichenet_prior	NicheNet	omnipath	omnipath					
CCN6	SORL1		0.9	nichenet_prior	NicheNet	omnipath	omnipath					
CD14	PLXND1		0.9	nichenet_prior	NicheNet	nichenet_verschueren	nichenet_verschueren					
CD1B	IL6ST		0.9	nichenet_prior	NicheNet	omnipath	omnipath					
CD1D	LILRB2		0.9	nichenet_prior	NicheNet	omnipath	omnipath					
CD2	NLGN3		0.9	nichenet_prior	NicheNet	omnipath	omnipath					
CD2	CD53		0.9	nichenet_prior	NicheNet	omnipath	omnipath					
CD200	CD200R1L		0.9	nichenet_prior	NicheNet	omnipath	omnipath					
CD209	ICAM3		0.9	nichenet_prior	NicheNet	omnipath	omnipath					
CD22	PTPRC		0.9	nichenet_prior	NicheNet	omnipath	omnipath					
CD22	IGSF21		0.9	nichenet_prior	NicheNet	omnipath	omnipath					
CD226	MCAM		0.9	nichenet_prior	NicheNet	nichenet_verschueren	nichenet_verschueren					
CD226	PVR		0.9	nichenet_prior	NicheNet	omnipath	omnipath					
CD226	NECTIN2		0.9	nichenet_prior	NicheNet	omnipath	omnipath					
CD24	SELP		0.9	nichenet_prior	NicheNet	nichenet_verschueren	nichenet_verschueren					
CD244	CSF3R		0.9	nichenet_prior	NicheNet	nichenet_verschueren	nichenet_verschueren					
CD244	CD79B		0.9	nichenet_prior	NicheNet	nichenet_verschueren	nichenet_verschueren					
CD244	MUC15		0.9	nichenet_prior	NicheNet	omnipath	omnipath					
CD244	IYD		0.9	nichenet_prior	NicheNet	omnipath	omnipath					
CD244	LAT		0.9	nichenet_prior	NicheNet	omnipath	omnipath					
CD274	EPHA3		0.9	nichenet_prior	NicheNet	nichenet_verschueren	nichenet_verschueren					
CD274	CD80		0.9	nichenet_prior	NicheNet	omnipath	omnipath					
CD274	NCR3		0.9	nichenet_prior	NicheNet	omnipath	omnipath					
CD28	CD80		0.9	nichenet_prior	NicheNet	omnipath	omnipath					
CD28	CD86		0.9	nichenet_prior	NicheNet	omnipath	omnipath					
CD28	TMEM95		0.9	nichenet_prior	NicheNet	omnipath	omnipath					
CD28	CD247		0.9	nichenet_prior	NicheNet	omnipath	omnipath					
CD28	CD4		0.9	nichenet_prior	NicheNet	omnipath	omnipath					
CD300A	IGSF5		0.9	nichenet_prior	NicheNet	nichenet_verschueren	nichenet_verschueren					
CD300C	IGSF5		0.9	nichenet_prior	NicheNet	nichenet_verschueren	nichenet_verschueren					
CD300C	PTPRO		0.9	nichenet_prior	NicheNet	nichenet_verschueren	nichenet_verschueren					
CD300C	NTNG1		0.9	nichenet_prior	NicheNet	nichenet_verschueren	nichenet_verschueren					
CD300LF	IGSF5		0.9	nichenet_prior	NicheNet	nichenet_verschueren	nichenet_verschueren					
CD300LF	FLT1		0.9	nichenet_prior	NicheNet	nichenet_verschueren	nichenet_verschueren					
CD320	ROR2		0.9	nichenet_prior	NicheNet	nichenet_verschueren	nichenet_verschueren					
CD320	LRPAP1		0.9	nichenet_prior	NicheNet	nichenet_verschueren	nichenet_verschueren					
CD320	SIGLEC7		0.9	nichenet_prior	NicheNet	nichenet_verschueren	nichenet_verschueren					
CD320	JAML		0.9	nichenet_prior	NicheNet	omnipath	omnipath					
CD320	IGSF5		0.9	nichenet_prior	NicheNet	omnipath	omnipath					
CD320	TMEM167A		0.9	nichenet_prior	NicheNet	omnipath	omnipath					
CD34	SELL		0.9	nichenet_prior	NicheNet	omnipath	omnipath					
CD34	SELE		0.9	nichenet_prior	NicheNet	omnipath	omnipath					
CD34	NECTIN4		0.9	nichenet_prior	NicheNet	omnipath	omnipath					
CD34	NECTIN3		0.9	nichenet_prior	NicheNet	omnipath	omnipath					
CD38	PECAM1		0.9	nichenet_prior	NicheNet	omnipath	omnipath					
CD40	CD40LG		0.9	nichenet_prior	NicheNet	nichenet_verschueren	nichenet_verschueren					
CD40LG	ITGA2B		0.9	nichenet_prior	NicheNet	omnipath	omnipath					
CD40LG	ITGB3		0.9	nichenet_prior	NicheNet	omnipath	omnipath					
CD40LG	ITGA5		0.9	nichenet_prior	NicheNet	omnipath	omnipath					
CD40LG	ITGB1		0.9	nichenet_prior	NicheNet	omnipath	omnipath					
CD40LG	ITGAM		0.9	nichenet_prior	NicheNet	omnipath	omnipath					
CD40LG	ITGB2		0.9	nichenet_prior	NicheNet	omnipath	omnipath					
CD44	HAS2		0.9	nichenet_prior	NicheNet	omnipath	omnipath					
CD44	SELE		0.9	nichenet_prior	NicheNet	omnipath	omnipath					
CD44	CLDN7		0.9	nichenet_prior	NicheNet	omnipath	omnipath					
CD44	EPCAM		0.9	nichenet_prior	NicheNet	omnipath	omnipath					
CD44	ACVR2B		0.9	nichenet_prior	NicheNet	omnipath	omnipath					
CD47	SIRPA		0.9	nichenet_prior	NicheNet	omnipath	omnipath					
CD47	SIRPG		0.9	nichenet_prior	NicheNet	omnipath	omnipath					
CD47	SIGLEC1		0.9	nichenet_prior	NicheNet	omnipath	omnipath					
CD47	SCN1B		0.9	nichenet_prior	NicheNet	omnipath	omnipath					
CD47	PCSK4		0.9	nichenet_prior	NicheNet	omnipath	omnipath					
CD48	CD2		0.9	nichenet_prior	NicheNet	omnipath	omnipath					
CD48	PDCD1		0.9	nichenet_prior	NicheNet	omnipath	omnipath					
CD52	SIGLEC10		0.9	nichenet_prior	NicheNet	omnipath	omnipath					
CD55	ADGRE2		0.9	nichenet_prior	NicheNet	omnipath	omnipath					
CD55	CR1		0.9	nichenet_prior	NicheNet	omnipath	omnipath					
CD58	CD2		0.9	nichenet_prior	NicheNet	omnipath	omnipath					
CD58	PTPRT		0.9	nichenet_prior	NicheNet	omnipath	omnipath					
CD59	CD2		0.9	nichenet_prior	NicheNet	omnipath	omnipath					
CD59	SIGLEC1		0.9	nichenet_prior	NicheNet	omnipath	omnipath					
CD59	STAB1		0.9	nichenet_prior	NicheNet	omnipath	omnipath					
CD5L	CD5		0.9	nichenet_prior	NicheNet	omnipath	omnipath					
CD6	SIGLEC8		0.9	nichenet_prior	NicheNet	omnipath	omnipath					
CD6	DAG1		0.9	nichenet_prior	NicheNet	omnipath	omnipath					
CD7	ADAM15		0.9	nichenet_prior	NicheNet	omnipath	omnipath					
CD72	CD5		0.9	nichenet_prior	NicheNet	omnipath	omnipath					
CD72	SEMA4D		0.9	nichenet_prior	NicheNet	omnipath	omnipath					
CD72	NCAM2		0.9	nichenet_prior	NicheNet	omnipath	omnipath					
CD79B	KREMEN1		0.9	nichenet_prior	NicheNet	nichenet_verschueren	nichenet_verschueren					
CD79B	NTM		0.9	nichenet_prior	NicheNet	nichenet_verschueren	nichenet_verschueren					
CD79B	CD244		0.9	nichenet_prior	NicheNet	nichenet_verschueren	nichenet_verschueren					
CD79B	IGSF21		0.9	nichenet_prior	NicheNet	nichenet_verschueren	nichenet_verschueren					
CD80	NGFR		0.9	nichenet_prior	NicheNet	omnipath	omnipath					
CD82	CD37		0.9	nichenet_prior	NicheNet	omnipath	omnipath					
CD82	ITGB2		0.9	nichenet_prior	NicheNet	omnipath	omnipath					
CD9	ADAM2		0.9	nichenet_prior	NicheNet	omnipath	omnipath					
CD9	CLDN1		0.9	nichenet_prior	NicheNet	omnipath	omnipath					
CD9	KIT		0.9	nichenet_prior	NicheNet	omnipath	omnipath					
CD9	CD36		0.9	nichenet_prior	NicheNet	omnipath	omnipath					
CD9	IGSF8		0.9	nichenet_prior	NicheNet	omnipath	omnipath					
CD96	NECTIN2		0.9	nichenet_prior	NicheNet	omnipath	omnipath					
CD99	CD81		0.9	nichenet_prior	NicheNet	omnipath	omnipath					
CD99	PILRB		0.9	nichenet_prior	NicheNet	omnipath	omnipath					
CDCP1	EGFR		0.9	nichenet_prior	NicheNet	omnipath	omnipath					
CDH1	EGFR		0.9	nichenet_prior	NicheNet	omnipath	omnipath					
CDH1	IGF1R		0.9	nichenet_prior	NicheNet	omnipath	omnipath					
CDH1	ITGB7		0.9	nichenet_prior	NicheNet	omnipath	omnipath					
CDH1	ITGAE		0.9	nichenet_prior	NicheNet	omnipath	omnipath					
CDH1	PTPRM		0.9	nichenet_prior	NicheNet	omnipath	omnipath					
CDH1	PTPRF		0.9	nichenet_prior	NicheNet	omnipath	omnipath					
CDH13	NCAM2		0.9	nichenet_prior	NicheNet	nichenet_verschueren	nichenet_verschueren					
CDH15	CDON		0.9	nichenet_prior	NicheNet	omnipath	omnipath					
CDH2	CDON		0.9	nichenet_prior	NicheNet	omnipath	omnipath					
CDH6	CNTN1		0.9	nichenet_prior	NicheNet	omnipath	omnipath					
CDH6	PTGFRN		0.9	nichenet_prior	NicheNet	omnipath	omnipath					
CDH9	BTN3A1		0.9	nichenet_prior	NicheNet	omnipath	omnipath					
CDHR2	CD3D		0.9	nichenet_prior	NicheNet	nichenet_verschueren	nichenet_verschueren					
CDHR2	UNC5A		0.9	nichenet_prior	NicheNet	omnipath	omnipath					
CDHR2	KIRREL1		0.9	nichenet_prior	NicheNet	omnipath	omnipath					
CEACAM1	HAVCR2		0.9	nichenet_prior	NicheNet	omnipath	omnipath					
CEACAM1	EGFR		0.9	nichenet_prior	NicheNet	omnipath	omnipath					
CEACAM1	SELE		0.9	nichenet_prior	NicheNet	omnipath	omnipath					
CEACAM1	CD209		0.9	nichenet_prior	NicheNet	omnipath	omnipath					
CEACAM20	VSIG8		0.9	nichenet_prior	NicheNet	omnipath	omnipath					
CEACAM21	LILRA6		0.9	nichenet_prior	NicheNet	omnipath	omnipath					
CEACAM3	CEACAM5		0.9	nichenet_prior	NicheNet	nichenet_verschueren	nichenet_verschueren					
CEACAM3	CEACAM7		0.9	nichenet_prior	NicheNet	omnipath	omnipath					
CEACAM3	PTPRD		0.9	nichenet_prior	NicheNet	omnipath	omnipath					
CEACAM4	FLT4		0.9	nichenet_prior	NicheNet	nichenet_verschueren	nichenet_verschueren					
CEACAM5	CEACAM5		0.9	nichenet_prior	NicheNet	nichenet_verschueren	nichenet_verschueren					
CEACAM5	CD8A		0.9	nichenet_prior	NicheNet	omnipath	omnipath					
CEACAM5	CEACAM1		0.9	nichenet_prior	NicheNet	omnipath	omnipath					
CEACAM5	CEACAM3		0.9	nichenet_prior	NicheNet	omnipath	omnipath					
CEACAM5	CEACAM7		0.9	nichenet_prior	NicheNet	omnipath	omnipath					
CEACAM5	CEACAM8		0.9	nichenet_prior	NicheNet	omnipath	omnipath					
CEACAM5	LRP8		0.9	nichenet_prior	NicheNet	omnipath	omnipath					
CEACAM6	ITGA1		0.9	nichenet_prior	NicheNet	nichenet_verschueren	nichenet_verschueren					
CEACAM6	UXS1		0.9	nichenet_prior	NicheNet	nichenet_verschueren	nichenet_verschueren					
CEACAM6	CEACAM7		0.9	nichenet_prior	NicheNet	nichenet_verschueren	nichenet_verschueren					
CEACAM6	EGFR		0.9	nichenet_prior	NicheNet	omnipath	omnipath					
CEACAM6	CEACAM8		0.9	nichenet_prior	NicheNet	omnipath	omnipath					
CEACAM6	CEACAM1		0.9	nichenet_prior	NicheNet	omnipath	omnipath					
CEACAM6	CEACAM5		0.9	nichenet_prior	NicheNet	omnipath	omnipath					
CEACAM6	STAB1		0.9	nichenet_prior	NicheNet	omnipath	omnipath					
CEACAM7	CEACAM5		0.9	nichenet_prior	NicheNet	nichenet_verschueren	nichenet_verschueren					
CEACAM7	CEACAM3		0.9	nichenet_prior	NicheNet	nichenet_verschueren	nichenet_verschueren					
CEACAM7	CEACAM6		0.9	nichenet_prior	NicheNet	omnipath	omnipath					
CEACAM8	TECTB		0.9	nichenet_prior	NicheNet	nichenet_verschueren	nichenet_verschueren					
CEACAM8	CEACAM5		0.9	nichenet_prior	NicheNet	nichenet_verschueren	nichenet_verschueren					
CEACAM8	CEACAM1		0.9	nichenet_prior	NicheNet	omnipath	omnipath					
CEACAM8	BTN2A2		0.9	nichenet_prior	NicheNet	omnipath	omnipath					
CEACAM8	PTPRO		0.9	nichenet_prior	NicheNet	omnipath	omnipath					
CEL	CXCR4		0.9	nichenet_prior	NicheNet	omnipath	omnipath					
CER1	MRC2		0.9	nichenet_prior	NicheNet	omnipath	omnipath					
CFAP54	CADM3		0.9	nichenet_prior	NicheNet	nichenet_verschueren	nichenet_verschueren					
CFC1	ACVR1B		0.9	nichenet_prior	NicheNet	omnipath	omnipath					
CFC1	ACVR2A		0.9	nichenet_prior	NicheNet	omnipath	omnipath					
CFD	CFB		0.9	nichenet_prior	NicheNet	omnipath	omnipath					
CFH	CFB		0.9	nichenet_prior	NicheNet	omnipath	omnipath					
CFH	ITGAM		0.9	nichenet_prior	NicheNet	omnipath	omnipath					
CFH	SELL		0.9	nichenet_prior	NicheNet	omnipath	omnipath					
CFP	NCR1		0.9	nichenet_prior	NicheNet	omnipath	omnipath					
CGA	ADCYAP1R1		0.9	nichenet_prior	NicheNet	omnipath	omnipath					
CGA	RAMP3		0.9	nichenet_prior	NicheNet	omnipath	omnipath					
CGA	RAMP2		0.9	nichenet_prior	NicheNet	omnipath	omnipath					
CGA	ADRB2		0.9	nichenet_prior	NicheNet	omnipath	omnipath					
CGA	PTH1R		0.9	nichenet_prior	NicheNet	omnipath	omnipath					
CGA	VIPR1		0.9	nichenet_prior	NicheNet	omnipath	omnipath					
CGA	ADRB3		0.9	nichenet_prior	NicheNet	omnipath	omnipath					
CGA	GPR20		0.9	nichenet_prior	NicheNet	omnipath	omnipath					
CGA	GPR84		0.9	nichenet_prior	NicheNet	omnipath	omnipath					
CGB3	LHCGR		0.9	nichenet_prior	NicheNet	omnipath	omnipath					
CGB7	LHCGR		0.9	nichenet_prior	NicheNet	omnipath	omnipath					
CHAD	ITGA2		0.9	nichenet_prior	NicheNet	omnipath	omnipath					
CHAD	ITGB1		0.9	nichenet_prior	NicheNet	omnipath	omnipath					
CHL1	CNTN5		0.9	nichenet_prior	NicheNet	nichenet_verschueren	nichenet_verschueren					
CHL1	CNTN1		0.9	nichenet_prior	NicheNet	nichenet_verschueren	nichenet_verschueren					
CHL1	SIRPA		0.9	nichenet_prior	NicheNet	omnipath	omnipath					
CHL1	TMEM132A		0.9	nichenet_prior	NicheNet	omnipath	omnipath					
CIB1	ITGA2B		0.9	nichenet_prior	NicheNet	omnipath	omnipath					
CIB1	ITGB3		0.9	nichenet_prior	NicheNet	omnipath	omnipath					
CKLF	CCR4		0.9	nichenet_prior	NicheNet	omnipath	omnipath					
CKLF	LRP6		0.9	nichenet_prior	NicheNet	omnipath	omnipath					
CLCF1	IL6ST		0.9	nichenet_prior	NicheNet	omnipath	omnipath					
CLCF1	CNTFR		0.9	nichenet_prior	NicheNet	omnipath	omnipath					
CLCF1	LIFR		0.9	nichenet_prior	NicheNet	omnipath	omnipath					
CLCF1	CRLF1		0.9	nichenet_prior	NicheNet	omnipath	omnipath					
CLCF1	SORL1		0.9	nichenet_prior	NicheNet	omnipath	omnipath					
CLDN1	CLDN2		0.9	nichenet_prior	NicheNet	omnipath	omnipath					
CLDN1	MMP2		0.9	nichenet_prior	NicheNet	omnipath	omnipath					
CLDN14	CLDN16		0.9	nichenet_prior	NicheNet	omnipath	omnipath					
CLDN16	CLDN19		0.9	nichenet_prior	NicheNet	omnipath	omnipath					
CLDN19	CLDN9		0.9	nichenet_prior	NicheNet	omnipath	omnipath					
CLDN19	CLDN8		0.9	nichenet_prior	NicheNet	omnipath	omnipath					
CLDN19	CLDN6		0.9	nichenet_prior	NicheNet	omnipath	omnipath					
CLDN19	CLDN7		0.9	nichenet_prior	NicheNet	omnipath	omnipath					
CLDN2	CLDN3		0.9	nichenet_prior	NicheNet	omnipath	omnipath					
CLDN24	CLDN24		0.9	nichenet_prior	NicheNet	nichenet_verschueren	nichenet_verschueren					
CLDN3	CLDN1		0.9	nichenet_prior	NicheNet	omnipath	omnipath					
CLEC11A	ITGA10		0.9	nichenet_prior	NicheNet	omnipath	omnipath					
CLEC11A	ITGA11		0.9	nichenet_prior	NicheNet	omnipath	omnipath					
CLEC11A	ITGB1		0.9	nichenet_prior	NicheNet	omnipath	omnipath					
CLEC11A	KIT		0.9	nichenet_prior	NicheNet	omnipath	omnipath					
CLEC2A	KLRF2		0.9	nichenet_prior	NicheNet	omnipath	omnipath					
CLEC2B	KLRF1		0.9	nichenet_prior	NicheNet	omnipath	omnipath					
CLEC2L	NCAM1		0.9	nichenet_prior	NicheNet	nichenet_verschueren	nichenet_verschueren					
CLEC2L	IGSF11		0.9	nichenet_prior	NicheNet	nichenet_verschueren	nichenet_verschueren					
CLEC3A	CLEC10A		0.9	nichenet_prior	NicheNet	omnipath	omnipath					
CLEC3A	CLEC2B		0.9	nichenet_prior	NicheNet	omnipath	omnipath					
CLEC4G	LAG3		0.9	nichenet_prior	NicheNet	omnipath	omnipath					
CLMP	JAML		0.9	nichenet_prior	NicheNet	omnipath	omnipath					
CLU	LRP2		0.9	nichenet_prior	NicheNet	omnipath	omnipath					
CLU	TREM2		0.9	nichenet_prior	NicheNet	omnipath	omnipath					
CLUL1	GPR55		0.9	nichenet_prior	NicheNet	omnipath	omnipath					
CMTM8	EGFR		0.9	nichenet_prior	NicheNet	omnipath	omnipath					
CNMD	PTPRD		0.9	nichenet_prior	NicheNet	omnipath	omnipath					
CNTF	CRLF1		0.9	nichenet_prior	NicheNet	omnipath	omnipath					
CNTF	CNTFR		0.9	nichenet_prior	NicheNet	omnipath	omnipath					
CNTF	IL6ST		0.9	nichenet_prior	NicheNet	omnipath	omnipath					
CNTF	LIFR		0.9	nichenet_prior	NicheNet	omnipath	omnipath					
CNTF	IL6R		0.9	nichenet_prior	NicheNet	omnipath	omnipath					
CNTN1	MCAM		0.9	nichenet_prior	NicheNet	nichenet_verschueren	nichenet_verschueren					
CNTN1	PTPRZ1		0.9	nichenet_prior	NicheNet	omnipath	omnipath					
CNTN1	SGCG		0.9	nichenet_prior	NicheNet	omnipath	omnipath					
CNTN1	IL23R		0.9	nichenet_prior	NicheNet	omnipath	omnipath					
CNTN1	FCGRT		0.9	nichenet_prior	NicheNet	omnipath	omnipath					
CNTN1	PCDHB7		0.9	nichenet_prior	NicheNet	omnipath	omnipath					
CNTN1	NFASC		0.9	nichenet_prior	NicheNet	omnipath	omnipath					
CNTN1	CHL1		0.9	nichenet_prior	NicheNet	omnipath	omnipath					
CNTN2	CNTNAP2		0.9	nichenet_prior	NicheNet	omnipath	omnipath					
CNTN2	CNTN1		0.9	nichenet_prior	NicheNet	omnipath	omnipath					
CNTN2	NRCAM		0.9	nichenet_prior	NicheNet	omnipath	omnipath					
CNTN2	NRP1		0.9	nichenet_prior	NicheNet	omnipath	omnipath					
CNTN2	KREMEN1		0.9	nichenet_prior	NicheNet	omnipath	omnipath					
CNTN3	APLP1		0.9	nichenet_prior	NicheNet	nichenet_verschueren	nichenet_verschueren					
CNTN3	APP		0.9	nichenet_prior	NicheNet	nichenet_verschueren	nichenet_verschueren					
CNTN3	PTPRG		0.9	nichenet_prior	NicheNet	omnipath	omnipath					
CNTN4	PTPRG		0.9	nichenet_prior	NicheNet	omnipath	omnipath					
CNTN4	APLP1		0.9	nichenet_prior	NicheNet	omnipath	omnipath					
CNTN4	APP		0.9	nichenet_prior	NicheNet	omnipath	omnipath					
CNTN4	LVRN		0.9	nichenet_prior	NicheNet	omnipath	omnipath					
CNTN5	IL1RAPL1		0.9	nichenet_prior	NicheNet	nichenet_verschueren	nichenet_verschueren					
CNTN5	IL1RAPL2		0.9	nichenet_prior	NicheNet	nichenet_verschueren	nichenet_verschueren					
CNTN5	CHL1		0.9	nichenet_prior	NicheNet	omnipath	omnipath					
CNTN5	PTPRG		0.9	nichenet_prior	NicheNet	omnipath	omnipath					
CNTN5	FAM187A		0.9	nichenet_prior	NicheNet	omnipath	omnipath					
CNTN5	SPACA6		0.9	nichenet_prior	NicheNet	omnipath	omnipath					
CNTN5	SLAMF1		0.9	nichenet_prior	NicheNet	omnipath	omnipath					
CNTN5	TMEM81		0.9	nichenet_prior	NicheNet	omnipath	omnipath					
CNTN6	NOTCH1		0.9	nichenet_prior	NicheNet	omnipath	omnipath					
CNTN6	PTPRG		0.9	nichenet_prior	NicheNet	omnipath	omnipath					
COL10A1	LAIR1		0.9	nichenet_prior	NicheNet	omnipath	omnipath					
COL10A1	ITGA1		0.9	nichenet_prior	NicheNet	omnipath	omnipath					
COL10A1	ITGB1		0.9	nichenet_prior	NicheNet	omnipath	omnipath					
COL10A1	ITGA2		0.9	nichenet_prior	NicheNet	omnipath	omnipath					
COL10A1	ITGA10		0.9	nichenet_prior	NicheNet	omnipath	omnipath					
COL10A1	ITGA11		0.9	nichenet_prior	NicheNet	omnipath	omnipath					
COL11A1	DDR1		0.9	nichenet_prior	NicheNet	omnipath	omnipath					
COL11A1	ITGA1		0.9	nichenet_prior	NicheNet	omnipath	omnipath					
COL11A1	ITGB1		0.9	nichenet_prior	NicheNet	omnipath	omnipath					
COL11A1	ITGA2		0.9	nichenet_prior	NicheNet	omnipath	omnipath					
COL11A1	ITGA10		0.9	nichenet_prior	NicheNet	omnipath	omnipath					
COL11A1	ITGA11		0.9	nichenet_prior	NicheNet	omnipath	omnipath					
COL11A2	ITGA1		0.9	nichenet_prior	NicheNet	omnipath	omnipath					
COL11A2	ITGB1		0.9	nichenet_prior	NicheNet	omnipath	omnipath					
COL11A2	ITGA2		0.9	nichenet_prior	NicheNet	omnipath	omnipath					
COL11A2	ITGA10		0.9	nichenet_prior	NicheNet	omnipath	omnipath					
COL11A2	ITGA11		0.9	nichenet_prior	NicheNet	omnipath	omnipath					
COL12A1	ITGA1		0.9	nichenet_prior	NicheNet	omnipath	omnipath					
COL12A1	ITGB1		0.9	nichenet_prior	NicheNet	omnipath	omnipath					
COL12A1	ITGA2		0.9	nichenet_prior	NicheNet	omnipath	omnipath					
COL12A1	ITGA10		0.9	nichenet_prior	NicheNet	omnipath	omnipath					
COL12A1	ITGA11		0.9	nichenet_prior	NicheNet	omnipath	omnipath					
COL13A1	ITGA1		0.9	nichenet_prior	NicheNet	omnipath	omnipath					
COL13A1	ITGB1		0.9	nichenet_prior	NicheNet	omnipath	omnipath					
COL13A1	ITGA2		0.9	nichenet_prior	NicheNet	omnipath	omnipath					
COL13A1	ITGA10		0.9	nichenet_prior	NicheNet	omnipath	omnipath					
COL13A1	ITGA11		0.9	nichenet_prior	NicheNet	omnipath	omnipath					
COL14A1	CD44		0.9	nichenet_prior	NicheNet	omnipath	omnipath					
COL14A1	ITGA1		0.9	nichenet_prior	NicheNet	omnipath	omnipath					
COL14A1	ITGB1		0.9	nichenet_prior	NicheNet	omnipath	omnipath					
COL14A1	ITGA2		0.9	nichenet_prior	NicheNet	omnipath	omnipath					
COL14A1	ITGA10		0.9	nichenet_prior	NicheNet	omnipath	omnipath					
COL14A1	ITGA11		0.9	nichenet_prior	NicheNet	omnipath	omnipath					
COL15A1	ITGA1		0.9	nichenet_prior	NicheNet	omnipath	omnipath					
COL15A1	ITGB1		0.9	nichenet_prior	NicheNet	omnipath	omnipath					
COL15A1	ITGA2		0.9	nichenet_prior	NicheNet	omnipath	omnipath					
COL15A1	ITGA10		0.9	nichenet_prior	NicheNet	omnipath	omnipath					
COL15A1	ITGA11		0.9	nichenet_prior	NicheNet	omnipath	omnipath					
COL16A1	ITGA1		0.9	nichenet_prior	NicheNet	omnipath	omnipath					
COL16A1	ITGB1		0.9	nichenet_prior	NicheNet	omnipath	omnipath					
COL16A1	ITGA2		0.9	nichenet_prior	NicheNet	omnipath	omnipath					
COL16A1	ITGA10		0.9	nichenet_prior	NicheNet	omnipath	omnipath					
COL16A1	ITGA11		0.9	nichenet_prior	NicheNet	omnipath	omnipath					
COL17A1	ITGA1		0.9	nichenet_prior	NicheNet	omnipath	omnipath					
COL17A1	ITGB1		0.9	nichenet_prior	NicheNet	omnipath	omnipath					
COL17A1	ITGA2		0.9	nichenet_prior	NicheNet	omnipath	omnipath					
COL17A1	ITGA10		0.9	nichenet_prior	NicheNet	omnipath	omnipath					
COL17A1	ITGA11		0.9	nichenet_prior	NicheNet	omnipath	omnipath					
COL18A1	ITGB1		0.9	nichenet_prior	NicheNet	omnipath	omnipath					
COL18A1	GPC4		0.9	nichenet_prior	NicheNet	omnipath	omnipath					
COL18A1	KDR		0.9	nichenet_prior	NicheNet	omnipath	omnipath					
COL18A1	GPC1		0.9	nichenet_prior	NicheNet	omnipath	omnipath					
COL18A1	ITGA5		0.9	nichenet_prior	NicheNet	omnipath	omnipath					
COL18A1	PTPRS		0.9	nichenet_prior	NicheNet	omnipath	omnipath					
COL18A1	ITGA1		0.9	nichenet_prior	NicheNet	omnipath	omnipath					
COL18A1	ITGA2		0.9	nichenet_prior	NicheNet	omnipath	omnipath					
COL18A1	ITGA10		0.9	nichenet_prior	NicheNet	omnipath	omnipath					
COL18A1	ITGA11		0.9	nichenet_prior	NicheNet	omnipath	omnipath					
COL19A1	ITGA1		0.9	nichenet_prior	NicheNet	omnipath	omnipath					
COL19A1	ITGB1		0.9	nichenet_prior	NicheNet	omnipath	omnipath					
COL19A1	ITGA2		0.9	nichenet_prior	NicheNet	omnipath	omnipath					
COL19A1	ITGA10		0.9	nichenet_prior	NicheNet	omnipath	omnipath					
COL19A1	ITGA11		0.9	nichenet_prior	NicheNet	omnipath	omnipath					
COL1A1	ITGA3		0.9	nichenet_prior	NicheNet	nichenet_verschueren	nichenet_verschueren					
COL1A1	ITGA9		0.9	nichenet_prior	NicheNet	nichenet_verschueren	nichenet_verschueren					
COL1A1	ITGAV		0.9	nichenet_prior	NicheNet	nichenet_verschueren	nichenet_verschueren					
COL1A1	ITGB8		0.9	nichenet_prior	NicheNet	nichenet_verschueren	nichenet_verschueren					
COL1A1	DDR1		0.9	nichenet_prior	NicheNet	omnipath	omnipath					
COL1A1	ITGA5		0.9	nichenet_prior	NicheNet	omnipath	omnipath					
COL1A1	CD93		0.9	nichenet_prior	NicheNet	omnipath	omnipath					
COL1A1	CD36		0.9	nichenet_prior	NicheNet	omnipath	omnipath					
COL1A1	DDR2		0.9	nichenet_prior	NicheNet	omnipath	omnipath					
COL1A1	TMPRSS6		0.9	nichenet_prior	NicheNet	omnipath	omnipath					
COL1A1	ITGA2		0.9	nichenet_prior	NicheNet	omnipath	omnipath					
COL1A1	ITGA1		0.9	nichenet_prior	NicheNet	omnipath	omnipath					
COL1A1	ITGB1		0.9	nichenet_prior	NicheNet	omnipath	omnipath					
COL1A1	ITGA11		0.9	nichenet_prior	NicheNet	omnipath	omnipath					
COL1A1	ITGA10		0.9	nichenet_prior	NicheNet	omnipath	omnipath					
COL1A2	ITGB3		0.9	nichenet_prior	NicheNet	omnipath	omnipath					
COL1A2	CD36		0.9	nichenet_prior	NicheNet	omnipath	omnipath					
COL1A2	CD93		0.9	nichenet_prior	NicheNet	omnipath	omnipath					
COL1A2	ITGA2B		0.9	nichenet_prior	NicheNet	omnipath	omnipath					
COL1A2	DDR1		0.9	nichenet_prior	NicheNet	omnipath	omnipath					
COL1A2	ITGA1		0.9	nichenet_prior	NicheNet	omnipath	omnipath					
COL1A2	ITGA11		0.9	nichenet_prior	NicheNet	omnipath	omnipath					
COL1A2	ITGB1		0.9	nichenet_prior	NicheNet	omnipath	omnipath					
COL1A2	ITGA2		0.9	nichenet_prior	NicheNet	omnipath	omnipath					
COL1A2	ITGA10		0.9	nichenet_prior	NicheNet	omnipath	omnipath					
COL20A1	ITGA1		0.9	nichenet_prior	NicheNet	omnipath	omnipath					
COL20A1	ITGB1		0.9	nichenet_prior	NicheNet	omnipath	omnipath					
COL20A1	ITGA2		0.9	nichenet_prior	NicheNet	omnipath	omnipath					
COL20A1	ITGA10		0.9	nichenet_prior	NicheNet	omnipath	omnipath					
COL20A1	ITGA11		0.9	nichenet_prior	NicheNet	omnipath	omnipath					
COL21A1	ITGA1		0.9	nichenet_prior	NicheNet	omnipath	omnipath					
COL21A1	ITGB1		0.9	nichenet_prior	NicheNet	omnipath	omnipath					
COL21A1	ITGA2		0.9	nichenet_prior	NicheNet	omnipath	omnipath					
COL21A1	ITGA10		0.9	nichenet_prior	NicheNet	omnipath	omnipath					
COL21A1	ITGA11		0.9	nichenet_prior	NicheNet	omnipath	omnipath					
COL22A1	ITGA1		0.9	nichenet_prior	NicheNet	omnipath	omnipath					
COL22A1	ITGB1		0.9	nichenet_prior	NicheNet	omnipath	omnipath					
COL22A1	ITGA2		0.9	nichenet_prior	NicheNet	omnipath	omnipath					
COL22A1	ITGA10		0.9	nichenet_prior	NicheNet	omnipath	omnipath					
COL22A1	ITGA11		0.9	nichenet_prior	NicheNet	omnipath	omnipath					
COL24A1	ITGA1		0.9	nichenet_prior	NicheNet	omnipath	omnipath					
COL24A1	ITGB1		0.9	nichenet_prior	NicheNet	omnipath	omnipath					
COL24A1	ITGA2		0.9	nichenet_prior	NicheNet	omnipath	omnipath					
COL24A1	ITGA10		0.9	nichenet_prior	NicheNet	omnipath	omnipath					
COL24A1	ITGA11		0.9	nichenet_prior	NicheNet	omnipath	omnipath					
COL26A1	ITGA1		0.9	nichenet_prior	NicheNet	omnipath	omnipath					
COL26A1	ITGB1		0.9	nichenet_prior	NicheNet	omnipath	omnipath					
COL26A1	ITGA2		0.9	nichenet_prior	NicheNet	omnipath	omnipath					
COL26A1	ITGA10		0.9	nichenet_prior	NicheNet	omnipath	omnipath					
COL26A1	ITGA11		0.9	nichenet_prior	NicheNet	omnipath	omnipath					
COL27A1	ITGA1		0.9	nichenet_prior	NicheNet	omnipath	omnipath					
COL27A1	ITGB1		0.9	nichenet_prior	NicheNet	omnipath	omnipath					
COL27A1	ITGA2		0.9	nichenet_prior	NicheNet	omnipath	omnipath					
COL27A1	ITGA10		0.9	nichenet_prior	NicheNet	omnipath	omnipath					
COL27A1	ITGA11		0.9	nichenet_prior	NicheNet	omnipath	omnipath					
COL28A1	ITGA1		0.9	nichenet_prior	NicheNet	omnipath	omnipath					
COL28A1	ITGB1		0.9	nichenet_prior	NicheNet	omnipath	omnipath					
COL28A1	ITGA2		0.9	nichenet_prior	NicheNet	omnipath	omnipath					
COL28A1	ITGA10		0.9	nichenet_prior	NicheNet	omnipath	omnipath					
COL28A1	ITGA11		0.9	nichenet_prior	NicheNet	omnipath	omnipath					
COL2A1	ITGA3		0.9	nichenet_prior	NicheNet	nichenet_verschueren	nichenet_verschueren					
COL2A1	ITGA9		0.9	nichenet_prior	NicheNet	nichenet_verschueren	nichenet_verschueren					
COL2A1	ITGAV		0.9	nichenet_prior	NicheNet	nichenet_verschueren	nichenet_verschueren					
COL2A1	ITGB8		0.9	nichenet_prior	NicheNet	nichenet_verschueren	nichenet_verschueren					
COL2A1	MAG		0.9	nichenet_prior	NicheNet	omnipath	omnipath					
COL2A1	DDR1		0.9	nichenet_prior	NicheNet	omnipath	omnipath					
COL2A1	TNFRSF10A		0.9	nichenet_prior	NicheNet	omnipath	omnipath					
COL2A1	ITGA2B		0.9	nichenet_prior	NicheNet	omnipath	omnipath					
COL2A1	ITGA2		0.9	nichenet_prior	NicheNet	omnipath	omnipath					
COL2A1	ITGA10		0.9	nichenet_prior	NicheNet	omnipath	omnipath					
COL2A1	ITGB1		0.9	nichenet_prior	NicheNet	omnipath	omnipath					
COL2A1	ITGA1		0.9	nichenet_prior	NicheNet	omnipath	omnipath					
COL2A1	ITGA11		0.9	nichenet_prior	NicheNet	omnipath	omnipath					
COL3A1	DDR2		0.9	nichenet_prior	NicheNet	omnipath	omnipath					
COL3A1	MAG		0.9	nichenet_prior	NicheNet	omnipath	omnipath					
COL3A1	DDR1		0.9	nichenet_prior	NicheNet	omnipath	omnipath					
COL3A1	ITGA1		0.9	nichenet_prior	NicheNet	omnipath	omnipath					
COL3A1	ITGB1		0.9	nichenet_prior	NicheNet	omnipath	omnipath					
COL3A1	ITGA2		0.9	nichenet_prior	NicheNet	omnipath	omnipath					
COL3A1	ITGA10		0.9	nichenet_prior	NicheNet	omnipath	omnipath					
COL3A1	ITGA11		0.9	nichenet_prior	NicheNet	omnipath	omnipath					
COL4A1	ITGB8		0.9	nichenet_prior	NicheNet	omnipath	omnipath					
COL4A1	CD93		0.9	nichenet_prior	NicheNet	omnipath	omnipath					
COL4A1	ITGAV		0.9	nichenet_prior	NicheNet	omnipath	omnipath					
COL4A1	ITGA2		0.9	nichenet_prior	NicheNet	omnipath	omnipath					
COL4A1	ITGB1		0.9	nichenet_prior	NicheNet	omnipath	omnipath					
COL4A1	ITGA1		0.9	nichenet_prior	NicheNet	omnipath	omnipath					
COL4A1	ITGA10		0.9	nichenet_prior	NicheNet	omnipath	omnipath					
COL4A1	ITGA11		0.9	nichenet_prior	NicheNet	omnipath	omnipath					
COL4A2	ITGB3		0.9	nichenet_prior	NicheNet	omnipath	omnipath					
COL4A2	CD93		0.9	nichenet_prior	NicheNet	omnipath	omnipath					
COL4A2	ITGB5		0.9	nichenet_prior	NicheNet	omnipath	omnipath					
COL4A2	DDR1		0.9	nichenet_prior	NicheNet	omnipath	omnipath					
COL4A2	DDR2		0.9	nichenet_prior	NicheNet	omnipath	omnipath					
COL4A2	ITGA2		0.9	nichenet_prior	NicheNet	omnipath	omnipath					
COL4A2	ITGB1		0.9	nichenet_prior	NicheNet	omnipath	omnipath					
COL4A2	ITGA1		0.9	nichenet_prior	NicheNet	omnipath	omnipath					
COL4A2	ITGA10		0.9	nichenet_prior	NicheNet	omnipath	omnipath					
COL4A2	ITGA11		0.9	nichenet_prior	NicheNet	omnipath	omnipath					
COL4A3	ITGB3		0.9	nichenet_prior	NicheNet	omnipath	omnipath					
COL4A3	CD93		0.9	nichenet_prior	NicheNet	omnipath	omnipath					
COL4A3	ITGAV		0.9	nichenet_prior	NicheNet	omnipath	omnipath					
COL4A3	CD47		0.9	nichenet_prior	NicheNet	omnipath	omnipath					
COL4A3	ITGA2		0.9	nichenet_prior	NicheNet	omnipath	omnipath					
COL4A3	ITGB1		0.9	nichenet_prior	NicheNet	omnipath	omnipath					
COL4A3	ITGA1		0.9	nichenet_prior	NicheNet	omnipath	omnipath					
COL4A3	ITGA10		0.9	nichenet_prior	NicheNet	omnipath	omnipath					
COL4A3	ITGA11		0.9	nichenet_prior	NicheNet	omnipath	omnipath					
COL4A3	ITGB8		0.9	nichenet_prior	NicheNet	omnipath	omnipath					
COL4A4	ITGB3		0.9	nichenet_prior	NicheNet	omnipath	omnipath					
COL4A4	CD93		0.9	nichenet_prior	NicheNet	omnipath	omnipath					
COL4A4	ITGAV		0.9	nichenet_prior	NicheNet	omnipath	omnipath					
COL4A4	CD47		0.9	nichenet_prior	NicheNet	omnipath	omnipath					
COL4A4	DDR1		0.9	nichenet_prior	NicheNet	omnipath	omnipath					
COL4A4	DDR2		0.9	nichenet_prior	NicheNet	omnipath	omnipath					
COL4A4	ITGA2		0.9	nichenet_prior	NicheNet	omnipath	omnipath					
COL4A4	ITGB1		0.9	nichenet_prior	NicheNet	omnipath	omnipath					
COL4A4	ITGA1		0.9	nichenet_prior	NicheNet	omnipath	omnipath					
COL4A4	ITGA10		0.9	nichenet_prior	NicheNet	omnipath	omnipath					
COL4A4	ITGA11		0.9	nichenet_prior	NicheNet	omnipath	omnipath					
COL4A5	CD47		0.9	nichenet_prior	NicheNet	omnipath	omnipath					
COL4A5	CD93		0.9	nichenet_prior	NicheNet	omnipath	omnipath					
COL4A5	ITGAV		0.9	nichenet_prior	NicheNet	omnipath	omnipath					
COL4A5	DDR2		0.9	nichenet_prior	NicheNet	omnipath	omnipath					
COL4A5	DDR1		0.9	nichenet_prior	NicheNet	omnipath	omnipath					
COL4A5	ITGA1		0.9	nichenet_prior	NicheNet	omnipath	omnipath					
COL4A5	ITGB1		0.9	nichenet_prior	NicheNet	omnipath	omnipath					
COL4A5	ITGA2		0.9	nichenet_prior	NicheNet	omnipath	omnipath					
COL4A5	ITGA10		0.9	nichenet_prior	NicheNet	omnipath	omnipath					
COL4A5	ITGA11		0.9	nichenet_prior	NicheNet	omnipath	omnipath					
COL4A6	CD93		0.9	nichenet_prior	NicheNet	omnipath	omnipath					
COL4A6	ITGAV		0.9	nichenet_prior	NicheNet	omnipath	omnipath					
COL4A6	CD47		0.9	nichenet_prior	NicheNet	omnipath	omnipath					
COL4A6	DDR2		0.9	nichenet_prior	NicheNet	omnipath	omnipath					
COL4A6	DDR1		0.9	nichenet_prior	NicheNet	omnipath	omnipath					
COL4A6	ITGA2		0.9	nichenet_prior	NicheNet	omnipath	omnipath					
COL4A6	ITGB1		0.9	nichenet_prior	NicheNet	omnipath	omnipath					
COL4A6	ITGA1		0.9	nichenet_prior	NicheNet	omnipath	omnipath					
COL4A6	ITGA10		0.9	nichenet_prior	NicheNet	omnipath	omnipath					
COL4A6	ITGA11		0.9	nichenet_prior	NicheNet	omnipath	omnipath					
COL5A1	SDC3		0.9	nichenet_prior	NicheNet	omnipath	omnipath					
COL5A1	DDR2		0.9	nichenet_prior	NicheNet	omnipath	omnipath					
COL5A1	SDC1		0.9	nichenet_prior	NicheNet	omnipath	omnipath					
COL5A1	CD93		0.9	nichenet_prior	NicheNet	omnipath	omnipath					
COL5A1	DDR1		0.9	nichenet_prior	NicheNet	omnipath	omnipath					
COL5A1	LAIR1		0.9	nichenet_prior	NicheNet	omnipath	omnipath					
COL5A1	ITGA1		0.9	nichenet_prior	NicheNet	omnipath	omnipath					
COL5A1	ITGB1		0.9	nichenet_prior	NicheNet	omnipath	omnipath					
COL5A1	ITGA2		0.9	nichenet_prior	NicheNet	omnipath	omnipath					
COL5A1	ITGA10		0.9	nichenet_prior	NicheNet	omnipath	omnipath					
COL5A1	ITGA11		0.9	nichenet_prior	NicheNet	omnipath	omnipath					
COL5A2	DDR1		0.9	nichenet_prior	NicheNet	omnipath	omnipath					
COL5A2	DDR2		0.9	nichenet_prior	NicheNet	omnipath	omnipath					
COL5A2	SDC1		0.9	nichenet_prior	NicheNet	omnipath	omnipath					
COL5A2	CD93		0.9	nichenet_prior	NicheNet	omnipath	omnipath					
COL5A2	LAIR1		0.9	nichenet_prior	NicheNet	omnipath	omnipath					
COL5A2	ITGA1		0.9	nichenet_prior	NicheNet	omnipath	omnipath					
COL5A2	ITGB1		0.9	nichenet_prior	NicheNet	omnipath	omnipath					
COL5A2	ITGA2		0.9	nichenet_prior	NicheNet	omnipath	omnipath					
COL5A2	ITGA10		0.9	nichenet_prior	NicheNet	omnipath	omnipath					
COL5A2	ITGA11		0.9	nichenet_prior	NicheNet	omnipath	omnipath					
COL5A3	SDC3		0.9	nichenet_prior	NicheNet	omnipath	omnipath					
COL5A3	CD93		0.9	nichenet_prior	NicheNet	omnipath	omnipath					
COL5A3	DDR2		0.9	nichenet_prior	NicheNet	omnipath	omnipath					
COL5A3	DDR1		0.9	nichenet_prior	NicheNet	omnipath	omnipath					
COL5A3	SDC1		0.9	nichenet_prior	NicheNet	omnipath	omnipath					
COL5A3	ITGA1		0.9	nichenet_prior	NicheNet	omnipath	omnipath					
COL5A3	ITGB1		0.9	nichenet_prior	NicheNet	omnipath	omnipath					
COL5A3	ITGA2		0.9	nichenet_prior	NicheNet	omnipath	omnipath					
COL5A3	ITGA10		0.9	nichenet_prior	NicheNet	omnipath	omnipath					
COL5A3	ITGA11		0.9	nichenet_prior	NicheNet	omnipath	omnipath					
COL6A1	ITGA6		0.9	nichenet_prior	NicheNet	omnipath	omnipath					
COL6A1	ITGA1		0.9	nichenet_prior	NicheNet	omnipath	omnipath					
COL6A1	ITGB1		0.9	nichenet_prior	NicheNet	omnipath	omnipath					
COL6A1	ITGA2		0.9	nichenet_prior	NicheNet	omnipath	omnipath					
COL6A1	ITGA10		0.9	nichenet_prior	NicheNet	omnipath	omnipath					
COL6A1	ITGA11		0.9	nichenet_prior	NicheNet	omnipath	omnipath					
COL6A2	ITGA1		0.9	nichenet_prior	NicheNet	omnipath	omnipath					
COL6A2	ITGB1		0.9	nichenet_prior	NicheNet	omnipath	omnipath					
COL6A2	ITGA2		0.9	nichenet_prior	NicheNet	omnipath	omnipath					
COL6A2	ITGA10		0.9	nichenet_prior	NicheNet	omnipath	omnipath					
COL6A2	ITGA11		0.9	nichenet_prior	NicheNet	omnipath	omnipath					
COL6A3	ITGA1		0.9	nichenet_prior	NicheNet	omnipath	omnipath					
COL6A3	ITGB1		0.9	nichenet_prior	NicheNet	omnipath	omnipath					
COL6A3	ITGA2		0.9	nichenet_prior	NicheNet	omnipath	omnipath					
COL6A3	ITGA10		0.9	nichenet_prior	NicheNet	omnipath	omnipath					
COL6A3	ITGA11		0.9	nichenet_prior	NicheNet	omnipath	omnipath					
COL6A5	ITGA1		0.9	nichenet_prior	NicheNet	omnipath	omnipath					
COL6A5	ITGB1		0.9	nichenet_prior	NicheNet	omnipath	omnipath					
COL6A5	ITGA2		0.9	nichenet_prior	NicheNet	omnipath	omnipath					
COL6A5	ITGA10		0.9	nichenet_prior	NicheNet	omnipath	omnipath					
COL6A5	ITGA11		0.9	nichenet_prior	NicheNet	omnipath	omnipath					
COL6A6	ITGA1		0.9	nichenet_prior	NicheNet	omnipath	omnipath					
COL6A6	ITGB1		0.9	nichenet_prior	NicheNet	omnipath	omnipath					
COL6A6	ITGA2		0.9	nichenet_prior	NicheNet	omnipath	omnipath					
COL6A6	ITGA10		0.9	nichenet_prior	NicheNet	omnipath	omnipath					
COL6A6	ITGA11		0.9	nichenet_prior	NicheNet	omnipath	omnipath					
COL7A1	ITGA1		0.9	nichenet_prior	NicheNet	omnipath	omnipath					
COL7A1	ITGB1		0.9	nichenet_prior	NicheNet	omnipath	omnipath					
COL7A1	ITGA2		0.9	nichenet_prior	NicheNet	omnipath	omnipath					
COL7A1	ITGA10		0.9	nichenet_prior	NicheNet	omnipath	omnipath					
COL7A1	ITGA11		0.9	nichenet_prior	NicheNet	omnipath	omnipath					
COL8A1	ITGA1		0.9	nichenet_prior	NicheNet	omnipath	omnipath					
COL8A1	ITGA2		0.9	nichenet_prior	NicheNet	omnipath	omnipath					
COL8A1	DDR1		0.9	nichenet_prior	NicheNet	omnipath	omnipath					
COL8A1	ITGB1		0.9	nichenet_prior	NicheNet	omnipath	omnipath					
COL8A1	ITGA10		0.9	nichenet_prior	NicheNet	omnipath	omnipath					
COL8A1	ITGA11		0.9	nichenet_prior	NicheNet	omnipath	omnipath					
COL8A2	SLC4A11		0.9	nichenet_prior	NicheNet	omnipath	omnipath					
COL8A2	DDR1		0.9	nichenet_prior	NicheNet	omnipath	omnipath					
COL8A2	ITGA1		0.9	nichenet_prior	NicheNet	omnipath	omnipath					
COL8A2	ITGB1		0.9	nichenet_prior	NicheNet	omnipath	omnipath					
COL8A2	ITGA2		0.9	nichenet_prior	NicheNet	omnipath	omnipath					
COL8A2	ITGA10		0.9	nichenet_prior	NicheNet	omnipath	omnipath					
COL8A2	ITGA11		0.9	nichenet_prior	NicheNet	omnipath	omnipath					
COL9A1	MAG		0.9	nichenet_prior	NicheNet	omnipath	omnipath					
COL9A1	ITGA1		0.9	nichenet_prior	NicheNet	omnipath	omnipath					
COL9A1	ITGB1		0.9	nichenet_prior	NicheNet	omnipath	omnipath					
COL9A1	ITGA2		0.9	nichenet_prior	NicheNet	omnipath	omnipath					
COL9A1	ITGA10		0.9	nichenet_prior	NicheNet	omnipath	omnipath					
COL9A1	ITGA11		0.9	nichenet_prior	NicheNet	omnipath	omnipath					
COL9A2	MAG		0.9	nichenet_prior	NicheNet	omnipath	omnipath					
COL9A2	ITGA1		0.9	nichenet_prior	NicheNet	omnipath	omnipath					
COL9A2	ITGB1		0.9	nichenet_prior	NicheNet	omnipath	omnipath					
COL9A2	ITGA2		0.9	nichenet_prior	NicheNet	omnipath	omnipath					
COL9A2	ITGA10		0.9	nichenet_prior	NicheNet	omnipath	omnipath					
COL9A2	ITGA11		0.9	nichenet_prior	NicheNet	omnipath	omnipath					
COL9A3	MAG		0.9	nichenet_prior	NicheNet	omnipath	omnipath					
COL9A3	ITGA1		0.9	nichenet_prior	NicheNet	omnipath	omnipath					
COL9A3	ITGB1		0.9	nichenet_prior	NicheNet	omnipath	omnipath					
COL9A3	ITGA2		0.9	nichenet_prior	NicheNet	omnipath	omnipath					
COL9A3	ITGA10		0.9	nichenet_prior	NicheNet	omnipath	omnipath					
COL9A3	ITGA11		0.9	nichenet_prior	NicheNet	omnipath	omnipath					
COLQ	MUSK		0.9	nichenet_prior	NicheNet	omnipath	omnipath					
COMP	ITGA2B		0.9	nichenet_prior	NicheNet	nichenet_verschueren	nichenet_verschueren					
COMP	ITGAV		0.9	nichenet_prior	NicheNet	nichenet_verschueren	nichenet_verschueren					
COMP	ITGB1		0.9	nichenet_prior	NicheNet	omnipath	omnipath					
COMP	ITGB3		0.9	nichenet_prior	NicheNet	omnipath	omnipath					
COMP	ITGA5		0.9	nichenet_prior	NicheNet	omnipath	omnipath					
COMP	ITGA7		0.9	nichenet_prior	NicheNet	omnipath	omnipath					
COMP	ITGA3		0.9	nichenet_prior	NicheNet	omnipath	omnipath					
COPA	NTSR2		0.9	nichenet_prior	NicheNet	nichenet_verschueren	nichenet_verschueren					
COPA	CD74		0.9	nichenet_prior	NicheNet	omnipath	omnipath					
COPA	MTNR1B		0.9	nichenet_prior	NicheNet	omnipath	omnipath					
COPA	SORT1		0.9	nichenet_prior	NicheNet	omnipath	omnipath					
COPA	P2RY6		0.9	nichenet_prior	NicheNet	omnipath	omnipath					
COPA	NTRK1		0.9	nichenet_prior	NicheNet	omnipath	omnipath					
CORIN	KIRREL1		0.9	nichenet_prior	NicheNet	omnipath	omnipath					
CORIN	LRRC4C		0.9	nichenet_prior	NicheNet	omnipath	omnipath					
CORT	MRGPRX3		0.9	nichenet_prior	NicheNet	nichenet_verschueren	nichenet_verschueren					
CORT	MRGPRX4		0.9	nichenet_prior	NicheNet	nichenet_verschueren	nichenet_verschueren					
CORT	GHSR		0.9	nichenet_prior	NicheNet	omnipath	omnipath					
CORT	MRGPRX2		0.9	nichenet_prior	NicheNet	omnipath	omnipath					
CP	SMO		0.9	nichenet_prior	NicheNet	omnipath	omnipath					
CP	SLC40A1		0.9	nichenet_prior	NicheNet	omnipath	omnipath					
CPAMD8	SCTR		0.9	nichenet_prior	NicheNet	omnipath	omnipath					
CRB3	LIN7C		0.9	nichenet_prior	NicheNet	omnipath	omnipath					
CRB3	PATJ		0.9	nichenet_prior	NicheNet	omnipath	omnipath					
CRH	LINC02210-CRHR1		0.9	nichenet_prior	NicheNet	nichenet_verschueren	nichenet_verschueren					
CRH	MC2R		0.9	nichenet_prior	NicheNet	nichenet_verschueren	nichenet_verschueren					
CRHR2	GNAS		0.9	nichenet_prior	NicheNet	omnipath	omnipath					
CRISP2	CATSPER1		0.9	nichenet_prior	NicheNet	omnipath	omnipath					
CRISP3	A1BG		0.9	nichenet_prior	NicheNet	omnipath	omnipath					
CRLF1	IL6ST		0.9	nichenet_prior	NicheNet	omnipath	omnipath					
CRLF1	CNTFR		0.9	nichenet_prior	NicheNet	omnipath	omnipath					
CRLF1	LIFR		0.9	nichenet_prior	NicheNet	omnipath	omnipath					
CRLF1	SORL1		0.9	nichenet_prior	NicheNet	omnipath	omnipath					
CRP	OLR1		0.9	nichenet_prior	NicheNet	omnipath	omnipath					
CRP	CR1		0.9	nichenet_prior	NicheNet	omnipath	omnipath					
CRTAM	DSC3		0.9	nichenet_prior	NicheNet	nichenet_verschueren	nichenet_verschueren					
CRTAM	NTRK3		0.9	nichenet_prior	NicheNet	nichenet_verschueren	nichenet_verschueren					
CRTAM	MUC15		0.9	nichenet_prior	NicheNet	omnipath	omnipath					
CRTAM	ILDR2		0.9	nichenet_prior	NicheNet	omnipath	omnipath					
CSF1	CSF2RA		0.9	nichenet_prior	NicheNet	omnipath	omnipath					
CSF1	CSF3R		0.9	nichenet_prior	NicheNet	omnipath	omnipath					
CSF1	SIRPA		0.9	nichenet_prior	NicheNet	omnipath	omnipath					
CSF2	CSF1R		0.9	nichenet_prior	NicheNet	nichenet_verschueren	nichenet_verschueren					
CSF2	CSF2RA		0.9	nichenet_prior	NicheNet	omnipath	omnipath					
CSF2	CSF3R		0.9	nichenet_prior	NicheNet	omnipath	omnipath					
CSF2	CSF2RB		0.9	nichenet_prior	NicheNet	omnipath	omnipath					
CSF2	IL3RA		0.9	nichenet_prior	NicheNet	omnipath	omnipath					
CSF2	SDC2		0.9	nichenet_prior	NicheNet	omnipath	omnipath					
CSF3	CSF1R		0.9	nichenet_prior	NicheNet	nichenet_verschueren	nichenet_verschueren					
CSF3	CSF2RA		0.9	nichenet_prior	NicheNet	omnipath	omnipath					
CSH1	GHR		0.9	nichenet_prior	NicheNet	nichenet_verschueren	nichenet_verschueren					
CSH1	PRLR		0.9	nichenet_prior	NicheNet	omnipath	omnipath					
CSH2	GHR		0.9	nichenet_prior	NicheNet	nichenet_verschueren	nichenet_verschueren					
CSH2	PRLR		0.9	nichenet_prior	NicheNet	omnipath	omnipath					
CSHL1	PRLR		0.9	nichenet_prior	NicheNet	omnipath	omnipath					
CSHL1	GHR		0.9	nichenet_prior	NicheNet	omnipath	omnipath					
CTF1	IL6ST		0.9	nichenet_prior	NicheNet	omnipath	omnipath					
CTF1	LIFR		0.9	nichenet_prior	NicheNet	omnipath	omnipath					
CTHRC1	FZD5		0.9	nichenet_prior	NicheNet	omnipath	omnipath					
CTHRC1	FZD6		0.9	nichenet_prior	NicheNet	omnipath	omnipath					
CTHRC1	FZD3		0.9	nichenet_prior	NicheNet	omnipath	omnipath					
CTHRC1	ROR2		0.9	nichenet_prior	NicheNet	omnipath	omnipath					
CTSD	APP		0.9	nichenet_prior	NicheNet	omnipath	omnipath					
CX3CL1	ITGAV		0.9	nichenet_prior	NicheNet	omnipath	omnipath					
CX3CL1	ITGB3		0.9	nichenet_prior	NicheNet	omnipath	omnipath					
CX3CL1	ITGA4		0.9	nichenet_prior	NicheNet	omnipath	omnipath					
CX3CL1	ITGB1		0.9	nichenet_prior	NicheNet	omnipath	omnipath					
CXADR	KLRA1P		0.9	nichenet_prior	NicheNet	nichenet_verschueren	nichenet_verschueren					
CXADR	JAML		0.9	nichenet_prior	NicheNet	omnipath	omnipath					
CXCL10	CCR3		0.9	nichenet_prior	NicheNet	omnipath	omnipath					
CXCL10	DPP4		0.9	nichenet_prior	NicheNet	omnipath	omnipath					
CXCL10	SDC4		0.9	nichenet_prior	NicheNet	omnipath	omnipath					
CXCL11	CCR3		0.9	nichenet_prior	NicheNet	omnipath	omnipath					
CXCL11	CCR5		0.9	nichenet_prior	NicheNet	omnipath	omnipath					
CXCL11	DPP4		0.9	nichenet_prior	NicheNet	omnipath	omnipath					
CXCL12	CXCR3		0.9	nichenet_prior	NicheNet	omnipath	omnipath					
CXCL12	ITGB1		0.9	nichenet_prior	NicheNet	omnipath	omnipath					
CXCL12	CD4		0.9	nichenet_prior	NicheNet	omnipath	omnipath					
CXCL12	DPP4		0.9	nichenet_prior	NicheNet	omnipath	omnipath					
CXCL13	ACKR4		0.9	nichenet_prior	NicheNet	omnipath	omnipath					
CXCL13	CCR10		0.9	nichenet_prior	NicheNet	omnipath	omnipath					
CXCL14	CXCR4		0.9	nichenet_prior	NicheNet	omnipath	omnipath					
CXCL16	GRM7		0.9	nichenet_prior	NicheNet	omnipath	omnipath					
CXCL16	MTNR1A		0.9	nichenet_prior	NicheNet	omnipath	omnipath					
CXCL16	ADRA2A		0.9	nichenet_prior	NicheNet	omnipath	omnipath					
CXCL17	GPR35		0.9	nichenet_prior	NicheNet	omnipath	omnipath					
CXCL2	XCR1		0.9	nichenet_prior	NicheNet	omnipath	omnipath					
CXCL2	DPP4		0.9	nichenet_prior	NicheNet	omnipath	omnipath					
CXCL3	MTNR1A		0.9	nichenet_prior	NicheNet	omnipath	omnipath					
CXCL3	GRM7		0.9	nichenet_prior	NicheNet	omnipath	omnipath					
CXCL3	ADRA2A		0.9	nichenet_prior	NicheNet	omnipath	omnipath					
CXCL5	MTNR1A		0.9	nichenet_prior	NicheNet	omnipath	omnipath					
CXCL5	GRM7		0.9	nichenet_prior	NicheNet	omnipath	omnipath					
CXCL5	ADRA2A		0.9	nichenet_prior	NicheNet	omnipath	omnipath					
CXCL8	CXCR1		0.9	nichenet_prior	NicheNet	omnipath	omnipath					
CXCL8	SDC1		0.9	nichenet_prior	NicheNet	omnipath	omnipath					
CXCL8	SDC2		0.9	nichenet_prior	NicheNet	omnipath	omnipath					
CXCL9	CCR3		0.9	nichenet_prior	NicheNet	omnipath	omnipath					
CXCL9	DPP4		0.9	nichenet_prior	NicheNet	omnipath	omnipath					
CYTL1	CCR2		0.9	nichenet_prior	NicheNet	omnipath	omnipath					
DBH	ADRA2C		0.9	nichenet_prior	NicheNet	omnipath	omnipath					
DBH	ADRB2		0.9	nichenet_prior	NicheNet	omnipath	omnipath					
DBH	ADRB3		0.9	nichenet_prior	NicheNet	omnipath	omnipath					
DBH	ADRA1A		0.9	nichenet_prior	NicheNet	omnipath	omnipath					
DBH	ADRA1B		0.9	nichenet_prior	NicheNet	omnipath	omnipath					
DBH	ADRA1D		0.9	nichenet_prior	NicheNet	omnipath	omnipath					
DBH	ADRA2A		0.9	nichenet_prior	NicheNet	omnipath	omnipath					
DBH	ADRA2B		0.9	nichenet_prior	NicheNet	omnipath	omnipath					
DBH	ADRB1		0.9	nichenet_prior	NicheNet	omnipath	omnipath					
DBH	GPR161		0.9	nichenet_prior	NicheNet	omnipath	omnipath					
DCHS1	FAT4		0.9	nichenet_prior	NicheNet	omnipath	omnipath					
DCN	EGFR		0.9	nichenet_prior	NicheNet	omnipath	omnipath					
DCN	MET		0.9	nichenet_prior	NicheNet	omnipath	omnipath					
DCN	ERBB4		0.9	nichenet_prior	NicheNet	omnipath	omnipath					
DCN	TLR2		0.9	nichenet_prior	NicheNet	omnipath	omnipath					
DCN	TLR4		0.9	nichenet_prior	NicheNet	omnipath	omnipath					
DCN	LRP1		0.9	nichenet_prior	NicheNet	omnipath	omnipath					
DCN	IGF1R		0.9	nichenet_prior	NicheNet	omnipath	omnipath					
DCN	KDR		0.9	nichenet_prior	NicheNet	omnipath	omnipath					
DEFB1	CCR6		0.9	nichenet_prior	NicheNet	omnipath	omnipath					
DEFB103B	CCR6		0.9	nichenet_prior	NicheNet	omnipath	omnipath					
DEFB103B	CCR2		0.9	nichenet_prior	NicheNet	omnipath	omnipath					
DEFB106B	CCR2		0.9	nichenet_prior	NicheNet	omnipath	omnipath					
DEFB4A	CCR6		0.9	nichenet_prior	NicheNet	omnipath	omnipath					
DEFB4A	TLR4		0.9	nichenet_prior	NicheNet	omnipath	omnipath					
DEFB4B	CCR6		0.9	nichenet_prior	NicheNet	nichenet_verschueren	nichenet_verschueren					
DHH	PTCH2		0.9	nichenet_prior	NicheNet	omnipath	omnipath					
DHH	HHIP		0.9	nichenet_prior	NicheNet	omnipath	omnipath					
DHH	PTCH1		0.9	nichenet_prior	NicheNet	omnipath	omnipath					
DHH	BOC		0.9	nichenet_prior	NicheNet	omnipath	omnipath					
DHH	CDON		0.9	nichenet_prior	NicheNet	omnipath	omnipath					
DKK1	LRP6		0.9	nichenet_prior	NicheNet	omnipath	omnipath					
DKK1	LRP5		0.9	nichenet_prior	NicheNet	omnipath	omnipath					
DKK1	KREMEN2		0.9	nichenet_prior	NicheNet	omnipath	omnipath					
DKK1	KREMEN1		0.9	nichenet_prior	NicheNet	omnipath	omnipath					
DKK2	KREMEN2		0.9	nichenet_prior	NicheNet	omnipath	omnipath					
DKK2	LRP6		0.9	nichenet_prior	NicheNet	omnipath	omnipath					
DKK2	KREMEN1		0.9	nichenet_prior	NicheNet	omnipath	omnipath					
DKK2	LRP5		0.9	nichenet_prior	NicheNet	omnipath	omnipath					
DKK3	KREMEN1		0.9	nichenet_prior	NicheNet	omnipath	omnipath					
DKK4	LRP6		0.9	nichenet_prior	NicheNet	omnipath	omnipath					
DKK4	LRP5		0.9	nichenet_prior	NicheNet	omnipath	omnipath					
DKK4	KREMEN1		0.9	nichenet_prior	NicheNet	omnipath	omnipath					
DKK4	KREMEN2		0.9	nichenet_prior	NicheNet	omnipath	omnipath					
DLK1	ACVR2B		0.9	nichenet_prior	NicheNet	nichenet_verschueren	nichenet_verschueren					
DLK1	ERBB4		0.9	nichenet_prior	NicheNet	nichenet_verschueren	nichenet_verschueren					
DLK2	NOTCH1		0.9	nichenet_prior	NicheNet	omnipath	omnipath					
DLL1	MUSK		0.9	nichenet_prior	NicheNet	nichenet_verschueren	nichenet_verschueren					
DMP1	ITGB3		0.9	nichenet_prior	NicheNet	omnipath	omnipath					
DMP1	ITGAV		0.9	nichenet_prior	NicheNet	omnipath	omnipath					
DRAXIN	DCC		0.9	nichenet_prior	NicheNet	omnipath	omnipath					
DSCAM	DSCAM		0.9	nichenet_prior	NicheNet	nichenet_verschueren	nichenet_verschueren					
DSCAM	DCC		0.9	nichenet_prior	NicheNet	omnipath	omnipath					
DSCAM	PTPRK		0.9	nichenet_prior	NicheNet	omnipath	omnipath					
DSCAM	PTPRT		0.9	nichenet_prior	NicheNet	omnipath	omnipath					
DSCAM	NOTCH3		0.9	nichenet_prior	NicheNet	omnipath	omnipath					
DSCAM	PTPRM		0.9	nichenet_prior	NicheNet	omnipath	omnipath					
DSCAML1	AQP9		0.9	nichenet_prior	NicheNet	omnipath	omnipath					
DSCAML1	PTPRK		0.9	nichenet_prior	NicheNet	omnipath	omnipath					
DSCAML1	PTPRT		0.9	nichenet_prior	NicheNet	omnipath	omnipath					
DSCAML1	PTPRM		0.9	nichenet_prior	NicheNet	omnipath	omnipath					
DSG1	DSC3		0.9	nichenet_prior	NicheNet	omnipath	omnipath					
DSG1	FLT4		0.9	nichenet_prior	NicheNet	omnipath	omnipath					
DSG2	DSC1		0.9	nichenet_prior	NicheNet	omnipath	omnipath					
DSG2	DSC3		0.9	nichenet_prior	NicheNet	omnipath	omnipath					
DSPP	ITGB1		0.9	nichenet_prior	NicheNet	omnipath	omnipath					
DSPP	ITGB6		0.9	nichenet_prior	NicheNet	omnipath	omnipath					
DSPP	ITGAV		0.9	nichenet_prior	NicheNet	omnipath	omnipath					
DUSP18	CD151		0.9	nichenet_prior	NicheNet	nichenet_verschueren	nichenet_verschueren					
DUSP18	ITGA1		0.9	nichenet_prior	NicheNet	nichenet_verschueren	nichenet_verschueren					
DUSP18	ITGA2		0.9	nichenet_prior	NicheNet	nichenet_verschueren	nichenet_verschueren					
DUSP18	ITGA3		0.9	nichenet_prior	NicheNet	nichenet_verschueren	nichenet_verschueren					
DUSP18	ITGA6		0.9	nichenet_prior	NicheNet	nichenet_verschueren	nichenet_verschueren					
DUSP18	ITGA7		0.9	nichenet_prior	NicheNet	nichenet_verschueren	nichenet_verschueren					
DUSP18	ITGB1		0.9	nichenet_prior	NicheNet	nichenet_verschueren	nichenet_verschueren					
DUSP18	ITGB4		0.9	nichenet_prior	NicheNet	nichenet_verschueren	nichenet_verschueren					
DUSP18	RPSA		0.9	nichenet_prior	NicheNet	nichenet_verschueren	nichenet_verschueren					
DUSP18	RPSAP58		0.9	nichenet_prior	NicheNet	nichenet_verschueren	nichenet_verschueren					
EBI3	IL6ST		0.9	nichenet_prior	NicheNet	omnipath	omnipath					
EBI3	IL27RA		0.9	nichenet_prior	NicheNet	omnipath	omnipath					
ECM1	ITGB4		0.9	nichenet_prior	NicheNet	omnipath	omnipath					
ECM1	CACHD1		0.9	nichenet_prior	NicheNet	omnipath	omnipath					
EDA	IL1RL1		0.9	nichenet_prior	NicheNet	omnipath	omnipath					
EDIL3	ITGAV		0.9	nichenet_prior	NicheNet	omnipath	omnipath					
EDIL3	ITGB5		0.9	nichenet_prior	NicheNet	omnipath	omnipath					
EDIL3	ITGB3		0.9	nichenet_prior	NicheNet	omnipath	omnipath					
EDIL3	ITGA5		0.9	nichenet_prior	NicheNet	omnipath	omnipath					
EDIL3	ITGB1		0.9	nichenet_prior	NicheNet	omnipath	omnipath					
EDN1	ADGRL4		0.9	nichenet_prior	NicheNet	omnipath	omnipath					
EDN1	ECE1		0.9	nichenet_prior	NicheNet	omnipath	omnipath					
EDN1	EGFR		0.9	nichenet_prior	NicheNet	omnipath	omnipath					
EFEMP1	EGFR		0.9	nichenet_prior	NicheNet	omnipath	omnipath					
EFEMP2	AQP1		0.9	nichenet_prior	NicheNet	omnipath	omnipath					
EFEMP2	PLSCR4		0.9	nichenet_prior	NicheNet	omnipath	omnipath					
EFEMP2	CATSPER1		0.9	nichenet_prior	NicheNet	omnipath	omnipath					
EFEMP2	LINGO1		0.9	nichenet_prior	NicheNet	omnipath	omnipath					
EFNA1	EPHA6		0.9	nichenet_prior	NicheNet	omnipath	omnipath					
EFNA1	EPHB1		0.9	nichenet_prior	NicheNet	omnipath	omnipath					
EFNA2	EPHA6		0.9	nichenet_prior	NicheNet	omnipath	omnipath					
EFNA2	EPHA10		0.9	nichenet_prior	NicheNet	omnipath	omnipath					
EFNA3	EPHA6		0.9	nichenet_prior	NicheNet	omnipath	omnipath					
EFNA3	EPHA10		0.9	nichenet_prior	NicheNet	omnipath	omnipath					
EFNA3	EPHB1		0.9	nichenet_prior	NicheNet	omnipath	omnipath					
EFNA4	EPHA6		0.9	nichenet_prior	NicheNet	omnipath	omnipath					
EFNA4	EPHA10		0.9	nichenet_prior	NicheNet	omnipath	omnipath					
EFNA5	EPHA6		0.9	nichenet_prior	NicheNet	omnipath	omnipath					
EFNA5	EPHB6		0.9	nichenet_prior	NicheNet	omnipath	omnipath					
EFNA5	EPHB1		0.9	nichenet_prior	NicheNet	omnipath	omnipath					
EFNB1	EPHA3		0.9	nichenet_prior	NicheNet	nichenet_verschueren	nichenet_verschueren					
EFNB1	NAALAD2		0.9	nichenet_prior	NicheNet	nichenet_verschueren	nichenet_verschueren					
EFNB1	TRHDE		0.9	nichenet_prior	NicheNet	nichenet_verschueren	nichenet_verschueren					
EFNB1	ITLN1		0.9	nichenet_prior	NicheNet	nichenet_verschueren	nichenet_verschueren					
EFNB1	SLAMF9		0.9	nichenet_prior	NicheNet	nichenet_verschueren	nichenet_verschueren					
EFNB1	EVC2		0.9	nichenet_prior	NicheNet	nichenet_verschueren	nichenet_verschueren					
EFNB1	DSG4		0.9	nichenet_prior	NicheNet	nichenet_verschueren	nichenet_verschueren					
EFNB1	FAM187B		0.9	nichenet_prior	NicheNet	nichenet_verschueren	nichenet_verschueren					
EFNB1	DAG1		0.9	nichenet_prior	NicheNet	nichenet_verschueren	nichenet_verschueren					
EFNB1	LVRN		0.9	nichenet_prior	NicheNet	nichenet_verschueren	nichenet_verschueren					
EFNB1	EPHB6		0.9	nichenet_prior	NicheNet	omnipath	omnipath					
EFNB1	ERBB2		0.9	nichenet_prior	NicheNet	omnipath	omnipath					
EFNB2	EPHA8		0.9	nichenet_prior	NicheNet	nichenet_verschueren	nichenet_verschueren					
EFNB2	KIR2DS3		0.9	nichenet_prior	NicheNet	nichenet_verschueren	nichenet_verschueren					
EFNB2	TCTN2		0.9	nichenet_prior	NicheNet	nichenet_verschueren	nichenet_verschueren					
EFNB2	FCRL1		0.9	nichenet_prior	NicheNet	nichenet_verschueren	nichenet_verschueren					
EFNB2	C19orf38		0.9	nichenet_prior	NicheNet	nichenet_verschueren	nichenet_verschueren					
EFNB2	EPHA10		0.9	nichenet_prior	NicheNet	nichenet_verschueren	nichenet_verschueren					
EFNB2	KLRA1P		0.9	nichenet_prior	NicheNet	nichenet_verschueren	nichenet_verschueren					
EFNB2	EPHA3		0.9	nichenet_prior	NicheNet	omnipath	omnipath					
EFNB2	EPHB6		0.9	nichenet_prior	NicheNet	omnipath	omnipath					
EFNB2	PECAM1		0.9	nichenet_prior	NicheNet	omnipath	omnipath					
EFNB2	RHBDL2		0.9	nichenet_prior	NicheNet	omnipath	omnipath					
EFNB2	GRM5		0.9	nichenet_prior	NicheNet	omnipath	omnipath					
EFNB2	EPHA6		0.9	nichenet_prior	NicheNet	omnipath	omnipath					
EFNB2	GRM1		0.9	nichenet_prior	NicheNet	omnipath	omnipath					
EFNB3	EPHA3		0.9	nichenet_prior	NicheNet	nichenet_verschueren	nichenet_verschueren					
EFNB3	C19orf38		0.9	nichenet_prior	NicheNet	nichenet_verschueren	nichenet_verschueren					
EFNB3	EPHA10		0.9	nichenet_prior	NicheNet	nichenet_verschueren	nichenet_verschueren					
EFNB3	RHBDL2		0.9	nichenet_prior	NicheNet	omnipath	omnipath					
EGF	TNFRSF11B		0.9	nichenet_prior	NicheNet	nichenet_verschueren	nichenet_verschueren					
EGF	ERBB2		0.9	nichenet_prior	NicheNet	omnipath	omnipath					
EGF	ERBB3		0.9	nichenet_prior	NicheNet	omnipath	omnipath					
EGF	ERBB4		0.9	nichenet_prior	NicheNet	omnipath	omnipath					
EGFL8	NCR3		0.9	nichenet_prior	NicheNet	omnipath	omnipath					
ELFN1	FLT1		0.9	nichenet_prior	NicheNet	nichenet_verschueren	nichenet_verschueren					
EMC1	PRLR		0.9	nichenet_prior	NicheNet	nichenet_verschueren	nichenet_verschueren					
ENAM	CD63		0.9	nichenet_prior	NicheNet	omnipath	omnipath					
ENG	CDH5		0.9	nichenet_prior	NicheNet	omnipath	omnipath					
ENG	ITGAV		0.9	nichenet_prior	NicheNet	omnipath	omnipath					
ENG	ACVRL1		0.9	nichenet_prior	NicheNet	omnipath	omnipath					
ENG	BMPR2		0.9	nichenet_prior	NicheNet	omnipath	omnipath					
ENG	ACVR2A		0.9	nichenet_prior	NicheNet	omnipath	omnipath					
ENPP1	INSR		0.9	nichenet_prior	NicheNet	omnipath	omnipath					
EPCAM	CLDN7		0.9	nichenet_prior	NicheNet	omnipath	omnipath					
EPCAM	CLDN1		0.9	nichenet_prior	NicheNet	omnipath	omnipath					
EPGN	IGSF11		0.9	nichenet_prior	NicheNet	nichenet_verschueren	nichenet_verschueren					
EPGN	ERBB4		0.9	nichenet_prior	NicheNet	omnipath	omnipath					
EPHA4	FGFR3		0.9	nichenet_prior	NicheNet	omnipath	omnipath					
EPHA4	FGFR2		0.9	nichenet_prior	NicheNet	omnipath	omnipath					
EPHA4	FGFR4		0.9	nichenet_prior	NicheNet	omnipath	omnipath					
EPHA4	FGFR1		0.9	nichenet_prior	NicheNet	omnipath	omnipath					
EPO	EPHB4		0.9	nichenet_prior	NicheNet	omnipath	omnipath					
EREG	ERBB3		0.9	nichenet_prior	NicheNet	omnipath	omnipath					
EREG	ERBB2		0.9	nichenet_prior	NicheNet	omnipath	omnipath					
ERFE	LRP1		0.9	nichenet_prior	NicheNet	omnipath	omnipath					
ESAM	ROBO3		0.9	nichenet_prior	NicheNet	nichenet_verschueren	nichenet_verschueren					
ESM1	ITGAL		0.9	nichenet_prior	NicheNet	omnipath	omnipath					
ESM1	ITGB2		0.9	nichenet_prior	NicheNet	omnipath	omnipath					
EXOC3-AS1	TRAF2		0.9	nichenet_prior	NicheNet	omnipath	omnipath					
EZR	SLC9A1		0.9	nichenet_prior	NicheNet	omnipath	omnipath					
F10	F7		0.9	nichenet_prior	NicheNet	omnipath	omnipath					
F10	ITGAM		0.9	nichenet_prior	NicheNet	omnipath	omnipath					
F10	ITGB2		0.9	nichenet_prior	NicheNet	omnipath	omnipath					
F10	F3		0.9	nichenet_prior	NicheNet	omnipath	omnipath					
F11	F9		0.9	nichenet_prior	NicheNet	omnipath	omnipath					
F11	GP1BA		0.9	nichenet_prior	NicheNet	omnipath	omnipath					
F11	GP5		0.9	nichenet_prior	NicheNet	omnipath	omnipath					
F11	GP1BB		0.9	nichenet_prior	NicheNet	omnipath	omnipath					
F11	GP9		0.9	nichenet_prior	NicheNet	omnipath	omnipath					
F11R	JAM3		0.9	nichenet_prior	NicheNet	nichenet_verschueren	nichenet_verschueren					
F11R	ROBO3		0.9	nichenet_prior	NicheNet	nichenet_verschueren	nichenet_verschueren					
F11R	JAM2		0.9	nichenet_prior	NicheNet	omnipath	omnipath					
F11R	ULBP3		0.9	nichenet_prior	NicheNet	omnipath	omnipath					
F11R	ITGAL		0.9	nichenet_prior	NicheNet	omnipath	omnipath					
F11R	ITGB2		0.9	nichenet_prior	NicheNet	omnipath	omnipath					
F12	F11		0.9	nichenet_prior	NicheNet	omnipath	omnipath					
F12	KLKB1		0.9	nichenet_prior	NicheNet	omnipath	omnipath					
F12	GP1BA		0.9	nichenet_prior	NicheNet	omnipath	omnipath					
F12	CD93		0.9	nichenet_prior	NicheNet	omnipath	omnipath					
F12	GP5		0.9	nichenet_prior	NicheNet	omnipath	omnipath					
F12	GP1BB		0.9	nichenet_prior	NicheNet	omnipath	omnipath					
F12	GP9		0.9	nichenet_prior	NicheNet	omnipath	omnipath					
F13A1	ITGA4		0.9	nichenet_prior	NicheNet	omnipath	omnipath					
F13A1	ITGB1		0.9	nichenet_prior	NicheNet	omnipath	omnipath					
F13A1	ITGA9		0.9	nichenet_prior	NicheNet	omnipath	omnipath					
F2	F8		0.9	nichenet_prior	NicheNet	omnipath	omnipath					
F2	F5		0.9	nichenet_prior	NicheNet	omnipath	omnipath					
F2	THBD		0.9	nichenet_prior	NicheNet	omnipath	omnipath					
F2	GP1BA		0.9	nichenet_prior	NicheNet	omnipath	omnipath					
F2	ITGA2B		0.9	nichenet_prior	NicheNet	omnipath	omnipath					
F2	GP9		0.9	nichenet_prior	NicheNet	omnipath	omnipath					
F5	PROC		0.9	nichenet_prior	NicheNet	omnipath	omnipath					
F7	F9		0.9	nichenet_prior	NicheNet	omnipath	omnipath					
F7	F10		0.9	nichenet_prior	NicheNet	omnipath	omnipath					
F7	F3		0.9	nichenet_prior	NicheNet	omnipath	omnipath					
F8	LDLR		0.9	nichenet_prior	NicheNet	omnipath	omnipath					
F8	LRP1		0.9	nichenet_prior	NicheNet	omnipath	omnipath					
F8	ASGR2		0.9	nichenet_prior	NicheNet	omnipath	omnipath					
F8	LRP4		0.9	nichenet_prior	NicheNet	omnipath	omnipath					
F8	LRP2		0.9	nichenet_prior	NicheNet	omnipath	omnipath					
F8	F10		0.9	nichenet_prior	NicheNet	omnipath	omnipath					
F9	F7		0.9	nichenet_prior	NicheNet	omnipath	omnipath					
F9	LRP1		0.9	nichenet_prior	NicheNet	omnipath	omnipath					
FAM200A	CTLA4		0.9	nichenet_prior	NicheNet	nichenet_verschueren	nichenet_verschueren					
FAM3B	LRP5		0.9	nichenet_prior	NicheNet	omnipath	omnipath					
FAM3C	GLRA2		0.9	nichenet_prior	NicheNet	omnipath	omnipath					
FAM3C	LAMP1		0.9	nichenet_prior	NicheNet	omnipath	omnipath					
FAM3C	LIFR		0.9	nichenet_prior	NicheNet	omnipath	omnipath					
FAM3C	FFAR2		0.9	nichenet_prior	NicheNet	omnipath	omnipath					
FAM3C	CLEC2D		0.9	nichenet_prior	NicheNet	omnipath	omnipath					
FAM3C	KIR2DL3		0.9	nichenet_prior	NicheNet	omnipath	omnipath					
FAM3C	GPR42		0.9	nichenet_prior	NicheNet	omnipath	omnipath					
FAM3C	ADGRG5		0.9	nichenet_prior	NicheNet	omnipath	omnipath					
FAM3C	PDCD1		0.9	nichenet_prior	NicheNet	omnipath	omnipath					
FAM3D	FPR1		0.9	nichenet_prior	NicheNet	omnipath	omnipath					
FAM3D	FPR2		0.9	nichenet_prior	NicheNet	omnipath	omnipath					
FAP	NPR2		0.9	nichenet_prior	NicheNet	omnipath	omnipath					
FAP	DPP4		0.9	nichenet_prior	NicheNet	omnipath	omnipath					
FASLG	TNFRSF6B		0.9	nichenet_prior	NicheNet	omnipath	omnipath					
FAT4	DCHS1		0.9	nichenet_prior	NicheNet	omnipath	omnipath					
FBLN1	ITGB1		0.9	nichenet_prior	NicheNet	omnipath	omnipath					
FBLN2	ITGB3		0.9	nichenet_prior	NicheNet	omnipath	omnipath					
FBN1	ITGB3		0.9	nichenet_prior	NicheNet	omnipath	omnipath					
FBN1	ITGB1		0.9	nichenet_prior	NicheNet	omnipath	omnipath					
FBN1	ITGAV		0.9	nichenet_prior	NicheNet	omnipath	omnipath					
FBN1	ITGB6		0.9	nichenet_prior	NicheNet	omnipath	omnipath					
FBN1	ITGA5		0.9	nichenet_prior	NicheNet	omnipath	omnipath					
FCAR	VSIG8		0.9	nichenet_prior	NicheNet	omnipath	omnipath					
FCAR	TNFRSF14		0.9	nichenet_prior	NicheNet	omnipath	omnipath					
FCAR	SIGLEC14		0.9	nichenet_prior	NicheNet	omnipath	omnipath					
FCAR	CD33		0.9	nichenet_prior	NicheNet	omnipath	omnipath					
FCAR	SIGLEC10		0.9	nichenet_prior	NicheNet	omnipath	omnipath					
FCAR	SIGLEC6		0.9	nichenet_prior	NicheNet	omnipath	omnipath					
FCER2	ITGB2		0.9	nichenet_prior	NicheNet	omnipath	omnipath					
FCER2	ITGAM		0.9	nichenet_prior	NicheNet	omnipath	omnipath					
FCER2	ITGAX		0.9	nichenet_prior	NicheNet	omnipath	omnipath					
FCER2	ITGAV		0.9	nichenet_prior	NicheNet	omnipath	omnipath					
FCER2	ITGB3		0.9	nichenet_prior	NicheNet	omnipath	omnipath					
FCGR3B	EDA2R		0.9	nichenet_prior	NicheNet	nichenet_verschueren	nichenet_verschueren					
FCN1	LRP1		0.9	nichenet_prior	NicheNet	omnipath	omnipath					
FCN2	LRP1		0.9	nichenet_prior	NicheNet	omnipath	omnipath					
FCRL6	NRP2		0.9	nichenet_prior	NicheNet	nichenet_verschueren	nichenet_verschueren					
FGA	ITGB1		0.9	nichenet_prior	NicheNet	omnipath	omnipath					
FGA	ITGAX		0.9	nichenet_prior	NicheNet	omnipath	omnipath					
FGA	ITGAM		0.9	nichenet_prior	NicheNet	omnipath	omnipath					
FGA	ITGB3		0.9	nichenet_prior	NicheNet	omnipath	omnipath					
FGA	CDH5		0.9	nichenet_prior	NicheNet	omnipath	omnipath					
FGA	ITGB2		0.9	nichenet_prior	NicheNet	omnipath	omnipath					
FGA	TLR4		0.9	nichenet_prior	NicheNet	omnipath	omnipath					
FGA	ITGAV		0.9	nichenet_prior	NicheNet	omnipath	omnipath					
FGA	ITGA2B		0.9	nichenet_prior	NicheNet	omnipath	omnipath					
FGA	ITGA5		0.9	nichenet_prior	NicheNet	omnipath	omnipath					
FGA	PLAT		0.9	nichenet_prior	NicheNet	omnipath	omnipath					
FGB	ITGAM		0.9	nichenet_prior	NicheNet	omnipath	omnipath					
FGB	ITGB1		0.9	nichenet_prior	NicheNet	omnipath	omnipath					
FGB	ITGB3		0.9	nichenet_prior	NicheNet	omnipath	omnipath					
FGB	ITGB2		0.9	nichenet_prior	NicheNet	omnipath	omnipath					
FGB	TLR4		0.9	nichenet_prior	NicheNet	omnipath	omnipath					
FGB	ITGAV		0.9	nichenet_prior	NicheNet	omnipath	omnipath					
FGB	ITGA2B		0.9	nichenet_prior	NicheNet	omnipath	omnipath					
FGB	ITGA5		0.9	nichenet_prior	NicheNet	omnipath	omnipath					
FGB	CDH5		0.9	nichenet_prior	NicheNet	omnipath	omnipath					
FGF1	NRP1		0.9	nichenet_prior	NicheNet	omnipath	omnipath					
FGF10	FGFR3		0.9	nichenet_prior	NicheNet	nichenet_verschueren	nichenet_verschueren					
FGF10	FGFR4		0.9	nichenet_prior	NicheNet	nichenet_verschueren	nichenet_verschueren					
FGF10	FGFRL1		0.9	nichenet_prior	NicheNet	omnipath	omnipath					
FGF11	SCN1A		0.9	nichenet_prior	NicheNet	omnipath	omnipath					
FGF11	SCN4A		0.9	nichenet_prior	NicheNet	omnipath	omnipath					
FGF11	SCN5A		0.9	nichenet_prior	NicheNet	omnipath	omnipath					
FGF11	SCN9A		0.9	nichenet_prior	NicheNet	omnipath	omnipath					
FGF11	SCN2A		0.9	nichenet_prior	NicheNet	omnipath	omnipath					
FGF11	SCN3A		0.9	nichenet_prior	NicheNet	omnipath	omnipath					
FGF11	SCN11A		0.9	nichenet_prior	NicheNet	omnipath	omnipath					
FGF11	SCN8A		0.9	nichenet_prior	NicheNet	omnipath	omnipath					
FGF11	SCN10A		0.9	nichenet_prior	NicheNet	omnipath	omnipath					
FGF11	FGFR2		0.9	nichenet_prior	NicheNet	omnipath	omnipath					
FGF11	FGFR1		0.9	nichenet_prior	NicheNet	omnipath	omnipath					
FGF11	FGFR3		0.9	nichenet_prior	NicheNet	omnipath	omnipath					
FGF11	FGFR4		0.9	nichenet_prior	NicheNet	omnipath	omnipath					
FGF12	SCN1A		0.9	nichenet_prior	NicheNet	omnipath	omnipath					
FGF12	SCN4A		0.9	nichenet_prior	NicheNet	omnipath	omnipath					
FGF12	SCN5A		0.9	nichenet_prior	NicheNet	omnipath	omnipath					
FGF12	SCN9A		0.9	nichenet_prior	NicheNet	omnipath	omnipath					
FGF12	SCN2A		0.9	nichenet_prior	NicheNet	omnipath	omnipath					
FGF12	SCN3A		0.9	nichenet_prior	NicheNet	omnipath	omnipath					
FGF12	SCN11A		0.9	nichenet_prior	NicheNet	omnipath	omnipath					
FGF12	SCN8A		0.9	nichenet_prior	NicheNet	omnipath	omnipath					
FGF12	SCN10A		0.9	nichenet_prior	NicheNet	omnipath	omnipath					
FGF12	FGFR4		0.9	nichenet_prior	NicheNet	omnipath	omnipath					
FGF12	FGFR3		0.9	nichenet_prior	NicheNet	omnipath	omnipath					
FGF12	FGFR1		0.9	nichenet_prior	NicheNet	omnipath	omnipath					
FGF12	FGFR2		0.9	nichenet_prior	NicheNet	omnipath	omnipath					
FGF13	SCN1A		0.9	nichenet_prior	NicheNet	omnipath	omnipath					
FGF13	SCN4A		0.9	nichenet_prior	NicheNet	omnipath	omnipath					
FGF13	SCN5A		0.9	nichenet_prior	NicheNet	omnipath	omnipath					
FGF13	SCN9A		0.9	nichenet_prior	NicheNet	omnipath	omnipath					
FGF13	SCN2A		0.9	nichenet_prior	NicheNet	omnipath	omnipath					
FGF13	SCN3A		0.9	nichenet_prior	NicheNet	omnipath	omnipath					
FGF13	SCN11A		0.9	nichenet_prior	NicheNet	omnipath	omnipath					
FGF13	SCN8A		0.9	nichenet_prior	NicheNet	omnipath	omnipath					
FGF13	SCN10A		0.9	nichenet_prior	NicheNet	omnipath	omnipath					
FGF13	FGFR1		0.9	nichenet_prior	NicheNet	omnipath	omnipath					
FGF13	FGFR2		0.9	nichenet_prior	NicheNet	omnipath	omnipath					
FGF13	FGFR3		0.9	nichenet_prior	NicheNet	omnipath	omnipath					
FGF13	EGFR		0.9	nichenet_prior	NicheNet	omnipath	omnipath					
FGF13	FGFR4		0.9	nichenet_prior	NicheNet	omnipath	omnipath					
FGF14	SCN1A		0.9	nichenet_prior	NicheNet	omnipath	omnipath					
FGF14	SCN4A		0.9	nichenet_prior	NicheNet	omnipath	omnipath					
FGF14	SCN5A		0.9	nichenet_prior	NicheNet	omnipath	omnipath					
FGF14	SCN9A		0.9	nichenet_prior	NicheNet	omnipath	omnipath					
FGF14	SCN2A		0.9	nichenet_prior	NicheNet	omnipath	omnipath					
FGF14	SCN3A		0.9	nichenet_prior	NicheNet	omnipath	omnipath					
FGF14	SCN11A		0.9	nichenet_prior	NicheNet	omnipath	omnipath					
FGF14	SCN8A		0.9	nichenet_prior	NicheNet	omnipath	omnipath					
FGF14	SCN10A		0.9	nichenet_prior	NicheNet	omnipath	omnipath					
FGF14	FGFR2		0.9	nichenet_prior	NicheNet	omnipath	omnipath					
FGF14	FGFR1		0.9	nichenet_prior	NicheNet	omnipath	omnipath					
FGF14	FGFR4		0.9	nichenet_prior	NicheNet	omnipath	omnipath					
FGF14	FGFR3		0.9	nichenet_prior	NicheNet	omnipath	omnipath					
FGF19	KLB		0.9	nichenet_prior	NicheNet	omnipath	omnipath					
FGF2	SDC1		0.9	nichenet_prior	NicheNet	omnipath	omnipath					
FGF2	CD44		0.9	nichenet_prior	NicheNet	omnipath	omnipath					
FGF2	SDC3		0.9	nichenet_prior	NicheNet	omnipath	omnipath					
FGF2	SDC4		0.9	nichenet_prior	NicheNet	omnipath	omnipath					
FGF2	GPC4		0.9	nichenet_prior	NicheNet	omnipath	omnipath					
FGF2	SDC2		0.9	nichenet_prior	NicheNet	omnipath	omnipath					
FGF2	FGFRL1		0.9	nichenet_prior	NicheNet	omnipath	omnipath					
FGF2	NRP1		0.9	nichenet_prior	NicheNet	omnipath	omnipath					
FGF21	KLB		0.9	nichenet_prior	NicheNet	omnipath	omnipath					
FGF21	FGFR4		0.9	nichenet_prior	NicheNet	omnipath	omnipath					
FGF21	FGFR2		0.9	nichenet_prior	NicheNet	omnipath	omnipath					
FGF22	FGFR1		0.9	nichenet_prior	NicheNet	omnipath	omnipath					
FGF22	FGFRL1		0.9	nichenet_prior	NicheNet	omnipath	omnipath					
FGF23	FGFR2		0.9	nichenet_prior	NicheNet	omnipath	omnipath					
FGF3	FGFR3		0.9	nichenet_prior	NicheNet	omnipath	omnipath					
FGF3	FGFR4		0.9	nichenet_prior	NicheNet	omnipath	omnipath					
FGF3	FGFRL1		0.9	nichenet_prior	NicheNet	omnipath	omnipath					
FGF4	NRP1		0.9	nichenet_prior	NicheNet	omnipath	omnipath					
FGF6	SDC4		0.9	nichenet_prior	NicheNet	omnipath	omnipath					
FGF7	FGFR4		0.9	nichenet_prior	NicheNet	omnipath	omnipath					
FGF7	FGFR3		0.9	nichenet_prior	NicheNet	omnipath	omnipath					
FGF7	NRP1		0.9	nichenet_prior	NicheNet	omnipath	omnipath					
FGF8	FGFRL1		0.9	nichenet_prior	NicheNet	omnipath	omnipath					
FGFRL1	GPC4		0.9	nichenet_prior	NicheNet	nichenet_verschueren	nichenet_verschueren					
FGFRL1	NRXN3		0.9	nichenet_prior	NicheNet	nichenet_verschueren	nichenet_verschueren					
FGFRL1	NRXN2		0.9	nichenet_prior	NicheNet	nichenet_verschueren	nichenet_verschueren					
FGFRL1	GP6		0.9	nichenet_prior	NicheNet	omnipath	omnipath					
FGFRL1	PLVAP		0.9	nichenet_prior	NicheNet	omnipath	omnipath					
FGFRL1	FGFR1		0.9	nichenet_prior	NicheNet	omnipath	omnipath					
FGG	ITGB1		0.9	nichenet_prior	NicheNet	omnipath	omnipath					
FGG	ITGB3		0.9	nichenet_prior	NicheNet	omnipath	omnipath					
FGG	ITGB2		0.9	nichenet_prior	NicheNet	omnipath	omnipath					
FGG	TLR4		0.9	nichenet_prior	NicheNet	omnipath	omnipath					
FGG	ITGAV		0.9	nichenet_prior	NicheNet	omnipath	omnipath					
FGG	ITGA2B		0.9	nichenet_prior	NicheNet	omnipath	omnipath					
FGG	ITGA5		0.9	nichenet_prior	NicheNet	omnipath	omnipath					
FGL1	LAG3		0.9	nichenet_prior	NicheNet	omnipath	omnipath					
FGL1	EGFR		0.9	nichenet_prior	NicheNet	omnipath	omnipath					
FLRT2	FLT4		0.9	nichenet_prior	NicheNet	nichenet_verschueren	nichenet_verschueren					
FN1	ITGA2		0.9	nichenet_prior	NicheNet	nichenet_verschueren	nichenet_verschueren					
FN1	ITGA2B		0.9	nichenet_prior	NicheNet	nichenet_verschueren	nichenet_verschueren					
FN1	ITGA3		0.9	nichenet_prior	NicheNet	nichenet_verschueren	nichenet_verschueren					
FN1	ITGB8		0.9	nichenet_prior	NicheNet	nichenet_verschueren	nichenet_verschueren					
FN1	ITGB1		0.9	nichenet_prior	NicheNet	omnipath	omnipath					
FN1	ITGAV		0.9	nichenet_prior	NicheNet	omnipath	omnipath					
FN1	ITGA4		0.9	nichenet_prior	NicheNet	omnipath	omnipath					
FN1	ITGB3		0.9	nichenet_prior	NicheNet	omnipath	omnipath					
FN1	ITGA8		0.9	nichenet_prior	NicheNet	omnipath	omnipath					
FN1	COL13A1		0.9	nichenet_prior	NicheNet	omnipath	omnipath					
FN1	TSHR		0.9	nichenet_prior	NicheNet	omnipath	omnipath					
FN1	MAG		0.9	nichenet_prior	NicheNet	omnipath	omnipath					
FN1	NT5E		0.9	nichenet_prior	NicheNet	omnipath	omnipath					
FN1	ITGA9		0.9	nichenet_prior	NicheNet	omnipath	omnipath					
FN1	ITGB6		0.9	nichenet_prior	NicheNet	omnipath	omnipath					
FN1	ITGA5		0.9	nichenet_prior	NicheNet	omnipath	omnipath					
FN1	TNFRSF11B		0.9	nichenet_prior	NicheNet	omnipath	omnipath					
FN1	SDC2		0.9	nichenet_prior	NicheNet	omnipath	omnipath					
FN1	PLAUR		0.9	nichenet_prior	NicheNet	omnipath	omnipath					
FN1	ITGB7		0.9	nichenet_prior	NicheNet	omnipath	omnipath					
FNDC5	ITGAV		0.9	nichenet_prior	NicheNet	omnipath	omnipath					
FNDC5	ITGB5		0.9	nichenet_prior	NicheNet	omnipath	omnipath					
FSHB	ADCYAP1R1		0.9	nichenet_prior	NicheNet	omnipath	omnipath					
FSHB	TSHR		0.9	nichenet_prior	NicheNet	omnipath	omnipath					
FSHB	GPR84		0.9	nichenet_prior	NicheNet	omnipath	omnipath					
FSHB	RAMP3		0.9	nichenet_prior	NicheNet	omnipath	omnipath					
FSHB	RAMP2		0.9	nichenet_prior	NicheNet	omnipath	omnipath					
FSHB	ADRB2		0.9	nichenet_prior	NicheNet	omnipath	omnipath					
FSHB	PTH1R		0.9	nichenet_prior	NicheNet	omnipath	omnipath					
FSHB	VIPR1		0.9	nichenet_prior	NicheNet	omnipath	omnipath					
FSHB	ADRB3		0.9	nichenet_prior	NicheNet	omnipath	omnipath					
FSHB	GPR20		0.9	nichenet_prior	NicheNet	omnipath	omnipath					
FST	HJV		0.9	nichenet_prior	NicheNet	omnipath	omnipath					
FST	BMPR2		0.9	nichenet_prior	NicheNet	omnipath	omnipath					
FST	BMPR1B		0.9	nichenet_prior	NicheNet	omnipath	omnipath					
FSTL5	CEACAM19		0.9	nichenet_prior	NicheNet	omnipath	omnipath					
FSTL5	LILRB2		0.9	nichenet_prior	NicheNet	omnipath	omnipath					
FSTL5	CHL1		0.9	nichenet_prior	NicheNet	omnipath	omnipath					
FSTL5	SDK2		0.9	nichenet_prior	NicheNet	omnipath	omnipath					
FSTL5	GP6		0.9	nichenet_prior	NicheNet	omnipath	omnipath					
FSTL5	SIGLEC6		0.9	nichenet_prior	NicheNet	omnipath	omnipath					
FSTL5	CD86		0.9	nichenet_prior	NicheNet	omnipath	omnipath					
FSTL5	CNTN5		0.9	nichenet_prior	NicheNet	omnipath	omnipath					
FSTL5	LILRA1		0.9	nichenet_prior	NicheNet	omnipath	omnipath					
FSTL5	IL6R		0.9	nichenet_prior	NicheNet	omnipath	omnipath					
FURIN	INSR		0.9	nichenet_prior	NicheNet	omnipath	omnipath					
FURIN	NOTCH1		0.9	nichenet_prior	NicheNet	omnipath	omnipath					
FURIN	LRP1		0.9	nichenet_prior	NicheNet	omnipath	omnipath					
FURIN	DSG3		0.9	nichenet_prior	NicheNet	omnipath	omnipath					
FURIN	ADAM19		0.9	nichenet_prior	NicheNet	omnipath	omnipath					
FURIN	ADAMTS1		0.9	nichenet_prior	NicheNet	omnipath	omnipath					
FURIN	BACE1		0.9	nichenet_prior	NicheNet	omnipath	omnipath					
FURIN	SORCS1		0.9	nichenet_prior	NicheNet	omnipath	omnipath					
GAD1	GRM4		0.9	nichenet_prior	NicheNet	nichenet_verschueren	nichenet_verschueren					
GAL	GPR151		0.9	nichenet_prior	NicheNet	omnipath	omnipath					
GAST	CCKAR		0.9	nichenet_prior	NicheNet	nichenet_verschueren	nichenet_verschueren					
GAST	CCKBR		0.9	nichenet_prior	NicheNet	omnipath	omnipath					
GC	LRP2		0.9	nichenet_prior	NicheNet	omnipath	omnipath					
GCG	DPP4		0.9	nichenet_prior	NicheNet	omnipath	omnipath					
GDF1	BMPR1A		0.9	nichenet_prior	NicheNet	omnipath	omnipath					
GDF1	BMPR2		0.9	nichenet_prior	NicheNet	omnipath	omnipath					
GDF1	ACVR1		0.9	nichenet_prior	NicheNet	omnipath	omnipath					
GDF1	ACVR1B		0.9	nichenet_prior	NicheNet	omnipath	omnipath					
GDF1	ACVR2B		0.9	nichenet_prior	NicheNet	omnipath	omnipath					
GDF1	ACVR1C		0.9	nichenet_prior	NicheNet	omnipath	omnipath					
GDF1	ACVR2A		0.9	nichenet_prior	NicheNet	omnipath	omnipath					
GDF1	CFC1		0.9	nichenet_prior	NicheNet	omnipath	omnipath					
GDF10	BMPR2		0.9	nichenet_prior	NicheNet	omnipath	omnipath					
GDF10	ACVR1B		0.9	nichenet_prior	NicheNet	omnipath	omnipath					
GDF10	ACVR2B		0.9	nichenet_prior	NicheNet	omnipath	omnipath					
GDF10	ACVR2A		0.9	nichenet_prior	NicheNet	omnipath	omnipath					
GDF11	ACVR2B		0.9	nichenet_prior	NicheNet	omnipath	omnipath					
GDF11	ACVR1B		0.9	nichenet_prior	NicheNet	omnipath	omnipath					
GDF11	BMPR2		0.9	nichenet_prior	NicheNet	omnipath	omnipath					
GDF11	BMPR1A		0.9	nichenet_prior	NicheNet	omnipath	omnipath					
GDF11	BMPR1B		0.9	nichenet_prior	NicheNet	omnipath	omnipath					
GDF11	ACVR1C		0.9	nichenet_prior	NicheNet	omnipath	omnipath					
GDF11	ACVR2A		0.9	nichenet_prior	NicheNet	omnipath	omnipath					
GDF11	TGFBR1		0.9	nichenet_prior	NicheNet	omnipath	omnipath					
GDF15	GFRAL		0.9	nichenet_prior	NicheNet	omnipath	omnipath					
GDF15	ERBB2		0.9	nichenet_prior	NicheNet	omnipath	omnipath					
GDF15	RET		0.9	nichenet_prior	NicheNet	omnipath	omnipath					
GDF2	ACVR1		0.9	nichenet_prior	NicheNet	omnipath	omnipath					
GDF2	ACVR2B		0.9	nichenet_prior	NicheNet	omnipath	omnipath					
GDF2	ENG		0.9	nichenet_prior	NicheNet	omnipath	omnipath					
GDF2	ACVR2A		0.9	nichenet_prior	NicheNet	omnipath	omnipath					
GDF2	ACVRL1		0.9	nichenet_prior	NicheNet	omnipath	omnipath					
GDF2	BMPR2		0.9	nichenet_prior	NicheNet	omnipath	omnipath					
GDF3	TDGF1		0.9	nichenet_prior	NicheNet	omnipath	omnipath					
GDF3	ACVR1B		0.9	nichenet_prior	NicheNet	omnipath	omnipath					
GDF3	ACVR2A		0.9	nichenet_prior	NicheNet	omnipath	omnipath					
GDF3	ACVR1C		0.9	nichenet_prior	NicheNet	omnipath	omnipath					
GDF3	ACVR2B		0.9	nichenet_prior	NicheNet	omnipath	omnipath					
GDF3	CFC1		0.9	nichenet_prior	NicheNet	omnipath	omnipath					
GDF5	BMPR2		0.9	nichenet_prior	NicheNet	omnipath	omnipath					
GDF5	ACVR2B		0.9	nichenet_prior	NicheNet	omnipath	omnipath					
GDF5	BMPR1B		0.9	nichenet_prior	NicheNet	omnipath	omnipath					
GDF5	ROR2		0.9	nichenet_prior	NicheNet	omnipath	omnipath					
GDF5	ACVR1		0.9	nichenet_prior	NicheNet	omnipath	omnipath					
GDF5	BMPR1A		0.9	nichenet_prior	NicheNet	omnipath	omnipath					
GDF5	ACVR2A		0.9	nichenet_prior	NicheNet	omnipath	omnipath					
GDF6	BMPR2		0.9	nichenet_prior	NicheNet	omnipath	omnipath					
GDF6	BMPR1A		0.9	nichenet_prior	NicheNet	omnipath	omnipath					
GDF6	ACVR2A		0.9	nichenet_prior	NicheNet	omnipath	omnipath					
GDF6	ACVR2B		0.9	nichenet_prior	NicheNet	omnipath	omnipath					
GDF6	BMPR1B		0.9	nichenet_prior	NicheNet	omnipath	omnipath					
GDF7	ACVR2A		0.9	nichenet_prior	NicheNet	omnipath	omnipath					
GDF7	BMPR1B		0.9	nichenet_prior	NicheNet	omnipath	omnipath					
GDF7	ACVR2B		0.9	nichenet_prior	NicheNet	omnipath	omnipath					
GDF7	BMPR2		0.9	nichenet_prior	NicheNet	omnipath	omnipath					
GDF7	BMPR1A		0.9	nichenet_prior	NicheNet	omnipath	omnipath					
GDF9	BMPR1B		0.9	nichenet_prior	NicheNet	omnipath	omnipath					
GDF9	ACVR2A		0.9	nichenet_prior	NicheNet	omnipath	omnipath					
GDF9	BMPR1A		0.9	nichenet_prior	NicheNet	omnipath	omnipath					
GDF9	TGFBR1		0.9	nichenet_prior	NicheNet	omnipath	omnipath					
GDF9	BMPR2		0.9	nichenet_prior	NicheNet	omnipath	omnipath					
GDF9	FXYD6		0.9	nichenet_prior	NicheNet	omnipath	omnipath					
GDF9	ORAI2		0.9	nichenet_prior	NicheNet	omnipath	omnipath					
GDF9	ACVR1B		0.9	nichenet_prior	NicheNet	omnipath	omnipath					
GDNF	RET		0.9	nichenet_prior	NicheNet	omnipath	omnipath					
GDNF	GFRA2		0.9	nichenet_prior	NicheNet	omnipath	omnipath					
GDNF	NCAM1		0.9	nichenet_prior	NicheNet	omnipath	omnipath					
GDNF	GFRA1		0.9	nichenet_prior	NicheNet	omnipath	omnipath					
GGT1	CD81		0.9	nichenet_prior	NicheNet	omnipath	omnipath					
GGT1	CD82		0.9	nichenet_prior	NicheNet	omnipath	omnipath					
GGT1	CD53		0.9	nichenet_prior	NicheNet	omnipath	omnipath					
GH2	PRLR		0.9	nichenet_prior	NicheNet	nichenet_verschueren	nichenet_verschueren					
GH2	GHR		0.9	nichenet_prior	NicheNet	omnipath	omnipath					
GHRH	ADCYAP1R1		0.9	nichenet_prior	NicheNet	omnipath	omnipath					
GHRH	GPR20		0.9	nichenet_prior	NicheNet	omnipath	omnipath					
GHRH	TSHR		0.9	nichenet_prior	NicheNet	omnipath	omnipath					
GHRH	GPR84		0.9	nichenet_prior	NicheNet	omnipath	omnipath					
GHRH	RAMP3		0.9	nichenet_prior	NicheNet	omnipath	omnipath					
GHRH	RAMP2		0.9	nichenet_prior	NicheNet	omnipath	omnipath					
GHRH	ADRB2		0.9	nichenet_prior	NicheNet	omnipath	omnipath					
GHRH	PTH1R		0.9	nichenet_prior	NicheNet	omnipath	omnipath					
GHRH	ADRB3		0.9	nichenet_prior	NicheNet	omnipath	omnipath					
GHRH	DPP4		0.9	nichenet_prior	NicheNet	omnipath	omnipath					
GHRL	PTGER3		0.9	nichenet_prior	NicheNet	omnipath	omnipath					
GHRL	TBXA2R		0.9	nichenet_prior	NicheNet	omnipath	omnipath					
GHRL	MLNR		0.9	nichenet_prior	NicheNet	omnipath	omnipath					
GHRL	GHRHR		0.9	nichenet_prior	NicheNet	omnipath	omnipath					
GHRL	GPR39		0.9	nichenet_prior	NicheNet	omnipath	omnipath					
GIP	DPP4		0.9	nichenet_prior	NicheNet	omnipath	omnipath					
GJB2	GJB6		0.9	nichenet_prior	NicheNet	omnipath	omnipath					
GJB6	GJB2		0.9	nichenet_prior	NicheNet	omnipath	omnipath					
GLG1	SELE		0.9	nichenet_prior	NicheNet	omnipath	omnipath					
GLG1	MOG		0.9	nichenet_prior	NicheNet	omnipath	omnipath					
GLG1	UNC5B		0.9	nichenet_prior	NicheNet	omnipath	omnipath					
GNAS	ADCY1		0.9	nichenet_prior	NicheNet	omnipath	omnipath					
GNAS	ADCY5		0.9	nichenet_prior	NicheNet	omnipath	omnipath					
GNAS	ADCY2		0.9	nichenet_prior	NicheNet	omnipath	omnipath					
GNAS	ADRB2		0.9	nichenet_prior	NicheNet	omnipath	omnipath					
GNAS	ADRB3		0.9	nichenet_prior	NicheNet	omnipath	omnipath					
GNAS	AVPR2		0.9	nichenet_prior	NicheNet	omnipath	omnipath					
GNAS	PTGIR		0.9	nichenet_prior	NicheNet	omnipath	omnipath					
GNAS	HTR6		0.9	nichenet_prior	NicheNet	omnipath	omnipath					
GNAS	PTGDR		0.9	nichenet_prior	NicheNet	omnipath	omnipath					
GNAS	CRHR1		0.9	nichenet_prior	NicheNet	omnipath	omnipath					
GNAS	GCGR		0.9	nichenet_prior	NicheNet	omnipath	omnipath					
GNAS	TSHR		0.9	nichenet_prior	NicheNet	omnipath	omnipath					
GNAS	ADCY8		0.9	nichenet_prior	NicheNet	omnipath	omnipath					
GNAS	ADCY9		0.9	nichenet_prior	NicheNet	omnipath	omnipath					
GNAS	LHCGR		0.9	nichenet_prior	NicheNet	omnipath	omnipath					
GNAS	VIPR1		0.9	nichenet_prior	NicheNet	omnipath	omnipath					
GNAS	ADORA1		0.9	nichenet_prior	NicheNet	omnipath	omnipath					
GNAS	ADCY6		0.9	nichenet_prior	NicheNet	omnipath	omnipath					
GNRH1	CAMK2A		0.9	nichenet_prior	NicheNet	omnipath	omnipath					
GNRH2	GNRHR		0.9	nichenet_prior	NicheNet	omnipath	omnipath					
GNRH2	GNRHR2		0.9	nichenet_prior	NicheNet	omnipath	omnipath					
GP1BA	SELP		0.9	nichenet_prior	NicheNet	omnipath	omnipath					
GP1BA	ITGAM		0.9	nichenet_prior	NicheNet	omnipath	omnipath					
GP1BA	ITGB2		0.9	nichenet_prior	NicheNet	omnipath	omnipath					
GP5	ITGB2		0.9	nichenet_prior	NicheNet	omnipath	omnipath					
GP5	LAYN		0.9	nichenet_prior	NicheNet	omnipath	omnipath					
GP5	ITGAM		0.9	nichenet_prior	NicheNet	omnipath	omnipath					
GP5	SELP		0.9	nichenet_prior	NicheNet	omnipath	omnipath					
GPC3	DPP4		0.9	nichenet_prior	NicheNet	omnipath	omnipath					
GPC3	LRP1		0.9	nichenet_prior	NicheNet	omnipath	omnipath					
GPC3	CD81		0.9	nichenet_prior	NicheNet	omnipath	omnipath					
GPC3	LRP2		0.9	nichenet_prior	NicheNet	omnipath	omnipath					
GPC3	IGF1R		0.9	nichenet_prior	NicheNet	omnipath	omnipath					
GPC3	FGFR4		0.9	nichenet_prior	NicheNet	omnipath	omnipath					
GPC3	UNC5D		0.9	nichenet_prior	NicheNet	omnipath	omnipath					
GPC3	FLT1		0.9	nichenet_prior	NicheNet	omnipath	omnipath					
GPC3	UNC5C		0.9	nichenet_prior	NicheNet	omnipath	omnipath					
GPC3	VSIG10L		0.9	nichenet_prior	NicheNet	omnipath	omnipath					
GPC3	TNFRSF11B		0.9	nichenet_prior	NicheNet	omnipath	omnipath					
GPC6	FGFR4		0.9	nichenet_prior	NicheNet	nichenet_verschueren	nichenet_verschueren					
GPC6	TNFRSF11B		0.9	nichenet_prior	NicheNet	nichenet_verschueren	nichenet_verschueren					
GPC6	PTCH1		0.9	nichenet_prior	NicheNet	omnipath	omnipath					
GPC6	FGFRL1		0.9	nichenet_prior	NicheNet	omnipath	omnipath					
GPC6	LRP1		0.9	nichenet_prior	NicheNet	omnipath	omnipath					
GPC6	LRP2		0.9	nichenet_prior	NicheNet	omnipath	omnipath					
GPHA2	TSHR		0.9	nichenet_prior	NicheNet	omnipath	omnipath					
GPHA2	EPHA6		0.9	nichenet_prior	NicheNet	omnipath	omnipath					
GPHB5	TSHR		0.9	nichenet_prior	NicheNet	omnipath	omnipath					
GPI	AMFR		0.9	nichenet_prior	NicheNet	omnipath	omnipath					
GREM1	KDR		0.9	nichenet_prior	NicheNet	omnipath	omnipath					
GRN	TNFRSF1A		0.9	nichenet_prior	NicheNet	omnipath	omnipath					
GRN	EGFR		0.9	nichenet_prior	NicheNet	omnipath	omnipath					
GRN	TNFRSF1B		0.9	nichenet_prior	NicheNet	omnipath	omnipath					
GRN	CLEC4M		0.9	nichenet_prior	NicheNet	omnipath	omnipath					
GRP	BRS3		0.9	nichenet_prior	NicheNet	omnipath	omnipath					
GRP	FAP		0.9	nichenet_prior	NicheNet	omnipath	omnipath					
GSTP1	TRAF2		0.9	nichenet_prior	NicheNet	nichenet_verschueren	nichenet_verschueren					
GUCA2B	GUCY2D		0.9	nichenet_prior	NicheNet	omnipath	omnipath					
GUCY2D	NECTIN3		0.9	nichenet_prior	NicheNet	omnipath	omnipath					
GUCY2D	NECTIN4		0.9	nichenet_prior	NicheNet	omnipath	omnipath					
GZMB	IGF2R		0.9	nichenet_prior	NicheNet	omnipath	omnipath					
GZMB	CHRM3		0.9	nichenet_prior	NicheNet	omnipath	omnipath					
GZMB	MCL1		0.9	nichenet_prior	NicheNet	omnipath	omnipath					
HAPLN1	MPIG6B		0.9	nichenet_prior	NicheNet	omnipath	omnipath					
HAPLN1	PRTG		0.9	nichenet_prior	NicheNet	omnipath	omnipath					
HAPLN1	IGDCC4		0.9	nichenet_prior	NicheNet	omnipath	omnipath					
HAPLN1	IL1RL1		0.9	nichenet_prior	NicheNet	omnipath	omnipath					
HAPLN1	ADGRA2		0.9	nichenet_prior	NicheNet	omnipath	omnipath					
HAPLN1	AGER		0.9	nichenet_prior	NicheNet	omnipath	omnipath					
HAPLN1	TREML2		0.9	nichenet_prior	NicheNet	omnipath	omnipath					
HAPLN1	TNFRSF11B		0.9	nichenet_prior	NicheNet	omnipath	omnipath					
HAS1	CD44		0.9	nichenet_prior	NicheNet	omnipath	omnipath					
HAS2	HMMR		0.9	nichenet_prior	NicheNet	nichenet_verschueren	nichenet_verschueren					
HAS2	CD44		0.9	nichenet_prior	NicheNet	omnipath	omnipath					
HAS2	ERBB2		0.9	nichenet_prior	NicheNet	omnipath	omnipath					
HAS2	EZR		0.9	nichenet_prior	NicheNet	omnipath	omnipath					
HAVCR1	TIMD4		0.9	nichenet_prior	NicheNet	omnipath	omnipath					
HAVCR1	CD300LB		0.9	nichenet_prior	NicheNet	omnipath	omnipath					
HAVCR1	BTN3A3		0.9	nichenet_prior	NicheNet	omnipath	omnipath					
HAVCR1	SIGLEC1		0.9	nichenet_prior	NicheNet	omnipath	omnipath					
HAVCR1	IGSF21		0.9	nichenet_prior	NicheNet	omnipath	omnipath					
HBEGF	MOG		0.9	nichenet_prior	NicheNet	nichenet_verschueren	nichenet_verschueren					
HBEGF	CD6		0.9	nichenet_prior	NicheNet	nichenet_verschueren	nichenet_verschueren					
HBEGF	CD44		0.9	nichenet_prior	NicheNet	omnipath	omnipath					
HBEGF	CD9		0.9	nichenet_prior	NicheNet	omnipath	omnipath					
HBEGF	ERBB2		0.9	nichenet_prior	NicheNet	omnipath	omnipath					
HBEGF	CD82		0.9	nichenet_prior	NicheNet	omnipath	omnipath					
HCRT	NPFFR2		0.9	nichenet_prior	NicheNet	omnipath	omnipath					
HEBP1	FPR2		0.9	nichenet_prior	NicheNet	nichenet_verschueren	nichenet_verschueren					
HEBP1	FPR3		0.9	nichenet_prior	NicheNet	nichenet_verschueren	nichenet_verschueren					
HGF	CD44		0.9	nichenet_prior	NicheNet	omnipath	omnipath					
HGF	SDC1		0.9	nichenet_prior	NicheNet	omnipath	omnipath					
HGF	SDC2		0.9	nichenet_prior	NicheNet	omnipath	omnipath					
HGF	ST14		0.9	nichenet_prior	NicheNet	omnipath	omnipath					
HHIPL2	CACHD1		0.9	nichenet_prior	NicheNet	omnipath	omnipath					
HHLA2	KIR3DL3		0.9	nichenet_prior	NicheNet	nichenet_verschueren	nichenet_verschueren					
HHLA2	TMIGD2		0.9	nichenet_prior	NicheNet	omnipath	omnipath					
HHLA2	VSTM2B		0.9	nichenet_prior	NicheNet	omnipath	omnipath					
HHLA2	VSIG8		0.9	nichenet_prior	NicheNet	omnipath	omnipath					
HJV	NEO1		0.9	nichenet_prior	NicheNet	nichenet_verschueren	nichenet_verschueren					
HLA-A	LILRB1		0.9	nichenet_prior	NicheNet	omnipath	omnipath					
HLA-A	KIR3DL2		0.9	nichenet_prior	NicheNet	omnipath	omnipath					
HLA-A	APLP2		0.9	nichenet_prior	NicheNet	omnipath	omnipath					
HLA-A	ERBB2		0.9	nichenet_prior	NicheNet	omnipath	omnipath					
HLA-A	LILRB2		0.9	nichenet_prior	NicheNet	omnipath	omnipath					
HLA-A	KLRD1		0.9	nichenet_prior	NicheNet	omnipath	omnipath					
HLA-B	LILRB1		0.9	nichenet_prior	NicheNet	omnipath	omnipath					
HLA-B	KIR3DL1		0.9	nichenet_prior	NicheNet	omnipath	omnipath					
HLA-B	KIR2DL3		0.9	nichenet_prior	NicheNet	omnipath	omnipath					
HLA-B	KLRD1		0.9	nichenet_prior	NicheNet	omnipath	omnipath					
HLA-B	LILRB2		0.9	nichenet_prior	NicheNet	omnipath	omnipath					
HLA-C	LILRB1		0.9	nichenet_prior	NicheNet	omnipath	omnipath					
HLA-C	LILRB2		0.9	nichenet_prior	NicheNet	omnipath	omnipath					
HLA-C	LILRA3		0.9	nichenet_prior	NicheNet	omnipath	omnipath					
HLA-DMA	CD74		0.9	nichenet_prior	NicheNet	omnipath	omnipath					
HLA-DMB	CD74		0.9	nichenet_prior	NicheNet	omnipath	omnipath					
HLA-DPB1	LAG3		0.9	nichenet_prior	NicheNet	omnipath	omnipath					
HLA-DQA1	LAG3		0.9	nichenet_prior	NicheNet	omnipath	omnipath					
HLA-DQA2	LAG3		0.9	nichenet_prior	NicheNet	omnipath	omnipath					
HLA-DQB1	LAG3		0.9	nichenet_prior	NicheNet	omnipath	omnipath					
HLA-DQB2	LAG3		0.9	nichenet_prior	NicheNet	omnipath	omnipath					
HLA-DRA	LAG3		0.9	nichenet_prior	NicheNet	omnipath	omnipath					
HLA-DRA	CD82		0.9	nichenet_prior	NicheNet	omnipath	omnipath					
HLA-DRA	CD19		0.9	nichenet_prior	NicheNet	omnipath	omnipath					
HLA-DRA	CD53		0.9	nichenet_prior	NicheNet	omnipath	omnipath					
HLA-DRA	CD9		0.9	nichenet_prior	NicheNet	omnipath	omnipath					
HLA-DRA	CD63		0.9	nichenet_prior	NicheNet	omnipath	omnipath					
HLA-DRA	CR2		0.9	nichenet_prior	NicheNet	omnipath	omnipath					
HLA-DRA	CD37		0.9	nichenet_prior	NicheNet	omnipath	omnipath					
HLA-DRA	CD81		0.9	nichenet_prior	NicheNet	omnipath	omnipath					
HLA-DRB1	LAG3		0.9	nichenet_prior	NicheNet	omnipath	omnipath					
HLA-DRB1	CR2		0.9	nichenet_prior	NicheNet	omnipath	omnipath					
HLA-DRB1	CD82		0.9	nichenet_prior	NicheNet	omnipath	omnipath					
HLA-DRB1	CD81		0.9	nichenet_prior	NicheNet	omnipath	omnipath					
HLA-DRB1	CD19		0.9	nichenet_prior	NicheNet	omnipath	omnipath					
HLA-DRB1	CD37		0.9	nichenet_prior	NicheNet	omnipath	omnipath					
HLA-DRB1	CD53		0.9	nichenet_prior	NicheNet	omnipath	omnipath					
HLA-DRB3	LAG3		0.9	nichenet_prior	NicheNet	omnipath	omnipath					
HLA-DRB4	LAG3		0.9	nichenet_prior	NicheNet	omnipath	omnipath					
HLA-DRB5	LAG3		0.9	nichenet_prior	NicheNet	omnipath	omnipath					
HLA-E	KLRD1		0.9	nichenet_prior	NicheNet	omnipath	omnipath					
HLA-E	KLRC3		0.9	nichenet_prior	NicheNet	omnipath	omnipath					
HLA-F	LILRB2		0.9	nichenet_prior	NicheNet	omnipath	omnipath					
HLA-F	KIR2DS4		0.9	nichenet_prior	NicheNet	omnipath	omnipath					
HLA-G	KIR2DL4		0.9	nichenet_prior	NicheNet	omnipath	omnipath					
HLA-G	KLRC1		0.9	nichenet_prior	NicheNet	omnipath	omnipath					
HLA-G	KLRD1		0.9	nichenet_prior	NicheNet	omnipath	omnipath					
HLA-G	KIR3DL1		0.9	nichenet_prior	NicheNet	omnipath	omnipath					
HMGB1	TLR4		0.9	nichenet_prior	NicheNet	omnipath	omnipath					
HMGB1	AGER		0.9	nichenet_prior	NicheNet	omnipath	omnipath					
HMGB1	HAVCR2		0.9	nichenet_prior	NicheNet	omnipath	omnipath					
HMGB1	SDC1		0.9	nichenet_prior	NicheNet	omnipath	omnipath					
HMGB1	TLR9		0.9	nichenet_prior	NicheNet	omnipath	omnipath					
HMGB1	THBD		0.9	nichenet_prior	NicheNet	omnipath	omnipath					
HMGB1	CXCR4		0.9	nichenet_prior	NicheNet	omnipath	omnipath					
HMGB1	CD163		0.9	nichenet_prior	NicheNet	omnipath	omnipath					
HMGB1	TLR2		0.9	nichenet_prior	NicheNet	omnipath	omnipath					
HP	APOA1		0.9	nichenet_prior	NicheNet	omnipath	omnipath					
HP	ITGAM		0.9	nichenet_prior	NicheNet	omnipath	omnipath					
HP	ITGB2		0.9	nichenet_prior	NicheNet	omnipath	omnipath					
HP	TLR4		0.9	nichenet_prior	NicheNet	omnipath	omnipath					
HP	CD163		0.9	nichenet_prior	NicheNet	omnipath	omnipath					
HP	CD22		0.9	nichenet_prior	NicheNet	omnipath	omnipath					
HP	ASGR1		0.9	nichenet_prior	NicheNet	omnipath	omnipath					
HP	ASGR2		0.9	nichenet_prior	NicheNet	omnipath	omnipath					
HPX	LRP1		0.9	nichenet_prior	NicheNet	omnipath	omnipath					
HRG	ERBB2		0.9	nichenet_prior	NicheNet	omnipath	omnipath					
HRG	FCGR1A		0.9	nichenet_prior	NicheNet	omnipath	omnipath					
HRG	ERBB3		0.9	nichenet_prior	NicheNet	omnipath	omnipath					
HSP90B1	LRP1		0.9	nichenet_prior	NicheNet	nichenet_verschueren	nichenet_verschueren					
HSPG2	PTPRS		0.9	nichenet_prior	NicheNet	omnipath	omnipath					
HSPG2	SDC1		0.9	nichenet_prior	NicheNet	omnipath	omnipath					
HSPG2	ITGB1		0.9	nichenet_prior	NicheNet	omnipath	omnipath					
HSPG2	COL13A1		0.9	nichenet_prior	NicheNet	omnipath	omnipath					
HSPG2	FGFR1		0.9	nichenet_prior	NicheNet	omnipath	omnipath					
HSPG2	LRP1		0.9	nichenet_prior	NicheNet	omnipath	omnipath					
HSPG2	LRP2		0.9	nichenet_prior	NicheNet	omnipath	omnipath					
HSPG2	ITGA2		0.9	nichenet_prior	NicheNet	omnipath	omnipath					
IAPP	RAMP1		0.9	nichenet_prior	NicheNet	omnipath	omnipath					
IAPP	RAMP2		0.9	nichenet_prior	NicheNet	omnipath	omnipath					
IAPP	RAMP3		0.9	nichenet_prior	NicheNet	omnipath	omnipath					
IBSP	ITGB3		0.9	nichenet_prior	NicheNet	omnipath	omnipath					
IBSP	ITGAV		0.9	nichenet_prior	NicheNet	omnipath	omnipath					
IBSP	ITGB5		0.9	nichenet_prior	NicheNet	omnipath	omnipath					
ICAM1	ITGAX		0.9	nichenet_prior	NicheNet	omnipath	omnipath					
ICAM1	ITGAM		0.9	nichenet_prior	NicheNet	omnipath	omnipath					
ICAM1	EGFR		0.9	nichenet_prior	NicheNet	omnipath	omnipath					
ICAM1	IL2RA		0.9	nichenet_prior	NicheNet	omnipath	omnipath					
ICAM1	ITGB2		0.9	nichenet_prior	NicheNet	omnipath	omnipath					
ICAM1	IL2RG		0.9	nichenet_prior	NicheNet	omnipath	omnipath					
ICAM1	EZR		0.9	nichenet_prior	NicheNet	omnipath	omnipath					
ICAM1	MSN		0.9	nichenet_prior	NicheNet	omnipath	omnipath					
ICAM1	CDH5		0.9	nichenet_prior	NicheNet	omnipath	omnipath					
ICAM2	ITGAM		0.9	nichenet_prior	NicheNet	omnipath	omnipath					
ICAM2	ITGAL		0.9	nichenet_prior	NicheNet	omnipath	omnipath					
ICAM2	ITGB2		0.9	nichenet_prior	NicheNet	omnipath	omnipath					
ICAM3	CD209		0.9	nichenet_prior	NicheNet	omnipath	omnipath					
ICAM3	ITGAL		0.9	nichenet_prior	NicheNet	omnipath	omnipath					
ICAM3	ITGB2		0.9	nichenet_prior	NicheNet	omnipath	omnipath					
ICAM3	CLEC4M		0.9	nichenet_prior	NicheNet	omnipath	omnipath					
ICAM3	ITGAD		0.9	nichenet_prior	NicheNet	omnipath	omnipath					
ICAM4	ITGAM		0.9	nichenet_prior	NicheNet	omnipath	omnipath					
ICAM4	ITGAL		0.9	nichenet_prior	NicheNet	omnipath	omnipath					
ICAM4	ITGA4		0.9	nichenet_prior	NicheNet	omnipath	omnipath					
ICAM4	ITGB3		0.9	nichenet_prior	NicheNet	omnipath	omnipath					
ICAM4	ITGB2		0.9	nichenet_prior	NicheNet	omnipath	omnipath					
ICAM4	ITGB1		0.9	nichenet_prior	NicheNet	omnipath	omnipath					
ICAM4	RHAG		0.9	nichenet_prior	NicheNet	omnipath	omnipath					
ICAM4	ITGAV		0.9	nichenet_prior	NicheNet	omnipath	omnipath					
ICAM4	ITGA2B		0.9	nichenet_prior	NicheNet	omnipath	omnipath					
ICAM5	ITGAL		0.9	nichenet_prior	NicheNet	omnipath	omnipath					
ICAM5	ITGB2		0.9	nichenet_prior	NicheNet	omnipath	omnipath					
ICAM5	PRTG		0.9	nichenet_prior	NicheNet	omnipath	omnipath					
ICAM5	IGDCC4		0.9	nichenet_prior	NicheNet	omnipath	omnipath					
ICOSLG	NTM		0.9	nichenet_prior	NicheNet	omnipath	omnipath					
IFITM1	CD81		0.9	nichenet_prior	NicheNet	omnipath	omnipath					
IFNA1	IFNAR1		0.9	nichenet_prior	NicheNet	nichenet_verschueren	nichenet_verschueren					
IFNA1	IFNAR2		0.9	nichenet_prior	NicheNet	nichenet_verschueren	nichenet_verschueren					
IFNA10	IFNAR1		0.9	nichenet_prior	NicheNet	omnipath	omnipath					
IFNA10	IFNAR2		0.9	nichenet_prior	NicheNet	omnipath	omnipath					
IFNA13	IFNAR1		0.9	nichenet_prior	NicheNet	omnipath	omnipath					
IFNA13	IFNAR2		0.9	nichenet_prior	NicheNet	omnipath	omnipath					
IFNA13	CR2		0.9	nichenet_prior	NicheNet	omnipath	omnipath					
IFNA14	IFNAR1		0.9	nichenet_prior	NicheNet	omnipath	omnipath					
IFNA14	IFNAR2		0.9	nichenet_prior	NicheNet	omnipath	omnipath					
IFNA16	IFNAR1		0.9	nichenet_prior	NicheNet	omnipath	omnipath					
IFNA16	IFNAR2		0.9	nichenet_prior	NicheNet	omnipath	omnipath					
IFNA17	IFNAR1		0.9	nichenet_prior	NicheNet	omnipath	omnipath					
IFNA17	IFNAR2		0.9	nichenet_prior	NicheNet	omnipath	omnipath					
IFNA2	IFNAR1		0.9	nichenet_prior	NicheNet	omnipath	omnipath					
IFNA2	IFNAR2		0.9	nichenet_prior	NicheNet	omnipath	omnipath					
IFNA2	CR2		0.9	nichenet_prior	NicheNet	omnipath	omnipath					
IFNA21	IFNAR1		0.9	nichenet_prior	NicheNet	omnipath	omnipath					
IFNA21	IFNAR2		0.9	nichenet_prior	NicheNet	omnipath	omnipath					
IFNA4	IFNAR1		0.9	nichenet_prior	NicheNet	omnipath	omnipath					
IFNA4	IFNAR2		0.9	nichenet_prior	NicheNet	omnipath	omnipath					
IFNA5	IFNAR1		0.9	nichenet_prior	NicheNet	omnipath	omnipath					
IFNA5	IFNAR2		0.9	nichenet_prior	NicheNet	omnipath	omnipath					
IFNA6	IFNAR1		0.9	nichenet_prior	NicheNet	omnipath	omnipath					
IFNA6	IFNAR2		0.9	nichenet_prior	NicheNet	omnipath	omnipath					
IFNA7	IFNAR1		0.9	nichenet_prior	NicheNet	omnipath	omnipath					
IFNA7	IFNAR2		0.9	nichenet_prior	NicheNet	omnipath	omnipath					
IFNA8	IFNAR1		0.9	nichenet_prior	NicheNet	omnipath	omnipath					
IFNA8	IFNAR2		0.9	nichenet_prior	NicheNet	omnipath	omnipath					
IFNB1	IFNAR1		0.9	nichenet_prior	NicheNet	omnipath	omnipath					
IFNB1	IFNAR2		0.9	nichenet_prior	NicheNet	omnipath	omnipath					
IFNE	IFNAR1		0.9	nichenet_prior	NicheNet	omnipath	omnipath					
IFNE	IFNAR2		0.9	nichenet_prior	NicheNet	omnipath	omnipath					
IFNE	ADGRV1		0.9	nichenet_prior	NicheNet	omnipath	omnipath					
IFNG	IFNGR1		0.9	nichenet_prior	NicheNet	omnipath	omnipath					
IFNG	IFNGR2		0.9	nichenet_prior	NicheNet	omnipath	omnipath					
IFNK	IFNAR1		0.9	nichenet_prior	NicheNet	omnipath	omnipath					
IFNK	IFNAR2		0.9	nichenet_prior	NicheNet	omnipath	omnipath					
IFNL1	IL10RB		0.9	nichenet_prior	NicheNet	omnipath	omnipath					
IFNL1	IFNLR1		0.9	nichenet_prior	NicheNet	omnipath	omnipath					
IFNL2	IL10RB		0.9	nichenet_prior	NicheNet	omnipath	omnipath					
IFNL2	IFNLR1		0.9	nichenet_prior	NicheNet	omnipath	omnipath					
IFNL3	IL10RB		0.9	nichenet_prior	NicheNet	omnipath	omnipath					
IFNL3	IFNLR1		0.9	nichenet_prior	NicheNet	omnipath	omnipath					
IFNL4	IFNLR1		0.9	nichenet_prior	NicheNet	omnipath	omnipath					
IFNL4	IL10RB		0.9	nichenet_prior	NicheNet	omnipath	omnipath					
IFNW1	IFNAR1		0.9	nichenet_prior	NicheNet	omnipath	omnipath					
IFNW1	IFNAR2		0.9	nichenet_prior	NicheNet	omnipath	omnipath					
IGF1	TRPV2		0.9	nichenet_prior	NicheNet	nichenet_verschueren	nichenet_verschueren					
IGF1	INSR		0.9	nichenet_prior	NicheNet	omnipath	omnipath					
IGF1	ITGAV		0.9	nichenet_prior	NicheNet	omnipath	omnipath					
IGF1	ITGB3		0.9	nichenet_prior	NicheNet	omnipath	omnipath					
IGF1	ITGA6		0.9	nichenet_prior	NicheNet	omnipath	omnipath					
IGF1	ITGB4		0.9	nichenet_prior	NicheNet	omnipath	omnipath					
IGF2	INSR		0.9	nichenet_prior	NicheNet	omnipath	omnipath					
IGF2	ITGAV		0.9	nichenet_prior	NicheNet	omnipath	omnipath					
IGF2	ITGB3		0.9	nichenet_prior	NicheNet	omnipath	omnipath					
IGF2	ITGA6		0.9	nichenet_prior	NicheNet	omnipath	omnipath					
IGF2	ITGB4		0.9	nichenet_prior	NicheNet	omnipath	omnipath					
IGFBP3	EGFR		0.9	nichenet_prior	NicheNet	omnipath	omnipath					
IGFBP4	FZD8		0.9	nichenet_prior	NicheNet	omnipath	omnipath					
IGFBP4	LRP6		0.9	nichenet_prior	NicheNet	omnipath	omnipath					
IGFBP7	MPIG6B		0.9	nichenet_prior	NicheNet	omnipath	omnipath					
IGFBPL1	DCC		0.9	nichenet_prior	NicheNet	omnipath	omnipath					
IGFL1	IGFLR1		0.9	nichenet_prior	NicheNet	omnipath	omnipath					
IGFL2	IGFLR1		0.9	nichenet_prior	NicheNet	omnipath	omnipath					
IGSF10	IGSF11		0.9	nichenet_prior	NicheNet	omnipath	omnipath					
IGSF10	CD200R1L		0.9	nichenet_prior	NicheNet	omnipath	omnipath					
IGSF10	MILR1		0.9	nichenet_prior	NicheNet	omnipath	omnipath					
IGSF10	SLAMF9		0.9	nichenet_prior	NicheNet	omnipath	omnipath					
IGSF10	MAG		0.9	nichenet_prior	NicheNet	omnipath	omnipath					
IGSF11	TMEM190		0.9	nichenet_prior	NicheNet	nichenet_verschueren	nichenet_verschueren					
IGSF11	VSIR		0.9	nichenet_prior	NicheNet	omnipath	omnipath					
IGSF11	CLEC2L		0.9	nichenet_prior	NicheNet	omnipath	omnipath					
IGSF21	CSF3R		0.9	nichenet_prior	NicheNet	nichenet_verschueren	nichenet_verschueren					
IGSF21	CD22		0.9	nichenet_prior	NicheNet	nichenet_verschueren	nichenet_verschueren					
IGSF21	CD79B		0.9	nichenet_prior	NicheNet	nichenet_verschueren	nichenet_verschueren					
IGSF21	KIR2DS5		0.9	nichenet_prior	NicheNet	nichenet_verschueren	nichenet_verschueren					
IGSF21	NRXN2		0.9	nichenet_prior	NicheNet	nichenet_verschueren	nichenet_verschueren					
IGSF21	HAVCR1		0.9	nichenet_prior	NicheNet	nichenet_verschueren	nichenet_verschueren					
IGSF21	IYD		0.9	nichenet_prior	NicheNet	omnipath	omnipath					
IGSF21	ILDR2		0.9	nichenet_prior	NicheNet	omnipath	omnipath					
IGSF21	MUC15		0.9	nichenet_prior	NicheNet	omnipath	omnipath					
IGSF3	PTGFRN		0.9	nichenet_prior	NicheNet	omnipath	omnipath					
IHH	PTCH2		0.9	nichenet_prior	NicheNet	omnipath	omnipath					
IHH	PTCH1		0.9	nichenet_prior	NicheNet	omnipath	omnipath					
IHH	HHIP		0.9	nichenet_prior	NicheNet	omnipath	omnipath					
IHH	BOC		0.9	nichenet_prior	NicheNet	omnipath	omnipath					
IHH	CDON		0.9	nichenet_prior	NicheNet	omnipath	omnipath					
IL10	IL10RA		0.9	nichenet_prior	NicheNet	omnipath	omnipath					
IL10	IL10RB		0.9	nichenet_prior	NicheNet	omnipath	omnipath					
IL11	IL11RA		0.9	nichenet_prior	NicheNet	omnipath	omnipath					
IL11	IL6ST		0.9	nichenet_prior	NicheNet	omnipath	omnipath					
IL11	IL6R		0.9	nichenet_prior	NicheNet	omnipath	omnipath					
IL12A	IL12RB1		0.9	nichenet_prior	NicheNet	omnipath	omnipath					
IL12A	IL12RB2		0.9	nichenet_prior	NicheNet	omnipath	omnipath					
IL12A	CD28		0.9	nichenet_prior	NicheNet	omnipath	omnipath					
IL12B	IL12RB1		0.9	nichenet_prior	NicheNet	omnipath	omnipath					
IL12B	IL12RB2		0.9	nichenet_prior	NicheNet	omnipath	omnipath					
IL12B	IL23R		0.9	nichenet_prior	NicheNet	omnipath	omnipath					
IL12B	BOC		0.9	nichenet_prior	NicheNet	omnipath	omnipath					
IL13	IL4R		0.9	nichenet_prior	NicheNet	omnipath	omnipath					
IL13	IL2RG		0.9	nichenet_prior	NicheNet	omnipath	omnipath					
IL15	IL15RA		0.9	nichenet_prior	NicheNet	omnipath	omnipath					
IL15	IL2RG		0.9	nichenet_prior	NicheNet	omnipath	omnipath					
IL15	IL2RB		0.9	nichenet_prior	NicheNet	omnipath	omnipath					
IL15	IL2RA		0.9	nichenet_prior	NicheNet	omnipath	omnipath					
IL16	CD9		0.9	nichenet_prior	NicheNet	omnipath	omnipath					
IL16	GRIN2B		0.9	nichenet_prior	NicheNet	omnipath	omnipath					
IL16	KCNJ4		0.9	nichenet_prior	NicheNet	omnipath	omnipath					
IL16	KCNJ15		0.9	nichenet_prior	NicheNet	omnipath	omnipath					
IL16	KCNA3		0.9	nichenet_prior	NicheNet	omnipath	omnipath					
IL16	KCNJ10		0.9	nichenet_prior	NicheNet	omnipath	omnipath					
IL16	KCND2		0.9	nichenet_prior	NicheNet	omnipath	omnipath					
IL16	GRIN2A		0.9	nichenet_prior	NicheNet	omnipath	omnipath					
IL16	KCND1		0.9	nichenet_prior	NicheNet	omnipath	omnipath					
IL16	GRIN2D		0.9	nichenet_prior	NicheNet	omnipath	omnipath					
IL16	GRIN2C		0.9	nichenet_prior	NicheNet	omnipath	omnipath					
IL17A	IL17RC		0.9	nichenet_prior	NicheNet	omnipath	omnipath					
IL17A	IL17RA		0.9	nichenet_prior	NicheNet	omnipath	omnipath					
IL17C	IL17RE		0.9	nichenet_prior	NicheNet	omnipath	omnipath					
IL17C	IL17RA		0.9	nichenet_prior	NicheNet	omnipath	omnipath					
IL17F	IL17RC		0.9	nichenet_prior	NicheNet	omnipath	omnipath					
IL17F	IL17RA		0.9	nichenet_prior	NicheNet	omnipath	omnipath					
IL18	IL18R1		0.9	nichenet_prior	NicheNet	omnipath	omnipath					
IL18	IL18RAP		0.9	nichenet_prior	NicheNet	omnipath	omnipath					
IL18	IL1RAPL1		0.9	nichenet_prior	NicheNet	omnipath	omnipath					
IL18	IL1RL2		0.9	nichenet_prior	NicheNet	omnipath	omnipath					
IL18BP	KIR3DL3		0.9	nichenet_prior	NicheNet	omnipath	omnipath					
IL18BP	IL6R		0.9	nichenet_prior	NicheNet	omnipath	omnipath					
IL18BP	LILRA3		0.9	nichenet_prior	NicheNet	omnipath	omnipath					
IL18BP	MAG		0.9	nichenet_prior	NicheNet	omnipath	omnipath					
IL19	IL20RA		0.9	nichenet_prior	NicheNet	omnipath	omnipath					
IL19	IL20RB		0.9	nichenet_prior	NicheNet	omnipath	omnipath					
IL1A	IL1R1		0.9	nichenet_prior	NicheNet	omnipath	omnipath					
IL1A	IL1RAP		0.9	nichenet_prior	NicheNet	omnipath	omnipath					
IL1B	IL1R1		0.9	nichenet_prior	NicheNet	omnipath	omnipath					
IL1B	IL1RAP		0.9	nichenet_prior	NicheNet	omnipath	omnipath					
IL1B	ADRB2		0.9	nichenet_prior	NicheNet	omnipath	omnipath					
IL1B	IL12RB2		0.9	nichenet_prior	NicheNet	omnipath	omnipath					
IL1F10	IL1RAPL1		0.9	nichenet_prior	NicheNet	omnipath	omnipath					
IL1F10	IL1RL2		0.9	nichenet_prior	NicheNet	omnipath	omnipath					
IL1F10	IL1RAPL2		0.9	nichenet_prior	NicheNet	omnipath	omnipath					
IL1F10	SIGIRR		0.9	nichenet_prior	NicheNet	omnipath	omnipath					
IL1F10	IL1R1		0.9	nichenet_prior	NicheNet	omnipath	omnipath					
IL1RN	IL1R1		0.9	nichenet_prior	NicheNet	omnipath	omnipath					
IL1RN	IL1R2		0.9	nichenet_prior	NicheNet	omnipath	omnipath					
IL1RN	IL1RL2		0.9	nichenet_prior	NicheNet	omnipath	omnipath					
IL2	IL2RG		0.9	nichenet_prior	NicheNet	omnipath	omnipath					
IL2	IL2RA		0.9	nichenet_prior	NicheNet	omnipath	omnipath					
IL2	IL2RB		0.9	nichenet_prior	NicheNet	omnipath	omnipath					
IL2	CD53		0.9	nichenet_prior	NicheNet	omnipath	omnipath					
IL2	NGFR		0.9	nichenet_prior	NicheNet	omnipath	omnipath					
IL20	IL22RA1		0.9	nichenet_prior	NicheNet	omnipath	omnipath					
IL20	IL20RA		0.9	nichenet_prior	NicheNet	omnipath	omnipath					
IL20	IL20RB		0.9	nichenet_prior	NicheNet	omnipath	omnipath					
IL21	IL21R		0.9	nichenet_prior	NicheNet	omnipath	omnipath					
IL21	IL2RG		0.9	nichenet_prior	NicheNet	omnipath	omnipath					
IL21	IL4R		0.9	nichenet_prior	NicheNet	omnipath	omnipath					
IL22	IL10RB		0.9	nichenet_prior	NicheNet	omnipath	omnipath					
IL22	IL20RA		0.9	nichenet_prior	NicheNet	omnipath	omnipath					
IL22	IL22RA2		0.9	nichenet_prior	NicheNet	omnipath	omnipath					
IL22	IL22RA1		0.9	nichenet_prior	NicheNet	omnipath	omnipath					
IL22	IL10RA		0.9	nichenet_prior	NicheNet	omnipath	omnipath					
IL22	IL20RB		0.9	nichenet_prior	NicheNet	omnipath	omnipath					
IL23A	IL12RB1		0.9	nichenet_prior	NicheNet	omnipath	omnipath					
IL23A	IL23R		0.9	nichenet_prior	NicheNet	omnipath	omnipath					
IL23A	IL12RB2		0.9	nichenet_prior	NicheNet	omnipath	omnipath					
IL23A	LILRA1		0.9	nichenet_prior	NicheNet	omnipath	omnipath					
IL23A	SIGLEC6		0.9	nichenet_prior	NicheNet	omnipath	omnipath					
IL23A	LILRB2		0.9	nichenet_prior	NicheNet	omnipath	omnipath					
IL23A	GP6		0.9	nichenet_prior	NicheNet	omnipath	omnipath					
IL24	IL22RA1		0.9	nichenet_prior	NicheNet	omnipath	omnipath					
IL24	IL20RA		0.9	nichenet_prior	NicheNet	omnipath	omnipath					
IL24	IL20RB		0.9	nichenet_prior	NicheNet	omnipath	omnipath					
IL24	IL10RB		0.9	nichenet_prior	NicheNet	omnipath	omnipath					
IL25	IL17RB		0.9	nichenet_prior	NicheNet	omnipath	omnipath					
IL25	IL17RA		0.9	nichenet_prior	NicheNet	omnipath	omnipath					
IL26	IL20RA		0.9	nichenet_prior	NicheNet	omnipath	omnipath					
IL26	IL10RB		0.9	nichenet_prior	NicheNet	omnipath	omnipath					
IL26	IL20RB		0.9	nichenet_prior	NicheNet	omnipath	omnipath					
IL27	IL27RA		0.9	nichenet_prior	NicheNet	omnipath	omnipath					
IL3	IL3RA		0.9	nichenet_prior	NicheNet	omnipath	omnipath					
IL3	CSF2RB		0.9	nichenet_prior	NicheNet	omnipath	omnipath					
IL3	CSF2RA		0.9	nichenet_prior	NicheNet	omnipath	omnipath					
IL3	BCL2		0.9	nichenet_prior	NicheNet	omnipath	omnipath					
IL31	OSMR		0.9	nichenet_prior	NicheNet	omnipath	omnipath					
IL31	IL31RA		0.9	nichenet_prior	NicheNet	omnipath	omnipath					
IL32	ITGB3		0.9	nichenet_prior	NicheNet	omnipath	omnipath					
IL33	IL1RL1		0.9	nichenet_prior	NicheNet	omnipath	omnipath					
IL33	IL1RAP		0.9	nichenet_prior	NicheNet	omnipath	omnipath					
IL34	PTPRZ1		0.9	nichenet_prior	NicheNet	omnipath	omnipath					
IL36A	IL1RAP		0.9	nichenet_prior	NicheNet	omnipath	omnipath					
IL36A	IL1RL2		0.9	nichenet_prior	NicheNet	omnipath	omnipath					
IL36B	IL1RAP		0.9	nichenet_prior	NicheNet	omnipath	omnipath					
IL36B	IL1RL2		0.9	nichenet_prior	NicheNet	omnipath	omnipath					
IL36G	IFNAR1		0.9	nichenet_prior	NicheNet	omnipath	omnipath					
IL36G	IFNAR2		0.9	nichenet_prior	NicheNet	omnipath	omnipath					
IL36G	IL1RAP		0.9	nichenet_prior	NicheNet	omnipath	omnipath					
IL36G	IL1RL2		0.9	nichenet_prior	NicheNet	omnipath	omnipath					
IL36RN	IL1RAP		0.9	nichenet_prior	NicheNet	omnipath	omnipath					
IL36RN	IL1RL2		0.9	nichenet_prior	NicheNet	omnipath	omnipath					
IL37	IL18R1		0.9	nichenet_prior	NicheNet	omnipath	omnipath					
IL37	IL1RAPL1		0.9	nichenet_prior	NicheNet	omnipath	omnipath					
IL37	SIGIRR		0.9	nichenet_prior	NicheNet	omnipath	omnipath					
IL4	IL2RG		0.9	nichenet_prior	NicheNet	omnipath	omnipath					
IL4	IL13RA1		0.9	nichenet_prior	NicheNet	omnipath	omnipath					
IL4	IL13RA2		0.9	nichenet_prior	NicheNet	omnipath	omnipath					
IL4	CD53		0.9	nichenet_prior	NicheNet	omnipath	omnipath					
IL5	IL5RA		0.9	nichenet_prior	NicheNet	omnipath	omnipath					
IL5	CSF2RB		0.9	nichenet_prior	NicheNet	omnipath	omnipath					
IL6	IL6ST		0.9	nichenet_prior	NicheNet	omnipath	omnipath					
IL6	IL6R		0.9	nichenet_prior	NicheNet	omnipath	omnipath					
IL7	IL7R		0.9	nichenet_prior	NicheNet	omnipath	omnipath					
IL7	IL2RG		0.9	nichenet_prior	NicheNet	omnipath	omnipath					
IL9	IL9R		0.9	nichenet_prior	NicheNet	omnipath	omnipath					
IL9	IL2RG		0.9	nichenet_prior	NicheNet	omnipath	omnipath					
ILDR2	CSF2RB		0.9	nichenet_prior	NicheNet	nichenet_verschueren	nichenet_verschueren					
ILDR2	FLT4		0.9	nichenet_prior	NicheNet	nichenet_verschueren	nichenet_verschueren					
ILDR2	IGSF21		0.9	nichenet_prior	NicheNet	nichenet_verschueren	nichenet_verschueren					
ILDR2	CLEC12B		0.9	nichenet_prior	NicheNet	omnipath	omnipath					
IMPG2	CADM3		0.9	nichenet_prior	NicheNet	omnipath	omnipath					
IMPG2	PRLR		0.9	nichenet_prior	NicheNet	omnipath	omnipath					
INHA	ACVR1B		0.9	nichenet_prior	NicheNet	nichenet_verschueren	nichenet_verschueren					
INHA	ACVR2A		0.9	nichenet_prior	NicheNet	omnipath	omnipath					
INHA	ACVR2B		0.9	nichenet_prior	NicheNet	omnipath	omnipath					
INHA	TGFBR3		0.9	nichenet_prior	NicheNet	omnipath	omnipath					
INHA	ACVR1		0.9	nichenet_prior	NicheNet	omnipath	omnipath					
INHBA	ACVR2B		0.9	nichenet_prior	NicheNet	omnipath	omnipath					
INHBA	ACVR2A		0.9	nichenet_prior	NicheNet	omnipath	omnipath					
INHBA	ACVR1B		0.9	nichenet_prior	NicheNet	omnipath	omnipath					
INHBA	ACVR1		0.9	nichenet_prior	NicheNet	omnipath	omnipath					
INHBA	ENG		0.9	nichenet_prior	NicheNet	omnipath	omnipath					
INHBA	BAMBI		0.9	nichenet_prior	NicheNet	omnipath	omnipath					
INHBA	TGFBR3		0.9	nichenet_prior	NicheNet	omnipath	omnipath					
INHBA	ACVR1C		0.9	nichenet_prior	NicheNet	omnipath	omnipath					
INHBB	ACVR2A		0.9	nichenet_prior	NicheNet	omnipath	omnipath					
INHBB	ACVR1B		0.9	nichenet_prior	NicheNet	omnipath	omnipath					
INHBB	ACVR2B		0.9	nichenet_prior	NicheNet	omnipath	omnipath					
INHBB	ACVR1C		0.9	nichenet_prior	NicheNet	omnipath	omnipath					
INHBB	ACVR1		0.9	nichenet_prior	NicheNet	omnipath	omnipath					
INHBB	CFC1		0.9	nichenet_prior	NicheNet	omnipath	omnipath					
INHBB	CFC1B		0.9	nichenet_prior	NicheNet	omnipath	omnipath					
INHBB	BAMBI		0.9	nichenet_prior	NicheNet	omnipath	omnipath					
INHBC	ACVR2B		0.9	nichenet_prior	NicheNet	omnipath	omnipath					
INHBC	ACVR1B		0.9	nichenet_prior	NicheNet	omnipath	omnipath					
INHBC	ACVR2A		0.9	nichenet_prior	NicheNet	omnipath	omnipath					
INHBC	ACVR1		0.9	nichenet_prior	NicheNet	omnipath	omnipath					
INHBE	ACVR1		0.9	nichenet_prior	NicheNet	nichenet_verschueren	nichenet_verschueren					
INHBE	ACVR1B		0.9	nichenet_prior	NicheNet	nichenet_verschueren	nichenet_verschueren					
INHBE	ACVR2B		0.9	nichenet_prior	NicheNet	omnipath	omnipath					
INHBE	ACVR2A		0.9	nichenet_prior	NicheNet	omnipath	omnipath					
INS	IGF1R		0.9	nichenet_prior	NicheNet	omnipath	omnipath					
INS	LRP2		0.9	nichenet_prior	NicheNet	omnipath	omnipath					
INSL3	ADCYAP1R1		0.9	nichenet_prior	NicheNet	omnipath	omnipath					
INSL3	TSHR		0.9	nichenet_prior	NicheNet	omnipath	omnipath					
INSL3	GPR84		0.9	nichenet_prior	NicheNet	omnipath	omnipath					
INSL3	RAMP3		0.9	nichenet_prior	NicheNet	omnipath	omnipath					
INSL3	RAMP2		0.9	nichenet_prior	NicheNet	omnipath	omnipath					
INSL3	ADRB2		0.9	nichenet_prior	NicheNet	omnipath	omnipath					
INSL3	PTH1R		0.9	nichenet_prior	NicheNet	omnipath	omnipath					
INSL3	VIPR1		0.9	nichenet_prior	NicheNet	omnipath	omnipath					
INSL3	ADRB3		0.9	nichenet_prior	NicheNet	omnipath	omnipath					
INSL3	GPR20		0.9	nichenet_prior	NicheNet	omnipath	omnipath					
INSL5	MTNR1A		0.9	nichenet_prior	NicheNet	omnipath	omnipath					
INSL5	GRM7		0.9	nichenet_prior	NicheNet	omnipath	omnipath					
INSL5	ADRA2A		0.9	nichenet_prior	NicheNet	omnipath	omnipath					
ITGA4	VCAM1		0.9	nichenet_prior	NicheNet	nichenet_verschueren	nichenet_verschueren					
ITGA9	VCAM1		0.9	nichenet_prior	NicheNet	nichenet_verschueren	nichenet_verschueren					
ITGAL	CD226		0.9	nichenet_prior	NicheNet	nichenet_verschueren	nichenet_verschueren					
ITGAL	ICAM1		0.9	nichenet_prior	NicheNet	nichenet_verschueren	nichenet_verschueren					
ITGAM	ICAM1		0.9	nichenet_prior	NicheNet	nichenet_verschueren	nichenet_verschueren					
ITGB1	VCAM1		0.9	nichenet_prior	NicheNet	nichenet_verschueren	nichenet_verschueren					
ITGB2	ICAM1		0.9	nichenet_prior	NicheNet	nichenet_verschueren	nichenet_verschueren					
ITGB2	ICAM3		0.9	nichenet_prior	NicheNet	omnipath	omnipath					
ITGB2	CD226		0.9	nichenet_prior	NicheNet	omnipath	omnipath					
ITGB2	THY1		0.9	nichenet_prior	NicheNet	omnipath	omnipath					
ITGB2	CD82		0.9	nichenet_prior	NicheNet	omnipath	omnipath					
ITIH2	FCER1A		0.9	nichenet_prior	NicheNet	omnipath	omnipath					
ITM2B	ROR2		0.9	nichenet_prior	NicheNet	omnipath	omnipath					
IZUMO1	LILRA5		0.9	nichenet_prior	NicheNet	nichenet_verschueren	nichenet_verschueren					
IZUMO1	CD9		0.9	nichenet_prior	NicheNet	omnipath	omnipath					
IZUMO1	IZUMO1R		0.9	nichenet_prior	NicheNet	omnipath	omnipath					
JAG1	CD46		0.9	nichenet_prior	NicheNet	omnipath	omnipath					
JAM2	ITGA4		0.9	nichenet_prior	NicheNet	nichenet_verschueren	nichenet_verschueren					
JAM2	ITGA3		0.9	nichenet_prior	NicheNet	omnipath	omnipath					
JAM2	ITGB1		0.9	nichenet_prior	NicheNet	omnipath	omnipath					
JAM2	ITGAV		0.9	nichenet_prior	NicheNet	omnipath	omnipath					
JAM3	ITGB1		0.9	nichenet_prior	NicheNet	omnipath	omnipath					
JAM3	JAM2		0.9	nichenet_prior	NicheNet	omnipath	omnipath					
JAM3	ITGAM		0.9	nichenet_prior	NicheNet	omnipath	omnipath					
JAM3	ITGB2		0.9	nichenet_prior	NicheNet	omnipath	omnipath					
JAML	FCRL4		0.9	nichenet_prior	NicheNet	nichenet_verschueren	nichenet_verschueren					
JAML	CD320		0.9	nichenet_prior	NicheNet	nichenet_verschueren	nichenet_verschueren					
JAML	CXADR		0.9	nichenet_prior	NicheNet	omnipath	omnipath					
KCNA1	RTN4		0.9	nichenet_prior	NicheNet	omnipath	omnipath					
KCNA1	CNTN1		0.9	nichenet_prior	NicheNet	omnipath	omnipath					
KCNA1	CNTNAP1		0.9	nichenet_prior	NicheNet	omnipath	omnipath					
KIAA0319L	SIGLEC8		0.9	nichenet_prior	NicheNet	nichenet_verschueren	nichenet_verschueren					
KIAA0319L	UNC5A		0.9	nichenet_prior	NicheNet	omnipath	omnipath					
KIAA0319L	MPZL3		0.9	nichenet_prior	NicheNet	omnipath	omnipath					
KIAA0319L	ILDR1		0.9	nichenet_prior	NicheNet	omnipath	omnipath					
KIR2DL5A	LEPR		0.9	nichenet_prior	NicheNet	nichenet_verschueren	nichenet_verschueren					
KIR2DL5A	PVR		0.9	nichenet_prior	NicheNet	nichenet_verschueren	nichenet_verschueren					
KIR2DL5A	VSIG4		0.9	nichenet_prior	NicheNet	nichenet_verschueren	nichenet_verschueren					
KIR2DL5A	TMEM167A		0.9	nichenet_prior	NicheNet	omnipath	omnipath					
KIR2DS3	NEGR1		0.9	nichenet_prior	NicheNet	nichenet_verschueren	nichenet_verschueren					
KIR2DS5	FLT4		0.9	nichenet_prior	NicheNet	nichenet_verschueren	nichenet_verschueren					
KIR2DS5	IGSF21		0.9	nichenet_prior	NicheNet	nichenet_verschueren	nichenet_verschueren					
KIRREL1	KIRREL1		0.9	nichenet_prior	NicheNet	nichenet_verschueren	nichenet_verschueren					
KIRREL3	CD33		0.9	nichenet_prior	NicheNet	nichenet_verschueren	nichenet_verschueren					
KITLG	EPOR		0.9	nichenet_prior	NicheNet	omnipath	omnipath					
KITLG	LRRN3		0.9	nichenet_prior	NicheNet	omnipath	omnipath					
KL	FGFR1		0.9	nichenet_prior	NicheNet	nichenet_verschueren	nichenet_verschueren					
KL	FGFR3		0.9	nichenet_prior	NicheNet	nichenet_verschueren	nichenet_verschueren					
KL	FGFR4		0.9	nichenet_prior	NicheNet	nichenet_verschueren	nichenet_verschueren					
KL	TRPV5		0.9	nichenet_prior	NicheNet	omnipath	omnipath					
KL	TRPV6		0.9	nichenet_prior	NicheNet	omnipath	omnipath					
KL	INSR		0.9	nichenet_prior	NicheNet	omnipath	omnipath					
KL	IGF1R		0.9	nichenet_prior	NicheNet	omnipath	omnipath					
KLK3	EPOR		0.9	nichenet_prior	NicheNet	omnipath	omnipath					
KLKB1	F12		0.9	nichenet_prior	NicheNet	omnipath	omnipath					
KLRA1P	CXADR		0.9	nichenet_prior	NicheNet	nichenet_verschueren	nichenet_verschueren					
KNG1	RXFP4		0.9	nichenet_prior	NicheNet	omnipath	omnipath					
KNG1	PLAUR		0.9	nichenet_prior	NicheNet	omnipath	omnipath					
KNG1	ITGB2		0.9	nichenet_prior	NicheNet	omnipath	omnipath					
KNG1	SDC2		0.9	nichenet_prior	NicheNet	omnipath	omnipath					
KNG1	GP1BA		0.9	nichenet_prior	NicheNet	omnipath	omnipath					
KNG1	CD93		0.9	nichenet_prior	NicheNet	omnipath	omnipath					
KNG1	GPR135		0.9	nichenet_prior	NicheNet	omnipath	omnipath					
L1CAM	CHL1		0.9	nichenet_prior	NicheNet	nichenet_verschueren	nichenet_verschueren					
L1CAM	LVRN		0.9	nichenet_prior	NicheNet	nichenet_verschueren	nichenet_verschueren					
L1CAM	EZR		0.9	nichenet_prior	NicheNet	omnipath	omnipath					
L1CAM	EPHB2		0.9	nichenet_prior	NicheNet	omnipath	omnipath					
L1CAM	CNTN1		0.9	nichenet_prior	NicheNet	omnipath	omnipath					
L1CAM	ITGAV		0.9	nichenet_prior	NicheNet	omnipath	omnipath					
L1CAM	ERBB3		0.9	nichenet_prior	NicheNet	omnipath	omnipath					
L1CAM	ERBB2		0.9	nichenet_prior	NicheNet	omnipath	omnipath					
L1CAM	EGFR		0.9	nichenet_prior	NicheNet	omnipath	omnipath					
L1CAM	ITGA5		0.9	nichenet_prior	NicheNet	omnipath	omnipath					
L1CAM	NCAM1		0.9	nichenet_prior	NicheNet	omnipath	omnipath					
L1CAM	ALCAM		0.9	nichenet_prior	NicheNet	omnipath	omnipath					
L1CAM	CD9		0.9	nichenet_prior	NicheNet	omnipath	omnipath					
L1CAM	PTPRZ1		0.9	nichenet_prior	NicheNet	omnipath	omnipath					
L1CAM	FGFR1		0.9	nichenet_prior	NicheNet	omnipath	omnipath					
L1CAM	PLXNA1		0.9	nichenet_prior	NicheNet	omnipath	omnipath					
L1CAM	NRP1		0.9	nichenet_prior	NicheNet	omnipath	omnipath					
L1CAM	ITGB3		0.9	nichenet_prior	NicheNet	omnipath	omnipath					
L1CAM	ITGA4		0.9	nichenet_prior	NicheNet	omnipath	omnipath					
L1CAM	ITGB7		0.9	nichenet_prior	NicheNet	omnipath	omnipath					
LACRT	SDC1		0.9	nichenet_prior	NicheNet	omnipath	omnipath					
LAIR2	FGFR4		0.9	nichenet_prior	NicheNet	omnipath	omnipath					
LAMA1	ITGA3		0.9	nichenet_prior	NicheNet	nichenet_verschueren	nichenet_verschueren					
LAMA1	ITGAV		0.9	nichenet_prior	NicheNet	nichenet_verschueren	nichenet_verschueren					
LAMA1	RPSA		0.9	nichenet_prior	NicheNet	nichenet_verschueren	nichenet_verschueren					
LAMA1	RPSAP58		0.9	nichenet_prior	NicheNet	nichenet_verschueren	nichenet_verschueren					
LAMA1	ITGA6		0.9	nichenet_prior	NicheNet	omnipath	omnipath					
LAMA1	ITGA7		0.9	nichenet_prior	NicheNet	omnipath	omnipath					
LAMA1	ITGB1		0.9	nichenet_prior	NicheNet	omnipath	omnipath					
LAMA1	ITGB4		0.9	nichenet_prior	NicheNet	omnipath	omnipath					
LAMA1	ITGB8		0.9	nichenet_prior	NicheNet	omnipath	omnipath					
LAMA1	NT5E		0.9	nichenet_prior	NicheNet	omnipath	omnipath					
LAMA1	ITGA1		0.9	nichenet_prior	NicheNet	omnipath	omnipath					
LAMA1	ITGA2		0.9	nichenet_prior	NicheNet	omnipath	omnipath					
LAMA1	TMPRSS6		0.9	nichenet_prior	NicheNet	omnipath	omnipath					
LAMA1	ITGA9		0.9	nichenet_prior	NicheNet	omnipath	omnipath					
LAMA2	RPSA		0.9	nichenet_prior	NicheNet	nichenet_verschueren	nichenet_verschueren					
LAMA2	RPSAP58		0.9	nichenet_prior	NicheNet	nichenet_verschueren	nichenet_verschueren					
LAMA2	ITGA7		0.9	nichenet_prior	NicheNet	omnipath	omnipath					
LAMA2	ITGA3		0.9	nichenet_prior	NicheNet	omnipath	omnipath					
LAMA2	ITGB4		0.9	nichenet_prior	NicheNet	omnipath	omnipath					
LAMA2	ITGA1		0.9	nichenet_prior	NicheNet	omnipath	omnipath					
LAMA2	ITGA2		0.9	nichenet_prior	NicheNet	omnipath	omnipath					
LAMA2	ITGB1		0.9	nichenet_prior	NicheNet	omnipath	omnipath					
LAMA2	ITGA6		0.9	nichenet_prior	NicheNet	omnipath	omnipath					
LAMA2	ITGA9		0.9	nichenet_prior	NicheNet	omnipath	omnipath					
LAMA3	ITGB1		0.9	nichenet_prior	NicheNet	omnipath	omnipath					
LAMA3	ITGA3		0.9	nichenet_prior	NicheNet	omnipath	omnipath					
LAMA3	ITGB4		0.9	nichenet_prior	NicheNet	omnipath	omnipath					
LAMA3	SDC2		0.9	nichenet_prior	NicheNet	omnipath	omnipath					
LAMA3	ITGA6		0.9	nichenet_prior	NicheNet	omnipath	omnipath					
LAMA4	ITGA6		0.9	nichenet_prior	NicheNet	omnipath	omnipath					
LAMA4	ITGAV		0.9	nichenet_prior	NicheNet	omnipath	omnipath					
LAMA4	ITGB1		0.9	nichenet_prior	NicheNet	omnipath	omnipath					
LAMA4	ITGA3		0.9	nichenet_prior	NicheNet	omnipath	omnipath					
LAMA4	ITGA9		0.9	nichenet_prior	NicheNet	omnipath	omnipath					
LAMA5	SDC1		0.9	nichenet_prior	NicheNet	omnipath	omnipath					
LAMA5	ITGA6		0.9	nichenet_prior	NicheNet	omnipath	omnipath					
LAMA5	BCAM		0.9	nichenet_prior	NicheNet	omnipath	omnipath					
LAMA5	ITGB1		0.9	nichenet_prior	NicheNet	omnipath	omnipath					
LAMA5	ITGA2		0.9	nichenet_prior	NicheNet	omnipath	omnipath					
LAMA5	ITGA3		0.9	nichenet_prior	NicheNet	omnipath	omnipath					
LAMA5	ITGB4		0.9	nichenet_prior	NicheNet	omnipath	omnipath					
LAMA5	CD151		0.9	nichenet_prior	NicheNet	omnipath	omnipath					
LAMB1	ITGA7		0.9	nichenet_prior	NicheNet	omnipath	omnipath					
LAMB1	ITGAV		0.9	nichenet_prior	NicheNet	omnipath	omnipath					
LAMB1	ITGB1		0.9	nichenet_prior	NicheNet	omnipath	omnipath					
LAMB1	ITGA6		0.9	nichenet_prior	NicheNet	omnipath	omnipath					
LAMB1	ITGA1		0.9	nichenet_prior	NicheNet	omnipath	omnipath					
LAMB1	ITGA2		0.9	nichenet_prior	NicheNet	omnipath	omnipath					
LAMB1	ITGA3		0.9	nichenet_prior	NicheNet	omnipath	omnipath					
LAMB1	ITGB4		0.9	nichenet_prior	NicheNet	omnipath	omnipath					
LAMB1	ITGB8		0.9	nichenet_prior	NicheNet	omnipath	omnipath					
LAMB1	CD151		0.9	nichenet_prior	NicheNet	omnipath	omnipath					
LAMB1	ITGA9		0.9	nichenet_prior	NicheNet	omnipath	omnipath					
LAMB2	RPSA		0.9	nichenet_prior	NicheNet	nichenet_verschueren	nichenet_verschueren					
LAMB2	RPSAP58		0.9	nichenet_prior	NicheNet	nichenet_verschueren	nichenet_verschueren					
LAMB2	ITGA3		0.9	nichenet_prior	NicheNet	omnipath	omnipath					
LAMB2	ITGB4		0.9	nichenet_prior	NicheNet	omnipath	omnipath					
LAMB2	ITGB1		0.9	nichenet_prior	NicheNet	omnipath	omnipath					
LAMB2	ITGA6		0.9	nichenet_prior	NicheNet	omnipath	omnipath					
LAMB3	CD151		0.9	nichenet_prior	NicheNet	omnipath	omnipath					
LAMB3	ITGB1		0.9	nichenet_prior	NicheNet	omnipath	omnipath					
LAMB3	ITGA6		0.9	nichenet_prior	NicheNet	omnipath	omnipath					
LAMB3	ITGA3		0.9	nichenet_prior	NicheNet	omnipath	omnipath					
LAMB3	ITGB4		0.9	nichenet_prior	NicheNet	omnipath	omnipath					
LAMB3	ITGA2		0.9	nichenet_prior	NicheNet	omnipath	omnipath					
LAMC1	ITGA6		0.9	nichenet_prior	NicheNet	omnipath	omnipath					
LAMC1	ITGA1		0.9	nichenet_prior	NicheNet	omnipath	omnipath					
LAMC1	ITGA7		0.9	nichenet_prior	NicheNet	omnipath	omnipath					
LAMC1	ITGAV		0.9	nichenet_prior	NicheNet	omnipath	omnipath					
LAMC1	ITGB1		0.9	nichenet_prior	NicheNet	omnipath	omnipath					
LAMC1	ITGA2		0.9	nichenet_prior	NicheNet	omnipath	omnipath					
LAMC1	ITGA3		0.9	nichenet_prior	NicheNet	omnipath	omnipath					
LAMC1	ITGB4		0.9	nichenet_prior	NicheNet	omnipath	omnipath					
LAMC2	ITGA6		0.9	nichenet_prior	NicheNet	omnipath	omnipath					
LAMC2	CD151		0.9	nichenet_prior	NicheNet	omnipath	omnipath					
LAMC2	ITGB1		0.9	nichenet_prior	NicheNet	omnipath	omnipath					
LAMC2	ITGA2		0.9	nichenet_prior	NicheNet	omnipath	omnipath					
LAMC2	ITGA3		0.9	nichenet_prior	NicheNet	omnipath	omnipath					
LAMC2	ITGB4		0.9	nichenet_prior	NicheNet	omnipath	omnipath					
LAMC2	ITGA9		0.9	nichenet_prior	NicheNet	omnipath	omnipath					
LAMC3	ITGA1		0.9	nichenet_prior	NicheNet	nichenet_verschueren	nichenet_verschueren					
LAMC3	ITGA7		0.9	nichenet_prior	NicheNet	nichenet_verschueren	nichenet_verschueren					
LAMC3	ITGA9		0.9	nichenet_prior	NicheNet	nichenet_verschueren	nichenet_verschueren					
LAMC3	ITGAV		0.9	nichenet_prior	NicheNet	nichenet_verschueren	nichenet_verschueren					
LAMC3	ITGB8		0.9	nichenet_prior	NicheNet	nichenet_verschueren	nichenet_verschueren					
LAMC3	ITGA6		0.9	nichenet_prior	NicheNet	omnipath	omnipath					
LAMC3	ITGB1		0.9	nichenet_prior	NicheNet	omnipath	omnipath					
LAMC3	ITGA3		0.9	nichenet_prior	NicheNet	omnipath	omnipath					
LAMC3	ITGB4		0.9	nichenet_prior	NicheNet	omnipath	omnipath					
LAMC3	ITGA2		0.9	nichenet_prior	NicheNet	omnipath	omnipath					
LAYN	GP5		0.9	nichenet_prior	NicheNet	nichenet_verschueren	nichenet_verschueren					
LAYN	LY6G6F		0.9	nichenet_prior	NicheNet	omnipath	omnipath					
LCN1	LMBR1L		0.9	nichenet_prior	NicheNet	omnipath	omnipath					
LCN2	LRP2		0.9	nichenet_prior	NicheNet	omnipath	omnipath					
LCN2	FCGR2A		0.9	nichenet_prior	NicheNet	omnipath	omnipath					
LEAP2	GHSR		0.9	nichenet_prior	NicheNet	omnipath	omnipath					
LEFTY1	ACVR2B		0.9	nichenet_prior	NicheNet	omnipath	omnipath					
LEFTY1	ACVR1B		0.9	nichenet_prior	NicheNet	omnipath	omnipath					
LEFTY1	ACVR2A		0.9	nichenet_prior	NicheNet	omnipath	omnipath					
LEFTY2	ACVR1B		0.9	nichenet_prior	NicheNet	omnipath	omnipath					
LEFTY2	ACVR2A		0.9	nichenet_prior	NicheNet	omnipath	omnipath					
LEFTY2	ACVR2B		0.9	nichenet_prior	NicheNet	omnipath	omnipath					
LEP	LRP2		0.9	nichenet_prior	NicheNet	omnipath	omnipath					
LEP	ISLR2		0.9	nichenet_prior	NicheNet	omnipath	omnipath					
LFNG	NOTCH1		0.9	nichenet_prior	NicheNet	omnipath	omnipath					
LFNG	NOTCH2		0.9	nichenet_prior	NicheNet	omnipath	omnipath					
LGALS1	CD69		0.9	nichenet_prior	NicheNet	omnipath	omnipath					
LGALS1	ITGB1		0.9	nichenet_prior	NicheNet	omnipath	omnipath					
LGALS1	PTPRC		0.9	nichenet_prior	NicheNet	omnipath	omnipath					
LGALS3	LAG3		0.9	nichenet_prior	NicheNet	omnipath	omnipath					
LGALS3	ENG		0.9	nichenet_prior	NicheNet	omnipath	omnipath					
LGALS3	ANXA2		0.9	nichenet_prior	NicheNet	omnipath	omnipath					
LGALS3	MCAM		0.9	nichenet_prior	NicheNet	omnipath	omnipath					
LGALS3	PTPRK		0.9	nichenet_prior	NicheNet	omnipath	omnipath					
LGALS3BP	ITGB1		0.9	nichenet_prior	NicheNet	omnipath	omnipath					
LGALS3BP	CD33		0.9	nichenet_prior	NicheNet	omnipath	omnipath					
LGALS9	SLC1A5		0.9	nichenet_prior	NicheNet	omnipath	omnipath					
LGALS9	MRC2		0.9	nichenet_prior	NicheNet	omnipath	omnipath					
LGALS9	CD47		0.9	nichenet_prior	NicheNet	omnipath	omnipath					
LGI1	ADAM23		0.9	nichenet_prior	NicheNet	omnipath	omnipath					
LGI1	RTN4R		0.9	nichenet_prior	NicheNet	omnipath	omnipath					
LGI2	ADAM23		0.9	nichenet_prior	NicheNet	omnipath	omnipath					
LGI3	ADAM23		0.9	nichenet_prior	NicheNet	omnipath	omnipath					
LGI3	STX1A		0.9	nichenet_prior	NicheNet	omnipath	omnipath					
LGI4	ADAM23		0.9	nichenet_prior	NicheNet	omnipath	omnipath					
LHB	PTH1R		0.9	nichenet_prior	NicheNet	omnipath	omnipath					
LHB	ADCYAP1R1		0.9	nichenet_prior	NicheNet	omnipath	omnipath					
LHB	RAMP2		0.9	nichenet_prior	NicheNet	omnipath	omnipath					
LHB	VIPR1		0.9	nichenet_prior	NicheNet	omnipath	omnipath					
LHB	RAMP3		0.9	nichenet_prior	NicheNet	omnipath	omnipath					
LHB	GPR20		0.9	nichenet_prior	NicheNet	omnipath	omnipath					
LHB	ADRB2		0.9	nichenet_prior	NicheNet	omnipath	omnipath					
LHB	ADRB3		0.9	nichenet_prior	NicheNet	omnipath	omnipath					
LHB	TSHR		0.9	nichenet_prior	NicheNet	omnipath	omnipath					
LHB	GPR84		0.9	nichenet_prior	NicheNet	omnipath	omnipath					
LIF	LIFR		0.9	nichenet_prior	NicheNet	omnipath	omnipath					
LIF	IL6ST		0.9	nichenet_prior	NicheNet	omnipath	omnipath					
LILRA6	LY6G6F		0.9	nichenet_prior	NicheNet	omnipath	omnipath					
LILRA6	LCTL		0.9	nichenet_prior	NicheNet	omnipath	omnipath					
LILRA6	CD300E		0.9	nichenet_prior	NicheNet	omnipath	omnipath					
LILRB2	CD33		0.9	nichenet_prior	NicheNet	omnipath	omnipath					
LILRB2	LILRA3		0.9	nichenet_prior	NicheNet	omnipath	omnipath					
LILRB2	IFNGR1		0.9	nichenet_prior	NicheNet	omnipath	omnipath					
LILRB2	SIGLEC14		0.9	nichenet_prior	NicheNet	omnipath	omnipath					
LILRB2	FCAR		0.9	nichenet_prior	NicheNet	omnipath	omnipath					
LILRB2	SIGLEC15		0.9	nichenet_prior	NicheNet	omnipath	omnipath					
LILRB2	SIGLEC10		0.9	nichenet_prior	NicheNet	omnipath	omnipath					
LILRB2	SIGLEC9		0.9	nichenet_prior	NicheNet	omnipath	omnipath					
LILRB4	CNTFR		0.9	nichenet_prior	NicheNet	nichenet_verschueren	nichenet_verschueren					
LILRB4	LAIR1		0.9	nichenet_prior	NicheNet	omnipath	omnipath					
LIN7A	SLC6A12		0.9	nichenet_prior	NicheNet	omnipath	omnipath					
LIN7B	KCNJ4		0.9	nichenet_prior	NicheNet	omnipath	omnipath					
LIN7B	AQP1		0.9	nichenet_prior	NicheNet	omnipath	omnipath					
LIN7C	ABCA1		0.9	nichenet_prior	NicheNet	omnipath	omnipath					
LIN7C	KCNJ4		0.9	nichenet_prior	NicheNet	omnipath	omnipath					
LIN7C	HTR2C		0.9	nichenet_prior	NicheNet	omnipath	omnipath					
LINGO4	NFASC		0.9	nichenet_prior	NicheNet	omnipath	omnipath					
LIPC	LRP1		0.9	nichenet_prior	NicheNet	omnipath	omnipath					
LIPH	LPAR2		0.9	nichenet_prior	NicheNet	omnipath	omnipath					
LIPH	LPAR1		0.9	nichenet_prior	NicheNet	omnipath	omnipath					
LIPH	LPAR4		0.9	nichenet_prior	NicheNet	omnipath	omnipath					
LOC101059948	LHCGR		0.9	nichenet_prior	NicheNet	omnipath	omnipath					
LPA	ITGAM		0.9	nichenet_prior	NicheNet	omnipath	omnipath					
LPA	LPAR3		0.9	nichenet_prior	NicheNet	omnipath	omnipath					
LPA	ITGB2		0.9	nichenet_prior	NicheNet	omnipath	omnipath					
LPA	LPAR1		0.9	nichenet_prior	NicheNet	omnipath	omnipath					
LPA	LPAR4		0.9	nichenet_prior	NicheNet	omnipath	omnipath					
LPA	LPAR2		0.9	nichenet_prior	NicheNet	omnipath	omnipath					
LPA	LRP2		0.9	nichenet_prior	NicheNet	omnipath	omnipath					
LPA	TREM2		0.9	nichenet_prior	NicheNet	omnipath	omnipath					
LPL	GPIHBP1		0.9	nichenet_prior	NicheNet	omnipath	omnipath					
LPL	SDC1		0.9	nichenet_prior	NicheNet	omnipath	omnipath					
LPL	VLDLR		0.9	nichenet_prior	NicheNet	omnipath	omnipath					
LPL	LRP1		0.9	nichenet_prior	NicheNet	omnipath	omnipath					
LPL	LRP2		0.9	nichenet_prior	NicheNet	omnipath	omnipath					
LRCH4	CADM3		0.9	nichenet_prior	NicheNet	nichenet_verschueren	nichenet_verschueren					
LRFN1	PTPRS		0.9	nichenet_prior	NicheNet	nichenet_verschueren	nichenet_verschueren					
LRFN3	FCRL1		0.9	nichenet_prior	NicheNet	omnipath	omnipath					
LRFN5	TIE1		0.9	nichenet_prior	NicheNet	nichenet_verschueren	nichenet_verschueren					
LRFN5	TNFRSF14		0.9	nichenet_prior	NicheNet	nichenet_verschueren	nichenet_verschueren					
LRIG1	MOG		0.9	nichenet_prior	NicheNet	nichenet_verschueren	nichenet_verschueren					
LRIG1	EGFR		0.9	nichenet_prior	NicheNet	omnipath	omnipath					
LRIG1	ERBB3		0.9	nichenet_prior	NicheNet	omnipath	omnipath					
LRIG1	ERBB2		0.9	nichenet_prior	NicheNet	omnipath	omnipath					
LRIG1	ERBB4		0.9	nichenet_prior	NicheNet	omnipath	omnipath					
LRIG1	MET		0.9	nichenet_prior	NicheNet	omnipath	omnipath					
LRIG2	EGFR		0.9	nichenet_prior	NicheNet	omnipath	omnipath					
LRIT1	FCRL1		0.9	nichenet_prior	NicheNet	omnipath	omnipath					
LRIT1	SIGLEC6		0.9	nichenet_prior	NicheNet	omnipath	omnipath					
LRIT2	PTPRD		0.9	nichenet_prior	NicheNet	nichenet_verschueren	nichenet_verschueren					
LRIT2	SIGLEC10		0.9	nichenet_prior	NicheNet	omnipath	omnipath					
LRP1B	PLAUR		0.9	nichenet_prior	NicheNet	omnipath	omnipath					
LRPAP1	LRP1		0.9	nichenet_prior	NicheNet	nichenet_verschueren	nichenet_verschueren					
LRPAP1	CD320		0.9	nichenet_prior	NicheNet	nichenet_verschueren	nichenet_verschueren					
LRPAP1	SIRPA		0.9	nichenet_prior	NicheNet	nichenet_verschueren	nichenet_verschueren					
LRRC4	PRSS55		0.9	nichenet_prior	NicheNet	nichenet_verschueren	nichenet_verschueren					
LRRC4	NETO2		0.9	nichenet_prior	NicheNet	omnipath	omnipath					
LRRC4B	BTN3A3		0.9	nichenet_prior	NicheNet	nichenet_verschueren	nichenet_verschueren					
LRRC4B	BTN3A2		0.9	nichenet_prior	NicheNet	nichenet_verschueren	nichenet_verschueren					
LRRC4B	BTN3A1		0.9	nichenet_prior	NicheNet	nichenet_verschueren	nichenet_verschueren					
LRRC4B	UNC5D		0.9	nichenet_prior	NicheNet	omnipath	omnipath					
LRRC4C	LDLR		0.9	nichenet_prior	NicheNet	nichenet_verschueren	nichenet_verschueren					
LRRC4C	BTN3A1		0.9	nichenet_prior	NicheNet	nichenet_verschueren	nichenet_verschueren					
LRRC4C	SIGLEC15		0.9	nichenet_prior	NicheNet	nichenet_verschueren	nichenet_verschueren					
LRRC4C	SIGLEC7		0.9	nichenet_prior	NicheNet	nichenet_verschueren	nichenet_verschueren					
LRRC4C	SIGLEC8		0.9	nichenet_prior	NicheNet	nichenet_verschueren	nichenet_verschueren					
LRRC4C	NTM		0.9	nichenet_prior	NicheNet	nichenet_verschueren	nichenet_verschueren					
LRRC4C	LRRTM4		0.9	nichenet_prior	NicheNet	omnipath	omnipath					
LRRC4C	UNC5A		0.9	nichenet_prior	NicheNet	omnipath	omnipath					
LRRC4C	TMEM53		0.9	nichenet_prior	NicheNet	omnipath	omnipath					
LRRC52	TREM2		0.9	nichenet_prior	NicheNet	nichenet_verschueren	nichenet_verschueren					
LRRC52	CD300LB		0.9	nichenet_prior	NicheNet	nichenet_verschueren	nichenet_verschueren					
LRRN1	UNC5A		0.9	nichenet_prior	NicheNet	omnipath	omnipath					
LRRN1	LRRC4		0.9	nichenet_prior	NicheNet	omnipath	omnipath					
LRRN1	LRRC4C		0.9	nichenet_prior	NicheNet	omnipath	omnipath					
LRRN2	TMEM123		0.9	nichenet_prior	NicheNet	omnipath	omnipath					
LRRTM2	FGFR3		0.9	nichenet_prior	NicheNet	nichenet_verschueren	nichenet_verschueren					
LRRTM2	MOG		0.9	nichenet_prior	NicheNet	nichenet_verschueren	nichenet_verschueren					
LRRTM2	FGFR4		0.9	nichenet_prior	NicheNet	omnipath	omnipath					
LRRTM2	UNC5A		0.9	nichenet_prior	NicheNet	omnipath	omnipath					
LRRTM2	OSCAR		0.9	nichenet_prior	NicheNet	omnipath	omnipath					
LRRTM2	IGDCC4		0.9	nichenet_prior	NicheNet	omnipath	omnipath					
LRRTM2	TREML2		0.9	nichenet_prior	NicheNet	omnipath	omnipath					
LRRTM2	PRTG		0.9	nichenet_prior	NicheNet	omnipath	omnipath					
LRRTM3	MOG		0.9	nichenet_prior	NicheNet	nichenet_verschueren	nichenet_verschueren					
LRRTM3	NGFR		0.9	nichenet_prior	NicheNet	nichenet_verschueren	nichenet_verschueren					
LRTM2	IL6R		0.9	nichenet_prior	NicheNet	nichenet_verschueren	nichenet_verschueren					
LSAMP	NEGR1		0.9	nichenet_prior	NicheNet	omnipath	omnipath					
LSAMP	OPCML		0.9	nichenet_prior	NicheNet	omnipath	omnipath					
LTA	LTBR		0.9	nichenet_prior	NicheNet	omnipath	omnipath					
LTB	LTBR		0.9	nichenet_prior	NicheNet	omnipath	omnipath					
LTB	TNFRSF1A		0.9	nichenet_prior	NicheNet	omnipath	omnipath					
LTB	CD40		0.9	nichenet_prior	NicheNet	omnipath	omnipath					
LTBP1	ITGB5		0.9	nichenet_prior	NicheNet	omnipath	omnipath					
LTBP3	ITGB5		0.9	nichenet_prior	NicheNet	omnipath	omnipath					
LTF	LRP1		0.9	nichenet_prior	NicheNet	omnipath	omnipath					
LTF	TFRC		0.9	nichenet_prior	NicheNet	omnipath	omnipath					
LTF	LRP11		0.9	nichenet_prior	NicheNet	omnipath	omnipath					
LTF	AGER		0.9	nichenet_prior	NicheNet	omnipath	omnipath					
LTF	BTN3A3		0.9	nichenet_prior	NicheNet	omnipath	omnipath					
LTF	IL1RL1		0.9	nichenet_prior	NicheNet	omnipath	omnipath					
LTF	TREML2		0.9	nichenet_prior	NicheNet	omnipath	omnipath					
LTF	TNFRSF11B		0.9	nichenet_prior	NicheNet	omnipath	omnipath					
LTF	IGDCC4		0.9	nichenet_prior	NicheNet	omnipath	omnipath					
LTF	BTN3A2		0.9	nichenet_prior	NicheNet	omnipath	omnipath					
LTF	BOC		0.9	nichenet_prior	NicheNet	omnipath	omnipath					
LUM	ITGB1		0.9	nichenet_prior	NicheNet	omnipath	omnipath					
LVRN	VSIG8		0.9	nichenet_prior	NicheNet	omnipath	omnipath					
LY6G5C	PGAP6		0.9	nichenet_prior	NicheNet	omnipath	omnipath					
LY6G6F	DDR1		0.9	nichenet_prior	NicheNet	nichenet_verschueren	nichenet_verschueren					
LY6G6F	CSF1R		0.9	nichenet_prior	NicheNet	nichenet_verschueren	nichenet_verschueren					
LY6G6F	LILRB3		0.9	nichenet_prior	NicheNet	nichenet_verschueren	nichenet_verschueren					
LY6G6F	ROBO3		0.9	nichenet_prior	NicheNet	nichenet_verschueren	nichenet_verschueren					
LY6G6F	LILRA6		0.9	nichenet_prior	NicheNet	nichenet_verschueren	nichenet_verschueren					
LY6G6F	LAYN		0.9	nichenet_prior	NicheNet	nichenet_verschueren	nichenet_verschueren					
LY6G6F	LILRA5		0.9	nichenet_prior	NicheNet	omnipath	omnipath					
LY86	CD180		0.9	nichenet_prior	NicheNet	omnipath	omnipath					
LY9	TNFRSF17		0.9	nichenet_prior	NicheNet	nichenet_verschueren	nichenet_verschueren					
LYPD6	IL20RA		0.9	nichenet_prior	NicheNet	nichenet_verschueren	nichenet_verschueren					
LYZ	ITGAL		0.9	nichenet_prior	NicheNet	omnipath	omnipath					
MADCAM1	ITGA4		0.9	nichenet_prior	NicheNet	omnipath	omnipath					
MADCAM1	CD44		0.9	nichenet_prior	NicheNet	omnipath	omnipath					
MADCAM1	ITGB7		0.9	nichenet_prior	NicheNet	omnipath	omnipath					
MADCAM1	SIGLEC7		0.9	nichenet_prior	NicheNet	omnipath	omnipath					
MANSC1	GPR55		0.9	nichenet_prior	NicheNet	omnipath	omnipath					
MATN1	ITGA1		0.9	nichenet_prior	NicheNet	omnipath	omnipath					
MATN1	ITGB1		0.9	nichenet_prior	NicheNet	omnipath	omnipath					
MBL2	CD93		0.9	nichenet_prior	NicheNet	omnipath	omnipath					
MBL2	CALCR		0.9	nichenet_prior	NicheNet	omnipath	omnipath					
MBL2	C1QB		0.9	nichenet_prior	NicheNet	omnipath	omnipath					
MBL2	LRP1		0.9	nichenet_prior	NicheNet	omnipath	omnipath					
MCAM	FGFR4		0.9	nichenet_prior	NicheNet	nichenet_verschueren	nichenet_verschueren					
MCAM	CD226		0.9	nichenet_prior	NicheNet	omnipath	omnipath					
MCAM	TMEM132A		0.9	nichenet_prior	NicheNet	omnipath	omnipath					
MCAM	CNTN1		0.9	nichenet_prior	NicheNet	omnipath	omnipath					
MDK	PTPRB		0.9	nichenet_prior	NicheNet	nichenet_verschueren	nichenet_verschueren					
MDK	NOTCH2		0.9	nichenet_prior	NicheNet	omnipath	omnipath					
MDK	ITGA6		0.9	nichenet_prior	NicheNet	omnipath	omnipath					
MDK	LRP2		0.9	nichenet_prior	NicheNet	omnipath	omnipath					
MDK	SDC3		0.9	nichenet_prior	NicheNet	omnipath	omnipath					
MDK	TSPAN1		0.9	nichenet_prior	NicheNet	omnipath	omnipath					
MDK	ITGB1		0.9	nichenet_prior	NicheNet	omnipath	omnipath					
MDK	ITGA4		0.9	nichenet_prior	NicheNet	omnipath	omnipath					
MEGF10	ABCA1		0.9	nichenet_prior	NicheNet	omnipath	omnipath					
MELTF	TFRC		0.9	nichenet_prior	NicheNet	omnipath	omnipath					
MFAP2	NOTCH1		0.9	nichenet_prior	NicheNet	omnipath	omnipath					
MFAP3L	MPZL2		0.9	nichenet_prior	NicheNet	omnipath	omnipath					
MFAP3L	CEACAM1		0.9	nichenet_prior	NicheNet	omnipath	omnipath					
MFAP5	NOTCH1		0.9	nichenet_prior	NicheNet	omnipath	omnipath					
MFGE8	ITGB3		0.9	nichenet_prior	NicheNet	omnipath	omnipath					
MFGE8	ITGAV		0.9	nichenet_prior	NicheNet	omnipath	omnipath					
MFGE8	PDGFRB		0.9	nichenet_prior	NicheNet	omnipath	omnipath					
MFGE8	ITGB5		0.9	nichenet_prior	NicheNet	omnipath	omnipath					
MFNG	NOTCH1		0.9	nichenet_prior	NicheNet	omnipath	omnipath					
MFNG	NOTCH2		0.9	nichenet_prior	NicheNet	omnipath	omnipath					
MIA	CDH7		0.9	nichenet_prior	NicheNet	omnipath	omnipath					
MIA	ITGB1		0.9	nichenet_prior	NicheNet	omnipath	omnipath					
MIA	ITGA5		0.9	nichenet_prior	NicheNet	omnipath	omnipath					
MIA	ITGA4		0.9	nichenet_prior	NicheNet	omnipath	omnipath					
MICA	PCDHAC1		0.9	nichenet_prior	NicheNet	nichenet_verschueren	nichenet_verschueren					
MICA	KLRK1		0.9	nichenet_prior	NicheNet	omnipath	omnipath					
MICA	HCST		0.9	nichenet_prior	NicheNet	omnipath	omnipath					
MICB	KLRK1		0.9	nichenet_prior	NicheNet	omnipath	omnipath					
MICB	HCST		0.9	nichenet_prior	NicheNet	omnipath	omnipath					
MIF	CXCR4		0.9	nichenet_prior	NicheNet	omnipath	omnipath					
MIF	EGFR		0.9	nichenet_prior	NicheNet	omnipath	omnipath					
MIF	CD44		0.9	nichenet_prior	NicheNet	omnipath	omnipath					
MIF	CD74		0.9	nichenet_prior	NicheNet	omnipath	omnipath					
MIF	CXCR2		0.9	nichenet_prior	NicheNet	omnipath	omnipath					
MLN	MLNR		0.9	nichenet_prior	NicheNet	omnipath	omnipath					
MMP1	CD44		0.9	nichenet_prior	NicheNet	omnipath	omnipath					
MMP1	ITGA2		0.9	nichenet_prior	NicheNet	omnipath	omnipath					
MMP1	F2R		0.9	nichenet_prior	NicheNet	omnipath	omnipath					
MMP12	F12		0.9	nichenet_prior	NicheNet	omnipath	omnipath					
MMP12	PLAUR		0.9	nichenet_prior	NicheNet	omnipath	omnipath					
MMP13	F12		0.9	nichenet_prior	NicheNet	omnipath	omnipath					
MMP13	LRP1		0.9	nichenet_prior	NicheNet	omnipath	omnipath					
MMP14	MMP2		0.9	nichenet_prior	NicheNet	omnipath	omnipath					
MMP14	F12		0.9	nichenet_prior	NicheNet	omnipath	omnipath					
MMP14	ADAM9		0.9	nichenet_prior	NicheNet	omnipath	omnipath					
MMP14	DDR1		0.9	nichenet_prior	NicheNet	omnipath	omnipath					
MMP14	CD44		0.9	nichenet_prior	NicheNet	omnipath	omnipath					
MMP14	MMP13		0.9	nichenet_prior	NicheNet	omnipath	omnipath					
MMP14	SDC1		0.9	nichenet_prior	NicheNet	omnipath	omnipath					
MMP15	DDR1		0.9	nichenet_prior	NicheNet	omnipath	omnipath					
MMP16	DDR1		0.9	nichenet_prior	NicheNet	omnipath	omnipath					
MMP16	MMP2		0.9	nichenet_prior	NicheNet	omnipath	omnipath					
MMP2	EGFR		0.9	nichenet_prior	NicheNet	omnipath	omnipath					
MMP2	LRP2		0.9	nichenet_prior	NicheNet	omnipath	omnipath					
MMP2	PECAM1		0.9	nichenet_prior	NicheNet	omnipath	omnipath					
MMP2	CCR2		0.9	nichenet_prior	NicheNet	omnipath	omnipath					
MMP2	SDC2		0.9	nichenet_prior	NicheNet	omnipath	omnipath					
MMP2	FGFR1		0.9	nichenet_prior	NicheNet	omnipath	omnipath					
MMP2	F2R		0.9	nichenet_prior	NicheNet	omnipath	omnipath					
MMP2	DDR1		0.9	nichenet_prior	NicheNet	omnipath	omnipath					
MMP2	ITGAV		0.9	nichenet_prior	NicheNet	omnipath	omnipath					
MMP2	ITGB3		0.9	nichenet_prior	NicheNet	omnipath	omnipath					
MMP25	MMP2		0.9	nichenet_prior	NicheNet	omnipath	omnipath					
MMP26	MMP9		0.9	nichenet_prior	NicheNet	omnipath	omnipath					
MMP7	CD44		0.9	nichenet_prior	NicheNet	omnipath	omnipath					
MMP7	SDC1		0.9	nichenet_prior	NicheNet	omnipath	omnipath					
MMP7	CD151		0.9	nichenet_prior	NicheNet	omnipath	omnipath					
MMP7	ERBB4		0.9	nichenet_prior	NicheNet	omnipath	omnipath					
MMP7	ITGB4		0.9	nichenet_prior	NicheNet	omnipath	omnipath					
MMP7	MMP1		0.9	nichenet_prior	NicheNet	omnipath	omnipath					
MMP9	ITGAM		0.9	nichenet_prior	NicheNet	omnipath	omnipath					
MMP9	RECK		0.9	nichenet_prior	NicheNet	omnipath	omnipath					
MMP9	CD44		0.9	nichenet_prior	NicheNet	omnipath	omnipath					
MMP9	ITGB2		0.9	nichenet_prior	NicheNet	omnipath	omnipath					
MMP9	EPHB2		0.9	nichenet_prior	NicheNet	omnipath	omnipath					
MMP9	LRP1		0.9	nichenet_prior	NicheNet	omnipath	omnipath					
MMP9	IFNAR1		0.9	nichenet_prior	NicheNet	omnipath	omnipath					
MMP9	TLR9		0.9	nichenet_prior	NicheNet	omnipath	omnipath					
MMP9	DDR1		0.9	nichenet_prior	NicheNet	omnipath	omnipath					
MMRN2	CD248		0.9	nichenet_prior	NicheNet	omnipath	omnipath					
MMRN2	CD93		0.9	nichenet_prior	NicheNet	omnipath	omnipath					
MMRN2	CLEC14A		0.9	nichenet_prior	NicheNet	omnipath	omnipath					
MPDZ	F11R		0.9	nichenet_prior	NicheNet	omnipath	omnipath					
MPDZ	CLDN8		0.9	nichenet_prior	NicheNet	omnipath	omnipath					
MPDZ	CLDN4		0.9	nichenet_prior	NicheNet	omnipath	omnipath					
MPDZ	CLDN1		0.9	nichenet_prior	NicheNet	omnipath	omnipath					
MPDZ	CLDN5		0.9	nichenet_prior	NicheNet	omnipath	omnipath					
MPIG6B	UNC5D		0.9	nichenet_prior	NicheNet	omnipath	omnipath					
MPIG6B	IL1RL1		0.9	nichenet_prior	NicheNet	omnipath	omnipath					
MPIG6B	UNC5A		0.9	nichenet_prior	NicheNet	omnipath	omnipath					
MPIG6B	OSCAR		0.9	nichenet_prior	NicheNet	omnipath	omnipath					
MPIG6B	TNFRSF21		0.9	nichenet_prior	NicheNet	omnipath	omnipath					
MPIG6B	AGER		0.9	nichenet_prior	NicheNet	omnipath	omnipath					
MPIG6B	BOC		0.9	nichenet_prior	NicheNet	omnipath	omnipath					
MPIG6B	ROBO1		0.9	nichenet_prior	NicheNet	omnipath	omnipath					
MPZ	LILRB3		0.9	nichenet_prior	NicheNet	omnipath	omnipath					
MPZ	KIR2DL5A		0.9	nichenet_prior	NicheNet	omnipath	omnipath					
MPZ	LILRB5		0.9	nichenet_prior	NicheNet	omnipath	omnipath					
MPZ	LILRA6		0.9	nichenet_prior	NicheNet	omnipath	omnipath					
MPZ	LILRA5		0.9	nichenet_prior	NicheNet	omnipath	omnipath					
MPZ	SIGLEC6		0.9	nichenet_prior	NicheNet	omnipath	omnipath					
MPZ	ISLR2		0.9	nichenet_prior	NicheNet	omnipath	omnipath					
MPZ	IL6R		0.9	nichenet_prior	NicheNet	omnipath	omnipath					
MPZL3	KIAA0319L		0.9	nichenet_prior	NicheNet	nichenet_verschueren	nichenet_verschueren					
MPZL3	MPZL2		0.9	nichenet_prior	NicheNet	omnipath	omnipath					
MSMB	GPR55		0.9	nichenet_prior	NicheNet	omnipath	omnipath					
MSMP	CCR2		0.9	nichenet_prior	NicheNet	omnipath	omnipath					
MSN	SLC9A1		0.9	nichenet_prior	NicheNet	omnipath	omnipath					
MST1	MST1R		0.9	nichenet_prior	NicheNet	omnipath	omnipath					
MSTN	ACVR2B		0.9	nichenet_prior	NicheNet	omnipath	omnipath					
MSTN	ACVR1B		0.9	nichenet_prior	NicheNet	omnipath	omnipath					
MSTN	ACVR2A		0.9	nichenet_prior	NicheNet	omnipath	omnipath					
MSTN	TGFBR1		0.9	nichenet_prior	NicheNet	omnipath	omnipath					
MUC1	SIGLEC9		0.9	nichenet_prior	NicheNet	omnipath	omnipath					
MUC4	ERBB2		0.9	nichenet_prior	NicheNet	omnipath	omnipath					
MUC7	SELL		0.9	nichenet_prior	NicheNet	omnipath	omnipath					
MXRA5	MPIG6B		0.9	nichenet_prior	NicheNet	omnipath	omnipath					
MXRA5	MFAP3L		0.9	nichenet_prior	NicheNet	omnipath	omnipath					
MXRA5	SIGLEC1		0.9	nichenet_prior	NicheNet	omnipath	omnipath					
MXRA5	CD200		0.9	nichenet_prior	NicheNet	omnipath	omnipath					
MXRA5	SCN2B		0.9	nichenet_prior	NicheNet	omnipath	omnipath					
MXRA5	AGER		0.9	nichenet_prior	NicheNet	omnipath	omnipath					
MXRA5	MAG		0.9	nichenet_prior	NicheNet	omnipath	omnipath					
MXRA5	SIGLEC7		0.9	nichenet_prior	NicheNet	omnipath	omnipath					
MXRA5	ILDR1		0.9	nichenet_prior	NicheNet	omnipath	omnipath					
MXRA5	PILRA		0.9	nichenet_prior	NicheNet	omnipath	omnipath					
MXRA5	PILRB		0.9	nichenet_prior	NicheNet	omnipath	omnipath					
MXRA5	AXL		0.9	nichenet_prior	NicheNet	omnipath	omnipath					
MXRA5	CD69		0.9	nichenet_prior	NicheNet	omnipath	omnipath					
MXRA5	SIGLEC8		0.9	nichenet_prior	NicheNet	omnipath	omnipath					
MXRA8	JAM3		0.9	nichenet_prior	NicheNet	omnipath	omnipath					
MYEOV	TNFRSF11A		0.9	nichenet_prior	NicheNet	nichenet_verschueren	nichenet_verschueren					
MYOC	FZD1		0.9	nichenet_prior	NicheNet	omnipath	omnipath					
MYOC	FZD10		0.9	nichenet_prior	NicheNet	omnipath	omnipath					
MYOC	FZD3		0.9	nichenet_prior	NicheNet	omnipath	omnipath					
MYOC	FZD4		0.9	nichenet_prior	NicheNet	omnipath	omnipath					
MYOC	FZD7		0.9	nichenet_prior	NicheNet	omnipath	omnipath					
NAALADL1	CD96		0.9	nichenet_prior	NicheNet	omnipath	omnipath					
NAMPT	ADORA2A		0.9	nichenet_prior	NicheNet	omnipath	omnipath					
NAMPT	INSR		0.9	nichenet_prior	NicheNet	omnipath	omnipath					
NAMPT	ITGA5		0.9	nichenet_prior	NicheNet	omnipath	omnipath					
NAMPT	ITGB1		0.9	nichenet_prior	NicheNet	omnipath	omnipath					
NCAM1	NPTN		0.9	nichenet_prior	NicheNet	nichenet_verschueren	nichenet_verschueren					
NCAM1	CACNA1C		0.9	nichenet_prior	NicheNet	omnipath	omnipath					
NCAM1	GFRA1		0.9	nichenet_prior	NicheNet	omnipath	omnipath					
NCAM1	FGFR2		0.9	nichenet_prior	NicheNet	omnipath	omnipath					
NCAM1	ROBO1		0.9	nichenet_prior	NicheNet	omnipath	omnipath					
NCAM1	PTPRZ1		0.9	nichenet_prior	NicheNet	omnipath	omnipath					
NCAM1	ROBO3		0.9	nichenet_prior	NicheNet	omnipath	omnipath					
NCAM1	CNTN1		0.9	nichenet_prior	NicheNet	omnipath	omnipath					
NCAM1	ISLR2		0.9	nichenet_prior	NicheNet	omnipath	omnipath					
NCAM1	CLEC2L		0.9	nichenet_prior	NicheNet	omnipath	omnipath					
NCAM1	PTPRS		0.9	nichenet_prior	NicheNet	omnipath	omnipath					
NCAM1	CLEC14A		0.9	nichenet_prior	NicheNet	omnipath	omnipath					
NCAN	CDH2		0.9	nichenet_prior	NicheNet	omnipath	omnipath					
NCAN	SDC3		0.9	nichenet_prior	NicheNet	omnipath	omnipath					
NCR2	PRLR		0.9	nichenet_prior	NicheNet	nichenet_verschueren	nichenet_verschueren					
NCR3LG1	NCR3		0.9	nichenet_prior	NicheNet	omnipath	omnipath					
NDP	FZD4		0.9	nichenet_prior	NicheNet	omnipath	omnipath					
NDP	LRP5		0.9	nichenet_prior	NicheNet	omnipath	omnipath					
NDP	LGR4		0.9	nichenet_prior	NicheNet	omnipath	omnipath					
NECTIN1	NECTIN1		0.9	nichenet_prior	NicheNet	nichenet_verschueren	nichenet_verschueren					
NECTIN1	CD96		0.9	nichenet_prior	NicheNet	omnipath	omnipath					
NECTIN1	NECTIN3		0.9	nichenet_prior	NicheNet	omnipath	omnipath					
NECTIN1	FGFR1		0.9	nichenet_prior	NicheNet	omnipath	omnipath					
NECTIN2	NECTIN2		0.9	nichenet_prior	NicheNet	nichenet_verschueren	nichenet_verschueren					
NECTIN2	CD96		0.9	nichenet_prior	NicheNet	omnipath	omnipath					
NECTIN2	NECTIN3		0.9	nichenet_prior	NicheNet	omnipath	omnipath					
NECTIN2	PVRIG		0.9	nichenet_prior	NicheNet	omnipath	omnipath					
NECTIN2	NECTIN4		0.9	nichenet_prior	NicheNet	omnipath	omnipath					
NECTIN2	PVR		0.9	nichenet_prior	NicheNet	omnipath	omnipath					
NECTIN3	GUCY2D		0.9	nichenet_prior	NicheNet	nichenet_verschueren	nichenet_verschueren					
NECTIN3	CADM1		0.9	nichenet_prior	NicheNet	omnipath	omnipath					
NECTIN3	CADM3		0.9	nichenet_prior	NicheNet	omnipath	omnipath					
NECTIN4	GUCY2D		0.9	nichenet_prior	NicheNet	nichenet_verschueren	nichenet_verschueren					
NECTIN4	PVR		0.9	nichenet_prior	NicheNet	nichenet_verschueren	nichenet_verschueren					
NECTIN4	NECTIN1		0.9	nichenet_prior	NicheNet	nichenet_verschueren	nichenet_verschueren					
NECTIN4	NECTIN2		0.9	nichenet_prior	NicheNet	nichenet_verschueren	nichenet_verschueren					
NECTIN4	TIGIT		0.9	nichenet_prior	NicheNet	omnipath	omnipath					
NEGR1	TNFRSF17		0.9	nichenet_prior	NicheNet	nichenet_verschueren	nichenet_verschueren					
NEGR1	KIR2DS3		0.9	nichenet_prior	NicheNet	nichenet_verschueren	nichenet_verschueren					
NEGR1	OPCML		0.9	nichenet_prior	NicheNet	nichenet_verschueren	nichenet_verschueren					
NEGR1	NTM		0.9	nichenet_prior	NicheNet	nichenet_verschueren	nichenet_verschueren					
NEGR1	IGSF9B		0.9	nichenet_prior	NicheNet	omnipath	omnipath					
NELL2	ROBO3		0.9	nichenet_prior	NicheNet	omnipath	omnipath					
NEO1	RGMB		0.9	nichenet_prior	NicheNet	omnipath	omnipath					
NEO1	HJV		0.9	nichenet_prior	NicheNet	omnipath	omnipath					
NETO2	IL18R1		0.9	nichenet_prior	NicheNet	nichenet_verschueren	nichenet_verschueren					
NETO2	LILRA1		0.9	nichenet_prior	NicheNet	nichenet_verschueren	nichenet_verschueren					
NETO2	LILRA3		0.9	nichenet_prior	NicheNet	nichenet_verschueren	nichenet_verschueren					
NETO2	LRRC4		0.9	nichenet_prior	NicheNet	nichenet_verschueren	nichenet_verschueren					
NETO2	FCRL1		0.9	nichenet_prior	NicheNet	omnipath	omnipath					
NFASC	NRP2		0.9	nichenet_prior	NicheNet	nichenet_verschueren	nichenet_verschueren					
NFASC	NRCAM		0.9	nichenet_prior	NicheNet	omnipath	omnipath					
NFASC	CNTN1		0.9	nichenet_prior	NicheNet	omnipath	omnipath					
NFASC	CNTNAP1		0.9	nichenet_prior	NicheNet	omnipath	omnipath					
NGF	SORT1		0.9	nichenet_prior	NicheNet	omnipath	omnipath					
NID1	ITGB1		0.9	nichenet_prior	NicheNet	omnipath	omnipath					
NID1	ITGB3		0.9	nichenet_prior	NicheNet	omnipath	omnipath					
NID1	COL13A1		0.9	nichenet_prior	NicheNet	omnipath	omnipath					
NID1	PTPRF		0.9	nichenet_prior	NicheNet	omnipath	omnipath					
NID1	ITGA3		0.9	nichenet_prior	NicheNet	omnipath	omnipath					
NID1	ITGAV		0.9	nichenet_prior	NicheNet	omnipath	omnipath					
NID2	COL13A1		0.9	nichenet_prior	NicheNet	omnipath	omnipath					
NLGN1	NRXN2		0.9	nichenet_prior	NicheNet	omnipath	omnipath					
NLGN1	NRXN1		0.9	nichenet_prior	NicheNet	omnipath	omnipath					
NLGN1	NRXN3		0.9	nichenet_prior	NicheNet	omnipath	omnipath					
NLGN2	NRXN1		0.9	nichenet_prior	NicheNet	omnipath	omnipath					
NLGN2	NRXN3		0.9	nichenet_prior	NicheNet	omnipath	omnipath					
NLGN2	NRXN2		0.9	nichenet_prior	NicheNet	omnipath	omnipath					
NLGN2	MDGA1		0.9	nichenet_prior	NicheNet	omnipath	omnipath					
NLGN3	CD2		0.9	nichenet_prior	NicheNet	nichenet_verschueren	nichenet_verschueren					
NLGN3	NRXN1		0.9	nichenet_prior	NicheNet	omnipath	omnipath					
NLGN3	NRXN3		0.9	nichenet_prior	NicheNet	omnipath	omnipath					
NLGN3	NRXN2		0.9	nichenet_prior	NicheNet	omnipath	omnipath					
NLGN3	MDGA1		0.9	nichenet_prior	NicheNet	omnipath	omnipath					
NLGN4X	NRXN2		0.9	nichenet_prior	NicheNet	omnipath	omnipath					
NLGN4X	NRXN1		0.9	nichenet_prior	NicheNet	omnipath	omnipath					
NLGN4X	NRXN3		0.9	nichenet_prior	NicheNet	omnipath	omnipath					
NLGN4X	MDGA1		0.9	nichenet_prior	NicheNet	omnipath	omnipath					
NLGN4Y	NRXN2		0.9	nichenet_prior	NicheNet	omnipath	omnipath					
NLGN4Y	NRXN1		0.9	nichenet_prior	NicheNet	omnipath	omnipath					
NLGN4Y	NRXN3		0.9	nichenet_prior	NicheNet	omnipath	omnipath					
NMB	GRPR		0.9	nichenet_prior	NicheNet	omnipath	omnipath					
NMB	BRS3		0.9	nichenet_prior	NicheNet	omnipath	omnipath					
NMS	ADRA2A		0.9	nichenet_prior	NicheNet	omnipath	omnipath					
NMS	MTNR1A		0.9	nichenet_prior	NicheNet	omnipath	omnipath					
NMS	GRM7		0.9	nichenet_prior	NicheNet	omnipath	omnipath					
NODAL	ACVR2B		0.9	nichenet_prior	NicheNet	omnipath	omnipath					
NODAL	TDGF1		0.9	nichenet_prior	NicheNet	omnipath	omnipath					
NODAL	ACVR1B		0.9	nichenet_prior	NicheNet	omnipath	omnipath					
NODAL	ACVR1C		0.9	nichenet_prior	NicheNet	omnipath	omnipath					
NODAL	ACVR2A		0.9	nichenet_prior	NicheNet	omnipath	omnipath					
NODAL	CFC1		0.9	nichenet_prior	NicheNet	omnipath	omnipath					
NOG	BMPR1A		0.9	nichenet_prior	NicheNet	omnipath	omnipath					
NOG	BMPR2		0.9	nichenet_prior	NicheNet	omnipath	omnipath					
NOG	BMPR1B		0.9	nichenet_prior	NicheNet	omnipath	omnipath					
NPB	NPBWR2		0.9	nichenet_prior	NicheNet	omnipath	omnipath					
NPB	GRM7		0.9	nichenet_prior	NicheNet	omnipath	omnipath					
NPB	ADRA2A		0.9	nichenet_prior	NicheNet	omnipath	omnipath					
NPB	MTNR1A		0.9	nichenet_prior	NicheNet	omnipath	omnipath					
NPFF	MAS1		0.9	nichenet_prior	NicheNet	nichenet_verschueren	nichenet_verschueren					
NPHS1	TRPC6		0.9	nichenet_prior	NicheNet	omnipath	omnipath					
NPNT	ITGA8		0.9	nichenet_prior	NicheNet	omnipath	omnipath					
NPNT	ITGB1		0.9	nichenet_prior	NicheNet	omnipath	omnipath					
NPPA	NPR3		0.9	nichenet_prior	NicheNet	omnipath	omnipath					
NPPA	NPR2		0.9	nichenet_prior	NicheNet	omnipath	omnipath					
NPPB	NPR3		0.9	nichenet_prior	NicheNet	omnipath	omnipath					
NPPB	NPR2		0.9	nichenet_prior	NicheNet	omnipath	omnipath					
NPPB	DPP4		0.9	nichenet_prior	NicheNet	omnipath	omnipath					
NPPB	FAP		0.9	nichenet_prior	NicheNet	omnipath	omnipath					
NPPC	NPR3		0.9	nichenet_prior	NicheNet	omnipath	omnipath					
NPPC	NPR1		0.9	nichenet_prior	NicheNet	omnipath	omnipath					
NPS	ADCYAP1R1		0.9	nichenet_prior	NicheNet	omnipath	omnipath					
NPS	GPR84		0.9	nichenet_prior	NicheNet	omnipath	omnipath					
NPS	TSHR		0.9	nichenet_prior	NicheNet	omnipath	omnipath					
NPS	RAMP3		0.9	nichenet_prior	NicheNet	omnipath	omnipath					
NPS	RAMP2		0.9	nichenet_prior	NicheNet	omnipath	omnipath					
NPS	ADRB2		0.9	nichenet_prior	NicheNet	omnipath	omnipath					
NPS	PTH1R		0.9	nichenet_prior	NicheNet	omnipath	omnipath					
NPS	VIPR1		0.9	nichenet_prior	NicheNet	omnipath	omnipath					
NPS	ADRB3		0.9	nichenet_prior	NicheNet	omnipath	omnipath					
NPS	GPR20		0.9	nichenet_prior	NicheNet	omnipath	omnipath					
NPTX2	NPTXR		0.9	nichenet_prior	NicheNet	omnipath	omnipath					
NPW	NPBWR2		0.9	nichenet_prior	NicheNet	omnipath	omnipath					
NPW	GRM7		0.9	nichenet_prior	NicheNet	omnipath	omnipath					
NPW	ADRA2A		0.9	nichenet_prior	NicheNet	omnipath	omnipath					
NPW	MTNR1A		0.9	nichenet_prior	NicheNet	omnipath	omnipath					
NPY	NPY4R2		0.9	nichenet_prior	NicheNet	nichenet_verschueren	nichenet_verschueren					
NPY	PRLHR		0.9	nichenet_prior	NicheNet	omnipath	omnipath					
NPY	FAP		0.9	nichenet_prior	NicheNet	omnipath	omnipath					
NPY	MC4R		0.9	nichenet_prior	NicheNet	omnipath	omnipath					
NPY	NPFFR2		0.9	nichenet_prior	NicheNet	omnipath	omnipath					
NRG1	ERBB2		0.9	nichenet_prior	NicheNet	omnipath	omnipath					
NRG1	EGFR		0.9	nichenet_prior	NicheNet	omnipath	omnipath					
NRG1	ITGAV		0.9	nichenet_prior	NicheNet	omnipath	omnipath					
NRG1	ITGB3		0.9	nichenet_prior	NicheNet	omnipath	omnipath					
NRG2	LRRTM2		0.9	nichenet_prior	NicheNet	omnipath	omnipath					
NRG2	MOG		0.9	nichenet_prior	NicheNet	omnipath	omnipath					
NRG2	MPIG6B		0.9	nichenet_prior	NicheNet	omnipath	omnipath					
NRG2	NRP2		0.9	nichenet_prior	NicheNet	omnipath	omnipath					
NRG2	ERBB2		0.9	nichenet_prior	NicheNet	omnipath	omnipath					
NRG3	EGFR		0.9	nichenet_prior	NicheNet	omnipath	omnipath					
NRG3	ERBB3		0.9	nichenet_prior	NicheNet	omnipath	omnipath					
NRG3	ERBB2		0.9	nichenet_prior	NicheNet	omnipath	omnipath					
NRG4	ERBB2		0.9	nichenet_prior	NicheNet	omnipath	omnipath					
NRG4	EGFR		0.9	nichenet_prior	NicheNet	omnipath	omnipath					
NRP1	FLT1		0.9	nichenet_prior	NicheNet	nichenet_verschueren	nichenet_verschueren					
NRP1	TNFRSF11B		0.9	nichenet_prior	NicheNet	nichenet_verschueren	nichenet_verschueren					
NRP1	PDGFRB		0.9	nichenet_prior	NicheNet	omnipath	omnipath					
NRP1	PDGFRA		0.9	nichenet_prior	NicheNet	omnipath	omnipath					
NRP1	KDR		0.9	nichenet_prior	NicheNet	omnipath	omnipath					
NRP1	PLXNA1		0.9	nichenet_prior	NicheNet	omnipath	omnipath					
NRTN	RET		0.9	nichenet_prior	NicheNet	omnipath	omnipath					
NRTN	GFRA1		0.9	nichenet_prior	NicheNet	omnipath	omnipath					
NRTN	GFRA2		0.9	nichenet_prior	NicheNet	omnipath	omnipath					
NRTN	GFRA3		0.9	nichenet_prior	NicheNet	omnipath	omnipath					
NRXN1	VSTM2B		0.9	nichenet_prior	NicheNet	omnipath	omnipath					
NRXN2	FGFR4		0.9	nichenet_prior	NicheNet	nichenet_verschueren	nichenet_verschueren					
NRXN2	TNFRSF11B		0.9	nichenet_prior	NicheNet	nichenet_verschueren	nichenet_verschueren					
NRXN2	FGFRL1		0.9	nichenet_prior	NicheNet	omnipath	omnipath					
NRXN2	SIGLEC8		0.9	nichenet_prior	NicheNet	omnipath	omnipath					
NRXN2	IGSF21		0.9	nichenet_prior	NicheNet	omnipath	omnipath					
NRXN2	VSTM2B		0.9	nichenet_prior	NicheNet	omnipath	omnipath					
NRXN3	NLGN4Y		0.9	nichenet_prior	NicheNet	nichenet_verschueren	nichenet_verschueren					
NRXN3	FGFR4		0.9	nichenet_prior	NicheNet	nichenet_verschueren	nichenet_verschueren					
NRXN3	TNFRSF11B		0.9	nichenet_prior	NicheNet	nichenet_verschueren	nichenet_verschueren					
NRXN3	DAG1		0.9	nichenet_prior	NicheNet	omnipath	omnipath					
NRXN3	FGFRL1		0.9	nichenet_prior	NicheNet	omnipath	omnipath					
NT5E	FCRL1		0.9	nichenet_prior	NicheNet	omnipath	omnipath					
NTF4	NTRK3		0.9	nichenet_prior	NicheNet	nichenet_verschueren	nichenet_verschueren					
NTF4	NTRK1		0.9	nichenet_prior	NicheNet	omnipath	omnipath					
NTM	TNFRSF17		0.9	nichenet_prior	NicheNet	nichenet_verschueren	nichenet_verschueren					
NTM	STAB1		0.9	nichenet_prior	NicheNet	nichenet_verschueren	nichenet_verschueren					
NTM	CD79B		0.9	nichenet_prior	NicheNet	nichenet_verschueren	nichenet_verschueren					
NTM	OPCML		0.9	nichenet_prior	NicheNet	nichenet_verschueren	nichenet_verschueren					
NTM	NEGR1		0.9	nichenet_prior	NicheNet	omnipath	omnipath					
NTM	AMIGO2		0.9	nichenet_prior	NicheNet	omnipath	omnipath					
NTM	LRRN3		0.9	nichenet_prior	NicheNet	omnipath	omnipath					
NTM	THSD7A		0.9	nichenet_prior	NicheNet	omnipath	omnipath					
NTM	VSIG8		0.9	nichenet_prior	NicheNet	omnipath	omnipath					
NTM	LRRC4C		0.9	nichenet_prior	NicheNet	omnipath	omnipath					
NTN1	UNC5D		0.9	nichenet_prior	NicheNet	omnipath	omnipath					
NTN1	ADORA2B		0.9	nichenet_prior	NicheNet	omnipath	omnipath					
NTN1	NEO1		0.9	nichenet_prior	NicheNet	omnipath	omnipath					
NTN3	NEO1		0.9	nichenet_prior	NicheNet	omnipath	omnipath					
NTN3	CDON		0.9	nichenet_prior	NicheNet	omnipath	omnipath					
NTN4	UNC5A		0.9	nichenet_prior	NicheNet	omnipath	omnipath					
NTN4	DCC		0.9	nichenet_prior	NicheNet	omnipath	omnipath					
NTNG1	CD300C		0.9	nichenet_prior	NicheNet	nichenet_verschueren	nichenet_verschueren					
NTNG1	LRRC4C		0.9	nichenet_prior	NicheNet	omnipath	omnipath					
NTNG1	SIGLEC8		0.9	nichenet_prior	NicheNet	omnipath	omnipath					
NTNG2	LRRC4		0.9	nichenet_prior	NicheNet	omnipath	omnipath					
NTNG2	LRRC4C		0.9	nichenet_prior	NicheNet	omnipath	omnipath					
NUCB2	ERAP1		0.9	nichenet_prior	NicheNet	nichenet_verschueren	nichenet_verschueren					
NXPH1	NRXN1		0.9	nichenet_prior	NicheNet	omnipath	omnipath					
NXPH1	NRXN3		0.9	nichenet_prior	NicheNet	omnipath	omnipath					
NXPH1	NRXN2		0.9	nichenet_prior	NicheNet	omnipath	omnipath					
NXPH2	NRXN1		0.9	nichenet_prior	NicheNet	omnipath	omnipath					
NXPH3	NRXN1		0.9	nichenet_prior	NicheNet	omnipath	omnipath					
NXPH3	NRXN3		0.9	nichenet_prior	NicheNet	omnipath	omnipath					
NXPH3	NRXN2		0.9	nichenet_prior	NicheNet	omnipath	omnipath					
NYX	TRPM1		0.9	nichenet_prior	NicheNet	omnipath	omnipath					
OBP2A	OR1G1		0.9	nichenet_prior	NicheNet	omnipath	omnipath					
OCLN	TGFBR1		0.9	nichenet_prior	NicheNet	omnipath	omnipath					
OCLN	CLDN2		0.9	nichenet_prior	NicheNet	omnipath	omnipath					
OCLN	TGFBR2		0.9	nichenet_prior	NicheNet	omnipath	omnipath					
OGN	HLA-DRB1		0.9	nichenet_prior	NicheNet	omnipath	omnipath					
OLFM2	ROBO2		0.9	nichenet_prior	NicheNet	omnipath	omnipath					
OMG	LINGO1		0.9	nichenet_prior	NicheNet	omnipath	omnipath					
OMG	RTN4R		0.9	nichenet_prior	NicheNet	omnipath	omnipath					
OMG	NGFR		0.9	nichenet_prior	NicheNet	omnipath	omnipath					
OMG	TNFRSF1B		0.9	nichenet_prior	NicheNet	omnipath	omnipath					
OPCML	OPCML		0.9	nichenet_prior	NicheNet	nichenet_verschueren	nichenet_verschueren					
OPCML	NTM		0.9	nichenet_prior	NicheNet	omnipath	omnipath					
OPCML	NEGR1		0.9	nichenet_prior	NicheNet	omnipath	omnipath					
ORM1	CCR5		0.9	nichenet_prior	NicheNet	omnipath	omnipath					
OSM	OSMR		0.9	nichenet_prior	NicheNet	omnipath	omnipath					
OSM	IL6ST		0.9	nichenet_prior	NicheNet	omnipath	omnipath					
OSM	LIFR		0.9	nichenet_prior	NicheNet	omnipath	omnipath					
OXT	AVPR1A		0.9	nichenet_prior	NicheNet	omnipath	omnipath					
OXT	AVPR1B		0.9	nichenet_prior	NicheNet	omnipath	omnipath					
OXT	AVPR2		0.9	nichenet_prior	NicheNet	omnipath	omnipath					
PAEP	PTPRC		0.9	nichenet_prior	NicheNet	omnipath	omnipath					
PAM	FAP		0.9	nichenet_prior	NicheNet	omnipath	omnipath					
PAM	DPP4		0.9	nichenet_prior	NicheNet	omnipath	omnipath					
PAM	FXYD1		0.9	nichenet_prior	NicheNet	omnipath	omnipath					
PAPLN	NECTIN4		0.9	nichenet_prior	NicheNet	omnipath	omnipath					
PAPLN	SIRPA		0.9	nichenet_prior	NicheNet	omnipath	omnipath					
PAPLN	CD200		0.9	nichenet_prior	NicheNet	omnipath	omnipath					
PATJ	CLDN1		0.9	nichenet_prior	NicheNet	omnipath	omnipath					
PCDH15	TMC2		0.9	nichenet_prior	NicheNet	omnipath	omnipath					
PCDH15	TMC1		0.9	nichenet_prior	NicheNet	omnipath	omnipath					
PCDHA1	ITGB1		0.9	nichenet_prior	NicheNet	omnipath	omnipath					
PCDHA10	PCDHGA12		0.9	nichenet_prior	NicheNet	omnipath	omnipath					
PCDHA10	ITGB1		0.9	nichenet_prior	NicheNet	omnipath	omnipath					
PCDHA10	PCDHGC3		0.9	nichenet_prior	NicheNet	omnipath	omnipath					
PCDHA10	PCDHGB4		0.9	nichenet_prior	NicheNet	omnipath	omnipath					
PCDHA10	PCDHGC5		0.9	nichenet_prior	NicheNet	omnipath	omnipath					
PCDHA10	PCDHGC4		0.9	nichenet_prior	NicheNet	omnipath	omnipath					
PCDHA10	PCDHGB7		0.9	nichenet_prior	NicheNet	omnipath	omnipath					
PCDHA10	PCDHGB6		0.9	nichenet_prior	NicheNet	omnipath	omnipath					
PCDHA10	PCDHGB5		0.9	nichenet_prior	NicheNet	omnipath	omnipath					
PCDHA10	PCDHGB3		0.9	nichenet_prior	NicheNet	omnipath	omnipath					
PCDHA10	PCDHGB2		0.9	nichenet_prior	NicheNet	omnipath	omnipath					
PCDHA10	PCDHGB1		0.9	nichenet_prior	NicheNet	omnipath	omnipath					
PCDHA10	PCDHGA9		0.9	nichenet_prior	NicheNet	omnipath	omnipath					
PCDHA10	PCDHGA8		0.9	nichenet_prior	NicheNet	omnipath	omnipath					
PCDHA10	PCDHGA7		0.9	nichenet_prior	NicheNet	omnipath	omnipath					
PCDHA10	PCDHGA6		0.9	nichenet_prior	NicheNet	omnipath	omnipath					
PCDHA10	PCDHGA5		0.9	nichenet_prior	NicheNet	omnipath	omnipath					
PCDHA10	PCDHGA4		0.9	nichenet_prior	NicheNet	omnipath	omnipath					
PCDHA10	PCDHGA3		0.9	nichenet_prior	NicheNet	omnipath	omnipath					
PCDHA10	PCDHGA2		0.9	nichenet_prior	NicheNet	omnipath	omnipath					
PCDHA10	PCDHGA11		0.9	nichenet_prior	NicheNet	omnipath	omnipath					
PCDHA10	PCDHGA10		0.9	nichenet_prior	NicheNet	omnipath	omnipath					
PCDHA10	PCDHGA1		0.9	nichenet_prior	NicheNet	omnipath	omnipath					
PCDHA11	ITGB1		0.9	nichenet_prior	NicheNet	omnipath	omnipath					
PCDHA12	ITGB1		0.9	nichenet_prior	NicheNet	omnipath	omnipath					
PCDHA13	ITGB1		0.9	nichenet_prior	NicheNet	omnipath	omnipath					
PCDHA2	PCDHGA12		0.9	nichenet_prior	NicheNet	omnipath	omnipath					
PCDHA2	ITGB1		0.9	nichenet_prior	NicheNet	omnipath	omnipath					
PCDHA2	PCDHGC3		0.9	nichenet_prior	NicheNet	omnipath	omnipath					
PCDHA2	PCDHGB4		0.9	nichenet_prior	NicheNet	omnipath	omnipath					
PCDHA2	PCDHGC5		0.9	nichenet_prior	NicheNet	omnipath	omnipath					
PCDHA2	PCDHGC4		0.9	nichenet_prior	NicheNet	omnipath	omnipath					
PCDHA2	PCDHGB7		0.9	nichenet_prior	NicheNet	omnipath	omnipath					
PCDHA2	PCDHGB6		0.9	nichenet_prior	NicheNet	omnipath	omnipath					
PCDHA2	PCDHGB5		0.9	nichenet_prior	NicheNet	omnipath	omnipath					
PCDHA2	PCDHGB3		0.9	nichenet_prior	NicheNet	omnipath	omnipath					
PCDHA2	PCDHGB2		0.9	nichenet_prior	NicheNet	omnipath	omnipath					
PCDHA2	PCDHGB1		0.9	nichenet_prior	NicheNet	omnipath	omnipath					
PCDHA2	PCDHGA9		0.9	nichenet_prior	NicheNet	omnipath	omnipath					
PCDHA2	PCDHGA8		0.9	nichenet_prior	NicheNet	omnipath	omnipath					
PCDHA2	PCDHGA7		0.9	nichenet_prior	NicheNet	omnipath	omnipath					
PCDHA2	PCDHGA6		0.9	nichenet_prior	NicheNet	omnipath	omnipath					
PCDHA2	PCDHGA5		0.9	nichenet_prior	NicheNet	omnipath	omnipath					
PCDHA2	PCDHGA4		0.9	nichenet_prior	NicheNet	omnipath	omnipath					
PCDHA2	PCDHGA3		0.9	nichenet_prior	NicheNet	omnipath	omnipath					
PCDHA2	PCDHGA2		0.9	nichenet_prior	NicheNet	omnipath	omnipath					
PCDHA2	PCDHGA11		0.9	nichenet_prior	NicheNet	omnipath	omnipath					
PCDHA2	PCDHGA10		0.9	nichenet_prior	NicheNet	omnipath	omnipath					
PCDHA2	PCDHGA1		0.9	nichenet_prior	NicheNet	omnipath	omnipath					
PCDHA3	ITGB1		0.9	nichenet_prior	NicheNet	omnipath	omnipath					
PCDHA4	ITGB1		0.9	nichenet_prior	NicheNet	omnipath	omnipath					
PCDHA5	ITGB1		0.9	nichenet_prior	NicheNet	omnipath	omnipath					
PCDHA6	ITGB1		0.9	nichenet_prior	NicheNet	omnipath	omnipath					
PCDHA7	ITGB1		0.9	nichenet_prior	NicheNet	omnipath	omnipath					
PCDHA8	ITGB1		0.9	nichenet_prior	NicheNet	omnipath	omnipath					
PCDHA9	ITGB1		0.9	nichenet_prior	NicheNet	omnipath	omnipath					
PCDHB3	IGSF11		0.9	nichenet_prior	NicheNet	omnipath	omnipath					
PCDHGB6	IL4R		0.9	nichenet_prior	NicheNet	nichenet_verschueren	nichenet_verschueren					
PCDHGB6	PLXDC1		0.9	nichenet_prior	NicheNet	omnipath	omnipath					
PCSK9	VLDLR		0.9	nichenet_prior	NicheNet	omnipath	omnipath					
PCSK9	LDLR		0.9	nichenet_prior	NicheNet	omnipath	omnipath					
PCSK9	LRP1		0.9	nichenet_prior	NicheNet	omnipath	omnipath					
PCSK9	SORT1		0.9	nichenet_prior	NicheNet	omnipath	omnipath					
PCSK9	APLP2		0.9	nichenet_prior	NicheNet	omnipath	omnipath					
PCSK9	CD36		0.9	nichenet_prior	NicheNet	omnipath	omnipath					
PCSK9	LRP8		0.9	nichenet_prior	NicheNet	omnipath	omnipath					
PCSK9	CD81		0.9	nichenet_prior	NicheNet	omnipath	omnipath					
PDCD1LG2	CEACAM4		0.9	nichenet_prior	NicheNet	nichenet_verschueren	nichenet_verschueren					
PDCD1LG2	TNFRSF11A		0.9	nichenet_prior	NicheNet	nichenet_verschueren	nichenet_verschueren					
PDCD1LG2	RGMB		0.9	nichenet_prior	NicheNet	omnipath	omnipath					
PDGFA	FURIN		0.9	nichenet_prior	NicheNet	omnipath	omnipath					
PDGFB	LRP1		0.9	nichenet_prior	NicheNet	omnipath	omnipath					
PDGFC	FLT4		0.9	nichenet_prior	NicheNet	nichenet_verschueren	nichenet_verschueren					
PDGFC	KDR		0.9	nichenet_prior	NicheNet	nichenet_verschueren	nichenet_verschueren					
PDGFC	PDGFRB		0.9	nichenet_prior	NicheNet	omnipath	omnipath					
PDGFC	FLT1		0.9	nichenet_prior	NicheNet	omnipath	omnipath					
PDGFD	PDGFRA		0.9	nichenet_prior	NicheNet	omnipath	omnipath					
PDPN	CLEC1B		0.9	nichenet_prior	NicheNet	omnipath	omnipath					
PECAM1	ITGAV		0.9	nichenet_prior	NicheNet	omnipath	omnipath					
PECAM1	ITGB3		0.9	nichenet_prior	NicheNet	omnipath	omnipath					
PENK	MRGPRX3		0.9	nichenet_prior	NicheNet	nichenet_verschueren	nichenet_verschueren					
PENK	OGFR		0.9	nichenet_prior	NicheNet	nichenet_verschueren	nichenet_verschueren					
PENK	MRGPRX1		0.9	nichenet_prior	NicheNet	omnipath	omnipath					
PENK	GRM7		0.9	nichenet_prior	NicheNet	omnipath	omnipath					
PENK	ADRA2A		0.9	nichenet_prior	NicheNet	omnipath	omnipath					
PENK	MTNR1A		0.9	nichenet_prior	NicheNet	omnipath	omnipath					
PENK	MRGPRX4		0.9	nichenet_prior	NicheNet	omnipath	omnipath					
PF4	FGFR2		0.9	nichenet_prior	NicheNet	omnipath	omnipath					
PF4	SDC2		0.9	nichenet_prior	NicheNet	omnipath	omnipath					
PF4	ACKR1		0.9	nichenet_prior	NicheNet	omnipath	omnipath					
PF4	LDLR		0.9	nichenet_prior	NicheNet	omnipath	omnipath					
PF4	THBD		0.9	nichenet_prior	NicheNet	omnipath	omnipath					
PF4	PROCR		0.9	nichenet_prior	NicheNet	omnipath	omnipath					
PGF	NRP1		0.9	nichenet_prior	NicheNet	omnipath	omnipath					
PGF	NRP2		0.9	nichenet_prior	NicheNet	omnipath	omnipath					
PGF	KDR		0.9	nichenet_prior	NicheNet	omnipath	omnipath					
PGLYRP1	TREM1		0.9	nichenet_prior	NicheNet	omnipath	omnipath					
PI16	MFAP3L		0.9	nichenet_prior	NicheNet	omnipath	omnipath					
PI16	TNFRSF21		0.9	nichenet_prior	NicheNet	omnipath	omnipath					
PIGA	PIGR		0.9	nichenet_prior	NicheNet	omnipath	omnipath					
PIP	AQP5		0.9	nichenet_prior	NicheNet	omnipath	omnipath					
PIP	CD4		0.9	nichenet_prior	NicheNet	omnipath	omnipath					
PIP	NPTN		0.9	nichenet_prior	NicheNet	omnipath	omnipath					
PLA2G10	PLA2R1		0.9	nichenet_prior	NicheNet	omnipath	omnipath					
PLA2G2A	ITGA4		0.9	nichenet_prior	NicheNet	omnipath	omnipath					
PLA2G2A	ITGA5		0.9	nichenet_prior	NicheNet	omnipath	omnipath					
PLA2G2A	ITGAV		0.9	nichenet_prior	NicheNet	omnipath	omnipath					
PLA2G2A	ITGB1		0.9	nichenet_prior	NicheNet	omnipath	omnipath					
PLA2G2A	ITGB3		0.9	nichenet_prior	NicheNet	omnipath	omnipath					
PLA2G2A	ERBB3		0.9	nichenet_prior	NicheNet	omnipath	omnipath					
PLA2G2A	EGFR		0.9	nichenet_prior	NicheNet	omnipath	omnipath					
PLAT	ITGAM		0.9	nichenet_prior	NicheNet	omnipath	omnipath					
PLAT	LRP1		0.9	nichenet_prior	NicheNet	omnipath	omnipath					
PLAT	ITGB2		0.9	nichenet_prior	NicheNet	omnipath	omnipath					
PLAU	LRP1		0.9	nichenet_prior	NicheNet	omnipath	omnipath					
PLAU	LRP2		0.9	nichenet_prior	NicheNet	omnipath	omnipath					
PLAU	ST14		0.9	nichenet_prior	NicheNet	omnipath	omnipath					
PLAU	IGF2R		0.9	nichenet_prior	NicheNet	omnipath	omnipath					
PLB1	IGDCC4		0.9	nichenet_prior	NicheNet	nichenet_verschueren	nichenet_verschueren					
PLEKHO2	PDGFRB		0.9	nichenet_prior	NicheNet	nichenet_verschueren	nichenet_verschueren					
PLG	PLAT		0.9	nichenet_prior	NicheNet	omnipath	omnipath					
PLG	ITGB1		0.9	nichenet_prior	NicheNet	omnipath	omnipath					
PLG	F3		0.9	nichenet_prior	NicheNet	omnipath	omnipath					
PLG	PLGRKT		0.9	nichenet_prior	NicheNet	omnipath	omnipath					
PLG	ITGA9		0.9	nichenet_prior	NicheNet	omnipath	omnipath					
PLG	PLAU		0.9	nichenet_prior	NicheNet	omnipath	omnipath					
PLTP	ABCA1		0.9	nichenet_prior	NicheNet	omnipath	omnipath					
PLTP	APOA1		0.9	nichenet_prior	NicheNet	omnipath	omnipath					
PLXNA1	NOTCH1		0.9	nichenet_prior	NicheNet	omnipath	omnipath					
PLXNA1	TREM2		0.9	nichenet_prior	NicheNet	omnipath	omnipath					
PLXNA1	TYROBP		0.9	nichenet_prior	NicheNet	omnipath	omnipath					
PLXNA2	SEMA6A		0.9	nichenet_prior	NicheNet	omnipath	omnipath					
PMCH	MCHR2		0.9	nichenet_prior	NicheNet	omnipath	omnipath					
PODXL	SELL		0.9	nichenet_prior	NicheNet	omnipath	omnipath					
PODXL2	SELL		0.9	nichenet_prior	NicheNet	omnipath	omnipath					
POMZP3	MERTK		0.9	nichenet_prior	NicheNet	nichenet_verschueren	nichenet_verschueren					
POSTN	PTK7		0.9	nichenet_prior	NicheNet	omnipath	omnipath					
POSTN	ITGAV		0.9	nichenet_prior	NicheNet	omnipath	omnipath					
POSTN	ITGB3		0.9	nichenet_prior	NicheNet	omnipath	omnipath					
POSTN	ITGB5		0.9	nichenet_prior	NicheNet	omnipath	omnipath					
PPBP	OPRM1		0.9	nichenet_prior	NicheNet	omnipath	omnipath					
PPBP	OPRD1		0.9	nichenet_prior	NicheNet	omnipath	omnipath					
PPBP	CXCR1		0.9	nichenet_prior	NicheNet	omnipath	omnipath					
PPBP	ACKR1		0.9	nichenet_prior	NicheNet	omnipath	omnipath					
PPBP	MTNR1A		0.9	nichenet_prior	NicheNet	omnipath	omnipath					
PPBP	GRM7		0.9	nichenet_prior	NicheNet	omnipath	omnipath					
PPBP	ADRA2A		0.9	nichenet_prior	NicheNet	omnipath	omnipath					
PPY	NPFFR1		0.9	nichenet_prior	NicheNet	nichenet_verschueren	nichenet_verschueren					
PPY	NPFFR2		0.9	nichenet_prior	NicheNet	nichenet_verschueren	nichenet_verschueren					
PPY	NPY4R2		0.9	nichenet_prior	NicheNet	nichenet_verschueren	nichenet_verschueren					
PPY	ADRA2A		0.9	nichenet_prior	NicheNet	omnipath	omnipath					
PPY	MTNR1A		0.9	nichenet_prior	NicheNet	omnipath	omnipath					
PPY	GRM7		0.9	nichenet_prior	NicheNet	omnipath	omnipath					
PRG4	CD44		0.9	nichenet_prior	NicheNet	omnipath	omnipath					
PRG4	TLR2		0.9	nichenet_prior	NicheNet	omnipath	omnipath					
PRG4	TLR4		0.9	nichenet_prior	NicheNet	omnipath	omnipath					
PRL	ERBB2		0.9	nichenet_prior	NicheNet	omnipath	omnipath					
PRND	RPSA		0.9	nichenet_prior	NicheNet	nichenet_verschueren	nichenet_verschueren					
PRND	RPSAP58		0.9	nichenet_prior	NicheNet	nichenet_verschueren	nichenet_verschueren					
PRNP	TNFRSF25		0.9	nichenet_prior	NicheNet	omnipath	omnipath					
PRNP	NCAM1		0.9	nichenet_prior	NicheNet	omnipath	omnipath					
PROC	F7		0.9	nichenet_prior	NicheNet	omnipath	omnipath					
PROC	F5		0.9	nichenet_prior	NicheNet	omnipath	omnipath					
PROC	ITGAM		0.9	nichenet_prior	NicheNet	omnipath	omnipath					
PROC	ITGB2		0.9	nichenet_prior	NicheNet	omnipath	omnipath					
PROC	THBD		0.9	nichenet_prior	NicheNet	omnipath	omnipath					
PROC	TEK		0.9	nichenet_prior	NicheNet	omnipath	omnipath					
PROC	F8		0.9	nichenet_prior	NicheNet	omnipath	omnipath					
PROS1	F5		0.9	nichenet_prior	NicheNet	omnipath	omnipath					
PROS1	PROC		0.9	nichenet_prior	NicheNet	omnipath	omnipath					
PROS1	F8		0.9	nichenet_prior	NicheNet	omnipath	omnipath					
PRRG4	CADM4		0.9	nichenet_prior	NicheNet	omnipath	omnipath					
PRSS55	LRRC4		0.9	nichenet_prior	NicheNet	nichenet_verschueren	nichenet_verschueren					
PSAP	LRP1		0.9	nichenet_prior	NicheNet	omnipath	omnipath					
PSAP	SORT1		0.9	nichenet_prior	NicheNet	omnipath	omnipath					
PSAP	CD1B		0.9	nichenet_prior	NicheNet	omnipath	omnipath					
PSAP	CELSR1		0.9	nichenet_prior	NicheNet	omnipath	omnipath					
PSEN1	CDH1		0.9	nichenet_prior	NicheNet	omnipath	omnipath					
PSEN1	NCSTN		0.9	nichenet_prior	NicheNet	omnipath	omnipath					
PSEN1	NOTCH1		0.9	nichenet_prior	NicheNet	omnipath	omnipath					
PSEN1	NOTCH4		0.9	nichenet_prior	NicheNet	omnipath	omnipath					
PSEN1	NOTCH2		0.9	nichenet_prior	NicheNet	omnipath	omnipath					
PSEN1	NOTCH3		0.9	nichenet_prior	NicheNet	omnipath	omnipath					
PSEN1	PSEN1		0.9	nichenet_prior	NicheNet	omnipath	omnipath					
PSG4	DSCAM		0.9	nichenet_prior	NicheNet	omnipath	omnipath					
PSG5	PDGFRA		0.9	nichenet_prior	NicheNet	omnipath	omnipath					
PSG5	TNFRSF12A		0.9	nichenet_prior	NicheNet	omnipath	omnipath					
PSG6	DSCAM		0.9	nichenet_prior	NicheNet	omnipath	omnipath					
PSG7	FGFR4		0.9	nichenet_prior	NicheNet	omnipath	omnipath					
PSG7	DSCAM		0.9	nichenet_prior	NicheNet	omnipath	omnipath					
PSG7	DCC		0.9	nichenet_prior	NicheNet	omnipath	omnipath					
PSG7	CLEC4A		0.9	nichenet_prior	NicheNet	omnipath	omnipath					
PSG9	DSCAM		0.9	nichenet_prior	NicheNet	omnipath	omnipath					
PSG9	FGFR4		0.9	nichenet_prior	NicheNet	omnipath	omnipath					
PSG9	AXL		0.9	nichenet_prior	NicheNet	omnipath	omnipath					
PSG9	DCC		0.9	nichenet_prior	NicheNet	omnipath	omnipath					
PSPN	GFRA4		0.9	nichenet_prior	NicheNet	omnipath	omnipath					
PSPN	GFRA3		0.9	nichenet_prior	NicheNet	omnipath	omnipath					
PSPN	RET		0.9	nichenet_prior	NicheNet	omnipath	omnipath					
PSPN	SDC3		0.9	nichenet_prior	NicheNet	omnipath	omnipath					
PSPN	GFRA2		0.9	nichenet_prior	NicheNet	omnipath	omnipath					
PSPN	GFRA1		0.9	nichenet_prior	NicheNet	omnipath	omnipath					
PTDSS1	JMJD6		0.9	nichenet_prior	NicheNet	nichenet_verschueren	nichenet_verschueren					
PTDSS1	SCARB1		0.9	nichenet_prior	NicheNet	omnipath	omnipath					
PTGFRN	TMEM59L		0.9	nichenet_prior	NicheNet	omnipath	omnipath					
PTGFRN	SGCG		0.9	nichenet_prior	NicheNet	omnipath	omnipath					
PTGS2	PTGDR2		0.9	nichenet_prior	NicheNet	nichenet_verschueren	nichenet_verschueren					
PTH	ADCYAP1R1		0.9	nichenet_prior	NicheNet	omnipath	omnipath					
PTH	ADRB2		0.9	nichenet_prior	NicheNet	omnipath	omnipath					
PTH	GPR84		0.9	nichenet_prior	NicheNet	omnipath	omnipath					
PTH	VIPR1		0.9	nichenet_prior	NicheNet	omnipath	omnipath					
PTH	GPR20		0.9	nichenet_prior	NicheNet	omnipath	omnipath					
PTH	ADRB3		0.9	nichenet_prior	NicheNet	omnipath	omnipath					
PTH	TSHR		0.9	nichenet_prior	NicheNet	omnipath	omnipath					
PTH	RAMP3		0.9	nichenet_prior	NicheNet	omnipath	omnipath					
PTH	RAMP2		0.9	nichenet_prior	NicheNet	omnipath	omnipath					
PTH	LRP6		0.9	nichenet_prior	NicheNet	omnipath	omnipath					
PTH2	ADCYAP1R1		0.9	nichenet_prior	NicheNet	omnipath	omnipath					
PTH2	TSHR		0.9	nichenet_prior	NicheNet	omnipath	omnipath					
PTH2	GPR20		0.9	nichenet_prior	NicheNet	omnipath	omnipath					
PTH2	GPR84		0.9	nichenet_prior	NicheNet	omnipath	omnipath					
PTH2	ADRB2		0.9	nichenet_prior	NicheNet	omnipath	omnipath					
PTH2	ADRB3		0.9	nichenet_prior	NicheNet	omnipath	omnipath					
PTH2	VIPR1		0.9	nichenet_prior	NicheNet	omnipath	omnipath					
PTH2	RAMP3		0.9	nichenet_prior	NicheNet	omnipath	omnipath					
PTH2	RAMP2		0.9	nichenet_prior	NicheNet	omnipath	omnipath					
PTHLH	PRLHR		0.9	nichenet_prior	NicheNet	nichenet_verschueren	nichenet_verschueren					
PTHLH	PTH2R		0.9	nichenet_prior	NicheNet	omnipath	omnipath					
PTHLH	ADCYAP1R1		0.9	nichenet_prior	NicheNet	omnipath	omnipath					
PTHLH	GPR84		0.9	nichenet_prior	NicheNet	omnipath	omnipath					
PTHLH	RAMP3		0.9	nichenet_prior	NicheNet	omnipath	omnipath					
PTHLH	RAMP2		0.9	nichenet_prior	NicheNet	omnipath	omnipath					
PTHLH	ADRB2		0.9	nichenet_prior	NicheNet	omnipath	omnipath					
PTHLH	VIPR1		0.9	nichenet_prior	NicheNet	omnipath	omnipath					
PTHLH	ADRB3		0.9	nichenet_prior	NicheNet	omnipath	omnipath					
PTHLH	GPR20		0.9	nichenet_prior	NicheNet	omnipath	omnipath					
PTHLH	TSHR		0.9	nichenet_prior	NicheNet	omnipath	omnipath					
PTN	PTPRS		0.9	nichenet_prior	NicheNet	omnipath	omnipath					
PTN	PTPRB		0.9	nichenet_prior	NicheNet	omnipath	omnipath					
PTN	PLXNB2		0.9	nichenet_prior	NicheNet	omnipath	omnipath					
PTN	CDH10		0.9	nichenet_prior	NicheNet	omnipath	omnipath					
PTN	ITGAV		0.9	nichenet_prior	NicheNet	omnipath	omnipath					
PTN	ITGB3		0.9	nichenet_prior	NicheNet	omnipath	omnipath					
PTPRC	DPP4		0.9	nichenet_prior	NicheNet	omnipath	omnipath					
PTPRC	CD247		0.9	nichenet_prior	NicheNet	omnipath	omnipath					
PTPRC	CD4		0.9	nichenet_prior	NicheNet	omnipath	omnipath					
PTPRK	EGFR		0.9	nichenet_prior	NicheNet	omnipath	omnipath					
PTPRM	CDH1		0.9	nichenet_prior	NicheNet	omnipath	omnipath					
PTPRM	SIGLEC10		0.9	nichenet_prior	NicheNet	omnipath	omnipath					
PTPRZ1	ALK		0.9	nichenet_prior	NicheNet	omnipath	omnipath					
PTPRZ1	CNTN1		0.9	nichenet_prior	NicheNet	omnipath	omnipath					
PTPRZ1	NCAM1		0.9	nichenet_prior	NicheNet	omnipath	omnipath					
PTPRZ1	NTRK1		0.9	nichenet_prior	NicheNet	omnipath	omnipath					
PVR	CD96		0.9	nichenet_prior	NicheNet	omnipath	omnipath					
PVR	PVRIG		0.9	nichenet_prior	NicheNet	omnipath	omnipath					
PVR	NECTIN3		0.9	nichenet_prior	NicheNet	omnipath	omnipath					
PVR	KIR2DL5A		0.9	nichenet_prior	NicheNet	omnipath	omnipath					
PVR	NECTIN4		0.9	nichenet_prior	NicheNet	omnipath	omnipath					
PYY	NPY4R2		0.9	nichenet_prior	NicheNet	nichenet_verschueren	nichenet_verschueren					
PYY	DPP4		0.9	nichenet_prior	NicheNet	omnipath	omnipath					
PYY	FAP		0.9	nichenet_prior	NicheNet	omnipath	omnipath					
PZP	MMP2		0.9	nichenet_prior	NicheNet	omnipath	omnipath					
PZP	MMP9		0.9	nichenet_prior	NicheNet	omnipath	omnipath					
QRFP	P2RY14		0.9	nichenet_prior	NicheNet	omnipath	omnipath					
RAET1E	HCST		0.9	nichenet_prior	NicheNet	omnipath	omnipath					
RAET1G	HCST		0.9	nichenet_prior	NicheNet	omnipath	omnipath					
RARRES1	NRP2		0.9	nichenet_prior	NicheNet	omnipath	omnipath					
RARRES2	CMKLR2		0.9	nichenet_prior	NicheNet	nichenet_verschueren	nichenet_verschueren					
RARRES2	CCRL2		0.9	nichenet_prior	NicheNet	omnipath	omnipath					
RBP3	NOTCH1		0.9	nichenet_prior	NicheNet	omnipath	omnipath					
RECK	MMP9		0.9	nichenet_prior	NicheNet	omnipath	omnipath					
RECK	TIGIT		0.9	nichenet_prior	NicheNet	omnipath	omnipath					
RELN	ITGB1		0.9	nichenet_prior	NicheNet	omnipath	omnipath					
RELN	ITGA3		0.9	nichenet_prior	NicheNet	omnipath	omnipath					
REN	ATP6AP2		0.9	nichenet_prior	NicheNet	omnipath	omnipath					
RET	GFRA1		0.9	nichenet_prior	NicheNet	omnipath	omnipath					
RET	GFRA2		0.9	nichenet_prior	NicheNet	omnipath	omnipath					
RET	GFRA3		0.9	nichenet_prior	NicheNet	omnipath	omnipath					
RET	GFRA4		0.9	nichenet_prior	NicheNet	omnipath	omnipath					
RETN	GPR25		0.9	nichenet_prior	NicheNet	omnipath	omnipath					
RGMA	HJV		0.9	nichenet_prior	NicheNet	omnipath	omnipath					
RGMA	NEO1		0.9	nichenet_prior	NicheNet	omnipath	omnipath					
RGMA	BMPR2		0.9	nichenet_prior	NicheNet	omnipath	omnipath					
RGMA	BMPR1B		0.9	nichenet_prior	NicheNet	omnipath	omnipath					
RGMA	TFR2		0.9	nichenet_prior	NicheNet	omnipath	omnipath					
RLN2	RXFP1		0.9	nichenet_prior	NicheNet	omnipath	omnipath					
RLN2	RXFP2		0.9	nichenet_prior	NicheNet	omnipath	omnipath					
RLN2	RXFP3		0.9	nichenet_prior	NicheNet	omnipath	omnipath					
ROBO1	NCAM1		0.9	nichenet_prior	NicheNet	omnipath	omnipath					
RPS19	C5AR1		0.9	nichenet_prior	NicheNet	nichenet_verschueren	nichenet_verschueren					
RSPO1	LGR4		0.9	nichenet_prior	NicheNet	omnipath	omnipath					
RSPO1	LGR5		0.9	nichenet_prior	NicheNet	omnipath	omnipath					
RSPO1	LGR6		0.9	nichenet_prior	NicheNet	omnipath	omnipath					
RSPO1	FZD8		0.9	nichenet_prior	NicheNet	omnipath	omnipath					
RSPO1	LRP6		0.9	nichenet_prior	NicheNet	omnipath	omnipath					
RSPO1	RNF43		0.9	nichenet_prior	NicheNet	omnipath	omnipath					
RSPO2	LGR4		0.9	nichenet_prior	NicheNet	omnipath	omnipath					
RSPO2	LGR5		0.9	nichenet_prior	NicheNet	omnipath	omnipath					
RSPO2	LGR6		0.9	nichenet_prior	NicheNet	omnipath	omnipath					
RSPO2	SDC4		0.9	nichenet_prior	NicheNet	omnipath	omnipath					
RSPO2	FZD4		0.9	nichenet_prior	NicheNet	omnipath	omnipath					
RSPO2	RNF43		0.9	nichenet_prior	NicheNet	omnipath	omnipath					
RSPO3	LGR4		0.9	nichenet_prior	NicheNet	omnipath	omnipath					
RSPO3	LGR5		0.9	nichenet_prior	NicheNet	omnipath	omnipath					
RSPO3	LGR6		0.9	nichenet_prior	NicheNet	omnipath	omnipath					
RSPO3	SDC4		0.9	nichenet_prior	NicheNet	omnipath	omnipath					
RSPO3	FZD8		0.9	nichenet_prior	NicheNet	omnipath	omnipath					
RSPO3	LRP6		0.9	nichenet_prior	NicheNet	omnipath	omnipath					
RSPO3	RNF43		0.9	nichenet_prior	NicheNet	omnipath	omnipath					
RSPO4	LGR4		0.9	nichenet_prior	NicheNet	omnipath	omnipath					
RSPO4	LGR5		0.9	nichenet_prior	NicheNet	omnipath	omnipath					
RSPO4	LGR6		0.9	nichenet_prior	NicheNet	omnipath	omnipath					
RSPO4	RNF43		0.9	nichenet_prior	NicheNet	omnipath	omnipath					
RSPO4	LRP5		0.9	nichenet_prior	NicheNet	omnipath	omnipath					
RSPO4	LRP6		0.9	nichenet_prior	NicheNet	omnipath	omnipath					
RTN4	LINGO1		0.9	nichenet_prior	NicheNet	omnipath	omnipath					
RTN4	TNFRSF19		0.9	nichenet_prior	NicheNet	omnipath	omnipath					
RTN4	GJB2		0.9	nichenet_prior	NicheNet	omnipath	omnipath					
RTN4	RTN4R		0.9	nichenet_prior	NicheNet	omnipath	omnipath					
RTN4	NGFR		0.9	nichenet_prior	NicheNet	omnipath	omnipath					
RTN4	CNTNAP1		0.9	nichenet_prior	NicheNet	omnipath	omnipath					
RTN4	S1PR2		0.9	nichenet_prior	NicheNet	omnipath	omnipath					
RTN4	CNTN1		0.9	nichenet_prior	NicheNet	omnipath	omnipath					
S100A10	TRPV5		0.9	nichenet_prior	NicheNet	omnipath	omnipath					
S100A10	TRPV6		0.9	nichenet_prior	NicheNet	omnipath	omnipath					
S100A10	CFTR		0.9	nichenet_prior	NicheNet	omnipath	omnipath					
S100A10	HTR1B		0.9	nichenet_prior	NicheNet	omnipath	omnipath					
S100A12	TLR4		0.9	nichenet_prior	NicheNet	omnipath	omnipath					
S100A12	CD36		0.9	nichenet_prior	NicheNet	omnipath	omnipath					
S100A4	ERBB2		0.9	nichenet_prior	NicheNet	omnipath	omnipath					
S100A4	EGFR		0.9	nichenet_prior	NicheNet	omnipath	omnipath					
S100A4	CCR5		0.9	nichenet_prior	NicheNet	omnipath	omnipath					
S100A4	ERBB3		0.9	nichenet_prior	NicheNet	omnipath	omnipath					
S100A8	TLR4		0.9	nichenet_prior	NicheNet	omnipath	omnipath					
S100A8	AGER		0.9	nichenet_prior	NicheNet	omnipath	omnipath					
S100A8	ITGB2		0.9	nichenet_prior	NicheNet	omnipath	omnipath					
S100A8	CD36		0.9	nichenet_prior	NicheNet	omnipath	omnipath					
S100A8	CD69		0.9	nichenet_prior	NicheNet	omnipath	omnipath					
S100A8	CD68		0.9	nichenet_prior	NicheNet	omnipath	omnipath					
S100A9	TLR4		0.9	nichenet_prior	NicheNet	omnipath	omnipath					
S100A9	AGER		0.9	nichenet_prior	NicheNet	omnipath	omnipath					
S100A9	ITGB2		0.9	nichenet_prior	NicheNet	omnipath	omnipath					
S100A9	CD36		0.9	nichenet_prior	NicheNet	omnipath	omnipath					
S100A9	CD68		0.9	nichenet_prior	NicheNet	omnipath	omnipath					
S100A9	ALCAM		0.9	nichenet_prior	NicheNet	omnipath	omnipath					
S100B	ALCAM		0.9	nichenet_prior	NicheNet	omnipath	omnipath					
S100B	AGER		0.9	nichenet_prior	NicheNet	omnipath	omnipath					
SAA1	FPR1		0.9	nichenet_prior	NicheNet	omnipath	omnipath					
SAA1	TLR2		0.9	nichenet_prior	NicheNet	omnipath	omnipath					
SAA1	SCARB1		0.9	nichenet_prior	NicheNet	omnipath	omnipath					
SAA1	ADRA2A		0.9	nichenet_prior	NicheNet	omnipath	omnipath					
SAA1	MTNR1A		0.9	nichenet_prior	NicheNet	omnipath	omnipath					
SAA1	GRM7		0.9	nichenet_prior	NicheNet	omnipath	omnipath					
SAA1	CD36		0.9	nichenet_prior	NicheNet	omnipath	omnipath					
SARAF	DAG1		0.9	nichenet_prior	NicheNet	nichenet_verschueren	nichenet_verschueren					
SCGB1A1	LRP2		0.9	nichenet_prior	NicheNet	omnipath	omnipath					
SCGB1A1	LMBR1L		0.9	nichenet_prior	NicheNet	omnipath	omnipath					
SCGB3A1	MARCO		0.9	nichenet_prior	NicheNet	omnipath	omnipath					
SCGB3A1	NOTCH3		0.9	nichenet_prior	NicheNet	omnipath	omnipath					
SCT	PTH1R		0.9	nichenet_prior	NicheNet	omnipath	omnipath					
SCT	ADCYAP1R1		0.9	nichenet_prior	NicheNet	omnipath	omnipath					
SCT	RAMP2		0.9	nichenet_prior	NicheNet	omnipath	omnipath					
SCT	VIPR1		0.9	nichenet_prior	NicheNet	omnipath	omnipath					
SCT	RAMP3		0.9	nichenet_prior	NicheNet	omnipath	omnipath					
SCT	GPR20		0.9	nichenet_prior	NicheNet	omnipath	omnipath					
SCT	ADRB2		0.9	nichenet_prior	NicheNet	omnipath	omnipath					
SCT	VIPR2		0.9	nichenet_prior	NicheNet	omnipath	omnipath					
SCT	ADRB3		0.9	nichenet_prior	NicheNet	omnipath	omnipath					
SCT	TSHR		0.9	nichenet_prior	NicheNet	omnipath	omnipath					
SCT	GPR84		0.9	nichenet_prior	NicheNet	omnipath	omnipath					
SCUBE2	KDR		0.9	nichenet_prior	NicheNet	omnipath	omnipath					
SDC2	PTPRJ		0.9	nichenet_prior	NicheNet	omnipath	omnipath					
SDC2	EZR		0.9	nichenet_prior	NicheNet	omnipath	omnipath					
SDC4	ADAM12		0.9	nichenet_prior	NicheNet	omnipath	omnipath					
SDK2	CADM4		0.9	nichenet_prior	NicheNet	nichenet_verschueren	nichenet_verschueren					
SDK2	CLEC4A		0.9	nichenet_prior	NicheNet	omnipath	omnipath					
SECTM1	CD7		0.9	nichenet_prior	NicheNet	omnipath	omnipath					
SELE	SELPLG		0.9	nichenet_prior	NicheNet	omnipath	omnipath					
SELL	SELPLG		0.9	nichenet_prior	NicheNet	omnipath	omnipath					
SELL	UNC5D		0.9	nichenet_prior	NicheNet	omnipath	omnipath					
SELP	SELPLG		0.9	nichenet_prior	NicheNet	nichenet_verschueren	nichenet_verschueren					
SEMA3A	NRP1		0.9	nichenet_prior	NicheNet	omnipath	omnipath					
SEMA3A	PLXNA1		0.9	nichenet_prior	NicheNet	omnipath	omnipath					
SEMA3A	NRP2		0.9	nichenet_prior	NicheNet	omnipath	omnipath					
SEMA3A	PLXNA2		0.9	nichenet_prior	NicheNet	omnipath	omnipath					
SEMA3A	PLXNA3		0.9	nichenet_prior	NicheNet	omnipath	omnipath					
SEMA3A	PLXNA4		0.9	nichenet_prior	NicheNet	omnipath	omnipath					
SEMA3B	NRP1		0.9	nichenet_prior	NicheNet	omnipath	omnipath					
SEMA3B	NRP2		0.9	nichenet_prior	NicheNet	omnipath	omnipath					
SEMA3B	PLXNA1		0.9	nichenet_prior	NicheNet	omnipath	omnipath					
SEMA3B	PLXNA2		0.9	nichenet_prior	NicheNet	omnipath	omnipath					
SEMA3B	PLXNA3		0.9	nichenet_prior	NicheNet	omnipath	omnipath					
SEMA3B	PLXNA4		0.9	nichenet_prior	NicheNet	omnipath	omnipath					
SEMA3C	NRP2		0.9	nichenet_prior	NicheNet	omnipath	omnipath					
SEMA3C	NRP1		0.9	nichenet_prior	NicheNet	omnipath	omnipath					
SEMA3C	PLXNA1		0.9	nichenet_prior	NicheNet	omnipath	omnipath					
SEMA3C	PLXNA2		0.9	nichenet_prior	NicheNet	omnipath	omnipath					
SEMA3C	PLXNA3		0.9	nichenet_prior	NicheNet	omnipath	omnipath					
SEMA3C	PLXNA4		0.9	nichenet_prior	NicheNet	omnipath	omnipath					
SEMA3D	PLXND1		0.9	nichenet_prior	NicheNet	omnipath	omnipath					
SEMA3D	NRP1		0.9	nichenet_prior	NicheNet	omnipath	omnipath					
SEMA3D	PLXNA4		0.9	nichenet_prior	NicheNet	omnipath	omnipath					
SEMA3D	PLXNA1		0.9	nichenet_prior	NicheNet	omnipath	omnipath					
SEMA3D	PLXNA2		0.9	nichenet_prior	NicheNet	omnipath	omnipath					
SEMA3D	PLXNA3		0.9	nichenet_prior	NicheNet	omnipath	omnipath					
SEMA3D	NRP2		0.9	nichenet_prior	NicheNet	omnipath	omnipath					
SEMA3E	NRP1		0.9	nichenet_prior	NicheNet	omnipath	omnipath					
SEMA3E	NRP2		0.9	nichenet_prior	NicheNet	omnipath	omnipath					
SEMA3F	NRP2		0.9	nichenet_prior	NicheNet	omnipath	omnipath					
SEMA3F	PLXNA3		0.9	nichenet_prior	NicheNet	omnipath	omnipath					
SEMA3F	NRP1		0.9	nichenet_prior	NicheNet	omnipath	omnipath					
SEMA3F	PLXNA1		0.9	nichenet_prior	NicheNet	omnipath	omnipath					
SEMA3F	PLXNA2		0.9	nichenet_prior	NicheNet	omnipath	omnipath					
SEMA3F	PLXNA4		0.9	nichenet_prior	NicheNet	omnipath	omnipath					
SEMA3G	NRP2		0.9	nichenet_prior	NicheNet	omnipath	omnipath					
SEMA3G	GP6		0.9	nichenet_prior	NicheNet	omnipath	omnipath					
SEMA3G	FCGR2A		0.9	nichenet_prior	NicheNet	omnipath	omnipath					
SEMA3G	LILRA3		0.9	nichenet_prior	NicheNet	omnipath	omnipath					
SEMA3G	PLXNA1		0.9	nichenet_prior	NicheNet	omnipath	omnipath					
SEMA3G	PLXNA2		0.9	nichenet_prior	NicheNet	omnipath	omnipath					
SEMA3G	PLXNA3		0.9	nichenet_prior	NicheNet	omnipath	omnipath					
SEMA3G	PLXNA4		0.9	nichenet_prior	NicheNet	omnipath	omnipath					
SEMA4A	PLXND1		0.9	nichenet_prior	NicheNet	omnipath	omnipath					
SEMA4A	PLXNA1		0.9	nichenet_prior	NicheNet	omnipath	omnipath					
SEMA4A	PLXNA2		0.9	nichenet_prior	NicheNet	omnipath	omnipath					
SEMA4A	PLXNA3		0.9	nichenet_prior	NicheNet	omnipath	omnipath					
SEMA4A	NRP1		0.9	nichenet_prior	NicheNet	omnipath	omnipath					
SEMA4A	PLXNA4		0.9	nichenet_prior	NicheNet	omnipath	omnipath					
SEMA4B	PLXNB1		0.9	nichenet_prior	NicheNet	nichenet_verschueren	nichenet_verschueren					
SEMA4B	DCBLD2		0.9	nichenet_prior	NicheNet	omnipath	omnipath					
SEMA4B	PLXNB2		0.9	nichenet_prior	NicheNet	omnipath	omnipath					
SEMA4C	PLXNB1		0.9	nichenet_prior	NicheNet	omnipath	omnipath					
SEMA4D	ERBB2		0.9	nichenet_prior	NicheNet	omnipath	omnipath					
SEMA4D	MET		0.9	nichenet_prior	NicheNet	omnipath	omnipath					
SEMA4F	NRP2		0.9	nichenet_prior	NicheNet	omnipath	omnipath					
SEMA4F	VSIR		0.9	nichenet_prior	NicheNet	omnipath	omnipath					
SEMA4G	PLXNB1		0.9	nichenet_prior	NicheNet	nichenet_verschueren	nichenet_verschueren					
SEMA4G	PLXNB3		0.9	nichenet_prior	NicheNet	nichenet_verschueren	nichenet_verschueren					
SEMA5A	MET		0.9	nichenet_prior	NicheNet	omnipath	omnipath					
SEMA5A	PLXNA2		0.9	nichenet_prior	NicheNet	omnipath	omnipath					
SEMA6C	PLXNA1		0.9	nichenet_prior	NicheNet	omnipath	omnipath					
SEMA6D	TREM2		0.9	nichenet_prior	NicheNet	omnipath	omnipath					
SEMA6D	TYROBP		0.9	nichenet_prior	NicheNet	omnipath	omnipath					
SEMA6D	KDR		0.9	nichenet_prior	NicheNet	omnipath	omnipath					
SEMA6D	PLXNC1		0.9	nichenet_prior	NicheNet	omnipath	omnipath					
SEMA6D	PLXNA4		0.9	nichenet_prior	NicheNet	omnipath	omnipath					
SEMA7A	UNC5D		0.9	nichenet_prior	NicheNet	omnipath	omnipath					
SEMA7A	ITGA1		0.9	nichenet_prior	NicheNet	omnipath	omnipath					
SEMA7A	ITGB1		0.9	nichenet_prior	NicheNet	omnipath	omnipath					
SERPINA1	F12		0.9	nichenet_prior	NicheNet	omnipath	omnipath					
SERPINA1	LRP1		0.9	nichenet_prior	NicheNet	omnipath	omnipath					
SERPINA5	PROC		0.9	nichenet_prior	NicheNet	omnipath	omnipath					
SERPINA5	KLK3		0.9	nichenet_prior	NicheNet	omnipath	omnipath					
SERPINA5	THBD		0.9	nichenet_prior	NicheNet	omnipath	omnipath					
SERPINC1	F9		0.9	nichenet_prior	NicheNet	omnipath	omnipath					
SERPINC1	F10		0.9	nichenet_prior	NicheNet	omnipath	omnipath					
SERPINC1	F12		0.9	nichenet_prior	NicheNet	omnipath	omnipath					
SERPINC1	F11		0.9	nichenet_prior	NicheNet	omnipath	omnipath					
SERPINC1	LRP1		0.9	nichenet_prior	NicheNet	omnipath	omnipath					
SERPINC1	GPC1		0.9	nichenet_prior	NicheNet	omnipath	omnipath					
SERPINC1	SDC2		0.9	nichenet_prior	NicheNet	omnipath	omnipath					
SERPINE1	F12		0.9	nichenet_prior	NicheNet	omnipath	omnipath					
SERPINE1	LRP2		0.9	nichenet_prior	NicheNet	omnipath	omnipath					
SERPINE1	PLAUR		0.9	nichenet_prior	NicheNet	omnipath	omnipath					
SERPINE1	ITGAV		0.9	nichenet_prior	NicheNet	omnipath	omnipath					
SERPINE1	LRP1		0.9	nichenet_prior	NicheNet	omnipath	omnipath					
SERPINE1	ITGB5		0.9	nichenet_prior	NicheNet	omnipath	omnipath					
SERPINE1	PLAU		0.9	nichenet_prior	NicheNet	omnipath	omnipath					
SERPINE1	PLAT		0.9	nichenet_prior	NicheNet	omnipath	omnipath					
SERPINE2	LRP1		0.9	nichenet_prior	NicheNet	omnipath	omnipath					
SERPINF1	PLXDC1		0.9	nichenet_prior	NicheNet	omnipath	omnipath					
SERPINF1	PLXDC2		0.9	nichenet_prior	NicheNet	omnipath	omnipath					
SERPINF1	LRP6		0.9	nichenet_prior	NicheNet	omnipath	omnipath					
SERPING1	F12		0.9	nichenet_prior	NicheNet	omnipath	omnipath					
SERPING1	SELE		0.9	nichenet_prior	NicheNet	omnipath	omnipath					
SERPING1	SELP		0.9	nichenet_prior	NicheNet	omnipath	omnipath					
SERPING1	LRP1		0.9	nichenet_prior	NicheNet	omnipath	omnipath					
SERPING1	C1R		0.9	nichenet_prior	NicheNet	omnipath	omnipath					
SFRP1	FZD2		0.9	nichenet_prior	NicheNet	omnipath	omnipath					
SFRP1	FZD6		0.9	nichenet_prior	NicheNet	omnipath	omnipath					
SFRP2	FZD5		0.9	nichenet_prior	NicheNet	omnipath	omnipath					
SFTPA1	TLR2		0.9	nichenet_prior	NicheNet	omnipath	omnipath					
SFTPA2	CD93		0.9	nichenet_prior	NicheNet	omnipath	omnipath					
SFTPD	SIRPA		0.9	nichenet_prior	NicheNet	omnipath	omnipath					
SFTPD	TLR4		0.9	nichenet_prior	NicheNet	omnipath	omnipath					
SFTPD	LAIR1		0.9	nichenet_prior	NicheNet	omnipath	omnipath					
SHBG	CLDN4		0.9	nichenet_prior	NicheNet	omnipath	omnipath					
SHBG	GPRC6A		0.9	nichenet_prior	NicheNet	omnipath	omnipath					
SHBG	SLC37A1		0.9	nichenet_prior	NicheNet	omnipath	omnipath					
SHH	PTCH1		0.9	nichenet_prior	NicheNet	omnipath	omnipath					
SHH	PTCH2		0.9	nichenet_prior	NicheNet	omnipath	omnipath					
SHH	HHIP		0.9	nichenet_prior	NicheNet	omnipath	omnipath					
SHH	LRP2		0.9	nichenet_prior	NicheNet	omnipath	omnipath					
SHH	BOC		0.9	nichenet_prior	NicheNet	omnipath	omnipath					
SHH	CDON		0.9	nichenet_prior	NicheNet	omnipath	omnipath					
SHH	SMO		0.9	nichenet_prior	NicheNet	omnipath	omnipath					
SHISA4	FCGRT		0.9	nichenet_prior	NicheNet	nichenet_verschueren	nichenet_verschueren					
SI	PDGFRA		0.9	nichenet_prior	NicheNet	omnipath	omnipath					
SI	PDGFRB		0.9	nichenet_prior	NicheNet	omnipath	omnipath					
SI	ITGAV		0.9	nichenet_prior	NicheNet	omnipath	omnipath					
SI	LRP1		0.9	nichenet_prior	NicheNet	omnipath	omnipath					
SI	S1PR1		0.9	nichenet_prior	NicheNet	omnipath	omnipath					
SIGLEC1	CD47		0.9	nichenet_prior	NicheNet	nichenet_verschueren	nichenet_verschueren					
SIGLEC1	PTPRC		0.9	nichenet_prior	NicheNet	omnipath	omnipath					
SIGLEC12	IL1RAPL1		0.9	nichenet_prior	NicheNet	nichenet_verschueren	nichenet_verschueren					
SIGLEC14	CD33		0.9	nichenet_prior	NicheNet	omnipath	omnipath					
SIGLEC14	IFNGR1		0.9	nichenet_prior	NicheNet	omnipath	omnipath					
SIGLEC15	FGFR4		0.9	nichenet_prior	NicheNet	nichenet_verschueren	nichenet_verschueren					
SIGLEC15	UNC5D		0.9	nichenet_prior	NicheNet	omnipath	omnipath					
SIGLEC15	SIGLEC10		0.9	nichenet_prior	NicheNet	omnipath	omnipath					
SIGLEC15	LRRC4C		0.9	nichenet_prior	NicheNet	omnipath	omnipath					
SIGLEC15	CD33		0.9	nichenet_prior	NicheNet	omnipath	omnipath					
SIGLEC15	MAG		0.9	nichenet_prior	NicheNet	omnipath	omnipath					
SIGLEC15	SIGLEC14		0.9	nichenet_prior	NicheNet	omnipath	omnipath					
SIGLEC5	SIGLEC14		0.9	nichenet_prior	NicheNet	omnipath	omnipath					
SIGLEC5	IFNGR1		0.9	nichenet_prior	NicheNet	omnipath	omnipath					
SIGLEC5	SIGLEC1		0.9	nichenet_prior	NicheNet	omnipath	omnipath					
SIGLEC5	CD33		0.9	nichenet_prior	NicheNet	omnipath	omnipath					
SIGLEC6	CD4		0.9	nichenet_prior	NicheNet	nichenet_verschueren	nichenet_verschueren					
SIGLEC6	KIR2DL4		0.9	nichenet_prior	NicheNet	omnipath	omnipath					
SIGLEC6	NCR1		0.9	nichenet_prior	NicheNet	omnipath	omnipath					
SIGLEC7	NTRK3		0.9	nichenet_prior	NicheNet	nichenet_verschueren	nichenet_verschueren					
SIGLEC7	PTPRO		0.9	nichenet_prior	NicheNet	nichenet_verschueren	nichenet_verschueren					
SIGLEC7	NRP2		0.9	nichenet_prior	NicheNet	nichenet_verschueren	nichenet_verschueren					
SIGLEC7	NCR1		0.9	nichenet_prior	NicheNet	nichenet_verschueren	nichenet_verschueren					
SIGLEC7	TNFRSF11B		0.9	nichenet_prior	NicheNet	omnipath	omnipath					
SIGLEC7	TIMD4		0.9	nichenet_prior	NicheNet	omnipath	omnipath					
SIGLEC7	SIGLEC8		0.9	nichenet_prior	NicheNet	omnipath	omnipath					
SIGLEC7	CD33		0.9	nichenet_prior	NicheNet	omnipath	omnipath					
SIGLEC7	CD320		0.9	nichenet_prior	NicheNet	omnipath	omnipath					
SIGLEC7	LRP12		0.9	nichenet_prior	NicheNet	omnipath	omnipath					
SIGLEC7	SIGLEC10		0.9	nichenet_prior	NicheNet	omnipath	omnipath					
SIGLEC7	CD4		0.9	nichenet_prior	NicheNet	omnipath	omnipath					
SIGLEC7	BOC		0.9	nichenet_prior	NicheNet	omnipath	omnipath					
SIGLEC7	PCDHAC1		0.9	nichenet_prior	NicheNet	omnipath	omnipath					
SIGLEC7	LRRC4C		0.9	nichenet_prior	NicheNet	omnipath	omnipath					
SIGLEC8	IL4R		0.9	nichenet_prior	NicheNet	nichenet_verschueren	nichenet_verschueren					
SIGLEC8	NTRK3		0.9	nichenet_prior	NicheNet	nichenet_verschueren	nichenet_verschueren					
SIGLEC8	PTPRO		0.9	nichenet_prior	NicheNet	nichenet_verschueren	nichenet_verschueren					
SIGLEC8	NCR1		0.9	nichenet_prior	NicheNet	nichenet_verschueren	nichenet_verschueren					
SIGLEC8	SIGLEC8		0.9	nichenet_prior	NicheNet	nichenet_verschueren	nichenet_verschueren					
SIGLEC8	TEX101		0.9	nichenet_prior	NicheNet	nichenet_verschueren	nichenet_verschueren					
SIGLEC8	CD6		0.9	nichenet_prior	NicheNet	nichenet_verschueren	nichenet_verschueren					
SIGLEC8	NRXN2		0.9	nichenet_prior	NicheNet	nichenet_verschueren	nichenet_verschueren					
SIGLEC8	NTNG1		0.9	nichenet_prior	NicheNet	nichenet_verschueren	nichenet_verschueren					
SIGLEC8	SIGLEC9		0.9	nichenet_prior	NicheNet	omnipath	omnipath					
SIGLEC8	SIGLEC14		0.9	nichenet_prior	NicheNet	omnipath	omnipath					
SIGLEC8	KIAA0319L		0.9	nichenet_prior	NicheNet	omnipath	omnipath					
SIGLEC8	CD33		0.9	nichenet_prior	NicheNet	omnipath	omnipath					
SIGLEC8	LRFN2		0.9	nichenet_prior	NicheNet	omnipath	omnipath					
SIGLEC8	MAG		0.9	nichenet_prior	NicheNet	omnipath	omnipath					
SIGLEC8	LRRC4C		0.9	nichenet_prior	NicheNet	omnipath	omnipath					
SIGLEC8	SIGLEC10		0.9	nichenet_prior	NicheNet	omnipath	omnipath					
SIGLEC8	PCDHGA7		0.9	nichenet_prior	NicheNet	omnipath	omnipath					
SIGLEC9	MUC1		0.9	nichenet_prior	NicheNet	omnipath	omnipath					
SIGLEC9	SIGLEC7		0.9	nichenet_prior	NicheNet	omnipath	omnipath					
SIGLEC9	BOC		0.9	nichenet_prior	NicheNet	omnipath	omnipath					
SIGLEC9	ADGRA2		0.9	nichenet_prior	NicheNet	omnipath	omnipath					
SIGLEC9	SIGLEC10		0.9	nichenet_prior	NicheNet	omnipath	omnipath					
SIGLEC9	IL1RL1		0.9	nichenet_prior	NicheNet	omnipath	omnipath					
SIGLEC9	IFNGR1		0.9	nichenet_prior	NicheNet	omnipath	omnipath					
SIGLEC9	SIGLEC15		0.9	nichenet_prior	NicheNet	omnipath	omnipath					
SIGLEC9	CD33		0.9	nichenet_prior	NicheNet	omnipath	omnipath					
SIGLEC9	MAG		0.9	nichenet_prior	NicheNet	omnipath	omnipath					
SIGLEC9	TNFRSF11B		0.9	nichenet_prior	NicheNet	omnipath	omnipath					
SIRPA	CD69		0.9	nichenet_prior	NicheNet	nichenet_verschueren	nichenet_verschueren					
SIRPA	LRPAP1		0.9	nichenet_prior	NicheNet	nichenet_verschueren	nichenet_verschueren					
SIRPA	CHL1		0.9	nichenet_prior	NicheNet	nichenet_verschueren	nichenet_verschueren					
SIRPA	CD47		0.9	nichenet_prior	NicheNet	omnipath	omnipath					
SIRPA	TIGIT		0.9	nichenet_prior	NicheNet	omnipath	omnipath					
SIRPB2	CD47		0.9	nichenet_prior	NicheNet	omnipath	omnipath					
SIRPG	PTPRD		0.9	nichenet_prior	NicheNet	nichenet_verschueren	nichenet_verschueren					
SLAMF6	HAVCR1		0.9	nichenet_prior	NicheNet	omnipath	omnipath					
SLAMF7	SLAMF7		0.9	nichenet_prior	NicheNet	nichenet_verschueren	nichenet_verschueren					
SLC6A8	LIFR		0.9	nichenet_prior	NicheNet	omnipath	omnipath					
SLIT1	GPC1		0.9	nichenet_prior	NicheNet	omnipath	omnipath					
SLIT1	ROBO2		0.9	nichenet_prior	NicheNet	omnipath	omnipath					
SLIT1	FLRT3		0.9	nichenet_prior	NicheNet	omnipath	omnipath					
SLIT1	SDC1		0.9	nichenet_prior	NicheNet	omnipath	omnipath					
SLIT2	GPC1		0.9	nichenet_prior	NicheNet	omnipath	omnipath					
SLIT2	ROBO4		0.9	nichenet_prior	NicheNet	omnipath	omnipath					
SLIT2	SDC1		0.9	nichenet_prior	NicheNet	omnipath	omnipath					
SLIT3	ROBO2		0.9	nichenet_prior	NicheNet	omnipath	omnipath					
SLIT3	ROBO1		0.9	nichenet_prior	NicheNet	omnipath	omnipath					
SLIT3	ROBO4		0.9	nichenet_prior	NicheNet	omnipath	omnipath					
SLITRK1	ENPEP		0.9	nichenet_prior	NicheNet	nichenet_verschueren	nichenet_verschueren					
SLITRK1	TNFRSF11B		0.9	nichenet_prior	NicheNet	omnipath	omnipath					
SLITRK3	PTPRS		0.9	nichenet_prior	NicheNet	omnipath	omnipath					
SLITRK4	PTPRD		0.9	nichenet_prior	NicheNet	nichenet_verschueren	nichenet_verschueren					
SLITRK5	PTPRD		0.9	nichenet_prior	NicheNet	omnipath	omnipath					
SLITRK6	PTPRD		0.9	nichenet_prior	NicheNet	nichenet_verschueren	nichenet_verschueren					
SLPI	PLSCR4		0.9	nichenet_prior	NicheNet	omnipath	omnipath					
SLPI	CD4		0.9	nichenet_prior	NicheNet	omnipath	omnipath					
SNX14	HTR6		0.9	nichenet_prior	NicheNet	omnipath	omnipath					
SORL1	CNTFR		0.9	nichenet_prior	NicheNet	omnipath	omnipath					
SOST	LRP6		0.9	nichenet_prior	NicheNet	omnipath	omnipath					
SOST	LRP5		0.9	nichenet_prior	NicheNet	omnipath	omnipath					
SOST	LRP4		0.9	nichenet_prior	NicheNet	omnipath	omnipath					
SOSTDC1	LRP6		0.9	nichenet_prior	NicheNet	omnipath	omnipath					
SOSTDC1	LRP4		0.9	nichenet_prior	NicheNet	omnipath	omnipath					
SOSTDC1	LRP5		0.9	nichenet_prior	NicheNet	omnipath	omnipath					
SPAG11B	GPR55		0.9	nichenet_prior	NicheNet	omnipath	omnipath					
SPARC	ENG		0.9	nichenet_prior	NicheNet	omnipath	omnipath					
SPARC	FGFR1		0.9	nichenet_prior	NicheNet	omnipath	omnipath					
SPINK1	NRSN1		0.9	nichenet_prior	NicheNet	omnipath	omnipath					
SPINK1	EGFR		0.9	nichenet_prior	NicheNet	omnipath	omnipath					
SPINT1	ST14		0.9	nichenet_prior	NicheNet	omnipath	omnipath					
SPN	SIGLEC1		0.9	nichenet_prior	NicheNet	omnipath	omnipath					
SPON1	APP		0.9	nichenet_prior	NicheNet	omnipath	omnipath					
SPON1	LRP8		0.9	nichenet_prior	NicheNet	omnipath	omnipath					
SPON2	ITGB2		0.9	nichenet_prior	NicheNet	omnipath	omnipath					
SPON2	ITGAM		0.9	nichenet_prior	NicheNet	omnipath	omnipath					
SPON2	ITGA4		0.9	nichenet_prior	NicheNet	omnipath	omnipath					
SPON2	ITGA5		0.9	nichenet_prior	NicheNet	omnipath	omnipath					
SPON2	ITGB1		0.9	nichenet_prior	NicheNet	omnipath	omnipath					
SPP1	S1PR1		0.9	nichenet_prior	NicheNet	omnipath	omnipath					
SPP1	ITGA9		0.9	nichenet_prior	NicheNet	omnipath	omnipath					
SPP1	ITGB1		0.9	nichenet_prior	NicheNet	omnipath	omnipath					
SPP1	ITGAV		0.9	nichenet_prior	NicheNet	omnipath	omnipath					
SPP1	ITGB3		0.9	nichenet_prior	NicheNet	omnipath	omnipath					
SPP1	ITGB5		0.9	nichenet_prior	NicheNet	omnipath	omnipath					
SPP1	ITGA4		0.9	nichenet_prior	NicheNet	omnipath	omnipath					
SPP1	ITGA8		0.9	nichenet_prior	NicheNet	omnipath	omnipath					
SPP1	ITGA5		0.9	nichenet_prior	NicheNet	omnipath	omnipath					
SPP1	ITGB6		0.9	nichenet_prior	NicheNet	omnipath	omnipath					
SPX	GALR2		0.9	nichenet_prior	NicheNet	omnipath	omnipath					
SPX	GALR3		0.9	nichenet_prior	NicheNet	omnipath	omnipath					
ST14	PLAU		0.9	nichenet_prior	NicheNet	omnipath	omnipath					
ST14	BTN3A1		0.9	nichenet_prior	NicheNet	omnipath	omnipath					
ST6GAL1	CD22		0.9	nichenet_prior	NicheNet	omnipath	omnipath					
ST6GAL1	EGFR		0.9	nichenet_prior	NicheNet	omnipath	omnipath					
STX1A	CACNA1D		0.9	nichenet_prior	NicheNet	omnipath	omnipath					
STX1A	CACNA1B		0.9	nichenet_prior	NicheNet	omnipath	omnipath					
SYT1	CACNA1C		0.9	nichenet_prior	NicheNet	omnipath	omnipath					
SYT1	CACNA1E		0.9	nichenet_prior	NicheNet	omnipath	omnipath					
SYT1	STX3		0.9	nichenet_prior	NicheNet	omnipath	omnipath					
SYT1	SV2B		0.9	nichenet_prior	NicheNet	omnipath	omnipath					
SYT1	STX1A		0.9	nichenet_prior	NicheNet	omnipath	omnipath					
TAC1	TACR3		0.9	nichenet_prior	NicheNet	omnipath	omnipath					
TAC3	TACR1		0.9	nichenet_prior	NicheNet	omnipath	omnipath					
TAC3	TACR2		0.9	nichenet_prior	NicheNet	omnipath	omnipath					
TAC4	TACR2		0.9	nichenet_prior	NicheNet	omnipath	omnipath					
TAC4	TACR3		0.9	nichenet_prior	NicheNet	omnipath	omnipath					
TARM1	ROBO4		0.9	nichenet_prior	NicheNet	omnipath	omnipath					
TARM1	OSCAR		0.9	nichenet_prior	NicheNet	omnipath	omnipath					
TCN1	CD320		0.9	nichenet_prior	NicheNet	omnipath	omnipath					
TCN2	LRP2		0.9	nichenet_prior	NicheNet	omnipath	omnipath					
TCN2	CNR1		0.9	nichenet_prior	NicheNet	omnipath	omnipath					
TCTN1	TMEM67		0.9	nichenet_prior	NicheNet	omnipath	omnipath					
TCTN1	TMEM216		0.9	nichenet_prior	NicheNet	omnipath	omnipath					
TCTN1	TCTN3		0.9	nichenet_prior	NicheNet	omnipath	omnipath					
TCTN1	TCTN2		0.9	nichenet_prior	NicheNet	omnipath	omnipath					
TCTN3	FCRL1		0.9	nichenet_prior	NicheNet	omnipath	omnipath					
TDGF1	LRP5		0.9	nichenet_prior	NicheNet	omnipath	omnipath					
TDGF1	LRP6		0.9	nichenet_prior	NicheNet	omnipath	omnipath					
TDGF1	ACVR2A		0.9	nichenet_prior	NicheNet	omnipath	omnipath					
TDGF1	ACVR1B		0.9	nichenet_prior	NicheNet	omnipath	omnipath					
TDGF1	ACVR2B		0.9	nichenet_prior	NicheNet	omnipath	omnipath					
TDGF1	ACVR1C		0.9	nichenet_prior	NicheNet	omnipath	omnipath					
TDGF1	GPC1		0.9	nichenet_prior	NicheNet	omnipath	omnipath					
TDGF1P3	ACVR2A		0.9	nichenet_prior	NicheNet	nichenet_verschueren	nichenet_verschueren					
TECTB	CEACAM8		0.9	nichenet_prior	NicheNet	nichenet_verschueren	nichenet_verschueren					
TEX101	SIGLEC8		0.9	nichenet_prior	NicheNet	nichenet_verschueren	nichenet_verschueren					
TF	TFR2		0.9	nichenet_prior	NicheNet	omnipath	omnipath					
TF	TFRC		0.9	nichenet_prior	NicheNet	omnipath	omnipath					
TFF1	MUC5AC		0.9	nichenet_prior	NicheNet	omnipath	omnipath					
TFF1	FCRL4		0.9	nichenet_prior	NicheNet	omnipath	omnipath					
TFF2	CXCR4		0.9	nichenet_prior	NicheNet	omnipath	omnipath					
TFPI	VLDLR		0.9	nichenet_prior	NicheNet	omnipath	omnipath					
TFPI	LRP1		0.9	nichenet_prior	NicheNet	omnipath	omnipath					
TFPI	SDC4		0.9	nichenet_prior	NicheNet	omnipath	omnipath					
TFPI	F3		0.9	nichenet_prior	NicheNet	omnipath	omnipath					
TFPI	F10		0.9	nichenet_prior	NicheNet	omnipath	omnipath					
TG	TPO		0.9	nichenet_prior	NicheNet	omnipath	omnipath					
TG	ASGR1		0.9	nichenet_prior	NicheNet	omnipath	omnipath					
TG	LRP2		0.9	nichenet_prior	NicheNet	omnipath	omnipath					
TGFA	ADAM17		0.9	nichenet_prior	NicheNet	omnipath	omnipath					
TGFA	ERBB4		0.9	nichenet_prior	NicheNet	omnipath	omnipath					
TGFA	ERBB3		0.9	nichenet_prior	NicheNet	omnipath	omnipath					
TGFA	ERBB2		0.9	nichenet_prior	NicheNet	omnipath	omnipath					
TGFA	PTPRD		0.9	nichenet_prior	NicheNet	omnipath	omnipath					
TGFB1	APP		0.9	nichenet_prior	NicheNet	omnipath	omnipath					
TGFB1	TGFBR2		0.9	nichenet_prior	NicheNet	omnipath	omnipath					
TGFB1	TGFBR3		0.9	nichenet_prior	NicheNet	omnipath	omnipath					
TGFB1	TGFBR1		0.9	nichenet_prior	NicheNet	omnipath	omnipath					
TGFB1	ITGB8		0.9	nichenet_prior	NicheNet	omnipath	omnipath					
TGFB1	ITGB6		0.9	nichenet_prior	NicheNet	omnipath	omnipath					
TGFB1	ENG		0.9	nichenet_prior	NicheNet	omnipath	omnipath					
TGFB1	ITGB3		0.9	nichenet_prior	NicheNet	omnipath	omnipath					
TGFB1	ACVRL1		0.9	nichenet_prior	NicheNet	omnipath	omnipath					
TGFB1	ITGAV		0.9	nichenet_prior	NicheNet	omnipath	omnipath					
TGFB1	ITGB1		0.9	nichenet_prior	NicheNet	omnipath	omnipath					
TGFB1	SDC2		0.9	nichenet_prior	NicheNet	omnipath	omnipath					
TGFB1	PDGFRA		0.9	nichenet_prior	NicheNet	omnipath	omnipath					
TGFB2	TGFBR2		0.9	nichenet_prior	NicheNet	omnipath	omnipath					
TGFB2	TGFBR1		0.9	nichenet_prior	NicheNet	omnipath	omnipath					
TGFB2	TGFBR3		0.9	nichenet_prior	NicheNet	omnipath	omnipath					
TGFB2	ENG		0.9	nichenet_prior	NicheNet	omnipath	omnipath					
TGFB2	ACVR1		0.9	nichenet_prior	NicheNet	omnipath	omnipath					
TGFB2	ACVR1B		0.9	nichenet_prior	NicheNet	omnipath	omnipath					
TGFB2	ACVR1C		0.9	nichenet_prior	NicheNet	omnipath	omnipath					
TGFB3	TGFBR2		0.9	nichenet_prior	NicheNet	omnipath	omnipath					
TGFB3	TGFBR1		0.9	nichenet_prior	NicheNet	omnipath	omnipath					
TGFB3	TGFBR3		0.9	nichenet_prior	NicheNet	omnipath	omnipath					
TGFB3	ENG		0.9	nichenet_prior	NicheNet	omnipath	omnipath					
TGFB3	ITGB3		0.9	nichenet_prior	NicheNet	omnipath	omnipath					
TGFB3	ACVRL1		0.9	nichenet_prior	NicheNet	omnipath	omnipath					
TGFB3	ITGB6		0.9	nichenet_prior	NicheNet	omnipath	omnipath					
TGFB3	ACVR1C		0.9	nichenet_prior	NicheNet	omnipath	omnipath					
TGFBI	ITGA7		0.9	nichenet_prior	NicheNet	omnipath	omnipath					
TGFBI	ITGA1		0.9	nichenet_prior	NicheNet	omnipath	omnipath					
TGFBI	ITGA3		0.9	nichenet_prior	NicheNet	omnipath	omnipath					
TGFBI	ITGB1		0.9	nichenet_prior	NicheNet	omnipath	omnipath					
TGFBI	ITGA4		0.9	nichenet_prior	NicheNet	omnipath	omnipath					
TGFBI	ITGA5		0.9	nichenet_prior	NicheNet	omnipath	omnipath					
TGFBI	ITGA6		0.9	nichenet_prior	NicheNet	omnipath	omnipath					
TGFBI	ITGB4		0.9	nichenet_prior	NicheNet	omnipath	omnipath					
TGFBI	ITGAV		0.9	nichenet_prior	NicheNet	omnipath	omnipath					
TGFBI	ITGB3		0.9	nichenet_prior	NicheNet	omnipath	omnipath					
TGFBI	ITGB5		0.9	nichenet_prior	NicheNet	omnipath	omnipath					
TGM2	TRPV5		0.9	nichenet_prior	NicheNet	omnipath	omnipath					
TGM2	ITGA4		0.9	nichenet_prior	NicheNet	omnipath	omnipath					
TGM2	ITGB1		0.9	nichenet_prior	NicheNet	omnipath	omnipath					
TGM2	ITGB3		0.9	nichenet_prior	NicheNet	omnipath	omnipath					
TGM2	SDC4		0.9	nichenet_prior	NicheNet	omnipath	omnipath					
TGM2	TBXA2R		0.9	nichenet_prior	NicheNet	omnipath	omnipath					
TGM2	ITGA9		0.9	nichenet_prior	NicheNet	omnipath	omnipath					
TGOLN2	BTN3A1		0.9	nichenet_prior	NicheNet	omnipath	omnipath					
THBS1	ITGA4		0.9	nichenet_prior	NicheNet	omnipath	omnipath					
THBS1	ITGB1		0.9	nichenet_prior	NicheNet	omnipath	omnipath					
THBS1	LRP5		0.9	nichenet_prior	NicheNet	omnipath	omnipath					
THBS1	ITGA2B		0.9	nichenet_prior	NicheNet	omnipath	omnipath					
THBS1	ITGB3		0.9	nichenet_prior	NicheNet	omnipath	omnipath					
THBS1	ITGA6		0.9	nichenet_prior	NicheNet	omnipath	omnipath					
THBS1	TNFRSF11B		0.9	nichenet_prior	NicheNet	omnipath	omnipath					
THBS1	ITGA3		0.9	nichenet_prior	NicheNet	omnipath	omnipath					
THBS1	LRP1		0.9	nichenet_prior	NicheNet	omnipath	omnipath					
THBS2	ITGA4		0.9	nichenet_prior	NicheNet	omnipath	omnipath					
THBS2	ITGB1		0.9	nichenet_prior	NicheNet	omnipath	omnipath					
THBS2	ITGB3		0.9	nichenet_prior	NicheNet	omnipath	omnipath					
THBS2	NOTCH4		0.9	nichenet_prior	NicheNet	omnipath	omnipath					
THBS2	ITGA6		0.9	nichenet_prior	NicheNet	omnipath	omnipath					
THBS2	NOTCH3		0.9	nichenet_prior	NicheNet	omnipath	omnipath					
THBS2	LRP4		0.9	nichenet_prior	NicheNet	omnipath	omnipath					
THBS2	LRP2		0.9	nichenet_prior	NicheNet	omnipath	omnipath					
THBS2	ITGA3		0.9	nichenet_prior	NicheNet	omnipath	omnipath					
THBS4	ITGA3		0.9	nichenet_prior	NicheNet	omnipath	omnipath					
THBS4	ITGB1		0.9	nichenet_prior	NicheNet	omnipath	omnipath					
THBS4	ITGAV		0.9	nichenet_prior	NicheNet	omnipath	omnipath					
THBS4	ITGB3		0.9	nichenet_prior	NicheNet	omnipath	omnipath					
THY1	CNTN1		0.9	nichenet_prior	NicheNet	omnipath	omnipath					
THY1	ITGAM		0.9	nichenet_prior	NicheNet	omnipath	omnipath					
THY1	ITGAX		0.9	nichenet_prior	NicheNet	omnipath	omnipath					
THY1	ITGB2		0.9	nichenet_prior	NicheNet	omnipath	omnipath					
THY1	ITGAV		0.9	nichenet_prior	NicheNet	omnipath	omnipath					
THY1	ITGB3		0.9	nichenet_prior	NicheNet	omnipath	omnipath					
TIGIT	RECK		0.9	nichenet_prior	NicheNet	nichenet_verschueren	nichenet_verschueren					
TIGIT	NECTIN3		0.9	nichenet_prior	NicheNet	nichenet_verschueren	nichenet_verschueren					
TIGIT	NECTIN4		0.9	nichenet_prior	NicheNet	nichenet_verschueren	nichenet_verschueren					
TIGIT	SIRPA		0.9	nichenet_prior	NicheNet	nichenet_verschueren	nichenet_verschueren					
TIGIT	PVR		0.9	nichenet_prior	NicheNet	omnipath	omnipath					
TIGIT	NECTIN2		0.9	nichenet_prior	NicheNet	omnipath	omnipath					
TIMD4	SIGLEC7		0.9	nichenet_prior	NicheNet	nichenet_verschueren	nichenet_verschueren					
TIMD4	HAVCR1		0.9	nichenet_prior	NicheNet	omnipath	omnipath					
TIMP1	FGFR2		0.9	nichenet_prior	NicheNet	omnipath	omnipath					
TIMP1	CD63		0.9	nichenet_prior	NicheNet	omnipath	omnipath					
TIMP1	MMP1		0.9	nichenet_prior	NicheNet	omnipath	omnipath					
TIMP1	MMP9		0.9	nichenet_prior	NicheNet	omnipath	omnipath					
TIMP1	MMP2		0.9	nichenet_prior	NicheNet	omnipath	omnipath					
TIMP2	LRP2		0.9	nichenet_prior	NicheNet	omnipath	omnipath					
TIMP2	CD44		0.9	nichenet_prior	NicheNet	omnipath	omnipath					
TIMP2	ITGB1		0.9	nichenet_prior	NicheNet	omnipath	omnipath					
TIMP2	ITGA3		0.9	nichenet_prior	NicheNet	omnipath	omnipath					
TIMP2	MMP2		0.9	nichenet_prior	NicheNet	omnipath	omnipath					
TIMP3	MMP14		0.9	nichenet_prior	NicheNet	omnipath	omnipath					
TIMP3	CD44		0.9	nichenet_prior	NicheNet	omnipath	omnipath					
TIMP3	MET		0.9	nichenet_prior	NicheNet	omnipath	omnipath					
TIMP3	AGTR2		0.9	nichenet_prior	NicheNet	omnipath	omnipath					
TIMP3	KDR		0.9	nichenet_prior	NicheNet	omnipath	omnipath					
TIMP3	ADAM17		0.9	nichenet_prior	NicheNet	omnipath	omnipath					
TIMP3	DDR1		0.9	nichenet_prior	NicheNet	omnipath	omnipath					
TIMP3	MMP2		0.9	nichenet_prior	NicheNet	omnipath	omnipath					
TIMP3	ADAMTS4		0.9	nichenet_prior	NicheNet	omnipath	omnipath					
TIMP3	MMP9		0.9	nichenet_prior	NicheNet	omnipath	omnipath					
TMEM190	IGSF11		0.9	nichenet_prior	NicheNet	nichenet_verschueren	nichenet_verschueren					
TMPRSS6	HJV		0.9	nichenet_prior	NicheNet	omnipath	omnipath					
TNC	ITGB3		0.9	nichenet_prior	NicheNet	nichenet_verschueren	nichenet_verschueren					
TNC	ITGB6		0.9	nichenet_prior	NicheNet	nichenet_verschueren	nichenet_verschueren					
TNC	ITGA5		0.9	nichenet_prior	NicheNet	omnipath	omnipath					
TNC	EGFR		0.9	nichenet_prior	NicheNet	omnipath	omnipath					
TNC	PTPRB		0.9	nichenet_prior	NicheNet	omnipath	omnipath					
TNC	ITGA7		0.9	nichenet_prior	NicheNet	omnipath	omnipath					
TNC	ITGB1		0.9	nichenet_prior	NicheNet	omnipath	omnipath					
TNC	CNTN1		0.9	nichenet_prior	NicheNet	omnipath	omnipath					
TNC	ITGAV		0.9	nichenet_prior	NicheNet	omnipath	omnipath					
TNC	PTPRZ1		0.9	nichenet_prior	NicheNet	omnipath	omnipath					
TNC	ITGA8		0.9	nichenet_prior	NicheNet	omnipath	omnipath					
TNC	ITGA9		0.9	nichenet_prior	NicheNet	omnipath	omnipath					
TNF	LTBR		0.9	nichenet_prior	NicheNet	nichenet_verschueren	nichenet_verschueren					
TNF	TNFRSF21		0.9	nichenet_prior	NicheNet	omnipath	omnipath					
TNF	TRAF2		0.9	nichenet_prior	NicheNet	omnipath	omnipath					
TNFRSF14	FCAR		0.9	nichenet_prior	NicheNet	nichenet_verschueren	nichenet_verschueren					
TNFRSF14	BTLA		0.9	nichenet_prior	NicheNet	omnipath	omnipath					
TNFRSF14	CD160		0.9	nichenet_prior	NicheNet	omnipath	omnipath					
TNFRSF14	LRFN5		0.9	nichenet_prior	NicheNet	omnipath	omnipath					
TNFRSF14	TRAF2		0.9	nichenet_prior	NicheNet	omnipath	omnipath					
TNFSF10	TNFRSF10C		0.9	nichenet_prior	NicheNet	omnipath	omnipath					
TNFSF10	TNFRSF10D		0.9	nichenet_prior	NicheNet	omnipath	omnipath					
TNFSF10	TNFRSF10B		0.9	nichenet_prior	NicheNet	omnipath	omnipath					
TNFSF10	TNFRSF11B		0.9	nichenet_prior	NicheNet	omnipath	omnipath					
TNFSF12	TNFRSF25		0.9	nichenet_prior	NicheNet	omnipath	omnipath					
TNFSF12	TNFRSF8		0.9	nichenet_prior	NicheNet	omnipath	omnipath					
TNFSF12	CD163		0.9	nichenet_prior	NicheNet	omnipath	omnipath					
TNFSF13	TNFRSF14		0.9	nichenet_prior	NicheNet	omnipath	omnipath					
TNFSF13	FAS		0.9	nichenet_prior	NicheNet	omnipath	omnipath					
TNFSF13	TNFRSF1A		0.9	nichenet_prior	NicheNet	omnipath	omnipath					
TNFSF13	TNFRSF11B		0.9	nichenet_prior	NicheNet	omnipath	omnipath					
TNFSF13	SDC2		0.9	nichenet_prior	NicheNet	omnipath	omnipath					
TNFSF14	TNFRSF6B		0.9	nichenet_prior	NicheNet	omnipath	omnipath					
TNFSF15	TNFRSF6B		0.9	nichenet_prior	NicheNet	omnipath	omnipath					
TNFSF4	TRAF2		0.9	nichenet_prior	NicheNet	omnipath	omnipath					
TNFSF9	PVR		0.9	nichenet_prior	NicheNet	omnipath	omnipath					
TNFSF9	TRAF2		0.9	nichenet_prior	NicheNet	omnipath	omnipath					
TNFSF9	FCRL1		0.9	nichenet_prior	NicheNet	omnipath	omnipath					
TNN	ITGA8		0.9	nichenet_prior	NicheNet	omnipath	omnipath					
TNN	ITGB1		0.9	nichenet_prior	NicheNet	omnipath	omnipath					
TNN	ITGA9		0.9	nichenet_prior	NicheNet	omnipath	omnipath					
TNN	ITGAV		0.9	nichenet_prior	NicheNet	omnipath	omnipath					
TNN	ITGB3		0.9	nichenet_prior	NicheNet	omnipath	omnipath					
TNN	ITGA2B		0.9	nichenet_prior	NicheNet	omnipath	omnipath					
TNN	ITGB6		0.9	nichenet_prior	NicheNet	omnipath	omnipath					
TNR	ITGA8		0.9	nichenet_prior	NicheNet	omnipath	omnipath					
TNR	ITGB1		0.9	nichenet_prior	NicheNet	omnipath	omnipath					
TNR	ITGA9		0.9	nichenet_prior	NicheNet	omnipath	omnipath					
TNR	ITGAV		0.9	nichenet_prior	NicheNet	omnipath	omnipath					
TNR	ITGB3		0.9	nichenet_prior	NicheNet	omnipath	omnipath					
TNR	ITGA2B		0.9	nichenet_prior	NicheNet	omnipath	omnipath					
TNR	ITGB6		0.9	nichenet_prior	NicheNet	omnipath	omnipath					
TNXB	ITGA8		0.9	nichenet_prior	NicheNet	omnipath	omnipath					
TNXB	ITGB1		0.9	nichenet_prior	NicheNet	omnipath	omnipath					
TNXB	ITGA9		0.9	nichenet_prior	NicheNet	omnipath	omnipath					
TNXB	ITGAV		0.9	nichenet_prior	NicheNet	omnipath	omnipath					
TNXB	ITGB3		0.9	nichenet_prior	NicheNet	omnipath	omnipath					
TNXB	ITGA2B		0.9	nichenet_prior	NicheNet	omnipath	omnipath					
TNXB	ITGB6		0.9	nichenet_prior	NicheNet	omnipath	omnipath					
TPH1	HTR1A		0.9	nichenet_prior	NicheNet	nichenet_verschueren	nichenet_verschueren					
TPH1	HTR1B		0.9	nichenet_prior	NicheNet	nichenet_verschueren	nichenet_verschueren					
TPH1	HTR1D		0.9	nichenet_prior	NicheNet	nichenet_verschueren	nichenet_verschueren					
TPH1	HTR1F		0.9	nichenet_prior	NicheNet	nichenet_verschueren	nichenet_verschueren					
TPH1	HTR2A		0.9	nichenet_prior	NicheNet	nichenet_verschueren	nichenet_verschueren					
TPH1	HTR2B		0.9	nichenet_prior	NicheNet	nichenet_verschueren	nichenet_verschueren					
TPH1	HTR2C		0.9	nichenet_prior	NicheNet	nichenet_verschueren	nichenet_verschueren					
TPH1	HTR4		0.9	nichenet_prior	NicheNet	nichenet_verschueren	nichenet_verschueren					
TPH1	HTR5A		0.9	nichenet_prior	NicheNet	nichenet_verschueren	nichenet_verschueren					
TPH1	HTR6		0.9	nichenet_prior	NicheNet	nichenet_verschueren	nichenet_verschueren					
TPH1	HTR7		0.9	nichenet_prior	NicheNet	nichenet_verschueren	nichenet_verschueren					
TPH1	HTR1E		0.9	nichenet_prior	NicheNet	nichenet_verschueren	nichenet_verschueren					
TPO	MPL		0.9	nichenet_prior	NicheNet	omnipath	omnipath					
TPSAB1	F2RL1		0.9	nichenet_prior	NicheNet	omnipath	omnipath					
TPSB2	F2RL1		0.9	nichenet_prior	NicheNet	omnipath	omnipath					
TPSG1	SIRPA		0.9	nichenet_prior	NicheNet	omnipath	omnipath					
TRAF2	TNFRSF1B		0.9	nichenet_prior	NicheNet	omnipath	omnipath					
TRAF2	MAP4K2		0.9	nichenet_prior	NicheNet	omnipath	omnipath					
TREML1	KIR3DL1		0.9	nichenet_prior	NicheNet	nichenet_verschueren	nichenet_verschueren					
TREML4	SIGLEC8		0.9	nichenet_prior	NicheNet	omnipath	omnipath					
TSHB	PTH1R		0.9	nichenet_prior	NicheNet	omnipath	omnipath					
TSHB	ADCYAP1R1		0.9	nichenet_prior	NicheNet	omnipath	omnipath					
TSHB	VIPR1		0.9	nichenet_prior	NicheNet	omnipath	omnipath					
TSHB	GPR20		0.9	nichenet_prior	NicheNet	omnipath	omnipath					
TSHB	ADRB2		0.9	nichenet_prior	NicheNet	omnipath	omnipath					
TSHB	ADRB3		0.9	nichenet_prior	NicheNet	omnipath	omnipath					
TSHB	GPR84		0.9	nichenet_prior	NicheNet	omnipath	omnipath					
TSHB	RAMP3		0.9	nichenet_prior	NicheNet	omnipath	omnipath					
TSHB	RAMP2		0.9	nichenet_prior	NicheNet	omnipath	omnipath					
TSLP	CRLF2		0.9	nichenet_prior	NicheNet	omnipath	omnipath					
TSLP	IL7R		0.9	nichenet_prior	NicheNet	omnipath	omnipath					
TSPAN3	ADAM10		0.9	nichenet_prior	NicheNet	omnipath	omnipath					
TSPAN3	CLDN11		0.9	nichenet_prior	NicheNet	omnipath	omnipath					
TSPAN33	ADAM10		0.9	nichenet_prior	NicheNet	omnipath	omnipath					
TSPAN33	CLDN11		0.9	nichenet_prior	NicheNet	omnipath	omnipath					
TSPAN5	TSPAN13		0.9	nichenet_prior	NicheNet	omnipath	omnipath					
TTR	NGFR		0.9	nichenet_prior	NicheNet	omnipath	omnipath					
TTR	APOA1		0.9	nichenet_prior	NicheNet	omnipath	omnipath					
TYROBP	TREM1		0.9	nichenet_prior	NicheNet	omnipath	omnipath					
TYROBP	KLRD1		0.9	nichenet_prior	NicheNet	omnipath	omnipath					
UCN	LINC02210-CRHR1		0.9	nichenet_prior	NicheNet	nichenet_verschueren	nichenet_verschueren					
UCN2	LINC02210-CRHR1		0.9	nichenet_prior	NicheNet	nichenet_verschueren	nichenet_verschueren					
UCN2	IL10RB		0.9	nichenet_prior	NicheNet	omnipath	omnipath					
UCN3	IL10RB		0.9	nichenet_prior	NicheNet	omnipath	omnipath					
ULBP2	HCST		0.9	nichenet_prior	NicheNet	omnipath	omnipath					
ULBP3	F3		0.9	nichenet_prior	NicheNet	nichenet_verschueren	nichenet_verschueren					
ULBP3	F11R		0.9	nichenet_prior	NicheNet	nichenet_verschueren	nichenet_verschueren					
ULBP3	HCST		0.9	nichenet_prior	NicheNet	omnipath	omnipath					
UXS1	CEACAM6		0.9	nichenet_prior	NicheNet	nichenet_verschueren	nichenet_verschueren					
VCAM1	ITGA4		0.9	nichenet_prior	NicheNet	omnipath	omnipath					
VCAM1	ITGB1		0.9	nichenet_prior	NicheNet	omnipath	omnipath					
VCAM1	ITGB2		0.9	nichenet_prior	NicheNet	omnipath	omnipath					
VCAM1	EZR		0.9	nichenet_prior	NicheNet	omnipath	omnipath					
VCAM1	MSN		0.9	nichenet_prior	NicheNet	omnipath	omnipath					
VCAM1	ITGAD		0.9	nichenet_prior	NicheNet	omnipath	omnipath					
VCAM1	ITGA9		0.9	nichenet_prior	NicheNet	omnipath	omnipath					
VCAM1	ITGB7		0.9	nichenet_prior	NicheNet	omnipath	omnipath					
VCAN	CD44		0.9	nichenet_prior	NicheNet	omnipath	omnipath					
VCAN	ITGA4		0.9	nichenet_prior	NicheNet	omnipath	omnipath					
VCAN	EGFR		0.9	nichenet_prior	NicheNet	omnipath	omnipath					
VCAN	ITGB1		0.9	nichenet_prior	NicheNet	omnipath	omnipath					
VCAN	SELL		0.9	nichenet_prior	NicheNet	omnipath	omnipath					
VCAN	TLR2		0.9	nichenet_prior	NicheNet	omnipath	omnipath					
VCAN	SELP		0.9	nichenet_prior	NicheNet	omnipath	omnipath					
VCAN	SELPLG		0.9	nichenet_prior	NicheNet	omnipath	omnipath					
VEGFA	NRP1		0.9	nichenet_prior	NicheNet	omnipath	omnipath					
VEGFA	NRP2		0.9	nichenet_prior	NicheNet	omnipath	omnipath					
VEGFA	GPC1		0.9	nichenet_prior	NicheNet	omnipath	omnipath					
VEGFB	NRP1		0.9	nichenet_prior	NicheNet	omnipath	omnipath					
VEGFB	RET		0.9	nichenet_prior	NicheNet	omnipath	omnipath					
VEGFB	KDR		0.9	nichenet_prior	NicheNet	omnipath	omnipath					
VEGFC	NRP2		0.9	nichenet_prior	NicheNet	omnipath	omnipath					
VEGFC	VIPR2		0.9	nichenet_prior	NicheNet	omnipath	omnipath					
VEGFD	ITGA4		0.9	nichenet_prior	NicheNet	omnipath	omnipath					
VEGFD	ITGB1		0.9	nichenet_prior	NicheNet	omnipath	omnipath					
VEGFD	NRP2		0.9	nichenet_prior	NicheNet	omnipath	omnipath					
VEGFD	ITGA9		0.9	nichenet_prior	NicheNet	omnipath	omnipath					
VEGFD	FLT1		0.9	nichenet_prior	NicheNet	omnipath	omnipath					
VEGFD	ITGA1		0.9	nichenet_prior	NicheNet	omnipath	omnipath					
VEGFD	ITGA5		0.9	nichenet_prior	NicheNet	omnipath	omnipath					
VEGFD	ITGA2		0.9	nichenet_prior	NicheNet	omnipath	omnipath					
VGF	NTRK1		0.9	nichenet_prior	NicheNet	omnipath	omnipath					
VIP	ADCYAP1R1		0.9	nichenet_prior	NicheNet	omnipath	omnipath					
VSIG10	IL6ST		0.9	nichenet_prior	NicheNet	nichenet_verschueren	nichenet_verschueren					
VSIG4	KIR2DL5A		0.9	nichenet_prior	NicheNet	omnipath	omnipath					
VSIR	VSIG8		0.9	nichenet_prior	NicheNet	nichenet_verschueren	nichenet_verschueren					
VSTM1	ADGRG3		0.9	nichenet_prior	NicheNet	omnipath	omnipath					
VSTM1	LAMP1		0.9	nichenet_prior	NicheNet	omnipath	omnipath					
VSTM4	MOG		0.9	nichenet_prior	NicheNet	nichenet_verschueren	nichenet_verschueren					
VTCN1	BTLA		0.9	nichenet_prior	NicheNet	omnipath	omnipath					
VTN	ITGB5		0.9	nichenet_prior	NicheNet	nichenet_verschueren	nichenet_verschueren					
VTN	ITGAV		0.9	nichenet_prior	NicheNet	omnipath	omnipath					
VTN	ITGA5		0.9	nichenet_prior	NicheNet	omnipath	omnipath					
VTN	ITGA8		0.9	nichenet_prior	NicheNet	omnipath	omnipath					
VTN	KDR		0.9	nichenet_prior	NicheNet	omnipath	omnipath					
VTN	ITGB3		0.9	nichenet_prior	NicheNet	omnipath	omnipath					
VTN	ITGB6		0.9	nichenet_prior	NicheNet	omnipath	omnipath					
VTN	TNFRSF11B		0.9	nichenet_prior	NicheNet	omnipath	omnipath					
VTN	PVR		0.9	nichenet_prior	NicheNet	omnipath	omnipath					
VTN	ITGB8		0.9	nichenet_prior	NicheNet	omnipath	omnipath					
VTN	ITGB1		0.9	nichenet_prior	NicheNet	omnipath	omnipath					
VTN	ITGA2B		0.9	nichenet_prior	NicheNet	omnipath	omnipath					
VWF	GP1BB		0.9	nichenet_prior	NicheNet	nichenet_verschueren	nichenet_verschueren					
VWF	GP5		0.9	nichenet_prior	NicheNet	nichenet_verschueren	nichenet_verschueren					
VWF	GP9		0.9	nichenet_prior	NicheNet	nichenet_verschueren	nichenet_verschueren					
VWF	ITGAV		0.9	nichenet_prior	NicheNet	nichenet_verschueren	nichenet_verschueren					
VWF	F8		0.9	nichenet_prior	NicheNet	omnipath	omnipath					
VWF	ADAMTS13		0.9	nichenet_prior	NicheNet	omnipath	omnipath					
VWF	ITGA2B		0.9	nichenet_prior	NicheNet	omnipath	omnipath					
VWF	TNFRSF11B		0.9	nichenet_prior	NicheNet	omnipath	omnipath					
VWF	GP1BA		0.9	nichenet_prior	NicheNet	omnipath	omnipath					
VWF	ITGB3		0.9	nichenet_prior	NicheNet	omnipath	omnipath					
WBP1	CTLA4		0.9	nichenet_prior	NicheNet	nichenet_verschueren	nichenet_verschueren					
WFIKKN2	IGDCC3		0.9	nichenet_prior	NicheNet	omnipath	omnipath					
WFIKKN2	IGDCC4		0.9	nichenet_prior	NicheNet	omnipath	omnipath					
WFIKKN2	PRTG		0.9	nichenet_prior	NicheNet	omnipath	omnipath					
WIF1	RYK		0.9	nichenet_prior	NicheNet	omnipath	omnipath					
WNT1	LRP6		0.9	nichenet_prior	NicheNet	omnipath	omnipath					
WNT1	RYK		0.9	nichenet_prior	NicheNet	omnipath	omnipath					
WNT1	LRP5		0.9	nichenet_prior	NicheNet	omnipath	omnipath					
WNT1	FZD8		0.9	nichenet_prior	NicheNet	omnipath	omnipath					
WNT1	FZD3		0.9	nichenet_prior	NicheNet	omnipath	omnipath					
WNT1	FZD1		0.9	nichenet_prior	NicheNet	omnipath	omnipath					
WNT1	ROR2		0.9	nichenet_prior	NicheNet	omnipath	omnipath					
WNT1	FZD9		0.9	nichenet_prior	NicheNet	omnipath	omnipath					
WNT10A	LRP6		0.9	nichenet_prior	NicheNet	omnipath	omnipath					
WNT10A	LRP5		0.9	nichenet_prior	NicheNet	omnipath	omnipath					
WNT10A	FZD3		0.9	nichenet_prior	NicheNet	omnipath	omnipath					
WNT10A	FZD1		0.9	nichenet_prior	NicheNet	omnipath	omnipath					
WNT10A	FZD5		0.9	nichenet_prior	NicheNet	omnipath	omnipath					
WNT10A	FZD8		0.9	nichenet_prior	NicheNet	omnipath	omnipath					
WNT10A	FZD10		0.9	nichenet_prior	NicheNet	omnipath	omnipath					
WNT10A	FZD2		0.9	nichenet_prior	NicheNet	omnipath	omnipath					
WNT10A	FZD4		0.9	nichenet_prior	NicheNet	omnipath	omnipath					
WNT10A	FZD6		0.9	nichenet_prior	NicheNet	omnipath	omnipath					
WNT10A	FZD7		0.9	nichenet_prior	NicheNet	omnipath	omnipath					
WNT10A	FZD9		0.9	nichenet_prior	NicheNet	omnipath	omnipath					
WNT10B	FZD5		0.9	nichenet_prior	NicheNet	omnipath	omnipath					
WNT10B	LRP5		0.9	nichenet_prior	NicheNet	omnipath	omnipath					
WNT10B	LRP6		0.9	nichenet_prior	NicheNet	omnipath	omnipath					
WNT10B	FZD2		0.9	nichenet_prior	NicheNet	omnipath	omnipath					
WNT10B	FZD3		0.9	nichenet_prior	NicheNet	omnipath	omnipath					
WNT10B	FZD1		0.9	nichenet_prior	NicheNet	omnipath	omnipath					
WNT10B	FZD7		0.9	nichenet_prior	NicheNet	omnipath	omnipath					
WNT10B	FZD10		0.9	nichenet_prior	NicheNet	omnipath	omnipath					
WNT10B	FZD4		0.9	nichenet_prior	NicheNet	omnipath	omnipath					
WNT10B	FZD6		0.9	nichenet_prior	NicheNet	omnipath	omnipath					
WNT10B	FZD8		0.9	nichenet_prior	NicheNet	omnipath	omnipath					
WNT10B	FZD9		0.9	nichenet_prior	NicheNet	omnipath	omnipath					
WNT11	MUSK		0.9	nichenet_prior	NicheNet	omnipath	omnipath					
WNT11	LRP6		0.9	nichenet_prior	NicheNet	omnipath	omnipath					
WNT11	KLRG2		0.9	nichenet_prior	NicheNet	omnipath	omnipath					
WNT16	FZD3		0.9	nichenet_prior	NicheNet	omnipath	omnipath					
WNT16	LRP6		0.9	nichenet_prior	NicheNet	omnipath	omnipath					
WNT16	FZD6		0.9	nichenet_prior	NicheNet	omnipath	omnipath					
WNT16	FZD2		0.9	nichenet_prior	NicheNet	omnipath	omnipath					
WNT16	LRP5		0.9	nichenet_prior	NicheNet	omnipath	omnipath					
WNT16	FZD1		0.9	nichenet_prior	NicheNet	omnipath	omnipath					
WNT16	FZD10		0.9	nichenet_prior	NicheNet	omnipath	omnipath					
WNT16	FZD4		0.9	nichenet_prior	NicheNet	omnipath	omnipath					
WNT16	FZD5		0.9	nichenet_prior	NicheNet	omnipath	omnipath					
WNT16	FZD7		0.9	nichenet_prior	NicheNet	omnipath	omnipath					
WNT16	FZD8		0.9	nichenet_prior	NicheNet	omnipath	omnipath					
WNT16	FZD9		0.9	nichenet_prior	NicheNet	omnipath	omnipath					
WNT2	FZD9		0.9	nichenet_prior	NicheNet	omnipath	omnipath					
WNT2	LRP5		0.9	nichenet_prior	NicheNet	omnipath	omnipath					
WNT2	LRP6		0.9	nichenet_prior	NicheNet	omnipath	omnipath					
WNT2	FZD1		0.9	nichenet_prior	NicheNet	omnipath	omnipath					
WNT2	FZD4		0.9	nichenet_prior	NicheNet	omnipath	omnipath					
WNT2	FZD7		0.9	nichenet_prior	NicheNet	omnipath	omnipath					
WNT2	FZD3		0.9	nichenet_prior	NicheNet	omnipath	omnipath					
WNT2	FZD8		0.9	nichenet_prior	NicheNet	omnipath	omnipath					
WNT2	FZD5		0.9	nichenet_prior	NicheNet	omnipath	omnipath					
WNT2	FZD2		0.9	nichenet_prior	NicheNet	omnipath	omnipath					
WNT2B	LRP5		0.9	nichenet_prior	NicheNet	omnipath	omnipath					
WNT2B	FZD3		0.9	nichenet_prior	NicheNet	omnipath	omnipath					
WNT2B	FZD4		0.9	nichenet_prior	NicheNet	omnipath	omnipath					
WNT2B	FZD7		0.9	nichenet_prior	NicheNet	omnipath	omnipath					
WNT2B	LRP6		0.9	nichenet_prior	NicheNet	omnipath	omnipath					
WNT2B	FZD1		0.9	nichenet_prior	NicheNet	omnipath	omnipath					
WNT2B	FZD10		0.9	nichenet_prior	NicheNet	omnipath	omnipath					
WNT2B	FZD2		0.9	nichenet_prior	NicheNet	omnipath	omnipath					
WNT2B	FZD5		0.9	nichenet_prior	NicheNet	omnipath	omnipath					
WNT2B	FZD6		0.9	nichenet_prior	NicheNet	omnipath	omnipath					
WNT2B	FZD8		0.9	nichenet_prior	NicheNet	omnipath	omnipath					
WNT2B	FZD9		0.9	nichenet_prior	NicheNet	omnipath	omnipath					
WNT3	LRP6		0.9	nichenet_prior	NicheNet	omnipath	omnipath					
WNT3	RYK		0.9	nichenet_prior	NicheNet	omnipath	omnipath					
WNT3	ROR2		0.9	nichenet_prior	NicheNet	omnipath	omnipath					
WNT3	FZD1		0.9	nichenet_prior	NicheNet	omnipath	omnipath					
WNT3	FZD7		0.9	nichenet_prior	NicheNet	omnipath	omnipath					
WNT3	FZD8		0.9	nichenet_prior	NicheNet	omnipath	omnipath					
WNT3A	RYK		0.9	nichenet_prior	NicheNet	omnipath	omnipath					
WNT3A	FZD6		0.9	nichenet_prior	NicheNet	omnipath	omnipath					
WNT3A	LRP5		0.9	nichenet_prior	NicheNet	omnipath	omnipath					
WNT3A	LRP6		0.9	nichenet_prior	NicheNet	omnipath	omnipath					
WNT3A	FZD2		0.9	nichenet_prior	NicheNet	omnipath	omnipath					
WNT3A	FZD3		0.9	nichenet_prior	NicheNet	omnipath	omnipath					
WNT3A	FZD1		0.9	nichenet_prior	NicheNet	omnipath	omnipath					
WNT3A	FZD8		0.9	nichenet_prior	NicheNet	omnipath	omnipath					
WNT3A	FZD5		0.9	nichenet_prior	NicheNet	omnipath	omnipath					
WNT3A	APCDD1		0.9	nichenet_prior	NicheNet	omnipath	omnipath					
WNT3A	FZD7		0.9	nichenet_prior	NicheNet	omnipath	omnipath					
WNT3A	LRP1		0.9	nichenet_prior	NicheNet	omnipath	omnipath					
WNT4	FZD3		0.9	nichenet_prior	NicheNet	omnipath	omnipath					
WNT4	FZD6		0.9	nichenet_prior	NicheNet	omnipath	omnipath					
WNT4	LRP5		0.9	nichenet_prior	NicheNet	omnipath	omnipath					
WNT4	FZD8		0.9	nichenet_prior	NicheNet	omnipath	omnipath					
WNT4	FZD2		0.9	nichenet_prior	NicheNet	omnipath	omnipath					
WNT4	SMO		0.9	nichenet_prior	NicheNet	omnipath	omnipath					
WNT4	NOTCH1		0.9	nichenet_prior	NicheNet	omnipath	omnipath					
WNT4	FZD1		0.9	nichenet_prior	NicheNet	omnipath	omnipath					
WNT4	FZD10		0.9	nichenet_prior	NicheNet	omnipath	omnipath					
WNT4	FZD4		0.9	nichenet_prior	NicheNet	omnipath	omnipath					
WNT4	FZD5		0.9	nichenet_prior	NicheNet	omnipath	omnipath					
WNT4	LRP6		0.9	nichenet_prior	NicheNet	omnipath	omnipath					
WNT4	FZD7		0.9	nichenet_prior	NicheNet	omnipath	omnipath					
WNT4	FZD9		0.9	nichenet_prior	NicheNet	omnipath	omnipath					
WNT5A	ROR2		0.9	nichenet_prior	NicheNet	omnipath	omnipath					
WNT5A	ROR1		0.9	nichenet_prior	NicheNet	omnipath	omnipath					
WNT5A	LRP6		0.9	nichenet_prior	NicheNet	omnipath	omnipath					
WNT5A	RYK		0.9	nichenet_prior	NicheNet	omnipath	omnipath					
WNT5A	LRP5		0.9	nichenet_prior	NicheNet	omnipath	omnipath					
WNT5B	KLRG2		0.9	nichenet_prior	NicheNet	omnipath	omnipath					
WNT5B	LRP5		0.9	nichenet_prior	NicheNet	omnipath	omnipath					
WNT5B	LRP6		0.9	nichenet_prior	NicheNet	omnipath	omnipath					
WNT6	FZD1		0.9	nichenet_prior	NicheNet	omnipath	omnipath					
WNT6	LRP5		0.9	nichenet_prior	NicheNet	omnipath	omnipath					
WNT6	FZD3		0.9	nichenet_prior	NicheNet	omnipath	omnipath					
WNT6	FZD4		0.9	nichenet_prior	NicheNet	omnipath	omnipath					
WNT6	FZD7		0.9	nichenet_prior	NicheNet	omnipath	omnipath					
WNT6	LRP6		0.9	nichenet_prior	NicheNet	omnipath	omnipath					
WNT6	FZD10		0.9	nichenet_prior	NicheNet	omnipath	omnipath					
WNT6	FZD2		0.9	nichenet_prior	NicheNet	omnipath	omnipath					
WNT6	FZD5		0.9	nichenet_prior	NicheNet	omnipath	omnipath					
WNT6	FZD6		0.9	nichenet_prior	NicheNet	omnipath	omnipath					
WNT6	FZD8		0.9	nichenet_prior	NicheNet	omnipath	omnipath					
WNT6	FZD9		0.9	nichenet_prior	NicheNet	omnipath	omnipath					
WNT7A	FZD5		0.9	nichenet_prior	NicheNet	omnipath	omnipath					
WNT7A	FZD7		0.9	nichenet_prior	NicheNet	omnipath	omnipath					
WNT7A	LRP6		0.9	nichenet_prior	NicheNet	omnipath	omnipath					
WNT7A	FZD9		0.9	nichenet_prior	NicheNet	omnipath	omnipath					
WNT7A	FZD10		0.9	nichenet_prior	NicheNet	omnipath	omnipath					
WNT7B	LRP5		0.9	nichenet_prior	NicheNet	omnipath	omnipath					
WNT7B	FZD3		0.9	nichenet_prior	NicheNet	omnipath	omnipath					
WNT7B	FZD10		0.9	nichenet_prior	NicheNet	omnipath	omnipath					
WNT7B	FZD1		0.9	nichenet_prior	NicheNet	omnipath	omnipath					
WNT7B	FZD4		0.9	nichenet_prior	NicheNet	omnipath	omnipath					
WNT7B	TMED5		0.9	nichenet_prior	NicheNet	omnipath	omnipath					
WNT7B	FZD5		0.9	nichenet_prior	NicheNet	omnipath	omnipath					
WNT7B	FZD8		0.9	nichenet_prior	NicheNet	omnipath	omnipath					
WNT7B	ADGRA2		0.9	nichenet_prior	NicheNet	omnipath	omnipath					
WNT7B	FZD9		0.9	nichenet_prior	NicheNet	omnipath	omnipath					
WNT7B	LRP6		0.9	nichenet_prior	NicheNet	omnipath	omnipath					
WNT7B	FZD2		0.9	nichenet_prior	NicheNet	omnipath	omnipath					
WNT7B	FZD6		0.9	nichenet_prior	NicheNet	omnipath	omnipath					
WNT7B	FZD7		0.9	nichenet_prior	NicheNet	omnipath	omnipath					
WNT8A	FZD7		0.9	nichenet_prior	NicheNet	omnipath	omnipath					
WNT8A	FZD8		0.9	nichenet_prior	NicheNet	omnipath	omnipath					
WNT8A	LRP5		0.9	nichenet_prior	NicheNet	omnipath	omnipath					
WNT8A	FZD3		0.9	nichenet_prior	NicheNet	omnipath	omnipath					
WNT8A	FZD4		0.9	nichenet_prior	NicheNet	omnipath	omnipath					
WNT8A	FZD5		0.9	nichenet_prior	NicheNet	omnipath	omnipath					
WNT8A	LRP6		0.9	nichenet_prior	NicheNet	omnipath	omnipath					
WNT8A	FZD1		0.9	nichenet_prior	NicheNet	omnipath	omnipath					
WNT8A	FZD10		0.9	nichenet_prior	NicheNet	omnipath	omnipath					
WNT8A	FZD2		0.9	nichenet_prior	NicheNet	omnipath	omnipath					
WNT8A	FZD6		0.9	nichenet_prior	NicheNet	omnipath	omnipath					
WNT8A	FZD9		0.9	nichenet_prior	NicheNet	omnipath	omnipath					
WNT8B	LRP6		0.9	nichenet_prior	NicheNet	omnipath	omnipath					
WNT8B	FZD3		0.9	nichenet_prior	NicheNet	omnipath	omnipath					
WNT8B	LRP5		0.9	nichenet_prior	NicheNet	omnipath	omnipath					
WNT8B	FZD1		0.9	nichenet_prior	NicheNet	omnipath	omnipath					
WNT8B	FZD10		0.9	nichenet_prior	NicheNet	omnipath	omnipath					
WNT8B	FZD2		0.9	nichenet_prior	NicheNet	omnipath	omnipath					
WNT8B	FZD4		0.9	nichenet_prior	NicheNet	omnipath	omnipath					
WNT8B	FZD5		0.9	nichenet_prior	NicheNet	omnipath	omnipath					
WNT8B	FZD6		0.9	nichenet_prior	NicheNet	omnipath	omnipath					
WNT8B	FZD7		0.9	nichenet_prior	NicheNet	omnipath	omnipath					
WNT8B	FZD8		0.9	nichenet_prior	NicheNet	omnipath	omnipath					
WNT8B	FZD9		0.9	nichenet_prior	NicheNet	omnipath	omnipath					
WNT9A	MUSK		0.9	nichenet_prior	NicheNet	omnipath	omnipath					
WNT9A	LRP5		0.9	nichenet_prior	NicheNet	omnipath	omnipath					
WNT9A	LRP6		0.9	nichenet_prior	NicheNet	omnipath	omnipath					
WNT9A	CHRNA1		0.9	nichenet_prior	NicheNet	omnipath	omnipath					
WNT9A	FZD3		0.9	nichenet_prior	NicheNet	omnipath	omnipath					
WNT9A	FZD10		0.9	nichenet_prior	NicheNet	omnipath	omnipath					
WNT9A	FZD4		0.9	nichenet_prior	NicheNet	omnipath	omnipath					
WNT9A	FZD1		0.9	nichenet_prior	NicheNet	omnipath	omnipath					
WNT9A	FZD2		0.9	nichenet_prior	NicheNet	omnipath	omnipath					
WNT9A	FZD5		0.9	nichenet_prior	NicheNet	omnipath	omnipath					
WNT9A	FZD6		0.9	nichenet_prior	NicheNet	omnipath	omnipath					
WNT9A	FZD7		0.9	nichenet_prior	NicheNet	omnipath	omnipath					
WNT9A	FZD8		0.9	nichenet_prior	NicheNet	omnipath	omnipath					
WNT9A	FZD9		0.9	nichenet_prior	NicheNet	omnipath	omnipath					
WNT9B	LRP5		0.9	nichenet_prior	NicheNet	omnipath	omnipath					
WNT9B	LRP6		0.9	nichenet_prior	NicheNet	omnipath	omnipath					
WNT9B	CHRNA1		0.9	nichenet_prior	NicheNet	omnipath	omnipath					
WNT9B	FZD3		0.9	nichenet_prior	NicheNet	omnipath	omnipath					
WNT9B	FZD10		0.9	nichenet_prior	NicheNet	omnipath	omnipath					
WNT9B	FZD4		0.9	nichenet_prior	NicheNet	omnipath	omnipath					
WNT9B	FZD5		0.9	nichenet_prior	NicheNet	omnipath	omnipath					
WNT9B	FZD8		0.9	nichenet_prior	NicheNet	omnipath	omnipath					
WNT9B	FZD1		0.9	nichenet_prior	NicheNet	omnipath	omnipath					
WNT9B	FZD2		0.9	nichenet_prior	NicheNet	omnipath	omnipath					
WNT9B	FZD6		0.9	nichenet_prior	NicheNet	omnipath	omnipath					
WNT9B	FZD7		0.9	nichenet_prior	NicheNet	omnipath	omnipath					
WNT9B	FZD9		0.9	nichenet_prior	NicheNet	omnipath	omnipath					
XCL1	ADGRV1		0.9	nichenet_prior	NicheNet	omnipath	omnipath					
YARS1	CXCR1		0.9	nichenet_prior	NicheNet	nichenet_verschueren	nichenet_verschueren					
ZDHHC5	S1PR1		0.9	nichenet_prior	NicheNet	omnipath	omnipath					
ZG16B	TLR5		0.9	nichenet_prior	NicheNet	omnipath	omnipath					
ZG16B	CXCR4		0.9	nichenet_prior	NicheNet	omnipath	omnipath					
ZG16B	TLR2		0.9	nichenet_prior	NicheNet	omnipath	omnipath					
ZG16B	TLR4		0.9	nichenet_prior	NicheNet	omnipath	omnipath					
ZG16B	TLR6		0.9	nichenet_prior	NicheNet	omnipath	omnipath					
ZNRF3	FZD6		0.9	nichenet_prior	NicheNet	omnipath	omnipath					
ZNRF3	LRP6		0.9	nichenet_prior	NicheNet	omnipath	omnipath					
ZNRF3	FZD5		0.9	nichenet_prior	NicheNet	omnipath	omnipath					
ZNRF3	FZD2		0.9	nichenet_prior	NicheNet	omnipath	omnipath					
ZNRF3	FZD8		0.9	nichenet_prior	NicheNet	omnipath	omnipath					
ZNRF3	FZD4		0.9	nichenet_prior	NicheNet	omnipath	omnipath					
ZP3	EGFR		0.9	nichenet_prior	NicheNet	omnipath	omnipath					
ZP3	CHRNA7		0.9	nichenet_prior	NicheNet	omnipath	omnipath					
ZP3	MERTK		0.9	nichenet_prior	NicheNet	omnipath	omnipath					
ZPBP2	CD80		0.9	nichenet_prior	NicheNet	omnipath	omnipath					
